vehicle_id,time_min,time_hhmm,onboard_passengers
0,0,05:40,0
0,1,05:41,0
0,2,05:42,0
0,3,05:43,0
0,4,05:44,0
0,5,05:45,0
0,6,05:46,0
0,7,05:47,0
0,8,05:48,0
0,9,05:49,0
0,10,05:50,0
0,11,05:51,0
0,12,05:52,0
0,13,05:53,0
0,14,05:54,0
0,15,05:55,0
0,16,05:56,0
0,17,05:57,0
0,18,05:58,0
0,19,05:59,0
0,20,06:00,0
0,21,06:01,0
0,22,06:02,0
0,23,06:03,0
0,24,06:04,0
0,25,06:05,0
0,26,06:06,0
0,27,06:07,1
0,28,06:08,1
0,29,06:09,1
0,30,06:10,1
0,31,06:11,1
0,32,06:12,1
0,33,06:13,1
0,34,06:14,1
0,35,06:15,1
0,36,06:16,1
0,37,06:17,1
0,38,06:18,1
0,39,06:19,1
0,40,06:20,1
0,41,06:21,0
0,42,06:22,0
0,43,06:23,0
0,44,06:24,0
0,45,06:25,0
0,46,06:26,0
0,47,06:27,0
0,48,06:28,0
0,49,06:29,0
0,50,06:30,0
0,51,06:31,0
0,52,06:32,0
0,53,06:33,0
0,54,06:34,0
0,55,06:35,1
0,56,06:36,1
0,57,06:37,1
0,58,06:38,1
0,59,06:39,1
0,60,06:40,1
0,61,06:41,1
0,62,06:42,1
0,63,06:43,1
0,64,06:44,1
0,65,06:45,1
0,66,06:46,1
0,67,06:47,1
0,68,06:48,1
0,69,06:49,1
0,70,06:50,1
0,71,06:51,1
0,72,06:52,1
0,73,06:53,1
0,74,06:54,1
0,75,06:55,1
0,76,06:56,1
0,77,06:57,1
0,78,06:58,1
0,79,06:59,1
0,80,07:00,1
0,81,07:01,1
0,82,07:02,1
0,83,07:03,0
0,84,07:04,0
0,85,07:05,0
0,86,07:06,0
0,87,07:07,0
0,88,07:08,0
0,89,07:09,0
0,90,07:10,0
0,91,07:11,0
0,92,07:12,0
0,93,07:13,0
0,94,07:14,0
0,95,07:15,0
0,96,07:16,0
0,97,07:17,0
0,98,07:18,0
0,99,07:19,0
0,100,07:20,0
0,101,07:21,0
0,102,07:22,0
0,103,07:23,0
0,104,07:24,0
0,105,07:25,0
0,106,07:26,3
0,107,07:27,3
0,108,07:28,3
0,109,07:29,4
0,110,07:30,4
0,111,07:31,4
0,112,07:32,4
0,113,07:33,4
0,114,07:34,4
0,115,07:35,4
0,116,07:36,4
0,117,07:37,4
0,118,07:38,4
0,119,07:39,4
0,120,07:40,4
0,121,07:41,4
0,122,07:42,1
0,123,07:43,1
0,124,07:44,1
0,125,07:45,0
0,126,07:46,0
0,127,07:47,0
0,128,07:48,0
0,129,07:49,0
0,130,07:50,0
0,131,07:51,0
0,132,07:52,0
0,133,07:53,0
0,134,07:54,0
0,135,07:55,0
0,136,07:56,0
0,137,07:57,0
0,138,07:58,0
0,139,07:59,0
0,140,08:00,0
0,141,08:01,0
0,142,08:02,0
0,143,08:03,0
0,144,08:04,0
0,145,08:05,0
0,146,08:06,0
0,147,08:07,0
0,148,08:08,0
0,149,08:09,0
0,150,08:10,0
0,151,08:11,0
0,152,08:12,0
0,153,08:13,0
0,154,08:14,0
0,155,08:15,0
0,156,08:16,0
0,157,08:17,0
0,158,08:18,0
0,159,08:19,0
0,160,08:20,0
0,161,08:21,0
0,162,08:22,0
0,163,08:23,0
0,164,08:24,0
0,165,08:25,0
0,166,08:26,1
0,167,08:27,1
0,168,08:28,1
0,169,08:29,2
0,170,08:30,2
0,171,08:31,2
0,172,08:32,2
0,173,08:33,3
0,174,08:34,3
0,175,08:35,3
0,176,08:36,3
0,177,08:37,3
0,178,08:38,3
0,179,08:39,3
0,180,08:40,3
0,181,08:41,3
0,182,08:42,3
0,183,08:43,2
0,184,08:44,2
0,185,08:45,2
0,186,08:46,1
0,187,08:47,1
0,188,08:48,1
0,189,08:49,0
0,190,08:50,0
0,191,08:51,0
0,192,08:52,0
0,193,08:53,0
0,194,08:54,0
0,195,08:55,0
0,196,08:56,0
0,197,08:57,0
0,198,08:58,0
0,199,08:59,2
0,200,09:00,2
0,201,09:01,2
0,202,09:02,2
0,203,09:03,2
0,204,09:04,2
0,205,09:05,2
0,206,09:06,2
0,207,09:07,2
0,208,09:08,2
0,209,09:09,0
0,210,09:10,0
0,211,09:11,0
0,212,09:12,0
0,213,09:13,0
0,214,09:14,0
0,215,09:15,0
0,216,09:16,0
0,217,09:17,0
0,218,09:18,0
0,219,09:19,1
0,220,09:20,1
0,221,09:21,1
0,222,09:22,1
0,223,09:23,1
0,224,09:24,1
0,225,09:25,1
0,226,09:26,1
0,227,09:27,1
0,228,09:28,1
0,229,09:29,1
0,230,09:30,1
0,231,09:31,1
0,232,09:32,1
0,233,09:33,1
0,234,09:34,1
0,235,09:35,1
0,236,09:36,1
0,237,09:37,1
0,238,09:38,1
0,239,09:39,0
0,240,09:40,0
0,241,09:41,0
0,242,09:42,0
0,243,09:43,0
0,244,09:44,0
0,245,09:45,0
0,246,09:46,0
0,247,09:47,0
0,248,09:48,0
0,249,09:49,0
0,250,09:50,0
0,251,09:51,0
0,252,09:52,0
0,253,09:53,0
0,254,09:54,0
0,255,09:55,0
0,256,09:56,0
0,257,09:57,0
0,258,09:58,0
0,259,09:59,0
0,260,10:00,0
0,261,10:01,0
0,262,10:02,0
0,263,10:03,0
0,264,10:04,0
0,265,10:05,0
0,266,10:06,0
0,267,10:07,0
0,268,10:08,0
0,269,10:09,0
0,270,10:10,0
0,271,10:11,0
0,272,10:12,2
0,273,10:13,2
0,274,10:14,2
0,275,10:15,4
0,276,10:16,4
0,277,10:17,4
0,278,10:18,4
0,279,10:19,4
0,280,10:20,4
0,281,10:21,4
0,282,10:22,4
0,283,10:23,4
0,284,10:24,2
0,285,10:25,2
0,286,10:26,2
0,287,10:27,2
0,288,10:28,2
0,289,10:29,2
0,290,10:30,0
0,291,10:31,0
0,292,10:32,0
0,293,10:33,0
0,294,10:34,0
0,295,10:35,1
0,296,10:36,1
0,297,10:37,1
0,298,10:38,2
0,299,10:39,2
0,300,10:40,2
0,301,10:41,2
0,302,10:42,2
0,303,10:43,2
0,304,10:44,2
0,305,10:45,2
0,306,10:46,2
0,307,10:47,1
0,308,10:48,1
0,309,10:49,1
0,310,10:50,1
0,311,10:51,1
0,312,10:52,1
0,313,10:53,1
0,314,10:54,1
0,315,10:55,1
0,316,10:56,0
0,317,10:57,0
0,318,10:58,0
0,319,10:59,1
0,320,11:00,1
0,321,11:01,1
0,322,11:02,1
0,323,11:03,1
0,324,11:04,1
0,325,11:05,1
0,326,11:06,1
0,327,11:07,1
0,328,11:08,1
0,329,11:09,1
0,330,11:10,1
0,331,11:11,1
0,332,11:12,1
0,333,11:13,1
0,334,11:14,0
0,335,11:15,0
0,336,11:16,0
0,337,11:17,0
0,338,11:18,0
0,339,11:19,0
0,340,11:20,0
0,341,11:21,1
0,342,11:22,1
0,343,11:23,1
0,344,11:24,1
0,345,11:25,1
0,346,11:26,1
0,347,11:27,1
0,348,11:28,1
0,349,11:29,1
0,350,11:30,1
0,351,11:31,2
0,352,11:32,2
0,353,11:33,2
0,354,11:34,3
0,355,11:35,3
0,356,11:36,3
0,357,11:37,2
0,358,11:38,2
0,359,11:39,2
0,360,11:40,2
0,361,11:41,2
0,362,11:42,2
0,363,11:43,2
0,364,11:44,2
0,365,11:45,2
0,366,11:46,2
0,367,11:47,2
0,368,11:48,1
0,369,11:49,1
0,370,11:50,1
0,371,11:51,0
0,372,11:52,0
0,373,11:53,0
0,374,11:54,0
0,375,11:55,0
0,376,11:56,0
0,377,11:57,0
0,378,11:58,0
0,379,11:59,0
0,380,12:00,0
0,381,12:01,0
0,382,12:02,0
0,383,12:03,0
0,384,12:04,0
0,385,12:05,0
0,386,12:06,0
0,387,12:07,0
0,388,12:08,0
0,389,12:09,0
0,390,12:10,0
0,391,12:11,0
0,392,12:12,0
0,393,12:13,0
0,394,12:14,0
0,395,12:15,0
0,396,12:16,0
0,397,12:17,0
0,398,12:18,0
0,399,12:19,0
0,400,12:20,0
0,401,12:21,0
0,402,12:22,0
0,403,12:23,0
0,404,12:24,0
0,405,12:25,0
0,406,12:26,0
0,407,12:27,0
0,408,12:28,0
0,409,12:29,0
0,410,12:30,0
0,411,12:31,0
0,412,12:32,0
0,413,12:33,0
0,414,12:34,0
0,415,12:35,0
0,416,12:36,0
0,417,12:37,0
0,418,12:38,0
0,419,12:39,0
0,420,12:40,0
0,421,12:41,0
0,422,12:42,0
0,423,12:43,0
0,424,12:44,0
0,425,12:45,0
0,426,12:46,0
0,427,12:47,0
0,428,12:48,0
0,429,12:49,0
0,430,12:50,1
0,431,12:51,1
0,432,12:52,1
0,433,12:53,2
0,434,12:54,2
0,435,12:55,2
0,436,12:56,2
0,437,12:57,2
0,438,12:58,2
0,439,12:59,2
0,440,13:00,2
0,441,13:01,2
0,442,13:02,2
0,443,13:03,1
0,444,13:04,1
0,445,13:05,1
0,446,13:06,0
0,447,13:07,0
0,448,13:08,0
0,449,13:09,0
0,450,13:10,0
0,451,13:11,0
0,452,13:12,0
0,453,13:13,0
0,454,13:14,0
0,455,13:15,0
0,456,13:16,1
0,457,13:17,1
0,458,13:18,1
0,459,13:19,2
0,460,13:20,2
0,461,13:21,2
0,462,13:22,2
0,463,13:23,2
0,464,13:24,2
0,465,13:25,2
0,466,13:26,2
0,467,13:27,2
0,468,13:28,2
0,469,13:29,2
0,470,13:30,2
0,471,13:31,2
0,472,13:32,2
0,473,13:33,2
0,474,13:34,1
0,475,13:35,1
0,476,13:36,1
0,477,13:37,0
0,478,13:38,0
0,479,13:39,0
0,480,13:40,0
0,481,13:41,0
0,482,13:42,0
0,483,13:43,0
0,484,13:44,0
0,485,13:45,0
0,486,13:46,0
0,487,13:47,0
0,488,13:48,0
0,489,13:49,1
0,490,13:50,1
0,491,13:51,1
0,492,13:52,2
0,493,13:53,2
0,494,13:54,2
0,495,13:55,3
0,496,13:56,3
0,497,13:57,3
0,498,13:58,3
0,499,13:59,3
0,500,14:00,3
0,501,14:01,3
0,502,14:02,3
0,503,14:03,3
0,504,14:04,3
0,505,14:05,3
0,506,14:06,3
0,507,14:07,3
0,508,14:08,3
0,509,14:09,2
0,510,14:10,2
0,511,14:11,2
0,512,14:12,2
0,513,14:13,2
0,514,14:14,2
0,515,14:15,2
0,516,14:16,2
0,517,14:17,2
0,518,14:18,1
0,519,14:19,1
0,520,14:20,1
0,521,14:21,0
0,522,14:22,0
0,523,14:23,0
0,524,14:24,0
0,525,14:25,0
0,526,14:26,0
0,527,14:27,0
0,528,14:28,0
0,529,14:29,0
0,530,14:30,0
0,531,14:31,0
0,532,14:32,0
0,533,14:33,1
0,534,14:34,1
0,535,14:35,1
0,536,14:36,1
0,537,14:37,1
0,538,14:38,1
0,539,14:39,2
0,540,14:40,2
0,541,14:41,2
0,542,14:42,2
0,543,14:43,2
0,544,14:44,2
0,545,14:45,2
0,546,14:46,2
0,547,14:47,2
0,548,14:48,2
0,549,14:49,2
0,550,14:50,2
0,551,14:51,2
0,552,14:52,2
0,553,14:53,2
0,554,14:54,2
0,555,14:55,2
0,556,14:56,2
0,557,14:57,2
0,558,14:58,2
0,559,14:59,2
0,560,15:00,2
0,561,15:01,1
0,562,15:02,1
0,563,15:03,1
0,564,15:04,0
0,565,15:05,0
0,566,15:06,0
0,567,15:07,2
0,568,15:08,2
0,569,15:09,2
0,570,15:10,2
0,571,15:11,2
0,572,15:12,2
0,573,15:13,2
0,574,15:14,2
0,575,15:15,2
0,576,15:16,0
0,577,15:17,0
0,578,15:18,0
0,579,15:19,0
0,580,15:20,0
0,581,15:21,0
0,582,15:22,0
0,583,15:23,0
0,584,15:24,0
0,585,15:25,0
0,586,15:26,0
0,587,15:27,0
0,588,15:28,0
0,589,15:29,0
0,590,15:30,0
0,591,15:31,0
0,592,15:32,0
0,593,15:33,0
0,594,15:34,0
0,595,15:35,0
0,596,15:36,0
0,597,15:37,0
0,598,15:38,0
0,599,15:39,0
0,600,15:40,0
0,601,15:41,0
0,602,15:42,0
0,603,15:43,0
0,604,15:44,0
0,605,15:45,0
0,606,15:46,0
0,607,15:47,0
0,608,15:48,0
0,609,15:49,0
0,610,15:50,0
0,611,15:51,0
0,612,15:52,0
0,613,15:53,0
0,614,15:54,0
0,615,15:55,0
0,616,15:56,0
0,617,15:57,0
0,618,15:58,0
0,619,15:59,0
0,620,16:00,0
0,621,16:01,0
0,622,16:02,0
0,623,16:03,0
0,624,16:04,0
0,625,16:05,0
0,626,16:06,0
0,627,16:07,1
0,628,16:08,1
0,629,16:09,1
0,630,16:10,1
0,631,16:11,1
0,632,16:12,1
0,633,16:13,1
0,634,16:14,1
0,635,16:15,4
0,636,16:16,4
0,637,16:17,4
0,638,16:18,4
0,639,16:19,4
0,640,16:20,4
0,641,16:21,4
0,642,16:22,4
0,643,16:23,4
0,644,16:24,4
0,645,16:25,4
0,646,16:26,4
0,647,16:27,4
0,648,16:28,4
0,649,16:29,4
0,650,16:30,4
0,651,16:31,4
0,652,16:32,4
0,653,16:33,3
0,654,16:34,3
0,655,16:35,3
0,656,16:36,0
0,657,16:37,0
0,658,16:38,0
0,659,16:39,0
0,660,16:40,0
0,661,16:41,0
0,662,16:42,0
0,663,16:43,0
0,664,16:44,0
0,665,16:45,0
0,666,16:46,0
0,667,16:47,0
0,668,16:48,0
0,669,16:49,0
0,670,16:50,0
0,671,16:51,0
0,672,16:52,0
0,673,16:53,0
0,674,16:54,0
0,675,16:55,0
0,676,16:56,0
0,677,16:57,0
0,678,16:58,0
0,679,16:59,0
0,680,17:00,0
0,681,17:01,0
0,682,17:02,0
0,683,17:03,0
0,684,17:04,0
0,685,17:05,0
0,686,17:06,0
0,687,17:07,0
0,688,17:08,0
0,689,17:09,0
0,690,17:10,0
0,691,17:11,0
0,692,17:12,0
0,693,17:13,0
0,694,17:14,0
0,695,17:15,0
0,696,17:16,0
0,697,17:17,0
0,698,17:18,0
0,699,17:19,0
0,700,17:20,4
0,701,17:21,4
0,702,17:22,4
0,703,17:23,4
0,704,17:24,4
0,705,17:25,4
0,706,17:26,4
0,707,17:27,4
0,708,17:28,4
0,709,17:29,4
0,710,17:30,4
0,711,17:31,4
0,712,17:32,4
0,713,17:33,4
0,714,17:34,4
0,715,17:35,4
0,716,17:36,4
0,717,17:37,4
0,718,17:38,0
0,719,17:39,0
0,720,17:40,0
0,721,17:41,0
0,722,17:42,0
0,723,17:43,0
0,724,17:44,0
0,725,17:45,0
0,726,17:46,0
0,727,17:47,0
0,728,17:48,0
0,729,17:49,0
0,730,17:50,0
0,731,17:51,0
0,732,17:52,0
0,733,17:53,0
0,734,17:54,0
0,735,17:55,0
0,736,17:56,0
0,737,17:57,0
0,738,17:58,0
0,739,17:59,0
0,740,18:00,0
0,741,18:01,0
0,742,18:02,0
0,743,18:03,0
0,744,18:04,0
0,745,18:05,0
0,746,18:06,1
0,747,18:07,1
0,748,18:08,1
0,749,18:09,1
0,750,18:10,1
0,751,18:11,1
0,752,18:12,2
0,753,18:13,2
0,754,18:14,2
0,755,18:15,2
0,756,18:16,2
0,757,18:17,2
0,758,18:18,2
0,759,18:19,2
0,760,18:20,2
0,761,18:21,2
0,762,18:22,2
0,763,18:23,2
0,764,18:24,2
0,765,18:25,2
0,766,18:26,2
0,767,18:27,2
0,768,18:28,2
0,769,18:29,2
0,770,18:30,1
0,771,18:31,1
0,772,18:32,1
0,773,18:33,0
0,774,18:34,0
0,775,18:35,0
0,776,18:36,0
0,777,18:37,0
0,778,18:38,0
0,779,18:39,0
0,780,18:40,0
0,781,18:41,0
0,782,18:42,0
0,783,18:43,0
0,784,18:44,0
0,785,18:45,0
0,786,18:46,0
0,787,18:47,0
0,788,18:48,0
0,789,18:49,0
0,790,18:50,0
0,791,18:51,0
0,792,18:52,0
0,793,18:53,0
0,794,18:54,0
0,795,18:55,0
0,796,18:56,0
0,797,18:57,0
0,798,18:58,0
0,799,18:59,0
0,800,19:00,0
0,801,19:01,0
0,802,19:02,0
0,803,19:03,0
0,804,19:04,0
0,805,19:05,0
0,806,19:06,0
0,807,19:07,0
0,808,19:08,0
0,809,19:09,0
0,810,19:10,0
0,811,19:11,0
0,812,19:12,0
0,813,19:13,0
0,814,19:14,0
0,815,19:15,0
0,816,19:16,0
0,817,19:17,0
0,818,19:18,0
0,819,19:19,0
0,820,19:20,0
0,821,19:21,0
0,822,19:22,0
0,823,19:23,0
0,824,19:24,0
0,825,19:25,0
0,826,19:26,0
0,827,19:27,0
0,828,19:28,0
0,829,19:29,0
0,830,19:30,0
0,831,19:31,0
0,832,19:32,0
0,833,19:33,0
0,834,19:34,0
0,835,19:35,0
1,0,05:40,0
1,1,05:41,0
1,2,05:42,0
1,3,05:43,0
1,4,05:44,0
1,5,05:45,0
1,6,05:46,0
1,7,05:47,0
1,8,05:48,0
1,9,05:49,0
1,10,05:50,0
1,11,05:51,0
1,12,05:52,0
1,13,05:53,0
1,14,05:54,0
1,15,05:55,0
1,16,05:56,0
1,17,05:57,0
1,18,05:58,0
1,19,05:59,0
1,20,06:00,0
1,21,06:01,0
1,22,06:02,0
1,23,06:03,0
1,24,06:04,0
1,25,06:05,0
1,26,06:06,0
1,27,06:07,0
1,28,06:08,0
1,29,06:09,0
1,30,06:10,0
1,31,06:11,0
1,32,06:12,0
1,33,06:13,0
1,34,06:14,0
1,35,06:15,0
1,36,06:16,0
1,37,06:17,0
1,38,06:18,0
1,39,06:19,0
1,40,06:20,0
1,41,06:21,0
1,42,06:22,0
1,43,06:23,1
1,44,06:24,1
1,45,06:25,1
1,46,06:26,1
1,47,06:27,1
1,48,06:28,1
1,49,06:29,1
1,50,06:30,1
1,51,06:31,1
1,52,06:32,1
1,53,06:33,1
1,54,06:34,1
1,55,06:35,1
1,56,06:36,1
1,57,06:37,1
1,58,06:38,1
1,59,06:39,1
1,60,06:40,1
1,61,06:41,0
1,62,06:42,0
1,63,06:43,0
1,64,06:44,0
1,65,06:45,0
1,66,06:46,0
1,67,06:47,0
1,68,06:48,0
1,69,06:49,0
1,70,06:50,0
1,71,06:51,0
1,72,06:52,0
1,73,06:53,0
1,74,06:54,0
1,75,06:55,0
1,76,06:56,0
1,77,06:57,0
1,78,06:58,0
1,79,06:59,0
1,80,07:00,0
1,81,07:01,0
1,82,07:02,0
1,83,07:03,0
1,84,07:04,0
1,85,07:05,0
1,86,07:06,0
1,87,07:07,0
1,88,07:08,0
1,89,07:09,0
1,90,07:10,0
1,91,07:11,0
1,92,07:12,0
1,93,07:13,0
1,94,07:14,0
1,95,07:15,0
1,96,07:16,0
1,97,07:17,0
1,98,07:18,0
1,99,07:19,0
1,100,07:20,0
1,101,07:21,0
1,102,07:22,0
1,103,07:23,0
1,104,07:24,0
1,105,07:25,0
1,106,07:26,0
1,107,07:27,0
1,108,07:28,0
1,109,07:29,0
1,110,07:30,0
1,111,07:31,0
1,112,07:32,0
1,113,07:33,0
1,114,07:34,0
1,115,07:35,0
1,116,07:36,0
1,117,07:37,0
1,118,07:38,0
1,119,07:39,0
1,120,07:40,0
1,121,07:41,0
1,122,07:42,0
1,123,07:43,0
1,124,07:44,0
1,125,07:45,0
1,126,07:46,0
1,127,07:47,0
1,128,07:48,0
1,129,07:49,0
1,130,07:50,0
1,131,07:51,0
1,132,07:52,0
1,133,07:53,0
1,134,07:54,0
1,135,07:55,0
1,136,07:56,0
1,137,07:57,0
1,138,07:58,0
1,139,07:59,0
1,140,08:00,1
1,141,08:01,1
1,142,08:02,1
1,143,08:03,1
1,144,08:04,1
1,145,08:05,1
1,146,08:06,1
1,147,08:07,1
1,148,08:08,1
1,149,08:09,1
1,150,08:10,1
1,151,08:11,1
1,152,08:12,1
1,153,08:13,1
1,154,08:14,1
1,155,08:15,1
1,156,08:16,1
1,157,08:17,1
1,158,08:18,1
1,159,08:19,1
1,160,08:20,1
1,161,08:21,1
1,162,08:22,0
1,163,08:23,0
1,164,08:24,0
1,165,08:25,1
1,166,08:26,1
1,167,08:27,1
1,168,08:28,1
1,169,08:29,1
1,170,08:30,1
1,171,08:31,1
1,172,08:32,1
1,173,08:33,1
1,174,08:34,1
1,175,08:35,1
1,176,08:36,1
1,177,08:37,1
1,178,08:38,1
1,179,08:39,1
1,180,08:40,0
1,181,08:41,0
1,182,08:42,0
1,183,08:43,0
1,184,08:44,0
1,185,08:45,0
1,186,08:46,0
1,187,08:47,0
1,188,08:48,0
1,189,08:49,0
1,190,08:50,0
1,191,08:51,0
1,192,08:52,1
1,193,08:53,1
1,194,08:54,1
1,195,08:55,1
1,196,08:56,1
1,197,08:57,3
1,198,08:58,3
1,199,08:59,3
1,200,09:00,3
1,201,09:01,3
1,202,09:02,3
1,203,09:03,3
1,204,09:04,3
1,205,09:05,3
1,206,09:06,3
1,207,09:07,2
1,208,09:08,2
1,209,09:09,2
1,210,09:10,0
1,211,09:11,0
1,212,09:12,0
1,213,09:13,1
1,214,09:14,1
1,215,09:15,1
1,216,09:16,1
1,217,09:17,1
1,218,09:18,1
1,219,09:19,1
1,220,09:20,1
1,221,09:21,1
1,222,09:22,0
1,223,09:23,0
1,224,09:24,0
1,225,09:25,0
1,226,09:26,0
1,227,09:27,0
1,228,09:28,1
1,229,09:29,1
1,230,09:30,1
1,231,09:31,2
1,232,09:32,2
1,233,09:33,2
1,234,09:34,3
1,235,09:35,3
1,236,09:36,3
1,237,09:37,3
1,238,09:38,3
1,239,09:39,3
1,240,09:40,3
1,241,09:41,3
1,242,09:42,3
1,243,09:43,3
1,244,09:44,2
1,245,09:45,2
1,246,09:46,2
1,247,09:47,1
1,248,09:48,1
1,249,09:49,1
1,250,09:50,0
1,251,09:51,0
1,252,09:52,0
1,253,09:53,0
1,254,09:54,0
1,255,09:55,0
1,256,09:56,0
1,257,09:57,0
1,258,09:58,0
1,259,09:59,1
1,260,10:00,1
1,261,10:01,1
1,262,10:02,1
1,263,10:03,1
1,264,10:04,1
1,265,10:05,1
1,266,10:06,1
1,267,10:07,1
1,268,10:08,1
1,269,10:09,1
1,270,10:10,1
1,271,10:11,1
1,272,10:12,1
1,273,10:13,1
1,274,10:14,1
1,275,10:15,0
1,276,10:16,0
1,277,10:17,0
1,278,10:18,0
1,279,10:19,0
1,280,10:20,0
1,281,10:21,0
1,282,10:22,0
1,283,10:23,0
1,284,10:24,0
1,285,10:25,0
1,286,10:26,0
1,287,10:27,0
1,288,10:28,0
1,289,10:29,0
1,290,10:30,0
1,291,10:31,0
1,292,10:32,0
1,293,10:33,0
1,294,10:34,0
1,295,10:35,0
1,296,10:36,0
1,297,10:37,0
1,298,10:38,0
1,299,10:39,0
1,300,10:40,0
1,301,10:41,0
1,302,10:42,0
1,303,10:43,0
1,304,10:44,0
1,305,10:45,0
1,306,10:46,0
1,307,10:47,0
1,308,10:48,1
1,309,10:49,1
1,310,10:50,1
1,311,10:51,1
1,312,10:52,1
1,313,10:53,1
1,314,10:54,1
1,315,10:55,1
1,316,10:56,1
1,317,10:57,1
1,318,10:58,0
1,319,10:59,0
1,320,11:00,0
1,321,11:01,1
1,322,11:02,1
1,323,11:03,1
1,324,11:04,1
1,325,11:05,1
1,326,11:06,1
1,327,11:07,1
1,328,11:08,3
1,329,11:09,3
1,330,11:10,3
1,331,11:11,3
1,332,11:12,3
1,333,11:13,3
1,334,11:14,3
1,335,11:15,3
1,336,11:16,3
1,337,11:17,3
1,338,11:18,3
1,339,11:19,2
1,340,11:20,2
1,341,11:21,2
1,342,11:22,2
1,343,11:23,2
1,344,11:24,2
1,345,11:25,2
1,346,11:26,2
1,347,11:27,0
1,348,11:28,0
1,349,11:29,0
1,350,11:30,0
1,351,11:31,0
1,352,11:32,0
1,353,11:33,0
1,354,11:34,1
1,355,11:35,1
1,356,11:36,1
1,357,11:37,2
1,358,11:38,2
1,359,11:39,2
1,360,11:40,2
1,361,11:41,2
1,362,11:42,2
1,363,11:43,2
1,364,11:44,2
1,365,11:45,2
1,366,11:46,2
1,367,11:47,2
1,368,11:48,2
1,369,11:49,2
1,370,11:50,2
1,371,11:51,1
1,372,11:52,1
1,373,11:53,1
1,374,11:54,0
1,375,11:55,0
1,376,11:56,0
1,377,11:57,0
1,378,11:58,0
1,379,11:59,0
1,380,12:00,0
1,381,12:01,0
1,382,12:02,0
1,383,12:03,0
1,384,12:04,0
1,385,12:05,0
1,386,12:06,0
1,387,12:07,0
1,388,12:08,0
1,389,12:09,0
1,390,12:10,0
1,391,12:11,0
1,392,12:12,0
1,393,12:13,0
1,394,12:14,0
1,395,12:15,0
1,396,12:16,0
1,397,12:17,0
1,398,12:18,0
1,399,12:19,0
1,400,12:20,0
1,401,12:21,0
1,402,12:22,0
1,403,12:23,0
1,404,12:24,1
1,405,12:25,1
1,406,12:26,1
1,407,12:27,2
1,408,12:28,2
1,409,12:29,2
1,410,12:30,3
1,411,12:31,3
1,412,12:32,3
1,413,12:33,3
1,414,12:34,3
1,415,12:35,3
1,416,12:36,3
1,417,12:37,3
1,418,12:38,3
1,419,12:39,3
1,420,12:40,2
1,421,12:41,2
1,422,12:42,2
1,423,12:43,1
1,424,12:44,1
1,425,12:45,1
1,426,12:46,1
1,427,12:47,1
1,428,12:48,1
1,429,12:49,1
1,430,12:50,1
1,431,12:51,1
1,432,12:52,1
1,433,12:53,0
1,434,12:54,0
1,435,12:55,0
1,436,12:56,0
1,437,12:57,0
1,438,12:58,0
1,439,12:59,0
1,440,13:00,0
1,441,13:01,0
1,442,13:02,0
1,443,13:03,0
1,444,13:04,0
1,445,13:05,0
1,446,13:06,0
1,447,13:07,0
1,448,13:08,0
1,449,13:09,0
1,450,13:10,0
1,451,13:11,0
1,452,13:12,0
1,453,13:13,0
1,454,13:14,0
1,455,13:15,0
1,456,13:16,0
1,457,13:17,0
1,458,13:18,0
1,459,13:19,0
1,460,13:20,0
1,461,13:21,0
1,462,13:22,0
1,463,13:23,0
1,464,13:24,0
1,465,13:25,0
1,466,13:26,0
1,467,13:27,0
1,468,13:28,0
1,469,13:29,0
1,470,13:30,0
1,471,13:31,0
1,472,13:32,0
1,473,13:33,0
1,474,13:34,0
1,475,13:35,0
1,476,13:36,0
1,477,13:37,0
1,478,13:38,0
1,479,13:39,0
1,480,13:40,0
1,481,13:41,0
1,482,13:42,0
1,483,13:43,0
1,484,13:44,0
1,485,13:45,0
1,486,13:46,0
1,487,13:47,0
1,488,13:48,0
1,489,13:49,1
1,490,13:50,1
1,491,13:51,1
1,492,13:52,2
1,493,13:53,2
1,494,13:54,2
1,495,13:55,2
1,496,13:56,2
1,497,13:57,2
1,498,13:58,2
1,499,13:59,2
1,500,14:00,2
1,501,14:01,2
1,502,14:02,1
1,503,14:03,1
1,504,14:04,1
1,505,14:05,0
1,506,14:06,0
1,507,14:07,0
1,508,14:08,0
1,509,14:09,0
1,510,14:10,0
1,511,14:11,0
1,512,14:12,0
1,513,14:13,0
1,514,14:14,0
1,515,14:15,0
1,516,14:16,0
1,517,14:17,0
1,518,14:18,0
1,519,14:19,0
1,520,14:20,0
1,521,14:21,0
1,522,14:22,0
1,523,14:23,0
1,524,14:24,0
1,525,14:25,0
1,526,14:26,0
1,527,14:27,0
1,528,14:28,0
1,529,14:29,0
1,530,14:30,0
1,531,14:31,0
1,532,14:32,0
1,533,14:33,0
1,534,14:34,0
1,535,14:35,0
1,536,14:36,0
1,537,14:37,0
1,538,14:38,0
1,539,14:39,0
1,540,14:40,0
1,541,14:41,0
1,542,14:42,0
1,543,14:43,0
1,544,14:44,0
1,545,14:45,0
1,546,14:46,0
1,547,14:47,0
1,548,14:48,0
1,549,14:49,0
1,550,14:50,0
1,551,14:51,0
1,552,14:52,0
1,553,14:53,0
1,554,14:54,0
1,555,14:55,0
1,556,14:56,0
1,557,14:57,0
1,558,14:58,0
1,559,14:59,0
1,560,15:00,0
1,561,15:01,1
1,562,15:02,1
1,563,15:03,1
1,564,15:04,3
1,565,15:05,3
1,566,15:06,3
1,567,15:07,3
1,568,15:08,3
1,569,15:09,3
1,570,15:10,3
1,571,15:11,3
1,572,15:12,3
1,573,15:13,3
1,574,15:14,2
1,575,15:15,2
1,576,15:16,2
1,577,15:17,0
1,578,15:18,0
1,579,15:19,0
1,580,15:20,0
1,581,15:21,0
1,582,15:22,0
1,583,15:23,0
1,584,15:24,0
1,585,15:25,0
1,586,15:26,0
1,587,15:27,0
1,588,15:28,0
1,589,15:29,0
1,590,15:30,0
1,591,15:31,0
1,592,15:32,0
1,593,15:33,0
1,594,15:34,0
1,595,15:35,0
1,596,15:36,0
1,597,15:37,0
1,598,15:38,0
1,599,15:39,0
1,600,15:40,0
1,601,15:41,0
1,602,15:42,0
1,603,15:43,0
1,604,15:44,0
1,605,15:45,0
1,606,15:46,0
1,607,15:47,1
1,608,15:48,1
1,609,15:49,1
1,610,15:50,1
1,611,15:51,1
1,612,15:52,1
1,613,15:53,1
1,614,15:54,1
1,615,15:55,1
1,616,15:56,2
1,617,15:57,2
1,618,15:58,2
1,619,15:59,2
1,620,16:00,2
1,621,16:01,2
1,622,16:02,2
1,623,16:03,2
1,624,16:04,2
1,625,16:05,2
1,626,16:06,2
1,627,16:07,2
1,628,16:08,2
1,629,16:09,2
1,630,16:10,2
1,631,16:11,2
1,632,16:12,1
1,633,16:13,1
1,634,16:14,1
1,635,16:15,0
1,636,16:16,0
1,637,16:17,0
1,638,16:18,1
1,639,16:19,1
1,640,16:20,1
1,641,16:21,1
1,642,16:22,1
1,643,16:23,1
1,644,16:24,1
1,645,16:25,1
1,646,16:26,1
1,647,16:27,1
1,648,16:28,1
1,649,16:29,1
1,650,16:30,1
1,651,16:31,1
1,652,16:32,1
1,653,16:33,1
1,654,16:34,1
1,655,16:35,1
1,656,16:36,1
1,657,16:37,1
1,658,16:38,1
1,659,16:39,0
1,660,16:40,0
1,661,16:41,0
1,662,16:42,0
1,663,16:43,0
1,664,16:44,0
1,665,16:45,0
1,666,16:46,0
1,667,16:47,0
1,668,16:48,1
1,669,16:49,1
1,670,16:50,1
1,671,16:51,1
1,672,16:52,1
1,673,16:53,1
1,674,16:54,1
1,675,16:55,1
1,676,16:56,1
1,677,16:57,0
1,678,16:58,0
1,679,16:59,0
1,680,17:00,0
1,681,17:01,0
1,682,17:02,0
1,683,17:03,0
1,684,17:04,0
1,685,17:05,0
1,686,17:06,1
1,687,17:07,1
1,688,17:08,1
1,689,17:09,1
1,690,17:10,1
1,691,17:11,1
1,692,17:12,1
1,693,17:13,1
1,694,17:14,1
1,695,17:15,0
1,696,17:16,0
1,697,17:17,0
1,698,17:18,4
1,699,17:19,4
1,700,17:20,4
1,701,17:21,4
1,702,17:22,4
1,703,17:23,4
1,704,17:24,4
1,705,17:25,4
1,706,17:26,4
1,707,17:27,4
1,708,17:28,4
1,709,17:29,4
1,710,17:30,4
1,711,17:31,4
1,712,17:32,4
1,713,17:33,4
1,714,17:34,4
1,715,17:35,4
1,716,17:36,0
1,717,17:37,0
1,718,17:38,0
1,719,17:39,2
1,720,17:40,2
1,721,17:41,2
1,722,17:42,2
1,723,17:43,2
1,724,17:44,2
1,725,17:45,2
1,726,17:46,2
1,727,17:47,2
1,728,17:48,2
1,729,17:49,2
1,730,17:50,2
1,731,17:51,2
1,732,17:52,2
1,733,17:53,2
1,734,17:54,2
1,735,17:55,2
1,736,17:56,2
1,737,17:57,2
1,738,17:58,2
1,739,17:59,2
1,740,18:00,0
1,741,18:01,0
1,742,18:02,0
1,743,18:03,4
1,744,18:04,4
1,745,18:05,4
1,746,18:06,4
1,747,18:07,4
1,748,18:08,4
1,749,18:09,4
1,750,18:10,4
1,751,18:11,4
1,752,18:12,4
1,753,18:13,4
1,754,18:14,0
1,755,18:15,0
1,756,18:16,0
1,757,18:17,0
1,758,18:18,0
1,759,18:19,0
1,760,18:20,1
1,761,18:21,1
1,762,18:22,1
1,763,18:23,2
1,764,18:24,2
1,765,18:25,2
1,766,18:26,2
1,767,18:27,2
1,768,18:28,2
1,769,18:29,2
1,770,18:30,2
1,771,18:31,2
1,772,18:32,2
1,773,18:33,2
1,774,18:34,1
1,775,18:35,1
1,776,18:36,1
1,777,18:37,1
1,778,18:38,1
1,779,18:39,1
1,780,18:40,0
1,781,18:41,0
1,782,18:42,0
1,783,18:43,0
1,784,18:44,0
1,785,18:45,0
1,786,18:46,0
1,787,18:47,0
1,788,18:48,0
1,789,18:49,0
1,790,18:50,0
1,791,18:51,0
1,792,18:52,0
1,793,18:53,0
1,794,18:54,0
1,795,18:55,0
1,796,18:56,0
1,797,18:57,0
1,798,18:58,0
1,799,18:59,0
1,800,19:00,0
1,801,19:01,0
1,802,19:02,0
1,803,19:03,0
1,804,19:04,0
1,805,19:05,0
1,806,19:06,1
1,807,19:07,1
1,808,19:08,1
1,809,19:09,1
1,810,19:10,1
1,811,19:11,1
1,812,19:12,1
1,813,19:13,1
1,814,19:14,1
1,815,19:15,1
1,816,19:16,0
1,817,19:17,0
1,818,19:18,0
1,819,19:19,0
1,820,19:20,0
1,821,19:21,0
1,822,19:22,0
1,823,19:23,0
1,824,19:24,0
1,825,19:25,0
1,826,19:26,0
1,827,19:27,0
1,828,19:28,0
1,829,19:29,0
1,830,19:30,0
1,831,19:31,0
1,832,19:32,0
1,833,19:33,0
1,834,19:34,0
1,835,19:35,0
2,0,05:40,0
2,1,05:41,0
2,2,05:42,0
2,3,05:43,0
2,4,05:44,0
2,5,05:45,0
2,6,05:46,0
2,7,05:47,0
2,8,05:48,0
2,9,05:49,0
2,10,05:50,0
2,11,05:51,0
2,12,05:52,0
2,13,05:53,0
2,14,05:54,0
2,15,05:55,0
2,16,05:56,0
2,17,05:57,0
2,18,05:58,0
2,19,05:59,0
2,20,06:00,0
2,21,06:01,0
2,22,06:02,0
2,23,06:03,0
2,24,06:04,0
2,25,06:05,0
2,26,06:06,0
2,27,06:07,0
2,28,06:08,0
2,29,06:09,0
2,30,06:10,0
2,31,06:11,0
2,32,06:12,0
2,33,06:13,0
2,34,06:14,0
2,35,06:15,0
2,36,06:16,0
2,37,06:17,0
2,38,06:18,0
2,39,06:19,0
2,40,06:20,0
2,41,06:21,0
2,42,06:22,0
2,43,06:23,0
2,44,06:24,0
2,45,06:25,0
2,46,06:26,0
2,47,06:27,0
2,48,06:28,0
2,49,06:29,0
2,50,06:30,0
2,51,06:31,0
2,52,06:32,0
2,53,06:33,0
2,54,06:34,0
2,55,06:35,0
2,56,06:36,0
2,57,06:37,0
2,58,06:38,0
2,59,06:39,0
2,60,06:40,1
2,61,06:41,1
2,62,06:42,1
2,63,06:43,1
2,64,06:44,1
2,65,06:45,1
2,66,06:46,1
2,67,06:47,1
2,68,06:48,1
2,69,06:49,1
2,70,06:50,1
2,71,06:51,1
2,72,06:52,1
2,73,06:53,1
2,74,06:54,1
2,75,06:55,1
2,76,06:56,1
2,77,06:57,1
2,78,06:58,2
2,79,06:59,2
2,80,07:00,2
2,81,07:01,1
2,82,07:02,1
2,83,07:03,1
2,84,07:04,1
2,85,07:05,1
2,86,07:06,1
2,87,07:07,1
2,88,07:08,1
2,89,07:09,1
2,90,07:10,1
2,91,07:11,1
2,92,07:12,1
2,93,07:13,1
2,94,07:14,1
2,95,07:15,1
2,96,07:16,0
2,97,07:17,0
2,98,07:18,0
2,99,07:19,0
2,100,07:20,0
2,101,07:21,0
2,102,07:22,0
2,103,07:23,0
2,104,07:24,0
2,105,07:25,0
2,106,07:26,0
2,107,07:27,0
2,108,07:28,0
2,109,07:29,0
2,110,07:30,0
2,111,07:31,1
2,112,07:32,1
2,113,07:33,1
2,114,07:34,2
2,115,07:35,2
2,116,07:36,2
2,117,07:37,2
2,118,07:38,2
2,119,07:39,2
2,120,07:40,2
2,121,07:41,2
2,122,07:42,2
2,123,07:43,2
2,124,07:44,2
2,125,07:45,2
2,126,07:46,2
2,127,07:47,1
2,128,07:48,1
2,129,07:49,1
2,130,07:50,1
2,131,07:51,1
2,132,07:52,1
2,133,07:53,0
2,134,07:54,0
2,135,07:55,0
2,136,07:56,1
2,137,07:57,1
2,138,07:58,1
2,139,07:59,1
2,140,08:00,1
2,141,08:01,1
2,142,08:02,1
2,143,08:03,1
2,144,08:04,1
2,145,08:05,1
2,146,08:06,1
2,147,08:07,1
2,148,08:08,1
2,149,08:09,1
2,150,08:10,1
2,151,08:11,1
2,152,08:12,1
2,153,08:13,1
2,154,08:14,1
2,155,08:15,1
2,156,08:16,0
2,157,08:17,0
2,158,08:18,0
2,159,08:19,1
2,160,08:20,1
2,161,08:21,1
2,162,08:22,1
2,163,08:23,1
2,164,08:24,1
2,165,08:25,1
2,166,08:26,1
2,167,08:27,1
2,168,08:28,1
2,169,08:29,1
2,170,08:30,1
2,171,08:31,1
2,172,08:32,1
2,173,08:33,1
2,174,08:34,1
2,175,08:35,1
2,176,08:36,0
2,177,08:37,0
2,178,08:38,0
2,179,08:39,1
2,180,08:40,1
2,181,08:41,1
2,182,08:42,1
2,183,08:43,1
2,184,08:44,1
2,185,08:45,1
2,186,08:46,1
2,187,08:47,1
2,188,08:48,1
2,189,08:49,1
2,190,08:50,1
2,191,08:51,1
2,192,08:52,1
2,193,08:53,1
2,194,08:54,0
2,195,08:55,0
2,196,08:56,0
2,197,08:57,0
2,198,08:58,0
2,199,08:59,0
2,200,09:00,0
2,201,09:01,0
2,202,09:02,0
2,203,09:03,0
2,204,09:04,0
2,205,09:05,0
2,206,09:06,0
2,207,09:07,0
2,208,09:08,0
2,209,09:09,0
2,210,09:10,0
2,211,09:11,0
2,212,09:12,0
2,213,09:13,0
2,214,09:14,0
2,215,09:15,0
2,216,09:16,0
2,217,09:17,0
2,218,09:18,0
2,219,09:19,0
2,220,09:20,0
2,221,09:21,0
2,222,09:22,0
2,223,09:23,0
2,224,09:24,0
2,225,09:25,0
2,226,09:26,0
2,227,09:27,0
2,228,09:28,0
2,229,09:29,0
2,230,09:30,0
2,231,09:31,0
2,232,09:32,0
2,233,09:33,0
2,234,09:34,0
2,235,09:35,0
2,236,09:36,0
2,237,09:37,0
2,238,09:38,0
2,239,09:39,0
2,240,09:40,0
2,241,09:41,0
2,242,09:42,0
2,243,09:43,0
2,244,09:44,0
2,245,09:45,0
2,246,09:46,0
2,247,09:47,0
2,248,09:48,0
2,249,09:49,0
2,250,09:50,0
2,251,09:51,0
2,252,09:52,0
2,253,09:53,0
2,254,09:54,0
2,255,09:55,0
2,256,09:56,0
2,257,09:57,0
2,258,09:58,0
2,259,09:59,0
2,260,10:00,0
2,261,10:01,0
2,262,10:02,0
2,263,10:03,0
2,264,10:04,0
2,265,10:05,0
2,266,10:06,0
2,267,10:07,0
2,268,10:08,0
2,269,10:09,0
2,270,10:10,0
2,271,10:11,0
2,272,10:12,0
2,273,10:13,1
2,274,10:14,1
2,275,10:15,1
2,276,10:16,2
2,277,10:17,2
2,278,10:18,2
2,279,10:19,2
2,280,10:20,2
2,281,10:21,2
2,282,10:22,2
2,283,10:23,2
2,284,10:24,2
2,285,10:25,2
2,286,10:26,1
2,287,10:27,1
2,288,10:28,1
2,289,10:29,1
2,290,10:30,1
2,291,10:31,1
2,292,10:32,0
2,293,10:33,0
2,294,10:34,0
2,295,10:35,0
2,296,10:36,0
2,297,10:37,1
2,298,10:38,1
2,299,10:39,1
2,300,10:40,1
2,301,10:41,1
2,302,10:42,1
2,303,10:43,1
2,304,10:44,1
2,305,10:45,1
2,306,10:46,1
2,307,10:47,1
2,308,10:48,1
2,309,10:49,1
2,310,10:50,0
2,311,10:51,0
2,312,10:52,0
2,313,10:53,0
2,314,10:54,0
2,315,10:55,0
2,316,10:56,0
2,317,10:57,0
2,318,10:58,0
2,319,10:59,0
2,320,11:00,0
2,321,11:01,0
2,322,11:02,0
2,323,11:03,0
2,324,11:04,0
2,325,11:05,0
2,326,11:06,0
2,327,11:07,1
2,328,11:08,1
2,329,11:09,1
2,330,11:10,1
2,331,11:11,1
2,332,11:12,1
2,333,11:13,1
2,334,11:14,1
2,335,11:15,1
2,336,11:16,1
2,337,11:17,0
2,338,11:18,0
2,339,11:19,0
2,340,11:20,0
2,341,11:21,0
2,342,11:22,0
2,343,11:23,0
2,344,11:24,0
2,345,11:25,0
2,346,11:26,1
2,347,11:27,1
2,348,11:28,1
2,349,11:29,1
2,350,11:30,1
2,351,11:31,1
2,352,11:32,1
2,353,11:33,1
2,354,11:34,1
2,355,11:35,1
2,356,11:36,1
2,357,11:37,1
2,358,11:38,1
2,359,11:39,1
2,360,11:40,1
2,361,11:41,1
2,362,11:42,1
2,363,11:43,1
2,364,11:44,1
2,365,11:45,1
2,366,11:46,0
2,367,11:47,0
2,368,11:48,0
2,369,11:49,1
2,370,11:50,1
2,371,11:51,1
2,372,11:52,2
2,373,11:53,2
2,374,11:54,2
2,375,11:55,2
2,376,11:56,2
2,377,11:57,2
2,378,11:58,2
2,379,11:59,2
2,380,12:00,2
2,381,12:01,2
2,382,12:02,2
2,383,12:03,2
2,384,12:04,2
2,385,12:05,2
2,386,12:06,2
2,387,12:07,2
2,388,12:08,2
2,389,12:09,2
2,390,12:10,1
2,391,12:11,1
2,392,12:12,1
2,393,12:13,0
2,394,12:14,0
2,395,12:15,0
2,396,12:16,0
2,397,12:17,0
2,398,12:18,0
2,399,12:19,0
2,400,12:20,0
2,401,12:21,0
2,402,12:22,0
2,403,12:23,0
2,404,12:24,0
2,405,12:25,0
2,406,12:26,0
2,407,12:27,0
2,408,12:28,0
2,409,12:29,0
2,410,12:30,0
2,411,12:31,0
2,412,12:32,0
2,413,12:33,0
2,414,12:34,0
2,415,12:35,0
2,416,12:36,0
2,417,12:37,0
2,418,12:38,0
2,419,12:39,0
2,420,12:40,0
2,421,12:41,1
2,422,12:42,1
2,423,12:43,1
2,424,12:44,1
2,425,12:45,1
2,426,12:46,1
2,427,12:47,1
2,428,12:48,1
2,429,12:49,1
2,430,12:50,0
2,431,12:51,0
2,432,12:52,0
2,433,12:53,1
2,434,12:54,1
2,435,12:55,1
2,436,12:56,1
2,437,12:57,1
2,438,12:58,1
2,439,12:59,1
2,440,13:00,1
2,441,13:01,1
2,442,13:02,1
2,443,13:03,1
2,444,13:04,1
2,445,13:05,1
2,446,13:06,1
2,447,13:07,0
2,448,13:08,0
2,449,13:09,0
2,450,13:10,1
2,451,13:11,1
2,452,13:12,1
2,453,13:13,1
2,454,13:14,1
2,455,13:15,1
2,456,13:16,1
2,457,13:17,1
2,458,13:18,1
2,459,13:19,1
2,460,13:20,0
2,461,13:21,0
2,462,13:22,0
2,463,13:23,0
2,464,13:24,0
2,465,13:25,0
2,466,13:26,0
2,467,13:27,0
2,468,13:28,0
2,469,13:29,0
2,470,13:30,1
2,471,13:31,1
2,472,13:32,1
2,473,13:33,2
2,474,13:34,2
2,475,13:35,2
2,476,13:36,2
2,477,13:37,2
2,478,13:38,2
2,479,13:39,2
2,480,13:40,2
2,481,13:41,2
2,482,13:42,2
2,483,13:43,2
2,484,13:44,2
2,485,13:45,2
2,486,13:46,1
2,487,13:47,1
2,488,13:48,1
2,489,13:49,0
2,490,13:50,0
2,491,13:51,0
2,492,13:52,0
2,493,13:53,0
2,494,13:54,0
2,495,13:55,0
2,496,13:56,0
2,497,13:57,0
2,498,13:58,0
2,499,13:59,1
2,500,14:00,1
2,501,14:01,1
2,502,14:02,1
2,503,14:03,1
2,504,14:04,1
2,505,14:05,1
2,506,14:06,1
2,507,14:07,1
2,508,14:08,1
2,509,14:09,1
2,510,14:10,1
2,511,14:11,1
2,512,14:12,1
2,513,14:13,1
2,514,14:14,1
2,515,14:15,1
2,516,14:16,1
2,517,14:17,1
2,518,14:18,1
2,519,14:19,1
2,520,14:20,1
2,521,14:21,1
2,522,14:22,1
2,523,14:23,1
2,524,14:24,0
2,525,14:25,0
2,526,14:26,0
2,527,14:27,0
2,528,14:28,0
2,529,14:29,0
2,530,14:30,0
2,531,14:31,0
2,532,14:32,0
2,533,14:33,0
2,534,14:34,0
2,535,14:35,0
2,536,14:36,0
2,537,14:37,0
2,538,14:38,0
2,539,14:39,0
2,540,14:40,0
2,541,14:41,0
2,542,14:42,0
2,543,14:43,0
2,544,14:44,0
2,545,14:45,0
2,546,14:46,0
2,547,14:47,0
2,548,14:48,0
2,549,14:49,0
2,550,14:50,0
2,551,14:51,0
2,552,14:52,0
2,553,14:53,0
2,554,14:54,0
2,555,14:55,0
2,556,14:56,0
2,557,14:57,0
2,558,14:58,0
2,559,14:59,0
2,560,15:00,0
2,561,15:01,0
2,562,15:02,0
2,563,15:03,0
2,564,15:04,0
2,565,15:05,0
2,566,15:06,1
2,567,15:07,1
2,568,15:08,1
2,569,15:09,1
2,570,15:10,1
2,571,15:11,1
2,572,15:12,1
2,573,15:13,1
2,574,15:14,1
2,575,15:15,2
2,576,15:16,2
2,577,15:17,2
2,578,15:18,2
2,579,15:19,2
2,580,15:20,2
2,581,15:21,2
2,582,15:22,2
2,583,15:23,2
2,584,15:24,2
2,585,15:25,2
2,586,15:26,2
2,587,15:27,2
2,588,15:28,2
2,589,15:29,1
2,590,15:30,1
2,591,15:31,1
2,592,15:32,0
2,593,15:33,0
2,594,15:34,0
2,595,15:35,1
2,596,15:36,1
2,597,15:37,1
2,598,15:38,1
2,599,15:39,1
2,600,15:40,1
2,601,15:41,1
2,602,15:42,1
2,603,15:43,1
2,604,15:44,1
2,605,15:45,0
2,606,15:46,0
2,607,15:47,0
2,608,15:48,1
2,609,15:49,1
2,610,15:50,1
2,611,15:51,1
2,612,15:52,2
2,613,15:53,2
2,614,15:54,2
2,615,15:55,2
2,616,15:56,2
2,617,15:57,2
2,618,15:58,2
2,619,15:59,2
2,620,16:00,2
2,621,16:01,2
2,622,16:02,1
2,623,16:03,1
2,624,16:04,1
2,625,16:05,1
2,626,16:06,1
2,627,16:07,1
2,628,16:08,1
2,629,16:09,0
2,630,16:10,0
2,631,16:11,0
2,632,16:12,0
2,633,16:13,0
2,634,16:14,0
2,635,16:15,0
2,636,16:16,0
2,637,16:17,0
2,638,16:18,0
2,639,16:19,0
2,640,16:20,0
2,641,16:21,0
2,642,16:22,0
2,643,16:23,2
2,644,16:24,2
2,645,16:25,2
2,646,16:26,4
2,647,16:27,4
2,648,16:28,4
2,649,16:29,4
2,650,16:30,4
2,651,16:31,4
2,652,16:32,4
2,653,16:33,4
2,654,16:34,4
2,655,16:35,4
2,656,16:36,2
2,657,16:37,2
2,658,16:38,2
2,659,16:39,0
2,660,16:40,0
2,661,16:41,0
2,662,16:42,0
2,663,16:43,0
2,664,16:44,0
2,665,16:45,0
2,666,16:46,0
2,667,16:47,0
2,668,16:48,0
2,669,16:49,1
2,670,16:50,1
2,671,16:51,1
2,672,16:52,1
2,673,16:53,1
2,674,16:54,1
2,675,16:55,1
2,676,16:56,1
2,677,16:57,1
2,678,16:58,1
2,679,16:59,0
2,680,17:00,0
2,681,17:01,0
2,682,17:02,1
2,683,17:03,1
2,684,17:04,1
2,685,17:05,1
2,686,17:06,2
2,687,17:07,2
2,688,17:08,2
2,689,17:09,2
2,690,17:10,4
2,691,17:11,4
2,692,17:12,4
2,693,17:13,4
2,694,17:14,4
2,695,17:15,4
2,696,17:16,4
2,697,17:17,4
2,698,17:18,4
2,699,17:19,4
2,700,17:20,3
2,701,17:21,3
2,702,17:22,3
2,703,17:23,2
2,704,17:24,2
2,705,17:25,2
2,706,17:26,2
2,707,17:27,2
2,708,17:28,2
2,709,17:29,2
2,710,17:30,2
2,711,17:31,2
2,712,17:32,2
2,713,17:33,2
2,714,17:34,2
2,715,17:35,2
2,716,17:36,0
2,717,17:37,0
2,718,17:38,0
2,719,17:39,1
2,720,17:40,1
2,721,17:41,1
2,722,17:42,1
2,723,17:43,1
2,724,17:44,1
2,725,17:45,1
2,726,17:46,1
2,727,17:47,1
2,728,17:48,1
2,729,17:49,1
2,730,17:50,1
2,731,17:51,1
2,732,17:52,1
2,733,17:53,1
2,734,17:54,1
2,735,17:55,0
2,736,17:56,0
2,737,17:57,0
2,738,17:58,3
2,739,17:59,3
2,740,18:00,3
2,741,18:01,3
2,742,18:02,3
2,743,18:03,3
2,744,18:04,3
2,745,18:05,3
2,746,18:06,3
2,747,18:07,0
2,748,18:08,0
2,749,18:09,0
2,750,18:10,1
2,751,18:11,1
2,752,18:12,1
2,753,18:13,4
2,754,18:14,4
2,755,18:15,4
2,756,18:16,4
2,757,18:17,4
2,758,18:18,4
2,759,18:19,4
2,760,18:20,4
2,761,18:21,4
2,762,18:22,3
2,763,18:23,3
2,764,18:24,3
2,765,18:25,0
2,766,18:26,0
2,767,18:27,0
2,768,18:28,0
2,769,18:29,0
2,770,18:30,0
2,771,18:31,0
2,772,18:32,1
2,773,18:33,1
2,774,18:34,1
2,775,18:35,1
2,776,18:36,1
2,777,18:37,1
2,778,18:38,1
2,779,18:39,1
2,780,18:40,1
2,781,18:41,1
2,782,18:42,0
2,783,18:43,0
2,784,18:44,0
2,785,18:45,0
2,786,18:46,1
2,787,18:47,1
2,788,18:48,1
2,789,18:49,1
2,790,18:50,1
2,791,18:51,1
2,792,18:52,1
2,793,18:53,1
2,794,18:54,1
2,795,18:55,1
2,796,18:56,0
2,797,18:57,0
2,798,18:58,0
2,799,18:59,0
2,800,19:00,1
2,801,19:01,1
2,802,19:02,1
2,803,19:03,2
2,804,19:04,2
2,805,19:05,2
2,806,19:06,2
2,807,19:07,2
2,808,19:08,2
2,809,19:09,2
2,810,19:10,2
2,811,19:11,2
2,812,19:12,2
2,813,19:13,1
2,814,19:14,1
2,815,19:15,1
2,816,19:16,0
2,817,19:17,0
2,818,19:18,0
2,819,19:19,0
2,820,19:20,0
2,821,19:21,0
2,822,19:22,0
2,823,19:23,0
2,824,19:24,0
2,825,19:25,0
2,826,19:26,0
2,827,19:27,0
2,828,19:28,0
2,829,19:29,0
2,830,19:30,0
2,831,19:31,0
2,832,19:32,0
2,833,19:33,0
2,834,19:34,0
2,835,19:35,0
3,0,05:40,0
3,1,05:41,0
3,2,05:42,0
3,3,05:43,0
3,4,05:44,0
3,5,05:45,0
3,6,05:46,0
3,7,05:47,0
3,8,05:48,0
3,9,05:49,0
3,10,05:50,0
3,11,05:51,0
3,12,05:52,0
3,13,05:53,0
3,14,05:54,0
3,15,05:55,0
3,16,05:56,0
3,17,05:57,0
3,18,05:58,0
3,19,05:59,0
3,20,06:00,0
3,21,06:01,0
3,22,06:02,0
3,23,06:03,0
3,24,06:04,0
3,25,06:05,0
3,26,06:06,0
3,27,06:07,1
3,28,06:08,1
3,29,06:09,1
3,30,06:10,2
3,31,06:11,2
3,32,06:12,2
3,33,06:13,2
3,34,06:14,2
3,35,06:15,2
3,36,06:16,2
3,37,06:17,2
3,38,06:18,2
3,39,06:19,2
3,40,06:20,2
3,41,06:21,2
3,42,06:22,2
3,43,06:23,2
3,44,06:24,2
3,45,06:25,1
3,46,06:26,1
3,47,06:27,1
3,48,06:28,0
3,49,06:29,0
3,50,06:30,0
3,51,06:31,0
3,52,06:32,0
3,53,06:33,0
3,54,06:34,0
3,55,06:35,0
3,56,06:36,0
3,57,06:37,0
3,58,06:38,0
3,59,06:39,0
3,60,06:40,0
3,61,06:41,0
3,62,06:42,0
3,63,06:43,0
3,64,06:44,0
3,65,06:45,0
3,66,06:46,0
3,67,06:47,0
3,68,06:48,0
3,69,06:49,0
3,70,06:50,0
3,71,06:51,0
3,72,06:52,1
3,73,06:53,1
3,74,06:54,1
3,75,06:55,1
3,76,06:56,1
3,77,06:57,1
3,78,06:58,1
3,79,06:59,1
3,80,07:00,1
3,81,07:01,1
3,82,07:02,1
3,83,07:03,1
3,84,07:04,1
3,85,07:05,1
3,86,07:06,1
3,87,07:07,0
3,88,07:08,0
3,89,07:09,0
3,90,07:10,1
3,91,07:11,1
3,92,07:12,1
3,93,07:13,1
3,94,07:14,1
3,95,07:15,1
3,96,07:16,1
3,97,07:17,1
3,98,07:18,1
3,99,07:19,1
3,100,07:20,0
3,101,07:21,0
3,102,07:22,0
3,103,07:23,0
3,104,07:24,0
3,105,07:25,0
3,106,07:26,0
3,107,07:27,0
3,108,07:28,0
3,109,07:29,0
3,110,07:30,1
3,111,07:31,1
3,112,07:32,1
3,113,07:33,2
3,114,07:34,2
3,115,07:35,2
3,116,07:36,2
3,117,07:37,2
3,118,07:38,2
3,119,07:39,2
3,120,07:40,2
3,121,07:41,2
3,122,07:42,2
3,123,07:43,1
3,124,07:44,1
3,125,07:45,1
3,126,07:46,0
3,127,07:47,0
3,128,07:48,0
3,129,07:49,0
3,130,07:50,0
3,131,07:51,0
3,132,07:52,0
3,133,07:53,0
3,134,07:54,0
3,135,07:55,0
3,136,07:56,0
3,137,07:57,0
3,138,07:58,0
3,139,07:59,0
3,140,08:00,0
3,141,08:01,0
3,142,08:02,0
3,143,08:03,0
3,144,08:04,0
3,145,08:05,0
3,146,08:06,0
3,147,08:07,0
3,148,08:08,0
3,149,08:09,0
3,150,08:10,0
3,151,08:11,0
3,152,08:12,0
3,153,08:13,0
3,154,08:14,0
3,155,08:15,0
3,156,08:16,0
3,157,08:17,0
3,158,08:18,0
3,159,08:19,0
3,160,08:20,0
3,161,08:21,0
3,162,08:22,0
3,163,08:23,0
3,164,08:24,0
3,165,08:25,0
3,166,08:26,0
3,167,08:27,1
3,168,08:28,1
3,169,08:29,1
3,170,08:30,2
3,171,08:31,2
3,172,08:32,2
3,173,08:33,2
3,174,08:34,3
3,175,08:35,3
3,176,08:36,3
3,177,08:37,3
3,178,08:38,3
3,179,08:39,3
3,180,08:40,3
3,181,08:41,3
3,182,08:42,3
3,183,08:43,3
3,184,08:44,2
3,185,08:45,2
3,186,08:46,2
3,187,08:47,1
3,188,08:48,1
3,189,08:49,1
3,190,08:50,0
3,191,08:51,0
3,192,08:52,0
3,193,08:53,0
3,194,08:54,0
3,195,08:55,0
3,196,08:56,0
3,197,08:57,0
3,198,08:58,0
3,199,08:59,0
3,200,09:00,0
3,201,09:01,0
3,202,09:02,0
3,203,09:03,0
3,204,09:04,0
3,205,09:05,0
3,206,09:06,0
3,207,09:07,0
3,208,09:08,0
3,209,09:09,0
3,210,09:10,0
3,211,09:11,0
3,212,09:12,0
3,213,09:13,0
3,214,09:14,0
3,215,09:15,0
3,216,09:16,0
3,217,09:17,0
3,218,09:18,0
3,219,09:19,0
3,220,09:20,0
3,221,09:21,0
3,222,09:22,0
3,223,09:23,0
3,224,09:24,0
3,225,09:25,0
3,226,09:26,0
3,227,09:27,1
3,228,09:28,1
3,229,09:29,1
3,230,09:30,1
3,231,09:31,1
3,232,09:32,1
3,233,09:33,1
3,234,09:34,1
3,235,09:35,1
3,236,09:36,1
3,237,09:37,0
3,238,09:38,0
3,239,09:39,0
3,240,09:40,0
3,241,09:41,0
3,242,09:42,0
3,243,09:43,0
3,244,09:44,0
3,245,09:45,0
3,246,09:46,0
3,247,09:47,1
3,248,09:48,1
3,249,09:49,1
3,250,09:50,1
3,251,09:51,1
3,252,09:52,1
3,253,09:53,1
3,254,09:54,1
3,255,09:55,1
3,256,09:56,1
3,257,09:57,0
3,258,09:58,0
3,259,09:59,0
3,260,10:00,0
3,261,10:01,0
3,262,10:02,0
3,263,10:03,0
3,264,10:04,0
3,265,10:05,0
3,266,10:06,1
3,267,10:07,1
3,268,10:08,1
3,269,10:09,1
3,270,10:10,1
3,271,10:11,1
3,272,10:12,1
3,273,10:13,1
3,274,10:14,1
3,275,10:15,0
3,276,10:16,0
3,277,10:17,0
3,278,10:18,2
3,279,10:19,2
3,280,10:20,2
3,281,10:21,2
3,282,10:22,2
3,283,10:23,2
3,284,10:24,2
3,285,10:25,2
3,286,10:26,2
3,287,10:27,2
3,288,10:28,0
3,289,10:29,0
3,290,10:30,0
3,291,10:31,0
3,292,10:32,0
3,293,10:33,0
3,294,10:34,0
3,295,10:35,0
3,296,10:36,0
3,297,10:37,0
3,298,10:38,0
3,299,10:39,0
3,300,10:40,1
3,301,10:41,1
3,302,10:42,1
3,303,10:43,1
3,304,10:44,1
3,305,10:45,1
3,306,10:46,1
3,307,10:47,1
3,308,10:48,1
3,309,10:49,1
3,310,10:50,0
3,311,10:51,0
3,312,10:52,0
3,313,10:53,0
3,314,10:54,0
3,315,10:55,0
3,316,10:56,0
3,317,10:57,0
3,318,10:58,0
3,319,10:59,0
3,320,11:00,1
3,321,11:01,1
3,322,11:02,1
3,323,11:03,2
3,324,11:04,2
3,325,11:05,2
3,326,11:06,2
3,327,11:07,2
3,328,11:08,2
3,329,11:09,2
3,330,11:10,2
3,331,11:11,2
3,332,11:12,2
3,333,11:13,2
3,334,11:14,2
3,335,11:15,2
3,336,11:16,2
3,337,11:17,2
3,338,11:18,2
3,339,11:19,1
3,340,11:20,1
3,341,11:21,1
3,342,11:22,0
3,343,11:23,0
3,344,11:24,0
3,345,11:25,1
3,346,11:26,1
3,347,11:27,1
3,348,11:28,1
3,349,11:29,1
3,350,11:30,1
3,351,11:31,1
3,352,11:32,1
3,353,11:33,1
3,354,11:34,1
3,355,11:35,1
3,356,11:36,1
3,357,11:37,1
3,358,11:38,1
3,359,11:39,1
3,360,11:40,1
3,361,11:41,1
3,362,11:42,1
3,363,11:43,0
3,364,11:44,0
3,365,11:45,0
3,366,11:46,0
3,367,11:47,0
3,368,11:48,0
3,369,11:49,0
3,370,11:50,0
3,371,11:51,0
3,372,11:52,0
3,373,11:53,0
3,374,11:54,0
3,375,11:55,0
3,376,11:56,0
3,377,11:57,0
3,378,11:58,0
3,379,11:59,0
3,380,12:00,2
3,381,12:01,2
3,382,12:02,2
3,383,12:03,2
3,384,12:04,2
3,385,12:05,2
3,386,12:06,2
3,387,12:07,2
3,388,12:08,2
3,389,12:09,3
3,390,12:10,3
3,391,12:11,3
3,392,12:12,3
3,393,12:13,3
3,394,12:14,3
3,395,12:15,3
3,396,12:16,3
3,397,12:17,3
3,398,12:18,3
3,399,12:19,3
3,400,12:20,3
3,401,12:21,3
3,402,12:22,3
3,403,12:23,3
3,404,12:24,3
3,405,12:25,2
3,406,12:26,2
3,407,12:27,2
3,408,12:28,0
3,409,12:29,0
3,410,12:30,0
3,411,12:31,0
3,412,12:32,0
3,413,12:33,0
3,414,12:34,0
3,415,12:35,0
3,416,12:36,0
3,417,12:37,0
3,418,12:38,0
3,419,12:39,0
3,420,12:40,0
3,421,12:41,0
3,422,12:42,0
3,423,12:43,0
3,424,12:44,0
3,425,12:45,0
3,426,12:46,0
3,427,12:47,0
3,428,12:48,0
3,429,12:49,0
3,430,12:50,0
3,431,12:51,0
3,432,12:52,0
3,433,12:53,0
3,434,12:54,0
3,435,12:55,0
3,436,12:56,0
3,437,12:57,0
3,438,12:58,0
3,439,12:59,0
3,440,13:00,0
3,441,13:01,0
3,442,13:02,0
3,443,13:03,0
3,444,13:04,0
3,445,13:05,0
3,446,13:06,0
3,447,13:07,0
3,448,13:08,0
3,449,13:09,0
3,450,13:10,0
3,451,13:11,0
3,452,13:12,0
3,453,13:13,0
3,454,13:14,0
3,455,13:15,0
3,456,13:16,0
3,457,13:17,0
3,458,13:18,0
3,459,13:19,0
3,460,13:20,0
3,461,13:21,0
3,462,13:22,0
3,463,13:23,0
3,464,13:24,0
3,465,13:25,0
3,466,13:26,0
3,467,13:27,0
3,468,13:28,0
3,469,13:29,0
3,470,13:30,0
3,471,13:31,0
3,472,13:32,0
3,473,13:33,0
3,474,13:34,0
3,475,13:35,0
3,476,13:36,0
3,477,13:37,0
3,478,13:38,0
3,479,13:39,0
3,480,13:40,0
3,481,13:41,0
3,482,13:42,0
3,483,13:43,0
3,484,13:44,0
3,485,13:45,0
3,486,13:46,0
3,487,13:47,0
3,488,13:48,0
3,489,13:49,0
3,490,13:50,0
3,491,13:51,1
3,492,13:52,1
3,493,13:53,1
3,494,13:54,1
3,495,13:55,1
3,496,13:56,1
3,497,13:57,1
3,498,13:58,1
3,499,13:59,1
3,500,14:00,1
3,501,14:01,1
3,502,14:02,1
3,503,14:03,1
3,504,14:04,1
3,505,14:05,1
3,506,14:06,1
3,507,14:07,1
3,508,14:08,1
3,509,14:09,1
3,510,14:10,1
3,511,14:11,1
3,512,14:12,1
3,513,14:13,1
3,514,14:14,1
3,515,14:15,1
3,516,14:16,1
3,517,14:17,1
3,518,14:18,1
3,519,14:19,1
3,520,14:20,1
3,521,14:21,1
3,522,14:22,0
3,523,14:23,0
3,524,14:24,0
3,525,14:25,0
3,526,14:26,0
3,527,14:27,0
3,528,14:28,0
3,529,14:29,0
3,530,14:30,0
3,531,14:31,0
3,532,14:32,0
3,533,14:33,0
3,534,14:34,0
3,535,14:35,0
3,536,14:36,0
3,537,14:37,0
3,538,14:38,0
3,539,14:39,0
3,540,14:40,0
3,541,14:41,0
3,542,14:42,1
3,543,14:43,1
3,544,14:44,1
3,545,14:45,1
3,546,14:46,1
3,547,14:47,1
3,548,14:48,1
3,549,14:49,1
3,550,14:50,1
3,551,14:51,1
3,552,14:52,1
3,553,14:53,1
3,554,14:54,1
3,555,14:55,1
3,556,14:56,1
3,557,14:57,1
3,558,14:58,1
3,559,14:59,1
3,560,15:00,0
3,561,15:01,0
3,562,15:02,0
3,563,15:03,1
3,564,15:04,1
3,565,15:05,1
3,566,15:06,2
3,567,15:07,2
3,568,15:08,2
3,569,15:09,4
3,570,15:10,4
3,571,15:11,4
3,572,15:12,4
3,573,15:13,4
3,574,15:14,4
3,575,15:15,4
3,576,15:16,4
3,577,15:17,4
3,578,15:18,4
3,579,15:19,3
3,580,15:20,3
3,581,15:21,3
3,582,15:22,2
3,583,15:23,2
3,584,15:24,2
3,585,15:25,0
3,586,15:26,0
3,587,15:27,0
3,588,15:28,0
3,589,15:29,0
3,590,15:30,0
3,591,15:31,0
3,592,15:32,0
3,593,15:33,0
3,594,15:34,0
3,595,15:35,0
3,596,15:36,0
3,597,15:37,0
3,598,15:38,0
3,599,15:39,0
3,600,15:40,0
3,601,15:41,0
3,602,15:42,0
3,603,15:43,0
3,604,15:44,0
3,605,15:45,0
3,606,15:46,0
3,607,15:47,0
3,608,15:48,0
3,609,15:49,0
3,610,15:50,0
3,611,15:51,0
3,612,15:52,4
3,613,15:53,4
3,614,15:54,4
3,615,15:55,4
3,616,15:56,4
3,617,15:57,4
3,618,15:58,4
3,619,15:59,4
3,620,16:00,4
3,621,16:01,4
3,622,16:02,0
3,623,16:03,0
3,624,16:04,0
3,625,16:05,2
3,626,16:06,2
3,627,16:07,2
3,628,16:08,2
3,629,16:09,2
3,630,16:10,2
3,631,16:11,2
3,632,16:12,2
3,633,16:13,2
3,634,16:14,0
3,635,16:15,0
3,636,16:16,0
3,637,16:17,0
3,638,16:18,0
3,639,16:19,0
3,640,16:20,1
3,641,16:21,1
3,642,16:22,1
3,643,16:23,4
3,644,16:24,4
3,645,16:25,4
3,646,16:26,4
3,647,16:27,4
3,648,16:28,4
3,649,16:29,4
3,650,16:30,4
3,651,16:31,4
3,652,16:32,4
3,653,16:33,4
3,654,16:34,3
3,655,16:35,3
3,656,16:36,3
3,657,16:37,0
3,658,16:38,0
3,659,16:39,0
3,660,16:40,0
3,661,16:41,0
3,662,16:42,0
3,663,16:43,0
3,664,16:44,0
3,665,16:45,0
3,666,16:46,0
3,667,16:47,0
3,668,16:48,0
3,669,16:49,0
3,670,16:50,0
3,671,16:51,0
3,672,16:52,0
3,673,16:53,0
3,674,16:54,0
3,675,16:55,0
3,676,16:56,0
3,677,16:57,0
3,678,16:58,1
3,679,16:59,1
3,680,17:00,1
3,681,17:01,1
3,682,17:02,1
3,683,17:03,1
3,684,17:04,1
3,685,17:05,1
3,686,17:06,1
3,687,17:07,1
3,688,17:08,1
3,689,17:09,1
3,690,17:10,1
3,691,17:11,1
3,692,17:12,1
3,693,17:13,0
3,694,17:14,0
3,695,17:15,0
3,696,17:16,1
3,697,17:17,1
3,698,17:18,1
3,699,17:19,1
3,700,17:20,1
3,701,17:21,1
3,702,17:22,1
3,703,17:23,1
3,704,17:24,1
3,705,17:25,1
3,706,17:26,1
3,707,17:27,1
3,708,17:28,1
3,709,17:29,1
3,710,17:30,0
3,711,17:31,0
3,712,17:32,0
3,713,17:33,4
3,714,17:34,4
3,715,17:35,4
3,716,17:36,4
3,717,17:37,4
3,718,17:38,4
3,719,17:39,4
3,720,17:40,4
3,721,17:41,4
3,722,17:42,0
3,723,17:43,0
3,724,17:44,0
3,725,17:45,0
3,726,17:46,0
3,727,17:47,0
3,728,17:48,0
3,729,17:49,0
3,730,17:50,0
3,731,17:51,0
3,732,17:52,0
3,733,17:53,0
3,734,17:54,4
3,735,17:55,4
3,736,17:56,4
3,737,17:57,4
3,738,17:58,4
3,739,17:59,4
3,740,18:00,4
3,741,18:01,4
3,742,18:02,4
3,743,18:03,0
3,744,18:04,0
3,745,18:05,0
3,746,18:06,1
3,747,18:07,1
3,748,18:08,1
3,749,18:09,4
3,750,18:10,4
3,751,18:11,4
3,752,18:12,4
3,753,18:13,4
3,754,18:14,4
3,755,18:15,4
3,756,18:16,4
3,757,18:17,4
3,758,18:18,4
3,759,18:19,1
3,760,18:20,1
3,761,18:21,1
3,762,18:22,0
3,763,18:23,0
3,764,18:24,0
3,765,18:25,0
3,766,18:26,0
3,767,18:27,1
3,768,18:28,1
3,769,18:29,1
3,770,18:30,2
3,771,18:31,2
3,772,18:32,2
3,773,18:33,3
3,774,18:34,3
3,775,18:35,3
3,776,18:36,3
3,777,18:37,3
3,778,18:38,3
3,779,18:39,3
3,780,18:40,3
3,781,18:41,3
3,782,18:42,3
3,783,18:43,2
3,784,18:44,2
3,785,18:45,2
3,786,18:46,1
3,787,18:47,1
3,788,18:48,1
3,789,18:49,1
3,790,18:50,1
3,791,18:51,1
3,792,18:52,0
3,793,18:53,0
3,794,18:54,0
3,795,18:55,0
3,796,18:56,0
3,797,18:57,0
3,798,18:58,0
3,799,18:59,1
3,800,19:00,1
3,801,19:01,1
3,802,19:02,1
3,803,19:03,1
3,804,19:04,1
3,805,19:05,1
3,806,19:06,1
3,807,19:07,1
3,808,19:08,1
3,809,19:09,1
3,810,19:10,1
3,811,19:11,1
3,812,19:12,1
3,813,19:13,1
3,814,19:14,0
3,815,19:15,0
3,816,19:16,0
3,817,19:17,0
3,818,19:18,0
3,819,19:19,0
3,820,19:20,0
3,821,19:21,0
3,822,19:22,0
3,823,19:23,0
3,824,19:24,0
3,825,19:25,0
3,826,19:26,0
3,827,19:27,0
3,828,19:28,0
3,829,19:29,0
3,830,19:30,0
3,831,19:31,0
3,832,19:32,0
3,833,19:33,0
3,834,19:34,0
3,835,19:35,0
4,0,05:40,0
4,1,05:41,0
4,2,05:42,0
4,3,05:43,0
4,4,05:44,0
4,5,05:45,0
4,6,05:46,0
4,7,05:47,0
4,8,05:48,0
4,9,05:49,0
4,10,05:50,0
4,11,05:51,0
4,12,05:52,0
4,13,05:53,0
4,14,05:54,0
4,15,05:55,0
4,16,05:56,0
4,17,05:57,0
4,18,05:58,0
4,19,05:59,0
4,20,06:00,0
4,21,06:01,0
4,22,06:02,0
4,23,06:03,0
4,24,06:04,0
4,25,06:05,0
4,26,06:06,0
4,27,06:07,0
4,28,06:08,0
4,29,06:09,0
4,30,06:10,0
4,31,06:11,0
4,32,06:12,0
4,33,06:13,0
4,34,06:14,0
4,35,06:15,0
4,36,06:16,0
4,37,06:17,0
4,38,06:18,0
4,39,06:19,0
4,40,06:20,1
4,41,06:21,1
4,42,06:22,1
4,43,06:23,1
4,44,06:24,1
4,45,06:25,1
4,46,06:26,1
4,47,06:27,1
4,48,06:28,1
4,49,06:29,1
4,50,06:30,1
4,51,06:31,1
4,52,06:32,1
4,53,06:33,1
4,54,06:34,1
4,55,06:35,1
4,56,06:36,1
4,57,06:37,1
4,58,06:38,1
4,59,06:39,1
4,60,06:40,0
4,61,06:41,0
4,62,06:42,0
4,63,06:43,0
4,64,06:44,0
4,65,06:45,0
4,66,06:46,0
4,67,06:47,0
4,68,06:48,0
4,69,06:49,0
4,70,06:50,0
4,71,06:51,0
4,72,06:52,0
4,73,06:53,0
4,74,06:54,0
4,75,06:55,0
4,76,06:56,0
4,77,06:57,0
4,78,06:58,0
4,79,06:59,0
4,80,07:00,0
4,81,07:01,0
4,82,07:02,0
4,83,07:03,0
4,84,07:04,0
4,85,07:05,0
4,86,07:06,0
4,87,07:07,0
4,88,07:08,0
4,89,07:09,0
4,90,07:10,0
4,91,07:11,0
4,92,07:12,0
4,93,07:13,0
4,94,07:14,0
4,95,07:15,0
4,96,07:16,0
4,97,07:17,0
4,98,07:18,0
4,99,07:19,0
4,100,07:20,0
4,101,07:21,0
4,102,07:22,0
4,103,07:23,0
4,104,07:24,0
4,105,07:25,0
4,106,07:26,0
4,107,07:27,0
4,108,07:28,0
4,109,07:29,0
4,110,07:30,0
4,111,07:31,0
4,112,07:32,0
4,113,07:33,0
4,114,07:34,0
4,115,07:35,0
4,116,07:36,0
4,117,07:37,0
4,118,07:38,0
4,119,07:39,0
4,120,07:40,1
4,121,07:41,1
4,122,07:42,1
4,123,07:43,1
4,124,07:44,1
4,125,07:45,1
4,126,07:46,1
4,127,07:47,1
4,128,07:48,1
4,129,07:49,1
4,130,07:50,1
4,131,07:51,1
4,132,07:52,1
4,133,07:53,1
4,134,07:54,1
4,135,07:55,1
4,136,07:56,1
4,137,07:57,1
4,138,07:58,1
4,139,07:59,1
4,140,08:00,1
4,141,08:01,1
4,142,08:02,1
4,143,08:03,1
4,144,08:04,1
4,145,08:05,1
4,146,08:06,0
4,147,08:07,0
4,148,08:08,0
4,149,08:09,2
4,150,08:10,2
4,151,08:11,2
4,152,08:12,2
4,153,08:13,2
4,154,08:14,2
4,155,08:15,2
4,156,08:16,2
4,157,08:17,2
4,158,08:18,2
4,159,08:19,0
4,160,08:20,0
4,161,08:21,0
4,162,08:22,0
4,163,08:23,0
4,164,08:24,0
4,165,08:25,0
4,166,08:26,0
4,167,08:27,0
4,168,08:28,0
4,169,08:29,1
4,170,08:30,1
4,171,08:31,1
4,172,08:32,2
4,173,08:33,2
4,174,08:34,2
4,175,08:35,2
4,176,08:36,2
4,177,08:37,2
4,178,08:38,2
4,179,08:39,2
4,180,08:40,2
4,181,08:41,2
4,182,08:42,1
4,183,08:43,1
4,184,08:44,1
4,185,08:45,1
4,186,08:46,1
4,187,08:47,1
4,188,08:48,1
4,189,08:49,1
4,190,08:50,1
4,191,08:51,0
4,192,08:52,0
4,193,08:53,0
4,194,08:54,0
4,195,08:55,0
4,196,08:56,0
4,197,08:57,0
4,198,08:58,0
4,199,08:59,0
4,200,09:00,1
4,201,09:01,1
4,202,09:02,1
4,203,09:03,1
4,204,09:04,1
4,205,09:05,1
4,206,09:06,2
4,207,09:07,2
4,208,09:08,2
4,209,09:09,2
4,210,09:10,2
4,211,09:11,2
4,212,09:12,2
4,213,09:13,2
4,214,09:14,2
4,215,09:15,2
4,216,09:16,1
4,217,09:17,1
4,218,09:18,1
4,219,09:19,0
4,220,09:20,0
4,221,09:21,0
4,222,09:22,0
4,223,09:23,0
4,224,09:24,0
4,225,09:25,0
4,226,09:26,0
4,227,09:27,0
4,228,09:28,0
4,229,09:29,0
4,230,09:30,0
4,231,09:31,0
4,232,09:32,0
4,233,09:33,0
4,234,09:34,0
4,235,09:35,0
4,236,09:36,0
4,237,09:37,0
4,238,09:38,0
4,239,09:39,0
4,240,09:40,0
4,241,09:41,0
4,242,09:42,0
4,243,09:43,0
4,244,09:44,0
4,245,09:45,0
4,246,09:46,0
4,247,09:47,0
4,248,09:48,0
4,249,09:49,0
4,250,09:50,0
4,251,09:51,0
4,252,09:52,0
4,253,09:53,0
4,254,09:54,0
4,255,09:55,1
4,256,09:56,1
4,257,09:57,1
4,258,09:58,2
4,259,09:59,2
4,260,10:00,2
4,261,10:01,2
4,262,10:02,2
4,263,10:03,2
4,264,10:04,2
4,265,10:05,2
4,266,10:06,2
4,267,10:07,1
4,268,10:08,1
4,269,10:09,1
4,270,10:10,1
4,271,10:11,1
4,272,10:12,1
4,273,10:13,0
4,274,10:14,0
4,275,10:15,0
4,276,10:16,0
4,277,10:17,0
4,278,10:18,0
4,279,10:19,0
4,280,10:20,0
4,281,10:21,0
4,282,10:22,0
4,283,10:23,0
4,284,10:24,0
4,285,10:25,0
4,286,10:26,0
4,287,10:27,3
4,288,10:28,3
4,289,10:29,3
4,290,10:30,3
4,291,10:31,3
4,292,10:32,3
4,293,10:33,3
4,294,10:34,3
4,295,10:35,3
4,296,10:36,3
4,297,10:37,0
4,298,10:38,0
4,299,10:39,0
4,300,10:40,0
4,301,10:41,0
4,302,10:42,0
4,303,10:43,0
4,304,10:44,0
4,305,10:45,0
4,306,10:46,0
4,307,10:47,0
4,308,10:48,0
4,309,10:49,0
4,310,10:50,0
4,311,10:51,0
4,312,10:52,0
4,313,10:53,0
4,314,10:54,0
4,315,10:55,0
4,316,10:56,0
4,317,10:57,0
4,318,10:58,0
4,319,10:59,0
4,320,11:00,1
4,321,11:01,1
4,322,11:02,1
4,323,11:03,3
4,324,11:04,3
4,325,11:05,3
4,326,11:06,3
4,327,11:07,3
4,328,11:08,3
4,329,11:09,3
4,330,11:10,3
4,331,11:11,3
4,332,11:12,2
4,333,11:13,2
4,334,11:14,2
4,335,11:15,0
4,336,11:16,0
4,337,11:17,0
4,338,11:18,0
4,339,11:19,0
4,340,11:20,0
4,341,11:21,0
4,342,11:22,0
4,343,11:23,0
4,344,11:24,0
4,345,11:25,0
4,346,11:26,2
4,347,11:27,2
4,348,11:28,2
4,349,11:29,3
4,350,11:30,3
4,351,11:31,3
4,352,11:32,3
4,353,11:33,3
4,354,11:34,3
4,355,11:35,3
4,356,11:36,3
4,357,11:37,3
4,358,11:38,1
4,359,11:39,1
4,360,11:40,1
4,361,11:41,0
4,362,11:42,0
4,363,11:43,0
4,364,11:44,2
4,365,11:45,2
4,366,11:46,2
4,367,11:47,2
4,368,11:48,2
4,369,11:49,2
4,370,11:50,2
4,371,11:51,2
4,372,11:52,2
4,373,11:53,2
4,374,11:54,2
4,375,11:55,0
4,376,11:56,0
4,377,11:57,0
4,378,11:58,1
4,379,11:59,1
4,380,12:00,1
4,381,12:01,1
4,382,12:02,1
4,383,12:03,1
4,384,12:04,1
4,385,12:05,1
4,386,12:06,1
4,387,12:07,1
4,388,12:08,1
4,389,12:09,1
4,390,12:10,1
4,391,12:11,1
4,392,12:12,0
4,393,12:13,0
4,394,12:14,0
4,395,12:15,0
4,396,12:16,0
4,397,12:17,1
4,398,12:18,1
4,399,12:19,1
4,400,12:20,1
4,401,12:21,1
4,402,12:22,1
4,403,12:23,1
4,404,12:24,1
4,405,12:25,1
4,406,12:26,1
4,407,12:27,1
4,408,12:28,1
4,409,12:29,1
4,410,12:30,1
4,411,12:31,1
4,412,12:32,1
4,413,12:33,1
4,414,12:34,1
4,415,12:35,1
4,416,12:36,1
4,417,12:37,1
4,418,12:38,1
4,419,12:39,1
4,420,12:40,1
4,421,12:41,1
4,422,12:42,0
4,423,12:43,0
4,424,12:44,0
4,425,12:45,0
4,426,12:46,0
4,427,12:47,0
4,428,12:48,0
4,429,12:49,0
4,430,12:50,0
4,431,12:51,0
4,432,12:52,0
4,433,12:53,0
4,434,12:54,0
4,435,12:55,0
4,436,12:56,0
4,437,12:57,0
4,438,12:58,0
4,439,12:59,0
4,440,13:00,0
4,441,13:01,2
4,442,13:02,2
4,443,13:03,2
4,444,13:04,3
4,445,13:05,3
4,446,13:06,3
4,447,13:07,3
4,448,13:08,3
4,449,13:09,3
4,450,13:10,3
4,451,13:11,3
4,452,13:12,3
4,453,13:13,3
4,454,13:14,3
4,455,13:15,3
4,456,13:16,3
4,457,13:17,3
4,458,13:18,3
4,459,13:19,3
4,460,13:20,3
4,461,13:21,3
4,462,13:22,3
4,463,13:23,3
4,464,13:24,1
4,465,13:25,1
4,466,13:26,1
4,467,13:27,1
4,468,13:28,1
4,469,13:29,1
4,470,13:30,0
4,471,13:31,0
4,472,13:32,0
4,473,13:33,0
4,474,13:34,0
4,475,13:35,0
4,476,13:36,1
4,477,13:37,1
4,478,13:38,1
4,479,13:39,1
4,480,13:40,1
4,481,13:41,1
4,482,13:42,1
4,483,13:43,1
4,484,13:44,1
4,485,13:45,1
4,486,13:46,1
4,487,13:47,0
4,488,13:48,0
4,489,13:49,0
4,490,13:50,0
4,491,13:51,0
4,492,13:52,0
4,493,13:53,0
4,494,13:54,0
4,495,13:55,0
4,496,13:56,0
4,497,13:57,1
4,498,13:58,1
4,499,13:59,1
4,500,14:00,1
4,501,14:01,1
4,502,14:02,1
4,503,14:03,1
4,504,14:04,1
4,505,14:05,1
4,506,14:06,1
4,507,14:07,1
4,508,14:08,1
4,509,14:09,1
4,510,14:10,1
4,511,14:11,1
4,512,14:12,1
4,513,14:13,1
4,514,14:14,1
4,515,14:15,1
4,516,14:16,1
4,517,14:17,1
4,518,14:18,1
4,519,14:19,1
4,520,14:20,0
4,521,14:21,0
4,522,14:22,0
4,523,14:23,1
4,524,14:24,1
4,525,14:25,1
4,526,14:26,1
4,527,14:27,1
4,528,14:28,1
4,529,14:29,1
4,530,14:30,1
4,531,14:31,1
4,532,14:32,1
4,533,14:33,0
4,534,14:34,0
4,535,14:35,0
4,536,14:36,0
4,537,14:37,0
4,538,14:38,0
4,539,14:39,0
4,540,14:40,0
4,541,14:41,0
4,542,14:42,0
4,543,14:43,0
4,544,14:44,0
4,545,14:45,0
4,546,14:46,0
4,547,14:47,1
4,548,14:48,1
4,549,14:49,1
4,550,14:50,2
4,551,14:51,2
4,552,14:52,2
4,553,14:53,2
4,554,14:54,2
4,555,14:55,2
4,556,14:56,2
4,557,14:57,2
4,558,14:58,2
4,559,14:59,1
4,560,15:00,1
4,561,15:01,1
4,562,15:02,1
4,563,15:03,1
4,564,15:04,1
4,565,15:05,0
4,566,15:06,0
4,567,15:07,0
4,568,15:08,1
4,569,15:09,1
4,570,15:10,1
4,571,15:11,4
4,572,15:12,4
4,573,15:13,4
4,574,15:14,4
4,575,15:15,4
4,576,15:16,4
4,577,15:17,4
4,578,15:18,4
4,579,15:19,4
4,580,15:20,4
4,581,15:21,4
4,582,15:22,3
4,583,15:23,3
4,584,15:24,3
4,585,15:25,0
4,586,15:26,0
4,587,15:27,0
4,588,15:28,1
4,589,15:29,1
4,590,15:30,1
4,591,15:31,1
4,592,15:32,1
4,593,15:33,1
4,594,15:34,1
4,595,15:35,1
4,596,15:36,1
4,597,15:37,1
4,598,15:38,1
4,599,15:39,2
4,600,15:40,2
4,601,15:41,2
4,602,15:42,1
4,603,15:43,1
4,604,15:44,1
4,605,15:45,1
4,606,15:46,1
4,607,15:47,1
4,608,15:48,1
4,609,15:49,1
4,610,15:50,1
4,611,15:51,1
4,612,15:52,1
4,613,15:53,0
4,614,15:54,0
4,615,15:55,0
4,616,15:56,0
4,617,15:57,0
4,618,15:58,0
4,619,15:59,0
4,620,16:00,0
4,621,16:01,0
4,622,16:02,0
4,623,16:03,0
4,624,16:04,0
4,625,16:05,0
4,626,16:06,2
4,627,16:07,2
4,628,16:08,2
4,629,16:09,2
4,630,16:10,2
4,631,16:11,2
4,632,16:12,2
4,633,16:13,2
4,634,16:14,2
4,635,16:15,2
4,636,16:16,2
4,637,16:17,2
4,638,16:18,2
4,639,16:19,2
4,640,16:20,2
4,641,16:21,2
4,642,16:22,2
4,643,16:23,2
4,644,16:24,2
4,645,16:25,2
4,646,16:26,2
4,647,16:27,2
4,648,16:28,2
4,649,16:29,0
4,650,16:30,0
4,651,16:31,0
4,652,16:32,1
4,653,16:33,1
4,654,16:34,1
4,655,16:35,1
4,656,16:36,3
4,657,16:37,3
4,658,16:38,3
4,659,16:39,3
4,660,16:40,3
4,661,16:41,3
4,662,16:42,3
4,663,16:43,3
4,664,16:44,3
4,665,16:45,3
4,666,16:46,3
4,667,16:47,3
4,668,16:48,3
4,669,16:49,3
4,670,16:50,3
4,671,16:51,3
4,672,16:52,3
4,673,16:53,3
4,674,16:54,3
4,675,16:55,3
4,676,16:56,3
4,677,16:57,3
4,678,16:58,2
4,679,16:59,2
4,680,17:00,2
4,681,17:01,2
4,682,17:02,2
4,683,17:03,2
4,684,17:04,0
4,685,17:05,0
4,686,17:06,0
4,687,17:07,3
4,688,17:08,3
4,689,17:09,3
4,690,17:10,3
4,691,17:11,3
4,692,17:12,3
4,693,17:13,3
4,694,17:14,3
4,695,17:15,3
4,696,17:16,0
4,697,17:17,0
4,698,17:18,0
4,699,17:19,2
4,700,17:20,2
4,701,17:21,2
4,702,17:22,2
4,703,17:23,2
4,704,17:24,2
4,705,17:25,2
4,706,17:26,2
4,707,17:27,2
4,708,17:28,2
4,709,17:29,2
4,710,17:30,2
4,711,17:31,2
4,712,17:32,2
4,713,17:33,2
4,714,17:34,2
4,715,17:35,2
4,716,17:36,0
4,717,17:37,0
4,718,17:38,0
4,719,17:39,0
4,720,17:40,3
4,721,17:41,3
4,722,17:42,3
4,723,17:43,4
4,724,17:44,4
4,725,17:45,4
4,726,17:46,4
4,727,17:47,4
4,728,17:48,4
4,729,17:49,4
4,730,17:50,4
4,731,17:51,4
4,732,17:52,4
4,733,17:53,1
4,734,17:54,1
4,735,17:55,1
4,736,17:56,0
4,737,17:57,0
4,738,17:58,0
4,739,17:59,0
4,740,18:00,2
4,741,18:01,2
4,742,18:02,2
4,743,18:03,2
4,744,18:04,2
4,745,18:05,2
4,746,18:06,2
4,747,18:07,2
4,748,18:08,2
4,749,18:09,0
4,750,18:10,0
4,751,18:11,0
4,752,18:12,1
4,753,18:13,1
4,754,18:14,1
4,755,18:15,2
4,756,18:16,2
4,757,18:17,2
4,758,18:18,3
4,759,18:19,3
4,760,18:20,3
4,761,18:21,3
4,762,18:22,3
4,763,18:23,3
4,764,18:24,3
4,765,18:25,3
4,766,18:26,3
4,767,18:27,2
4,768,18:28,2
4,769,18:29,2
4,770,18:30,1
4,771,18:31,1
4,772,18:32,1
4,773,18:33,1
4,774,18:34,1
4,775,18:35,1
4,776,18:36,1
4,777,18:37,1
4,778,18:38,1
4,779,18:39,0
4,780,18:40,0
4,781,18:41,0
4,782,18:42,0
4,783,18:43,0
4,784,18:44,1
4,785,18:45,1
4,786,18:46,1
4,787,18:47,1
4,788,18:48,1
4,789,18:49,1
4,790,18:50,1
4,791,18:51,1
4,792,18:52,1
4,793,18:53,2
4,794,18:54,2
4,795,18:55,2
4,796,18:56,3
4,797,18:57,3
4,798,18:58,3
4,799,18:59,3
4,800,19:00,3
4,801,19:01,3
4,802,19:02,3
4,803,19:03,3
4,804,19:04,3
4,805,19:05,2
4,806,19:06,2
4,807,19:07,2
4,808,19:08,1
4,809,19:09,1
4,810,19:10,1
4,811,19:11,0
4,812,19:12,0
4,813,19:13,0
4,814,19:14,0
4,815,19:15,0
4,816,19:16,0
4,817,19:17,0
4,818,19:18,0
4,819,19:19,0
4,820,19:20,0
4,821,19:21,0
4,822,19:22,0
4,823,19:23,0
4,824,19:24,0
4,825,19:25,0
4,826,19:26,0
4,827,19:27,0
4,828,19:28,0
4,829,19:29,0
4,830,19:30,0
4,831,19:31,0
4,832,19:32,0
4,833,19:33,0
4,834,19:34,0
4,835,19:35,0
5,0,05:40,0
5,1,05:41,0
5,2,05:42,0
5,3,05:43,0
5,4,05:44,0
5,5,05:45,0
5,6,05:46,0
5,7,05:47,0
5,8,05:48,0
5,9,05:49,0
5,10,05:50,0
5,11,05:51,0
5,12,05:52,0
5,13,05:53,0
5,14,05:54,0
5,15,05:55,0
5,16,05:56,0
5,17,05:57,0
5,18,05:58,0
5,19,05:59,0
5,20,06:00,0
5,21,06:01,0
5,22,06:02,0
5,23,06:03,0
5,24,06:04,0
5,25,06:05,0
5,26,06:06,0
5,27,06:07,0
5,28,06:08,0
5,29,06:09,0
5,30,06:10,0
5,31,06:11,0
5,32,06:12,0
5,33,06:13,0
5,34,06:14,0
5,35,06:15,0
5,36,06:16,0
5,37,06:17,0
5,38,06:18,0
5,39,06:19,0
5,40,06:20,1
5,41,06:21,1
5,42,06:22,1
5,43,06:23,1
5,44,06:24,1
5,45,06:25,1
5,46,06:26,1
5,47,06:27,1
5,48,06:28,1
5,49,06:29,1
5,50,06:30,1
5,51,06:31,1
5,52,06:32,1
5,53,06:33,1
5,54,06:34,0
5,55,06:35,0
5,56,06:36,0
5,57,06:37,1
5,58,06:38,1
5,59,06:39,1
5,60,06:40,1
5,61,06:41,1
5,62,06:42,1
5,63,06:43,1
5,64,06:44,1
5,65,06:45,1
5,66,06:46,1
5,67,06:47,1
5,68,06:48,1
5,69,06:49,1
5,70,06:50,1
5,71,06:51,1
5,72,06:52,1
5,73,06:53,1
5,74,06:54,1
5,75,06:55,1
5,76,06:56,1
5,77,06:57,1
5,78,06:58,0
5,79,06:59,0
5,80,07:00,0
5,81,07:01,2
5,82,07:02,2
5,83,07:03,2
5,84,07:04,2
5,85,07:05,2
5,86,07:06,2
5,87,07:07,2
5,88,07:08,2
5,89,07:09,2
5,90,07:10,2
5,91,07:11,2
5,92,07:12,2
5,93,07:13,2
5,94,07:14,2
5,95,07:15,2
5,96,07:16,2
5,97,07:17,2
5,98,07:18,2
5,99,07:19,0
5,100,07:20,0
5,101,07:21,0
5,102,07:22,0
5,103,07:23,0
5,104,07:24,0
5,105,07:25,0
5,106,07:26,0
5,107,07:27,0
5,108,07:28,0
5,109,07:29,0
5,110,07:30,0
5,111,07:31,0
5,112,07:32,0
5,113,07:33,0
5,114,07:34,0
5,115,07:35,0
5,116,07:36,0
5,117,07:37,0
5,118,07:38,0
5,119,07:39,0
5,120,07:40,0
5,121,07:41,0
5,122,07:42,0
5,123,07:43,0
5,124,07:44,0
5,125,07:45,0
5,126,07:46,0
5,127,07:47,0
5,128,07:48,0
5,129,07:49,0
5,130,07:50,0
5,131,07:51,0
5,132,07:52,0
5,133,07:53,0
5,134,07:54,0
5,135,07:55,0
5,136,07:56,0
5,137,07:57,0
5,138,07:58,0
5,139,07:59,0
5,140,08:00,0
5,141,08:01,0
5,142,08:02,0
5,143,08:03,0
5,144,08:04,0
5,145,08:05,0
5,146,08:06,0
5,147,08:07,0
5,148,08:08,0
5,149,08:09,0
5,150,08:10,0
5,151,08:11,0
5,152,08:12,0
5,153,08:13,0
5,154,08:14,0
5,155,08:15,0
5,156,08:16,0
5,157,08:17,0
5,158,08:18,0
5,159,08:19,0
5,160,08:20,1
5,161,08:21,1
5,162,08:22,1
5,163,08:23,1
5,164,08:24,1
5,165,08:25,1
5,166,08:26,1
5,167,08:27,1
5,168,08:28,1
5,169,08:29,1
5,170,08:30,1
5,171,08:31,1
5,172,08:32,1
5,173,08:33,1
5,174,08:34,1
5,175,08:35,0
5,176,08:36,0
5,177,08:37,0
5,178,08:38,0
5,179,08:39,0
5,180,08:40,0
5,181,08:41,0
5,182,08:42,0
5,183,08:43,0
5,184,08:44,0
5,185,08:45,0
5,186,08:46,0
5,187,08:47,0
5,188,08:48,0
5,189,08:49,0
5,190,08:50,0
5,191,08:51,0
5,192,08:52,0
5,193,08:53,0
5,194,08:54,0
5,195,08:55,1
5,196,08:56,1
5,197,08:57,1
5,198,08:58,1
5,199,08:59,1
5,200,09:00,1
5,201,09:01,1
5,202,09:02,1
5,203,09:03,1
5,204,09:04,1
5,205,09:05,1
5,206,09:06,1
5,207,09:07,1
5,208,09:08,1
5,209,09:09,1
5,210,09:10,1
5,211,09:11,1
5,212,09:12,1
5,213,09:13,1
5,214,09:14,1
5,215,09:15,1
5,216,09:16,1
5,217,09:17,1
5,218,09:18,0
5,219,09:19,0
5,220,09:20,0
5,221,09:21,0
5,222,09:22,0
5,223,09:23,0
5,224,09:24,0
5,225,09:25,0
5,226,09:26,0
5,227,09:27,1
5,228,09:28,1
5,229,09:29,1
5,230,09:30,1
5,231,09:31,1
5,232,09:32,1
5,233,09:33,1
5,234,09:34,1
5,235,09:35,1
5,236,09:36,1
5,237,09:37,1
5,238,09:38,0
5,239,09:39,0
5,240,09:40,0
5,241,09:41,0
5,242,09:42,0
5,243,09:43,0
5,244,09:44,0
5,245,09:45,0
5,246,09:46,0
5,247,09:47,0
5,248,09:48,0
5,249,09:49,0
5,250,09:50,0
5,251,09:51,0
5,252,09:52,0
5,253,09:53,0
5,254,09:54,0
5,255,09:55,0
5,256,09:56,0
5,257,09:57,0
5,258,09:58,0
5,259,09:59,0
5,260,10:00,0
5,261,10:01,0
5,262,10:02,0
5,263,10:03,1
5,264,10:04,1
5,265,10:05,1
5,266,10:06,1
5,267,10:07,1
5,268,10:08,1
5,269,10:09,1
5,270,10:10,1
5,271,10:11,1
5,272,10:12,1
5,273,10:13,0
5,274,10:14,0
5,275,10:15,0
5,276,10:16,0
5,277,10:17,0
5,278,10:18,0
5,279,10:19,0
5,280,10:20,0
5,281,10:21,0
5,282,10:22,0
5,283,10:23,0
5,284,10:24,0
5,285,10:25,0
5,286,10:26,1
5,287,10:27,1
5,288,10:28,1
5,289,10:29,1
5,290,10:30,1
5,291,10:31,1
5,292,10:32,1
5,293,10:33,1
5,294,10:34,1
5,295,10:35,0
5,296,10:36,0
5,297,10:37,0
5,298,10:38,0
5,299,10:39,1
5,300,10:40,1
5,301,10:41,1
5,302,10:42,1
5,303,10:43,1
5,304,10:44,1
5,305,10:45,1
5,306,10:46,1
5,307,10:47,1
5,308,10:48,1
5,309,10:49,1
5,310,10:50,1
5,311,10:51,1
5,312,10:52,1
5,313,10:53,1
5,314,10:54,1
5,315,10:55,1
5,316,10:56,1
5,317,10:57,1
5,318,10:58,1
5,319,10:59,1
5,320,11:00,1
5,321,11:01,1
5,322,11:02,1
5,323,11:03,1
5,324,11:04,1
5,325,11:05,1
5,326,11:06,1
5,327,11:07,1
5,328,11:08,1
5,329,11:09,1
5,330,11:10,0
5,331,11:11,0
5,332,11:12,0
5,333,11:13,2
5,334,11:14,2
5,335,11:15,2
5,336,11:16,2
5,337,11:17,2
5,338,11:18,2
5,339,11:19,2
5,340,11:20,2
5,341,11:21,2
5,342,11:22,2
5,343,11:23,2
5,344,11:24,2
5,345,11:25,2
5,346,11:26,2
5,347,11:27,2
5,348,11:28,2
5,349,11:29,2
5,350,11:30,2
5,351,11:31,0
5,352,11:32,0
5,353,11:33,0
5,354,11:34,2
5,355,11:35,2
5,356,11:36,2
5,357,11:37,2
5,358,11:38,2
5,359,11:39,2
5,360,11:40,2
5,361,11:41,2
5,362,11:42,2
5,363,11:43,2
5,364,11:44,2
5,365,11:45,2
5,366,11:46,2
5,367,11:47,2
5,368,11:48,2
5,369,11:49,2
5,370,11:50,2
5,371,11:51,2
5,372,11:52,0
5,373,11:53,0
5,374,11:54,0
5,375,11:55,0
5,376,11:56,0
5,377,11:57,0
5,378,11:58,1
5,379,11:59,1
5,380,12:00,1
5,381,12:01,1
5,382,12:02,1
5,383,12:03,1
5,384,12:04,1
5,385,12:05,1
5,386,12:06,1
5,387,12:07,1
5,388,12:08,1
5,389,12:09,1
5,390,12:10,1
5,391,12:11,1
5,392,12:12,1
5,393,12:13,1
5,394,12:14,1
5,395,12:15,1
5,396,12:16,1
5,397,12:17,1
5,398,12:18,1
5,399,12:19,1
5,400,12:20,1
5,401,12:21,1
5,402,12:22,1
5,403,12:23,1
5,404,12:24,1
5,405,12:25,1
5,406,12:26,1
5,407,12:27,1
5,408,12:28,0
5,409,12:29,0
5,410,12:30,0
5,411,12:31,0
5,412,12:32,0
5,413,12:33,0
5,414,12:34,0
5,415,12:35,0
5,416,12:36,0
5,417,12:37,0
5,418,12:38,0
5,419,12:39,0
5,420,12:40,0
5,421,12:41,0
5,422,12:42,0
5,423,12:43,0
5,424,12:44,0
5,425,12:45,0
5,426,12:46,1
5,427,12:47,1
5,428,12:48,1
5,429,12:49,2
5,430,12:50,2
5,431,12:51,2
5,432,12:52,4
5,433,12:53,4
5,434,12:54,4
5,435,12:55,4
5,436,12:56,4
5,437,12:57,4
5,438,12:58,4
5,439,12:59,4
5,440,13:00,4
5,441,13:01,4
5,442,13:02,4
5,443,13:03,3
5,444,13:04,3
5,445,13:05,3
5,446,13:06,2
5,447,13:07,2
5,448,13:08,2
5,449,13:09,0
5,450,13:10,0
5,451,13:11,0
5,452,13:12,1
5,453,13:13,1
5,454,13:14,1
5,455,13:15,1
5,456,13:16,1
5,457,13:17,1
5,458,13:18,1
5,459,13:19,1
5,460,13:20,1
5,461,13:21,1
5,462,13:22,1
5,463,13:23,1
5,464,13:24,1
5,465,13:25,1
5,466,13:26,1
5,467,13:27,1
5,468,13:28,1
5,469,13:29,1
5,470,13:30,1
5,471,13:31,1
5,472,13:32,0
5,473,13:33,0
5,474,13:34,0
5,475,13:35,1
5,476,13:36,1
5,477,13:37,1
5,478,13:38,1
5,479,13:39,1
5,480,13:40,1
5,481,13:41,1
5,482,13:42,1
5,483,13:43,1
5,484,13:44,1
5,485,13:45,1
5,486,13:46,1
5,487,13:47,1
5,488,13:48,1
5,489,13:49,1
5,490,13:50,1
5,491,13:51,1
5,492,13:52,0
5,493,13:53,0
5,494,13:54,0
5,495,13:55,0
5,496,13:56,0
5,497,13:57,0
5,498,13:58,0
5,499,13:59,0
5,500,14:00,0
5,501,14:01,0
5,502,14:02,0
5,503,14:03,0
5,504,14:04,0
5,505,14:05,0
5,506,14:06,0
5,507,14:07,0
5,508,14:08,0
5,509,14:09,0
5,510,14:10,0
5,511,14:11,0
5,512,14:12,0
5,513,14:13,0
5,514,14:14,0
5,515,14:15,0
5,516,14:16,0
5,517,14:17,0
5,518,14:18,0
5,519,14:19,0
5,520,14:20,0
5,521,14:21,0
5,522,14:22,0
5,523,14:23,0
5,524,14:24,0
5,525,14:25,0
5,526,14:26,1
5,527,14:27,1
5,528,14:28,1
5,529,14:29,1
5,530,14:30,1
5,531,14:31,1
5,532,14:32,1
5,533,14:33,1
5,534,14:34,1
5,535,14:35,1
5,536,14:36,0
5,537,14:37,0
5,538,14:38,0
5,539,14:39,0
5,540,14:40,0
5,541,14:41,0
5,542,14:42,0
5,543,14:43,0
5,544,14:44,0
5,545,14:45,0
5,546,14:46,0
5,547,14:47,1
5,548,14:48,1
5,549,14:49,1
5,550,14:50,2
5,551,14:51,2
5,552,14:52,2
5,553,14:53,2
5,554,14:54,2
5,555,14:55,2
5,556,14:56,2
5,557,14:57,2
5,558,14:58,2
5,559,14:59,2
5,560,15:00,1
5,561,15:01,1
5,562,15:02,1
5,563,15:03,0
5,564,15:04,0
5,565,15:05,0
5,566,15:06,0
5,567,15:07,0
5,568,15:08,0
5,569,15:09,0
5,570,15:10,0
5,571,15:11,0
5,572,15:12,0
5,573,15:13,0
5,574,15:14,0
5,575,15:15,0
5,576,15:16,0
5,577,15:17,0
5,578,15:18,0
5,579,15:19,0
5,580,15:20,0
5,581,15:21,0
5,582,15:22,0
5,583,15:23,0
5,584,15:24,0
5,585,15:25,0
5,586,15:26,0
5,587,15:27,0
5,588,15:28,0
5,589,15:29,1
5,590,15:30,1
5,591,15:31,1
5,592,15:32,1
5,593,15:33,1
5,594,15:34,1
5,595,15:35,1
5,596,15:36,1
5,597,15:37,1
5,598,15:38,1
5,599,15:39,0
5,600,15:40,0
5,601,15:41,0
5,602,15:42,0
5,603,15:43,0
5,604,15:44,0
5,605,15:45,0
5,606,15:46,0
5,607,15:47,0
5,608,15:48,0
5,609,15:49,0
5,610,15:50,0
5,611,15:51,0
5,612,15:52,0
5,613,15:53,0
5,614,15:54,0
5,615,15:55,0
5,616,15:56,1
5,617,15:57,1
5,618,15:58,1
5,619,15:59,2
5,620,16:00,2
5,621,16:01,2
5,622,16:02,2
5,623,16:03,2
5,624,16:04,2
5,625,16:05,2
5,626,16:06,2
5,627,16:07,2
5,628,16:08,1
5,629,16:09,1
5,630,16:10,1
5,631,16:11,1
5,632,16:12,1
5,633,16:13,1
5,634,16:14,1
5,635,16:15,0
5,636,16:16,0
5,637,16:17,0
5,638,16:18,0
5,639,16:19,0
5,640,16:20,0
5,641,16:21,0
5,642,16:22,0
5,643,16:23,0
5,644,16:24,0
5,645,16:25,0
5,646,16:26,0
5,647,16:27,1
5,648,16:28,1
5,649,16:29,1
5,650,16:30,1
5,651,16:31,1
5,652,16:32,1
5,653,16:33,1
5,654,16:34,1
5,655,16:35,1
5,656,16:36,1
5,657,16:37,4
5,658,16:38,4
5,659,16:39,4
5,660,16:40,4
5,661,16:41,4
5,662,16:42,4
5,663,16:43,4
5,664,16:44,4
5,665,16:45,4
5,666,16:46,3
5,667,16:47,3
5,668,16:48,3
5,669,16:49,3
5,670,16:50,3
5,671,16:51,3
5,672,16:52,0
5,673,16:53,0
5,674,16:54,0
5,675,16:55,1
5,676,16:56,1
5,677,16:57,1
5,678,16:58,4
5,679,16:59,4
5,680,17:00,4
5,681,17:01,4
5,682,17:02,4
5,683,17:03,4
5,684,17:04,4
5,685,17:05,4
5,686,17:06,4
5,687,17:07,4
5,688,17:08,4
5,689,17:09,3
5,690,17:10,3
5,691,17:11,3
5,692,17:12,0
5,693,17:13,0
5,694,17:14,0
5,695,17:15,1
5,696,17:16,1
5,697,17:17,1
5,698,17:18,1
5,699,17:19,1
5,700,17:20,1
5,701,17:21,1
5,702,17:22,1
5,703,17:23,1
5,704,17:24,1
5,705,17:25,1
5,706,17:26,1
5,707,17:27,1
5,708,17:28,1
5,709,17:29,0
5,710,17:30,0
5,711,17:31,0
5,712,17:32,1
5,713,17:33,1
5,714,17:34,1
5,715,17:35,4
5,716,17:36,4
5,717,17:37,4
5,718,17:38,4
5,719,17:39,4
5,720,17:40,4
5,721,17:41,4
5,722,17:42,4
5,723,17:43,4
5,724,17:44,4
5,725,17:45,1
5,726,17:46,1
5,727,17:47,1
5,728,17:48,0
5,729,17:49,0
5,730,17:50,0
5,731,17:51,0
5,732,17:52,0
5,733,17:53,0
5,734,17:54,0
5,735,17:55,0
5,736,17:56,0
5,737,17:57,0
5,738,17:58,0
5,739,17:59,0
5,740,18:00,0
5,741,18:01,0
5,742,18:02,3
5,743,18:03,3
5,744,18:04,3
5,745,18:05,3
5,746,18:06,3
5,747,18:07,3
5,748,18:08,3
5,749,18:09,3
5,750,18:10,3
5,751,18:11,3
5,752,18:12,4
5,753,18:13,4
5,754,18:14,4
5,755,18:15,4
5,756,18:16,4
5,757,18:17,4
5,758,18:18,4
5,759,18:19,4
5,760,18:20,4
5,761,18:21,4
5,762,18:22,3
5,763,18:23,3
5,764,18:24,3
5,765,18:25,0
5,766,18:26,0
5,767,18:27,0
5,768,18:28,2
5,769,18:29,2
5,770,18:30,2
5,771,18:31,2
5,772,18:32,2
5,773,18:33,4
5,774,18:34,4
5,775,18:35,4
5,776,18:36,4
5,777,18:37,4
5,778,18:38,4
5,779,18:39,4
5,780,18:40,4
5,781,18:41,4
5,782,18:42,4
5,783,18:43,4
5,784,18:44,4
5,785,18:45,4
5,786,18:46,4
5,787,18:47,4
5,788,18:48,4
5,789,18:49,4
5,790,18:50,4
5,791,18:51,4
5,792,18:52,4
5,793,18:53,4
5,794,18:54,4
5,795,18:55,4
5,796,18:56,2
5,797,18:57,2
5,798,18:58,2
5,799,18:59,0
5,800,19:00,0
5,801,19:01,0
5,802,19:02,0
5,803,19:03,0
5,804,19:04,0
5,805,19:05,0
5,806,19:06,0
5,807,19:07,0
5,808,19:08,0
5,809,19:09,0
5,810,19:10,0
5,811,19:11,0
5,812,19:12,0
5,813,19:13,0
5,814,19:14,0
5,815,19:15,0
5,816,19:16,0
5,817,19:17,0
5,818,19:18,0
5,819,19:19,0
5,820,19:20,0
5,821,19:21,0
5,822,19:22,0
5,823,19:23,0
5,824,19:24,0
5,825,19:25,0
5,826,19:26,0
5,827,19:27,0
5,828,19:28,0
5,829,19:29,0
5,830,19:30,0
5,831,19:31,0
5,832,19:32,0
5,833,19:33,0
5,834,19:34,0
5,835,19:35,0
6,0,05:40,0
6,1,05:41,0
6,2,05:42,0
6,3,05:43,0
6,4,05:44,0
6,5,05:45,0
6,6,05:46,0
6,7,05:47,0
6,8,05:48,0
6,9,05:49,0
6,10,05:50,0
6,11,05:51,0
6,12,05:52,0
6,13,05:53,0
6,14,05:54,0
6,15,05:55,0
6,16,05:56,0
6,17,05:57,0
6,18,05:58,0
6,19,05:59,0
6,20,06:00,0
6,21,06:01,0
6,22,06:02,0
6,23,06:03,0
6,24,06:04,0
6,25,06:05,0
6,26,06:06,0
6,27,06:07,0
6,28,06:08,0
6,29,06:09,0
6,30,06:10,0
6,31,06:11,0
6,32,06:12,2
6,33,06:13,2
6,34,06:14,2
6,35,06:15,2
6,36,06:16,2
6,37,06:17,2
6,38,06:18,3
6,39,06:19,3
6,40,06:20,3
6,41,06:21,3
6,42,06:22,3
6,43,06:23,3
6,44,06:24,3
6,45,06:25,3
6,46,06:26,3
6,47,06:27,3
6,48,06:28,3
6,49,06:29,3
6,50,06:30,3
6,51,06:31,3
6,52,06:32,3
6,53,06:33,3
6,54,06:34,3
6,55,06:35,3
6,56,06:36,1
6,57,06:37,1
6,58,06:38,1
6,59,06:39,1
6,60,06:40,1
6,61,06:41,1
6,62,06:42,0
6,63,06:43,0
6,64,06:44,0
6,65,06:45,0
6,66,06:46,0
6,67,06:47,0
6,68,06:48,0
6,69,06:49,0
6,70,06:50,0
6,71,06:51,0
6,72,06:52,0
6,73,06:53,0
6,74,06:54,1
6,75,06:55,1
6,76,06:56,1
6,77,06:57,1
6,78,06:58,1
6,79,06:59,1
6,80,07:00,1
6,81,07:01,1
6,82,07:02,1
6,83,07:03,1
6,84,07:04,1
6,85,07:05,1
6,86,07:06,1
6,87,07:07,1
6,88,07:08,1
6,89,07:09,1
6,90,07:10,1
6,91,07:11,1
6,92,07:12,1
6,93,07:13,1
6,94,07:14,1
6,95,07:15,1
6,96,07:16,1
6,97,07:17,1
6,98,07:18,1
6,99,07:19,0
6,100,07:20,0
6,101,07:21,0
6,102,07:22,0
6,103,07:23,0
6,104,07:24,0
6,105,07:25,0
6,106,07:26,0
6,107,07:27,0
6,108,07:28,0
6,109,07:29,1
6,110,07:30,1
6,111,07:31,1
6,112,07:32,1
6,113,07:33,1
6,114,07:34,1
6,115,07:35,1
6,116,07:36,1
6,117,07:37,1
6,118,07:38,1
6,119,07:39,1
6,120,07:40,1
6,121,07:41,1
6,122,07:42,1
6,123,07:43,1
6,124,07:44,0
6,125,07:45,0
6,126,07:46,0
6,127,07:47,0
6,128,07:48,0
6,129,07:49,0
6,130,07:50,0
6,131,07:51,0
6,132,07:52,0
6,133,07:53,0
6,134,07:54,0
6,135,07:55,0
6,136,07:56,0
6,137,07:57,0
6,138,07:58,0
6,139,07:59,1
6,140,08:00,1
6,141,08:01,1
6,142,08:02,1
6,143,08:03,1
6,144,08:04,1
6,145,08:05,1
6,146,08:06,1
6,147,08:07,1
6,148,08:08,1
6,149,08:09,1
6,150,08:10,1
6,151,08:11,1
6,152,08:12,1
6,153,08:13,1
6,154,08:14,1
6,155,08:15,1
6,156,08:16,1
6,157,08:17,1
6,158,08:18,1
6,159,08:19,1
6,160,08:20,1
6,161,08:21,1
6,162,08:22,1
6,163,08:23,1
6,164,08:24,0
6,165,08:25,0
6,166,08:26,0
6,167,08:27,0
6,168,08:28,0
6,169,08:29,0
6,170,08:30,0
6,171,08:31,0
6,172,08:32,0
6,173,08:33,0
6,174,08:34,0
6,175,08:35,0
6,176,08:36,0
6,177,08:37,0
6,178,08:38,0
6,179,08:39,1
6,180,08:40,1
6,181,08:41,1
6,182,08:42,1
6,183,08:43,1
6,184,08:44,1
6,185,08:45,1
6,186,08:46,1
6,187,08:47,1
6,188,08:48,1
6,189,08:49,1
6,190,08:50,1
6,191,08:51,1
6,192,08:52,1
6,193,08:53,1
6,194,08:54,1
6,195,08:55,1
6,196,08:56,1
6,197,08:57,1
6,198,08:58,0
6,199,08:59,0
6,200,09:00,0
6,201,09:01,0
6,202,09:02,0
6,203,09:03,0
6,204,09:04,0
6,205,09:05,0
6,206,09:06,0
6,207,09:07,0
6,208,09:08,0
6,209,09:09,0
6,210,09:10,0
6,211,09:11,0
6,212,09:12,0
6,213,09:13,0
6,214,09:14,0
6,215,09:15,0
6,216,09:16,0
6,217,09:17,0
6,218,09:18,0
6,219,09:19,0
6,220,09:20,0
6,221,09:21,0
6,222,09:22,0
6,223,09:23,0
6,224,09:24,0
6,225,09:25,0
6,226,09:26,0
6,227,09:27,0
6,228,09:28,0
6,229,09:29,0
6,230,09:30,0
6,231,09:31,0
6,232,09:32,0
6,233,09:33,0
6,234,09:34,0
6,235,09:35,0
6,236,09:36,0
6,237,09:37,0
6,238,09:38,0
6,239,09:39,0
6,240,09:40,0
6,241,09:41,0
6,242,09:42,0
6,243,09:43,0
6,244,09:44,0
6,245,09:45,0
6,246,09:46,0
6,247,09:47,0
6,248,09:48,0
6,249,09:49,0
6,250,09:50,0
6,251,09:51,0
6,252,09:52,0
6,253,09:53,0
6,254,09:54,0
6,255,09:55,0
6,256,09:56,0
6,257,09:57,0
6,258,09:58,0
6,259,09:59,0
6,260,10:00,0
6,261,10:01,0
6,262,10:02,0
6,263,10:03,0
6,264,10:04,0
6,265,10:05,0
6,266,10:06,0
6,267,10:07,0
6,268,10:08,0
6,269,10:09,0
6,270,10:10,0
6,271,10:11,0
6,272,10:12,0
6,273,10:13,2
6,274,10:14,2
6,275,10:15,2
6,276,10:16,2
6,277,10:17,2
6,278,10:18,2
6,279,10:19,2
6,280,10:20,2
6,281,10:21,2
6,282,10:22,2
6,283,10:23,2
6,284,10:24,0
6,285,10:25,0
6,286,10:26,0
6,287,10:27,1
6,288,10:28,1
6,289,10:29,1
6,290,10:30,1
6,291,10:31,1
6,292,10:32,1
6,293,10:33,2
6,294,10:34,2
6,295,10:35,2
6,296,10:36,2
6,297,10:37,2
6,298,10:38,2
6,299,10:39,2
6,300,10:40,2
6,301,10:41,2
6,302,10:42,2
6,303,10:43,2
6,304,10:44,2
6,305,10:45,2
6,306,10:46,2
6,307,10:47,2
6,308,10:48,2
6,309,10:49,1
6,310,10:50,1
6,311,10:51,1
6,312,10:52,0
6,313,10:53,0
6,314,10:54,0
6,315,10:55,0
6,316,10:56,0
6,317,10:57,0
6,318,10:58,0
6,319,10:59,0
6,320,11:00,0
6,321,11:01,0
6,322,11:02,0
6,323,11:03,0
6,324,11:04,0
6,325,11:05,0
6,326,11:06,0
6,327,11:07,1
6,328,11:08,1
6,329,11:09,1
6,330,11:10,2
6,331,11:11,2
6,332,11:12,2
6,333,11:13,4
6,334,11:14,4
6,335,11:15,4
6,336,11:16,4
6,337,11:17,4
6,338,11:18,4
6,339,11:19,4
6,340,11:20,4
6,341,11:21,4
6,342,11:22,4
6,343,11:23,4
6,344,11:24,4
6,345,11:25,4
6,346,11:26,4
6,347,11:27,4
6,348,11:28,3
6,349,11:29,3
6,350,11:30,3
6,351,11:31,2
6,352,11:32,2
6,353,11:33,2
6,354,11:34,0
6,355,11:35,0
6,356,11:36,0
6,357,11:37,2
6,358,11:38,2
6,359,11:39,2
6,360,11:40,2
6,361,11:41,2
6,362,11:42,2
6,363,11:43,2
6,364,11:44,2
6,365,11:45,2
6,366,11:46,2
6,367,11:47,0
6,368,11:48,0
6,369,11:49,0
6,370,11:50,1
6,371,11:51,1
6,372,11:52,1
6,373,11:53,1
6,374,11:54,1
6,375,11:55,1
6,376,11:56,1
6,377,11:57,1
6,378,11:58,1
6,379,11:59,1
6,380,12:00,0
6,381,12:01,0
6,382,12:02,0
6,383,12:03,1
6,384,12:04,1
6,385,12:05,1
6,386,12:06,1
6,387,12:07,1
6,388,12:08,1
6,389,12:09,1
6,390,12:10,1
6,391,12:11,1
6,392,12:12,1
6,393,12:13,1
6,394,12:14,1
6,395,12:15,1
6,396,12:16,1
6,397,12:17,1
6,398,12:18,1
6,399,12:19,1
6,400,12:20,1
6,401,12:21,0
6,402,12:22,0
6,403,12:23,0
6,404,12:24,1
6,405,12:25,1
6,406,12:26,1
6,407,12:27,1
6,408,12:28,2
6,409,12:29,2
6,410,12:30,2
6,411,12:31,2
6,412,12:32,2
6,413,12:33,2
6,414,12:34,2
6,415,12:35,2
6,416,12:36,2
6,417,12:37,2
6,418,12:38,2
6,419,12:39,2
6,420,12:40,2
6,421,12:41,2
6,422,12:42,2
6,423,12:43,2
6,424,12:44,2
6,425,12:45,2
6,426,12:46,1
6,427,12:47,1
6,428,12:48,1
6,429,12:49,0
6,430,12:50,0
6,431,12:51,0
6,432,12:52,0
6,433,12:53,0
6,434,12:54,0
6,435,12:55,0
6,436,12:56,0
6,437,12:57,0
6,438,12:58,0
6,439,12:59,0
6,440,13:00,0
6,441,13:01,0
6,442,13:02,0
6,443,13:03,0
6,444,13:04,0
6,445,13:05,0
6,446,13:06,0
6,447,13:07,0
6,448,13:08,0
6,449,13:09,0
6,450,13:10,0
6,451,13:11,0
6,452,13:12,0
6,453,13:13,0
6,454,13:14,0
6,455,13:15,0
6,456,13:16,0
6,457,13:17,0
6,458,13:18,0
6,459,13:19,0
6,460,13:20,0
6,461,13:21,0
6,462,13:22,0
6,463,13:23,0
6,464,13:24,1
6,465,13:25,1
6,466,13:26,1
6,467,13:27,1
6,468,13:28,1
6,469,13:29,1
6,470,13:30,1
6,471,13:31,1
6,472,13:32,1
6,473,13:33,1
6,474,13:34,1
6,475,13:35,1
6,476,13:36,1
6,477,13:37,1
6,478,13:38,1
6,479,13:39,1
6,480,13:40,0
6,481,13:41,0
6,482,13:42,0
6,483,13:43,0
6,484,13:44,0
6,485,13:45,0
6,486,13:46,0
6,487,13:47,0
6,488,13:48,0
6,489,13:49,0
6,490,13:50,0
6,491,13:51,0
6,492,13:52,0
6,493,13:53,0
6,494,13:54,1
6,495,13:55,1
6,496,13:56,1
6,497,13:57,1
6,498,13:58,2
6,499,13:59,2
6,500,14:00,2
6,501,14:01,2
6,502,14:02,2
6,503,14:03,2
6,504,14:04,2
6,505,14:05,2
6,506,14:06,2
6,507,14:07,2
6,508,14:08,2
6,509,14:09,2
6,510,14:10,2
6,511,14:11,2
6,512,14:12,2
6,513,14:13,1
6,514,14:14,1
6,515,14:15,1
6,516,14:16,0
6,517,14:17,0
6,518,14:18,0
6,519,14:19,1
6,520,14:20,1
6,521,14:21,1
6,522,14:22,1
6,523,14:23,1
6,524,14:24,1
6,525,14:25,1
6,526,14:26,1
6,527,14:27,1
6,528,14:28,1
6,529,14:29,1
6,530,14:30,1
6,531,14:31,1
6,532,14:32,1
6,533,14:33,1
6,534,14:34,1
6,535,14:35,0
6,536,14:36,0
6,537,14:37,0
6,538,14:38,0
6,539,14:39,0
6,540,14:40,0
6,541,14:41,0
6,542,14:42,0
6,543,14:43,0
6,544,14:44,0
6,545,14:45,0
6,546,14:46,0
6,547,14:47,0
6,548,14:48,0
6,549,14:49,0
6,550,14:50,0
6,551,14:51,0
6,552,14:52,0
6,553,14:53,0
6,554,14:54,1
6,555,14:55,1
6,556,14:56,1
6,557,14:57,2
6,558,14:58,2
6,559,14:59,2
6,560,15:00,2
6,561,15:01,2
6,562,15:02,2
6,563,15:03,2
6,564,15:04,2
6,565,15:05,2
6,566,15:06,2
6,567,15:07,1
6,568,15:08,1
6,569,15:09,1
6,570,15:10,0
6,571,15:11,0
6,572,15:12,0
6,573,15:13,0
6,574,15:14,0
6,575,15:15,0
6,576,15:16,0
6,577,15:17,1
6,578,15:18,1
6,579,15:19,1
6,580,15:20,1
6,581,15:21,1
6,582,15:22,1
6,583,15:23,1
6,584,15:24,1
6,585,15:25,1
6,586,15:26,1
6,587,15:27,1
6,588,15:28,1
6,589,15:29,1
6,590,15:30,1
6,591,15:31,1
6,592,15:32,1
6,593,15:33,1
6,594,15:34,1
6,595,15:35,0
6,596,15:36,0
6,597,15:37,0
6,598,15:38,0
6,599,15:39,0
6,600,15:40,0
6,601,15:41,0
6,602,15:42,0
6,603,15:43,0
6,604,15:44,1
6,605,15:45,1
6,606,15:46,1
6,607,15:47,1
6,608,15:48,1
6,609,15:49,1
6,610,15:50,1
6,611,15:51,1
6,612,15:52,1
6,613,15:53,0
6,614,15:54,0
6,615,15:55,0
6,616,15:56,0
6,617,15:57,0
6,618,15:58,0
6,619,15:59,0
6,620,16:00,0
6,621,16:01,0
6,622,16:02,0
6,623,16:03,0
6,624,16:04,0
6,625,16:05,0
6,626,16:06,1
6,627,16:07,1
6,628,16:08,1
6,629,16:09,1
6,630,16:10,1
6,631,16:11,1
6,632,16:12,1
6,633,16:13,1
6,634,16:14,1
6,635,16:15,0
6,636,16:16,0
6,637,16:17,0
6,638,16:18,0
6,639,16:19,0
6,640,16:20,2
6,641,16:21,2
6,642,16:22,2
6,643,16:23,2
6,644,16:24,2
6,645,16:25,2
6,646,16:26,4
6,647,16:27,4
6,648,16:28,4
6,649,16:29,4
6,650,16:30,4
6,651,16:31,4
6,652,16:32,4
6,653,16:33,4
6,654,16:34,4
6,655,16:35,4
6,656,16:36,4
6,657,16:37,2
6,658,16:38,2
6,659,16:39,2
6,660,16:40,0
6,661,16:41,0
6,662,16:42,0
6,663,16:43,0
6,664,16:44,0
6,665,16:45,0
6,666,16:46,0
6,667,16:47,0
6,668,16:48,0
6,669,16:49,0
6,670,16:50,0
6,671,16:51,1
6,672,16:52,1
6,673,16:53,1
6,674,16:54,2
6,675,16:55,2
6,676,16:56,2
6,677,16:57,2
6,678,16:58,2
6,679,16:59,2
6,680,17:00,2
6,681,17:01,2
6,682,17:02,2
6,683,17:03,2
6,684,17:04,2
6,685,17:05,1
6,686,17:06,1
6,687,17:07,1
6,688,17:08,1
6,689,17:09,1
6,690,17:10,1
6,691,17:11,1
6,692,17:12,1
6,693,17:13,0
6,694,17:14,0
6,695,17:15,0
6,696,17:16,1
6,697,17:17,1
6,698,17:18,1
6,699,17:19,1
6,700,17:20,1
6,701,17:21,1
6,702,17:22,1
6,703,17:23,1
6,704,17:24,1
6,705,17:25,1
6,706,17:26,1
6,707,17:27,1
6,708,17:28,1
6,709,17:29,1
6,710,17:30,1
6,711,17:31,1
6,712,17:32,0
6,713,17:33,0
6,714,17:34,0
6,715,17:35,3
6,716,17:36,3
6,717,17:37,3
6,718,17:38,3
6,719,17:39,3
6,720,17:40,3
6,721,17:41,3
6,722,17:42,3
6,723,17:43,3
6,724,17:44,0
6,725,17:45,0
6,726,17:46,0
6,727,17:47,1
6,728,17:48,1
6,729,17:49,1
6,730,17:50,4
6,731,17:51,4
6,732,17:52,4
6,733,17:53,4
6,734,17:54,4
6,735,17:55,4
6,736,17:56,4
6,737,17:57,4
6,738,17:58,4
6,739,17:59,1
6,740,18:00,1
6,741,18:01,1
6,742,18:02,0
6,743,18:03,0
6,744,18:04,0
6,745,18:05,1
6,746,18:06,1
6,747,18:07,1
6,748,18:08,1
6,749,18:09,1
6,750,18:10,1
6,751,18:11,1
6,752,18:12,1
6,753,18:13,4
6,754,18:14,4
6,755,18:15,4
6,756,18:16,4
6,757,18:17,4
6,758,18:18,4
6,759,18:19,4
6,760,18:20,4
6,761,18:21,4
6,762,18:22,4
6,763,18:23,3
6,764,18:24,3
6,765,18:25,3
6,766,18:26,3
6,767,18:27,3
6,768,18:28,3
6,769,18:29,0
6,770,18:30,0
6,771,18:31,0
6,772,18:32,1
6,773,18:33,1
6,774,18:34,1
6,775,18:35,1
6,776,18:36,1
6,777,18:37,4
6,778,18:38,4
6,779,18:39,4
6,780,18:40,4
6,781,18:41,4
6,782,18:42,4
6,783,18:43,4
6,784,18:44,4
6,785,18:45,4
6,786,18:46,3
6,787,18:47,3
6,788,18:48,3
6,789,18:49,0
6,790,18:50,0
6,791,18:51,0
6,792,18:52,1
6,793,18:53,1
6,794,18:54,1
6,795,18:55,2
6,796,18:56,2
6,797,18:57,2
6,798,18:58,2
6,799,18:59,2
6,800,19:00,2
6,801,19:01,2
6,802,19:02,2
6,803,19:03,2
6,804,19:04,2
6,805,19:05,1
6,806,19:06,1
6,807,19:07,1
6,808,19:08,0
6,809,19:09,0
6,810,19:10,0
6,811,19:11,0
6,812,19:12,0
6,813,19:13,0
6,814,19:14,0
6,815,19:15,0
6,816,19:16,0
6,817,19:17,0
6,818,19:18,0
6,819,19:19,0
6,820,19:20,0
6,821,19:21,0
6,822,19:22,0
6,823,19:23,0
6,824,19:24,0
6,825,19:25,0
6,826,19:26,0
6,827,19:27,0
6,828,19:28,0
6,829,19:29,0
6,830,19:30,0
6,831,19:31,0
6,832,19:32,0
6,833,19:33,0
6,834,19:34,0
6,835,19:35,0
7,0,05:40,0
7,1,05:41,0
7,2,05:42,0
7,3,05:43,0
7,4,05:44,0
7,5,05:45,0
7,6,05:46,0
7,7,05:47,0
7,8,05:48,0
7,9,05:49,0
7,10,05:50,0
7,11,05:51,0
7,12,05:52,0
7,13,05:53,0
7,14,05:54,0
7,15,05:55,0
7,16,05:56,0
7,17,05:57,0
7,18,05:58,0
7,19,05:59,0
7,20,06:00,0
7,21,06:01,0
7,22,06:02,0
7,23,06:03,0
7,24,06:04,0
7,25,06:05,0
7,26,06:06,0
7,27,06:07,0
7,28,06:08,0
7,29,06:09,0
7,30,06:10,0
7,31,06:11,0
7,32,06:12,0
7,33,06:13,0
7,34,06:14,0
7,35,06:15,0
7,36,06:16,0
7,37,06:17,0
7,38,06:18,0
7,39,06:19,0
7,40,06:20,0
7,41,06:21,0
7,42,06:22,0
7,43,06:23,0
7,44,06:24,0
7,45,06:25,0
7,46,06:26,0
7,47,06:27,0
7,48,06:28,0
7,49,06:29,0
7,50,06:30,0
7,51,06:31,0
7,52,06:32,0
7,53,06:33,0
7,54,06:34,0
7,55,06:35,0
7,56,06:36,0
7,57,06:37,2
7,58,06:38,2
7,59,06:39,2
7,60,06:40,2
7,61,06:41,2
7,62,06:42,2
7,63,06:43,2
7,64,06:44,2
7,65,06:45,2
7,66,06:46,2
7,67,06:47,2
7,68,06:48,2
7,69,06:49,2
7,70,06:50,2
7,71,06:51,2
7,72,06:52,2
7,73,06:53,2
7,74,06:54,2
7,75,06:55,2
7,76,06:56,2
7,77,06:57,2
7,78,06:58,2
7,79,06:59,2
7,80,07:00,2
7,81,07:01,0
7,82,07:02,0
7,83,07:03,0
7,84,07:04,0
7,85,07:05,0
7,86,07:06,0
7,87,07:07,0
7,88,07:08,0
7,89,07:09,0
7,90,07:10,0
7,91,07:11,0
7,92,07:12,0
7,93,07:13,0
7,94,07:14,0
7,95,07:15,0
7,96,07:16,0
7,97,07:17,0
7,98,07:18,0
7,99,07:19,0
7,100,07:20,0
7,101,07:21,0
7,102,07:22,0
7,103,07:23,0
7,104,07:24,0
7,105,07:25,0
7,106,07:26,0
7,107,07:27,0
7,108,07:28,0
7,109,07:29,0
7,110,07:30,0
7,111,07:31,0
7,112,07:32,0
7,113,07:33,0
7,114,07:34,0
7,115,07:35,0
7,116,07:36,0
7,117,07:37,0
7,118,07:38,0
7,119,07:39,0
7,120,07:40,0
7,121,07:41,0
7,122,07:42,0
7,123,07:43,0
7,124,07:44,0
7,125,07:45,0
7,126,07:46,0
7,127,07:47,0
7,128,07:48,0
7,129,07:49,0
7,130,07:50,0
7,131,07:51,0
7,132,07:52,0
7,133,07:53,0
7,134,07:54,0
7,135,07:55,0
7,136,07:56,0
7,137,07:57,0
7,138,07:58,0
7,139,07:59,0
7,140,08:00,2
7,141,08:01,2
7,142,08:02,2
7,143,08:03,2
7,144,08:04,3
7,145,08:05,3
7,146,08:06,3
7,147,08:07,3
7,148,08:08,3
7,149,08:09,3
7,150,08:10,3
7,151,08:11,3
7,152,08:12,3
7,153,08:13,3
7,154,08:14,2
7,155,08:15,2
7,156,08:16,2
7,157,08:17,0
7,158,08:18,0
7,159,08:19,0
7,160,08:20,0
7,161,08:21,0
7,162,08:22,0
7,163,08:23,0
7,164,08:24,0
7,165,08:25,0
7,166,08:26,1
7,167,08:27,1
7,168,08:28,1
7,169,08:29,1
7,170,08:30,1
7,171,08:31,1
7,172,08:32,1
7,173,08:33,1
7,174,08:34,1
7,175,08:35,1
7,176,08:36,1
7,177,08:37,0
7,178,08:38,0
7,179,08:39,0
7,180,08:40,0
7,181,08:41,1
7,182,08:42,1
7,183,08:43,1
7,184,08:44,1
7,185,08:45,1
7,186,08:46,1
7,187,08:47,1
7,188,08:48,1
7,189,08:49,1
7,190,08:50,0
7,191,08:51,0
7,192,08:52,0
7,193,08:53,0
7,194,08:54,0
7,195,08:55,0
7,196,08:56,0
7,197,08:57,0
7,198,08:58,0
7,199,08:59,0
7,200,09:00,0
7,201,09:01,0
7,202,09:02,0
7,203,09:03,0
7,204,09:04,0
7,205,09:05,0
7,206,09:06,0
7,207,09:07,1
7,208,09:08,1
7,209,09:09,1
7,210,09:10,1
7,211,09:11,1
7,212,09:12,1
7,213,09:13,1
7,214,09:14,1
7,215,09:15,1
7,216,09:16,1
7,217,09:17,0
7,218,09:18,0
7,219,09:19,0
7,220,09:20,0
7,221,09:21,0
7,222,09:22,0
7,223,09:23,0
7,224,09:24,0
7,225,09:25,0
7,226,09:26,1
7,227,09:27,1
7,228,09:28,1
7,229,09:29,1
7,230,09:30,1
7,231,09:31,1
7,232,09:32,1
7,233,09:33,1
7,234,09:34,1
7,235,09:35,0
7,236,09:36,0
7,237,09:37,0
7,238,09:38,0
7,239,09:39,0
7,240,09:40,0
7,241,09:41,0
7,242,09:42,0
7,243,09:43,0
7,244,09:44,0
7,245,09:45,0
7,246,09:46,0
7,247,09:47,1
7,248,09:48,1
7,249,09:49,1
7,250,09:50,2
7,251,09:51,2
7,252,09:52,2
7,253,09:53,2
7,254,09:54,2
7,255,09:55,2
7,256,09:56,2
7,257,09:57,2
7,258,09:58,2
7,259,09:59,2
7,260,10:00,2
7,261,10:01,2
7,262,10:02,2
7,263,10:03,2
7,264,10:04,2
7,265,10:05,1
7,266,10:06,1
7,267,10:07,1
7,268,10:08,0
7,269,10:09,0
7,270,10:10,0
7,271,10:11,1
7,272,10:12,1
7,273,10:13,1
7,274,10:14,2
7,275,10:15,2
7,276,10:16,2
7,277,10:17,2
7,278,10:18,2
7,279,10:19,2
7,280,10:20,2
7,281,10:21,2
7,282,10:22,2
7,283,10:23,2
7,284,10:24,1
7,285,10:25,1
7,286,10:26,1
7,287,10:27,0
7,288,10:28,0
7,289,10:29,0
7,290,10:30,0
7,291,10:31,0
7,292,10:32,0
7,293,10:33,0
7,294,10:34,0
7,295,10:35,0
7,296,10:36,0
7,297,10:37,0
7,298,10:38,1
7,299,10:39,1
7,300,10:40,1
7,301,10:41,1
7,302,10:42,1
7,303,10:43,1
7,304,10:44,1
7,305,10:45,1
7,306,10:46,1
7,307,10:47,1
7,308,10:48,1
7,309,10:49,0
7,310,10:50,0
7,311,10:51,0
7,312,10:52,1
7,313,10:53,1
7,314,10:54,1
7,315,10:55,1
7,316,10:56,1
7,317,10:57,2
7,318,10:58,2
7,319,10:59,2
7,320,11:00,2
7,321,11:01,2
7,322,11:02,2
7,323,11:03,2
7,324,11:04,2
7,325,11:05,2
7,326,11:06,2
7,327,11:07,2
7,328,11:08,2
7,329,11:09,2
7,330,11:10,2
7,331,11:11,2
7,332,11:12,2
7,333,11:13,2
7,334,11:14,2
7,335,11:15,2
7,336,11:16,1
7,337,11:17,1
7,338,11:18,1
7,339,11:19,1
7,340,11:20,1
7,341,11:21,1
7,342,11:22,0
7,343,11:23,0
7,344,11:24,0
7,345,11:25,0
7,346,11:26,0
7,347,11:27,0
7,348,11:28,0
7,349,11:29,0
7,350,11:30,0
7,351,11:31,0
7,352,11:32,1
7,353,11:33,1
7,354,11:34,1
7,355,11:35,1
7,356,11:36,1
7,357,11:37,1
7,358,11:38,1
7,359,11:39,1
7,360,11:40,1
7,361,11:41,1
7,362,11:42,1
7,363,11:43,1
7,364,11:44,1
7,365,11:45,1
7,366,11:46,1
7,367,11:47,1
7,368,11:48,1
7,369,11:49,1
7,370,11:50,1
7,371,11:51,1
7,372,11:52,1
7,373,11:53,1
7,374,11:54,1
7,375,11:55,1
7,376,11:56,1
7,377,11:57,1
7,378,11:58,1
7,379,11:59,1
7,380,12:00,1
7,381,12:01,0
7,382,12:02,0
7,383,12:03,0
7,384,12:04,1
7,385,12:05,1
7,386,12:06,1
7,387,12:07,1
7,388,12:08,1
7,389,12:09,1
7,390,12:10,1
7,391,12:11,1
7,392,12:12,1
7,393,12:13,1
7,394,12:14,1
7,395,12:15,1
7,396,12:16,1
7,397,12:17,0
7,398,12:18,0
7,399,12:19,0
7,400,12:20,1
7,401,12:21,1
7,402,12:22,1
7,403,12:23,3
7,404,12:24,3
7,405,12:25,3
7,406,12:26,4
7,407,12:27,4
7,408,12:28,4
7,409,12:29,4
7,410,12:30,4
7,411,12:31,4
7,412,12:32,4
7,413,12:33,4
7,414,12:34,4
7,415,12:35,4
7,416,12:36,4
7,417,12:37,4
7,418,12:38,4
7,419,12:39,4
7,420,12:40,4
7,421,12:41,3
7,422,12:42,3
7,423,12:43,3
7,424,12:44,2
7,425,12:45,2
7,426,12:46,2
7,427,12:47,0
7,428,12:48,0
7,429,12:49,0
7,430,12:50,0
7,431,12:51,0
7,432,12:52,0
7,433,12:53,0
7,434,12:54,0
7,435,12:55,0
7,436,12:56,0
7,437,12:57,0
7,438,12:58,0
7,439,12:59,0
7,440,13:00,0
7,441,13:01,0
7,442,13:02,0
7,443,13:03,0
7,444,13:04,0
7,445,13:05,0
7,446,13:06,0
7,447,13:07,0
7,448,13:08,0
7,449,13:09,0
7,450,13:10,0
7,451,13:11,0
7,452,13:12,0
7,453,13:13,0
7,454,13:14,0
7,455,13:15,0
7,456,13:16,0
7,457,13:17,0
7,458,13:18,0
7,459,13:19,0
7,460,13:20,0
7,461,13:21,0
7,462,13:22,0
7,463,13:23,0
7,464,13:24,0
7,465,13:25,0
7,466,13:26,0
7,467,13:27,1
7,468,13:28,1
7,469,13:29,1
7,470,13:30,3
7,471,13:31,3
7,472,13:32,3
7,473,13:33,3
7,474,13:34,3
7,475,13:35,3
7,476,13:36,3
7,477,13:37,3
7,478,13:38,3
7,479,13:39,2
7,480,13:40,2
7,481,13:41,2
7,482,13:42,2
7,483,13:43,2
7,484,13:44,2
7,485,13:45,0
7,486,13:46,0
7,487,13:47,0
7,488,13:48,0
7,489,13:49,0
7,490,13:50,0
7,491,13:51,0
7,492,13:52,0
7,493,13:53,0
7,494,13:54,0
7,495,13:55,0
7,496,13:56,0
7,497,13:57,0
7,498,13:58,0
7,499,13:59,0
7,500,14:00,0
7,501,14:01,0
7,502,14:02,0
7,503,14:03,0
7,504,14:04,0
7,505,14:05,0
7,506,14:06,0
7,507,14:07,2
7,508,14:08,2
7,509,14:09,2
7,510,14:10,2
7,511,14:11,2
7,512,14:12,2
7,513,14:13,2
7,514,14:14,2
7,515,14:15,2
7,516,14:16,2
7,517,14:17,0
7,518,14:18,0
7,519,14:19,0
7,520,14:20,0
7,521,14:21,0
7,522,14:22,1
7,523,14:23,1
7,524,14:24,1
7,525,14:25,1
7,526,14:26,1
7,527,14:27,1
7,528,14:28,1
7,529,14:29,3
7,530,14:30,3
7,531,14:31,3
7,532,14:32,3
7,533,14:33,3
7,534,14:34,3
7,535,14:35,3
7,536,14:36,3
7,537,14:37,3
7,538,14:38,3
7,539,14:39,3
7,540,14:40,3
7,541,14:41,3
7,542,14:42,3
7,543,14:43,3
7,544,14:44,3
7,545,14:45,3
7,546,14:46,3
7,547,14:47,1
7,548,14:48,1
7,549,14:49,1
7,550,14:50,0
7,551,14:51,0
7,552,14:52,0
7,553,14:53,0
7,554,14:54,0
7,555,14:55,0
7,556,14:56,0
7,557,14:57,0
7,558,14:58,1
7,559,14:59,1
7,560,15:00,1
7,561,15:01,1
7,562,15:02,1
7,563,15:03,1
7,564,15:04,1
7,565,15:05,1
7,566,15:06,1
7,567,15:07,1
7,568,15:08,1
7,569,15:09,1
7,570,15:10,1
7,571,15:11,1
7,572,15:12,1
7,573,15:13,1
7,574,15:14,1
7,575,15:15,1
7,576,15:16,1
7,577,15:17,1
7,578,15:18,1
7,579,15:19,1
7,580,15:20,1
7,581,15:21,1
7,582,15:22,1
7,583,15:23,1
7,584,15:24,1
7,585,15:25,1
7,586,15:26,1
7,587,15:27,1
7,588,15:28,0
7,589,15:29,0
7,590,15:30,0
7,591,15:31,0
7,592,15:32,0
7,593,15:33,0
7,594,15:34,0
7,595,15:35,0
7,596,15:36,0
7,597,15:37,0
7,598,15:38,0
7,599,15:39,0
7,600,15:40,0
7,601,15:41,0
7,602,15:42,0
7,603,15:43,0
7,604,15:44,0
7,605,15:45,0
7,606,15:46,0
7,607,15:47,1
7,608,15:48,1
7,609,15:49,1
7,610,15:50,3
7,611,15:51,3
7,612,15:52,3
7,613,15:53,3
7,614,15:54,3
7,615,15:55,3
7,616,15:56,3
7,617,15:57,3
7,618,15:58,3
7,619,15:59,3
7,620,16:00,2
7,621,16:01,2
7,622,16:02,2
7,623,16:03,0
7,624,16:04,0
7,625,16:05,0
7,626,16:06,1
7,627,16:07,1
7,628,16:08,1
7,629,16:09,4
7,630,16:10,4
7,631,16:11,4
7,632,16:12,4
7,633,16:13,4
7,634,16:14,4
7,635,16:15,4
7,636,16:16,4
7,637,16:17,4
7,638,16:18,4
7,639,16:19,3
7,640,16:20,3
7,641,16:21,3
7,642,16:22,0
7,643,16:23,0
7,644,16:24,0
7,645,16:25,1
7,646,16:26,1
7,647,16:27,1
7,648,16:28,1
7,649,16:29,1
7,650,16:30,1
7,651,16:31,1
7,652,16:32,1
7,653,16:33,1
7,654,16:34,1
7,655,16:35,0
7,656,16:36,0
7,657,16:37,0
7,658,16:38,0
7,659,16:39,0
7,660,16:40,1
7,661,16:41,1
7,662,16:42,1
7,663,16:43,1
7,664,16:44,1
7,665,16:45,1
7,666,16:46,1
7,667,16:47,1
7,668,16:48,4
7,669,16:49,4
7,670,16:50,4
7,671,16:51,4
7,672,16:52,4
7,673,16:53,4
7,674,16:54,4
7,675,16:55,4
7,676,16:56,4
7,677,16:57,4
7,678,16:58,4
7,679,16:59,3
7,680,17:00,3
7,681,17:01,3
7,682,17:02,0
7,683,17:03,0
7,684,17:04,0
7,685,17:05,0
7,686,17:06,0
7,687,17:07,0
7,688,17:08,0
7,689,17:09,0
7,690,17:10,0
7,691,17:11,0
7,692,17:12,0
7,693,17:13,0
7,694,17:14,0
7,695,17:15,0
7,696,17:16,0
7,697,17:17,0
7,698,17:18,0
7,699,17:19,0
7,700,17:20,1
7,701,17:21,1
7,702,17:22,1
7,703,17:23,2
7,704,17:24,2
7,705,17:25,2
7,706,17:26,2
7,707,17:27,2
7,708,17:28,2
7,709,17:29,2
7,710,17:30,2
7,711,17:31,2
7,712,17:32,2
7,713,17:33,2
7,714,17:34,1
7,715,17:35,1
7,716,17:36,1
7,717,17:37,0
7,718,17:38,0
7,719,17:39,0
7,720,17:40,0
7,721,17:41,0
7,722,17:42,0
7,723,17:43,0
7,724,17:44,0
7,725,17:45,4
7,726,17:46,4
7,727,17:47,4
7,728,17:48,4
7,729,17:49,4
7,730,17:50,4
7,731,17:51,4
7,732,17:52,4
7,733,17:53,4
7,734,17:54,4
7,735,17:55,0
7,736,17:56,0
7,737,17:57,0
7,738,17:58,0
7,739,17:59,0
7,740,18:00,2
7,741,18:01,2
7,742,18:02,2
7,743,18:03,2
7,744,18:04,2
7,745,18:05,2
7,746,18:06,2
7,747,18:07,2
7,748,18:08,2
7,749,18:09,2
7,750,18:10,0
7,751,18:11,0
7,752,18:12,0
7,753,18:13,0
7,754,18:14,0
7,755,18:15,0
7,756,18:16,0
7,757,18:17,0
7,758,18:18,0
7,759,18:19,0
7,760,18:20,0
7,761,18:21,0
7,762,18:22,0
7,763,18:23,0
7,764,18:24,1
7,765,18:25,1
7,766,18:26,1
7,767,18:27,3
7,768,18:28,3
7,769,18:29,3
7,770,18:30,3
7,771,18:31,3
7,772,18:32,3
7,773,18:33,3
7,774,18:34,3
7,775,18:35,3
7,776,18:36,3
7,777,18:37,1
7,778,18:38,1
7,779,18:39,1
7,780,18:40,1
7,781,18:41,1
7,782,18:42,1
7,783,18:43,1
7,784,18:44,0
7,785,18:45,0
7,786,18:46,0
7,787,18:47,2
7,788,18:48,2
7,789,18:49,2
7,790,18:50,4
7,791,18:51,4
7,792,18:52,4
7,793,18:53,4
7,794,18:54,4
7,795,18:55,4
7,796,18:56,4
7,797,18:57,4
7,798,18:58,4
7,799,18:59,2
7,800,19:00,2
7,801,19:01,2
7,802,19:02,0
7,803,19:03,0
7,804,19:04,0
7,805,19:05,0
7,806,19:06,0
7,807,19:07,0
7,808,19:08,0
7,809,19:09,0
7,810,19:10,0
7,811,19:11,0
7,812,19:12,0
7,813,19:13,0
7,814,19:14,0
7,815,19:15,0
7,816,19:16,0
7,817,19:17,0
7,818,19:18,0
7,819,19:19,0
7,820,19:20,0
7,821,19:21,0
7,822,19:22,0
7,823,19:23,0
7,824,19:24,0
7,825,19:25,0
7,826,19:26,0
7,827,19:27,0
7,828,19:28,0
7,829,19:29,0
7,830,19:30,0
7,831,19:31,0
7,832,19:32,0
7,833,19:33,0
7,834,19:34,0
7,835,19:35,0
8,0,05:40,0
8,1,05:41,0
8,2,05:42,0
8,3,05:43,0
8,4,05:44,0
8,5,05:45,0
8,6,05:46,0
8,7,05:47,0
8,8,05:48,0
8,9,05:49,0
8,10,05:50,0
8,11,05:51,0
8,12,05:52,0
8,13,05:53,0
8,14,05:54,0
8,15,05:55,0
8,16,05:56,0
8,17,05:57,0
8,18,05:58,0
8,19,05:59,0
8,20,06:00,0
8,21,06:01,0
8,22,06:02,0
8,23,06:03,0
8,24,06:04,0
8,25,06:05,0
8,26,06:06,0
8,27,06:07,0
8,28,06:08,0
8,29,06:09,0
8,30,06:10,0
8,31,06:11,0
8,32,06:12,0
8,33,06:13,0
8,34,06:14,0
8,35,06:15,0
8,36,06:16,0
8,37,06:17,0
8,38,06:18,0
8,39,06:19,0
8,40,06:20,0
8,41,06:21,0
8,42,06:22,0
8,43,06:23,0
8,44,06:24,0
8,45,06:25,0
8,46,06:26,0
8,47,06:27,0
8,48,06:28,0
8,49,06:29,0
8,50,06:30,0
8,51,06:31,0
8,52,06:32,0
8,53,06:33,0
8,54,06:34,0
8,55,06:35,0
8,56,06:36,0
8,57,06:37,0
8,58,06:38,0
8,59,06:39,0
8,60,06:40,0
8,61,06:41,0
8,62,06:42,0
8,63,06:43,0
8,64,06:44,0
8,65,06:45,0
8,66,06:46,0
8,67,06:47,0
8,68,06:48,0
8,69,06:49,0
8,70,06:50,0
8,71,06:51,0
8,72,06:52,0
8,73,06:53,0
8,74,06:54,0
8,75,06:55,0
8,76,06:56,0
8,77,06:57,0
8,78,06:58,0
8,79,06:59,0
8,80,07:00,0
8,81,07:01,0
8,82,07:02,0
8,83,07:03,0
8,84,07:04,0
8,85,07:05,0
8,86,07:06,0
8,87,07:07,0
8,88,07:08,0
8,89,07:09,0
8,90,07:10,0
8,91,07:11,0
8,92,07:12,0
8,93,07:13,0
8,94,07:14,0
8,95,07:15,0
8,96,07:16,0
8,97,07:17,0
8,98,07:18,0
8,99,07:19,0
8,100,07:20,0
8,101,07:21,0
8,102,07:22,0
8,103,07:23,0
8,104,07:24,0
8,105,07:25,0
8,106,07:26,0
8,107,07:27,0
8,108,07:28,0
8,109,07:29,0
8,110,07:30,0
8,111,07:31,0
8,112,07:32,0
8,113,07:33,0
8,114,07:34,0
8,115,07:35,0
8,116,07:36,0
8,117,07:37,0
8,118,07:38,0
8,119,07:39,0
8,120,07:40,0
8,121,07:41,0
8,122,07:42,2
8,123,07:43,2
8,124,07:44,2
8,125,07:45,3
8,126,07:46,3
8,127,07:47,3
8,128,07:48,4
8,129,07:49,4
8,130,07:50,4
8,131,07:51,4
8,132,07:52,4
8,133,07:53,4
8,134,07:54,4
8,135,07:55,4
8,136,07:56,4
8,137,07:57,4
8,138,07:58,4
8,139,07:59,4
8,140,08:00,4
8,141,08:01,4
8,142,08:02,4
8,143,08:03,4
8,144,08:04,4
8,145,08:05,4
8,146,08:06,4
8,147,08:07,4
8,148,08:08,4
8,149,08:09,4
8,150,08:10,4
8,151,08:11,3
8,152,08:12,3
8,153,08:13,3
8,154,08:14,1
8,155,08:15,1
8,156,08:16,1
8,157,08:17,0
8,158,08:18,0
8,159,08:19,0
8,160,08:20,1
8,161,08:21,1
8,162,08:22,1
8,163,08:23,2
8,164,08:24,2
8,165,08:25,2
8,166,08:26,2
8,167,08:27,2
8,168,08:28,2
8,169,08:29,2
8,170,08:30,2
8,171,08:31,2
8,172,08:32,2
8,173,08:33,2
8,174,08:34,2
8,175,08:35,2
8,176,08:36,1
8,177,08:37,1
8,178,08:38,1
8,179,08:39,0
8,180,08:40,0
8,181,08:41,0
8,182,08:42,1
8,183,08:43,1
8,184,08:44,1
8,185,08:45,1
8,186,08:46,1
8,187,08:47,1
8,188,08:48,1
8,189,08:49,1
8,190,08:50,1
8,191,08:51,1
8,192,08:52,0
8,193,08:53,0
8,194,08:54,0
8,195,08:55,0
8,196,08:56,0
8,197,08:57,0
8,198,08:58,0
8,199,08:59,0
8,200,09:00,0
8,201,09:01,1
8,202,09:02,1
8,203,09:03,1
8,204,09:04,1
8,205,09:05,1
8,206,09:06,1
8,207,09:07,1
8,208,09:08,1
8,209,09:09,1
8,210,09:10,0
8,211,09:11,0
8,212,09:12,0
8,213,09:13,2
8,214,09:14,2
8,215,09:15,2
8,216,09:16,2
8,217,09:17,2
8,218,09:18,2
8,219,09:19,2
8,220,09:20,2
8,221,09:21,2
8,222,09:22,2
8,223,09:23,0
8,224,09:24,0
8,225,09:25,0
8,226,09:26,1
8,227,09:27,1
8,228,09:28,1
8,229,09:29,1
8,230,09:30,1
8,231,09:31,1
8,232,09:32,1
8,233,09:33,1
8,234,09:34,1
8,235,09:35,2
8,236,09:36,2
8,237,09:37,2
8,238,09:38,2
8,239,09:39,2
8,240,09:40,2
8,241,09:41,2
8,242,09:42,2
8,243,09:43,2
8,244,09:44,2
8,245,09:45,2
8,246,09:46,2
8,247,09:47,2
8,248,09:48,2
8,249,09:49,2
8,250,09:50,2
8,251,09:51,2
8,252,09:52,2
8,253,09:53,1
8,254,09:54,1
8,255,09:55,1
8,256,09:56,0
8,257,09:57,0
8,258,09:58,0
8,259,09:59,0
8,260,10:00,0
8,261,10:01,0
8,262,10:02,0
8,263,10:03,0
8,264,10:04,0
8,265,10:05,0
8,266,10:06,0
8,267,10:07,0
8,268,10:08,0
8,269,10:09,0
8,270,10:10,0
8,271,10:11,1
8,272,10:12,1
8,273,10:13,1
8,274,10:14,1
8,275,10:15,1
8,276,10:16,1
8,277,10:17,1
8,278,10:18,1
8,279,10:19,2
8,280,10:20,2
8,281,10:21,2
8,282,10:22,2
8,283,10:23,2
8,284,10:24,2
8,285,10:25,2
8,286,10:26,2
8,287,10:27,2
8,288,10:28,2
8,289,10:29,2
8,290,10:30,2
8,291,10:31,2
8,292,10:32,2
8,293,10:33,2
8,294,10:34,2
8,295,10:35,2
8,296,10:36,1
8,297,10:37,1
8,298,10:38,1
8,299,10:39,1
8,300,10:40,1
8,301,10:41,1
8,302,10:42,0
8,303,10:43,0
8,304,10:44,0
8,305,10:45,1
8,306,10:46,1
8,307,10:47,1
8,308,10:48,3
8,309,10:49,3
8,310,10:50,3
8,311,10:51,3
8,312,10:52,3
8,313,10:53,3
8,314,10:54,3
8,315,10:55,3
8,316,10:56,3
8,317,10:57,3
8,318,10:58,3
8,319,10:59,2
8,320,11:00,2
8,321,11:01,2
8,322,11:02,0
8,323,11:03,0
8,324,11:04,0
8,325,11:05,1
8,326,11:06,1
8,327,11:07,1
8,328,11:08,1
8,329,11:09,1
8,330,11:10,1
8,331,11:11,1
8,332,11:12,1
8,333,11:13,1
8,334,11:14,1
8,335,11:15,1
8,336,11:16,0
8,337,11:17,0
8,338,11:18,0
8,339,11:19,0
8,340,11:20,0
8,341,11:21,0
8,342,11:22,0
8,343,11:23,1
8,344,11:24,1
8,345,11:25,1
8,346,11:26,1
8,347,11:27,1
8,348,11:28,1
8,349,11:29,1
8,350,11:30,1
8,351,11:31,1
8,352,11:32,1
8,353,11:33,0
8,354,11:34,0
8,355,11:35,0
8,356,11:36,0
8,357,11:37,0
8,358,11:38,0
8,359,11:39,0
8,360,11:40,0
8,361,11:41,0
8,362,11:42,0
8,363,11:43,0
8,364,11:44,0
8,365,11:45,0
8,366,11:46,0
8,367,11:47,0
8,368,11:48,0
8,369,11:49,0
8,370,11:50,0
8,371,11:51,0
8,372,11:52,0
8,373,11:53,0
8,374,11:54,1
8,375,11:55,1
8,376,11:56,1
8,377,11:57,1
8,378,11:58,1
8,379,11:59,1
8,380,12:00,1
8,381,12:01,1
8,382,12:02,1
8,383,12:03,1
8,384,12:04,1
8,385,12:05,1
8,386,12:06,1
8,387,12:07,1
8,388,12:08,1
8,389,12:09,1
8,390,12:10,1
8,391,12:11,0
8,392,12:12,0
8,393,12:13,0
8,394,12:14,0
8,395,12:15,0
8,396,12:16,1
8,397,12:17,1
8,398,12:18,1
8,399,12:19,2
8,400,12:20,2
8,401,12:21,2
8,402,12:22,2
8,403,12:23,2
8,404,12:24,2
8,405,12:25,2
8,406,12:26,2
8,407,12:27,2
8,408,12:28,2
8,409,12:29,2
8,410,12:30,2
8,411,12:31,2
8,412,12:32,2
8,413,12:33,2
8,414,12:34,2
8,415,12:35,2
8,416,12:36,2
8,417,12:37,1
8,418,12:38,1
8,419,12:39,1
8,420,12:40,0
8,421,12:41,0
8,422,12:42,0
8,423,12:43,1
8,424,12:44,1
8,425,12:45,1
8,426,12:46,1
8,427,12:47,1
8,428,12:48,1
8,429,12:49,1
8,430,12:50,1
8,431,12:51,1
8,432,12:52,1
8,433,12:53,1
8,434,12:54,1
8,435,12:55,1
8,436,12:56,1
8,437,12:57,1
8,438,12:58,1
8,439,12:59,1
8,440,13:00,1
8,441,13:01,0
8,442,13:02,0
8,443,13:03,0
8,444,13:04,1
8,445,13:05,1
8,446,13:06,1
8,447,13:07,3
8,448,13:08,3
8,449,13:09,3
8,450,13:10,3
8,451,13:11,3
8,452,13:12,3
8,453,13:13,3
8,454,13:14,3
8,455,13:15,3
8,456,13:16,4
8,457,13:17,4
8,458,13:18,4
8,459,13:19,3
8,460,13:20,3
8,461,13:21,3
8,462,13:22,1
8,463,13:23,1
8,464,13:24,1
8,465,13:25,1
8,466,13:26,1
8,467,13:27,1
8,468,13:28,1
8,469,13:29,1
8,470,13:30,1
8,471,13:31,1
8,472,13:32,1
8,473,13:33,1
8,474,13:34,1
8,475,13:35,1
8,476,13:36,0
8,477,13:37,0
8,478,13:38,0
8,479,13:39,1
8,480,13:40,1
8,481,13:41,1
8,482,13:42,1
8,483,13:43,1
8,484,13:44,1
8,485,13:45,1
8,486,13:46,1
8,487,13:47,1
8,488,13:48,1
8,489,13:49,1
8,490,13:50,1
8,491,13:51,1
8,492,13:52,1
8,493,13:53,1
8,494,13:54,1
8,495,13:55,1
8,496,13:56,1
8,497,13:57,1
8,498,13:58,1
8,499,13:59,1
8,500,14:00,0
8,501,14:01,0
8,502,14:02,0
8,503,14:03,1
8,504,14:04,1
8,505,14:05,1
8,506,14:06,1
8,507,14:07,1
8,508,14:08,1
8,509,14:09,1
8,510,14:10,1
8,511,14:11,1
8,512,14:12,1
8,513,14:13,0
8,514,14:14,0
8,515,14:15,0
8,516,14:16,0
8,517,14:17,0
8,518,14:18,0
8,519,14:19,0
8,520,14:20,0
8,521,14:21,0
8,522,14:22,0
8,523,14:23,0
8,524,14:24,0
8,525,14:25,0
8,526,14:26,0
8,527,14:27,0
8,528,14:28,0
8,529,14:29,0
8,530,14:30,0
8,531,14:31,0
8,532,14:32,0
8,533,14:33,0
8,534,14:34,0
8,535,14:35,0
8,536,14:36,0
8,537,14:37,0
8,538,14:38,0
8,539,14:39,0
8,540,14:40,3
8,541,14:41,3
8,542,14:42,3
8,543,14:43,3
8,544,14:44,3
8,545,14:45,3
8,546,14:46,3
8,547,14:47,4
8,548,14:48,4
8,549,14:49,4
8,550,14:50,4
8,551,14:51,4
8,552,14:52,4
8,553,14:53,4
8,554,14:54,4
8,555,14:55,4
8,556,14:56,4
8,557,14:57,1
8,558,14:58,1
8,559,14:59,1
8,560,15:00,0
8,561,15:01,0
8,562,15:02,0
8,563,15:03,0
8,564,15:04,0
8,565,15:05,0
8,566,15:06,0
8,567,15:07,0
8,568,15:08,0
8,569,15:09,0
8,570,15:10,1
8,571,15:11,1
8,572,15:12,1
8,573,15:13,2
8,574,15:14,2
8,575,15:15,2
8,576,15:16,2
8,577,15:17,2
8,578,15:18,2
8,579,15:19,2
8,580,15:20,2
8,581,15:21,2
8,582,15:22,2
8,583,15:23,1
8,584,15:24,1
8,585,15:25,1
8,586,15:26,1
8,587,15:27,0
8,588,15:28,0
8,589,15:29,0
8,590,15:30,2
8,591,15:31,2
8,592,15:32,2
8,593,15:33,2
8,594,15:34,2
8,595,15:35,2
8,596,15:36,2
8,597,15:37,2
8,598,15:38,2
8,599,15:39,4
8,600,15:40,4
8,601,15:41,4
8,602,15:42,2
8,603,15:43,2
8,604,15:44,2
8,605,15:45,2
8,606,15:46,2
8,607,15:47,2
8,608,15:48,2
8,609,15:49,2
8,610,15:50,2
8,611,15:51,2
8,612,15:52,2
8,613,15:53,2
8,614,15:54,2
8,615,15:55,2
8,616,15:56,2
8,617,15:57,2
8,618,15:58,2
8,619,15:59,2
8,620,16:00,2
8,621,16:01,0
8,622,16:02,0
8,623,16:03,0
8,624,16:04,1
8,625,16:05,1
8,626,16:06,1
8,627,16:07,2
8,628,16:08,2
8,629,16:09,2
8,630,16:10,2
8,631,16:11,2
8,632,16:12,2
8,633,16:13,2
8,634,16:14,2
8,635,16:15,2
8,636,16:16,2
8,637,16:17,2
8,638,16:18,1
8,639,16:19,1
8,640,16:20,1
8,641,16:21,1
8,642,16:22,1
8,643,16:23,1
8,644,16:24,0
8,645,16:25,0
8,646,16:26,0
8,647,16:27,1
8,648,16:28,1
8,649,16:29,1
8,650,16:30,1
8,651,16:31,1
8,652,16:32,1
8,653,16:33,4
8,654,16:34,4
8,655,16:35,4
8,656,16:36,4
8,657,16:37,4
8,658,16:38,4
8,659,16:39,4
8,660,16:40,4
8,661,16:41,4
8,662,16:42,4
8,663,16:43,4
8,664,16:44,3
8,665,16:45,3
8,666,16:46,3
8,667,16:47,0
8,668,16:48,0
8,669,16:49,0
8,670,16:50,0
8,671,16:51,0
8,672,16:52,0
8,673,16:53,0
8,674,16:54,0
8,675,16:55,0
8,676,16:56,0
8,677,16:57,0
8,678,16:58,1
8,679,16:59,1
8,680,17:00,1
8,681,17:01,1
8,682,17:02,1
8,683,17:03,1
8,684,17:04,1
8,685,17:05,1
8,686,17:06,1
8,687,17:07,1
8,688,17:08,1
8,689,17:09,1
8,690,17:10,1
8,691,17:11,1
8,692,17:12,1
8,693,17:13,0
8,694,17:14,0
8,695,17:15,0
8,696,17:16,0
8,697,17:17,0
8,698,17:18,0
8,699,17:19,0
8,700,17:20,0
8,701,17:21,0
8,702,17:22,0
8,703,17:23,0
8,704,17:24,0
8,705,17:25,0
8,706,17:26,0
8,707,17:27,0
8,708,17:28,0
8,709,17:29,0
8,710,17:30,0
8,711,17:31,1
8,712,17:32,1
8,713,17:33,1
8,714,17:34,2
8,715,17:35,2
8,716,17:36,2
8,717,17:37,2
8,718,17:38,2
8,719,17:39,2
8,720,17:40,2
8,721,17:41,2
8,722,17:42,2
8,723,17:43,2
8,724,17:44,2
8,725,17:45,1
8,726,17:46,1
8,727,17:47,1
8,728,17:48,0
8,729,17:49,0
8,730,17:50,0
8,731,17:51,4
8,732,17:52,4
8,733,17:53,4
8,734,17:54,4
8,735,17:55,4
8,736,17:56,4
8,737,17:57,4
8,738,17:58,4
8,739,17:59,4
8,740,18:00,4
8,741,18:01,4
8,742,18:02,0
8,743,18:03,0
8,744,18:04,0
8,745,18:05,0
8,746,18:06,0
8,747,18:07,0
8,748,18:08,0
8,749,18:09,0
8,750,18:10,0
8,751,18:11,0
8,752,18:12,0
8,753,18:13,0
8,754,18:14,0
8,755,18:15,0
8,756,18:16,0
8,757,18:17,0
8,758,18:18,0
8,759,18:19,0
8,760,18:20,0
8,761,18:21,0
8,762,18:22,0
8,763,18:23,0
8,764,18:24,0
8,765,18:25,0
8,766,18:26,1
8,767,18:27,1
8,768,18:28,1
8,769,18:29,1
8,770,18:30,1
8,771,18:31,1
8,772,18:32,2
8,773,18:33,2
8,774,18:34,2
8,775,18:35,2
8,776,18:36,2
8,777,18:37,2
8,778,18:38,2
8,779,18:39,2
8,780,18:40,2
8,781,18:41,2
8,782,18:42,1
8,783,18:43,1
8,784,18:44,1
8,785,18:45,0
8,786,18:46,0
8,787,18:47,0
8,788,18:48,0
8,789,18:49,0
8,790,18:50,0
8,791,18:51,0
8,792,18:52,0
8,793,18:53,0
8,794,18:54,0
8,795,18:55,0
8,796,18:56,0
8,797,18:57,0
8,798,18:58,0
8,799,18:59,0
8,800,19:00,0
8,801,19:01,0
8,802,19:02,0
8,803,19:03,0
8,804,19:04,0
8,805,19:05,0
8,806,19:06,0
8,807,19:07,0
8,808,19:08,0
8,809,19:09,0
8,810,19:10,0
8,811,19:11,0
8,812,19:12,0
8,813,19:13,0
8,814,19:14,0
8,815,19:15,0
8,816,19:16,0
8,817,19:17,0
8,818,19:18,0
8,819,19:19,0
8,820,19:20,0
8,821,19:21,0
8,822,19:22,0
8,823,19:23,0
8,824,19:24,0
8,825,19:25,0
8,826,19:26,0
8,827,19:27,0
8,828,19:28,0
8,829,19:29,0
8,830,19:30,0
8,831,19:31,0
8,832,19:32,0
8,833,19:33,0
8,834,19:34,0
8,835,19:35,0
9,0,05:40,0
9,1,05:41,0
9,2,05:42,0
9,3,05:43,0
9,4,05:44,0
9,5,05:45,0
9,6,05:46,0
9,7,05:47,0
9,8,05:48,0
9,9,05:49,0
9,10,05:50,0
9,11,05:51,0
9,12,05:52,0
9,13,05:53,0
9,14,05:54,0
9,15,05:55,0
9,16,05:56,0
9,17,05:57,0
9,18,05:58,0
9,19,05:59,0
9,20,06:00,0
9,21,06:01,0
9,22,06:02,0
9,23,06:03,0
9,24,06:04,0
9,25,06:05,0
9,26,06:06,0
9,27,06:07,0
9,28,06:08,0
9,29,06:09,0
9,30,06:10,0
9,31,06:11,0
9,32,06:12,0
9,33,06:13,0
9,34,06:14,0
9,35,06:15,0
9,36,06:16,0
9,37,06:17,0
9,38,06:18,0
9,39,06:19,0
9,40,06:20,0
9,41,06:21,0
9,42,06:22,0
9,43,06:23,0
9,44,06:24,0
9,45,06:25,0
9,46,06:26,0
9,47,06:27,0
9,48,06:28,0
9,49,06:29,0
9,50,06:30,0
9,51,06:31,0
9,52,06:32,0
9,53,06:33,0
9,54,06:34,0
9,55,06:35,0
9,56,06:36,0
9,57,06:37,0
9,58,06:38,0
9,59,06:39,0
9,60,06:40,0
9,61,06:41,0
9,62,06:42,0
9,63,06:43,0
9,64,06:44,0
9,65,06:45,0
9,66,06:46,0
9,67,06:47,0
9,68,06:48,0
9,69,06:49,0
9,70,06:50,0
9,71,06:51,0
9,72,06:52,0
9,73,06:53,0
9,74,06:54,0
9,75,06:55,0
9,76,06:56,0
9,77,06:57,0
9,78,06:58,0
9,79,06:59,0
9,80,07:00,0
9,81,07:01,0
9,82,07:02,0
9,83,07:03,0
9,84,07:04,0
9,85,07:05,0
9,86,07:06,0
9,87,07:07,0
9,88,07:08,0
9,89,07:09,0
9,90,07:10,0
9,91,07:11,0
9,92,07:12,0
9,93,07:13,0
9,94,07:14,0
9,95,07:15,0
9,96,07:16,0
9,97,07:17,0
9,98,07:18,0
9,99,07:19,0
9,100,07:20,0
9,101,07:21,0
9,102,07:22,1
9,103,07:23,1
9,104,07:24,1
9,105,07:25,2
9,106,07:26,2
9,107,07:27,2
9,108,07:28,3
9,109,07:29,3
9,110,07:30,3
9,111,07:31,3
9,112,07:32,3
9,113,07:33,3
9,114,07:34,3
9,115,07:35,3
9,116,07:36,3
9,117,07:37,3
9,118,07:38,3
9,119,07:39,3
9,120,07:40,3
9,121,07:41,3
9,122,07:42,3
9,123,07:43,3
9,124,07:44,3
9,125,07:45,3
9,126,07:46,3
9,127,07:47,3
9,128,07:48,3
9,129,07:49,3
9,130,07:50,2
9,131,07:51,2
9,132,07:52,2
9,133,07:53,1
9,134,07:54,1
9,135,07:55,1
9,136,07:56,0
9,137,07:57,0
9,138,07:58,0
9,139,07:59,0
9,140,08:00,1
9,141,08:01,1
9,142,08:02,1
9,143,08:03,2
9,144,08:04,2
9,145,08:05,2
9,146,08:06,2
9,147,08:07,2
9,148,08:08,2
9,149,08:09,2
9,150,08:10,2
9,151,08:11,2
9,152,08:12,2
9,153,08:13,2
9,154,08:14,2
9,155,08:15,2
9,156,08:16,2
9,157,08:17,2
9,158,08:18,2
9,159,08:19,2
9,160,08:20,2
9,161,08:21,2
9,162,08:22,1
9,163,08:23,1
9,164,08:24,1
9,165,08:25,1
9,166,08:26,1
9,167,08:27,1
9,168,08:28,1
9,169,08:29,1
9,170,08:30,1
9,171,08:31,1
9,172,08:32,0
9,173,08:33,0
9,174,08:34,0
9,175,08:35,1
9,176,08:36,1
9,177,08:37,1
9,178,08:38,3
9,179,08:39,3
9,180,08:40,3
9,181,08:41,3
9,182,08:42,3
9,183,08:43,3
9,184,08:44,3
9,185,08:45,3
9,186,08:46,3
9,187,08:47,3
9,188,08:48,1
9,189,08:49,1
9,190,08:50,1
9,191,08:51,0
9,192,08:52,0
9,193,08:53,0
9,194,08:54,0
9,195,08:55,0
9,196,08:56,0
9,197,08:57,0
9,198,08:58,0
9,199,08:59,0
9,200,09:00,0
9,201,09:01,0
9,202,09:02,0
9,203,09:03,0
9,204,09:04,0
9,205,09:05,0
9,206,09:06,0
9,207,09:07,2
9,208,09:08,2
9,209,09:09,2
9,210,09:10,2
9,211,09:11,2
9,212,09:12,2
9,213,09:13,2
9,214,09:14,2
9,215,09:15,2
9,216,09:16,0
9,217,09:17,0
9,218,09:18,0
9,219,09:19,0
9,220,09:20,0
9,221,09:21,0
9,222,09:22,0
9,223,09:23,0
9,224,09:24,0
9,225,09:25,0
9,226,09:26,2
9,227,09:27,2
9,228,09:28,2
9,229,09:29,2
9,230,09:30,2
9,231,09:31,2
9,232,09:32,2
9,233,09:33,2
9,234,09:34,2
9,235,09:35,0
9,236,09:36,0
9,237,09:37,0
9,238,09:38,0
9,239,09:39,0
9,240,09:40,0
9,241,09:41,0
9,242,09:42,0
9,243,09:43,0
9,244,09:44,0
9,245,09:45,0
9,246,09:46,0
9,247,09:47,1
9,248,09:48,1
9,249,09:49,1
9,250,09:50,1
9,251,09:51,2
9,252,09:52,2
9,253,09:53,2
9,254,09:54,2
9,255,09:55,2
9,256,09:56,2
9,257,09:57,2
9,258,09:58,2
9,259,09:59,2
9,260,10:00,2
9,261,10:01,1
9,262,10:02,1
9,263,10:03,1
9,264,10:04,0
9,265,10:05,0
9,266,10:06,0
9,267,10:07,1
9,268,10:08,1
9,269,10:09,1
9,270,10:10,1
9,271,10:11,1
9,272,10:12,1
9,273,10:13,1
9,274,10:14,1
9,275,10:15,1
9,276,10:16,1
9,277,10:17,2
9,278,10:18,2
9,279,10:19,2
9,280,10:20,2
9,281,10:21,2
9,282,10:22,2
9,283,10:23,2
9,284,10:24,2
9,285,10:25,2
9,286,10:26,2
9,287,10:27,2
9,288,10:28,2
9,289,10:29,2
9,290,10:30,2
9,291,10:31,1
9,292,10:32,1
9,293,10:33,1
9,294,10:34,0
9,295,10:35,0
9,296,10:36,0
9,297,10:37,1
9,298,10:38,1
9,299,10:39,1
9,300,10:40,1
9,301,10:41,1
9,302,10:42,1
9,303,10:43,1
9,304,10:44,1
9,305,10:45,1
9,306,10:46,1
9,307,10:47,1
9,308,10:48,1
9,309,10:49,1
9,310,10:50,1
9,311,10:51,1
9,312,10:52,1
9,313,10:53,1
9,314,10:54,1
9,315,10:55,1
9,316,10:56,1
9,317,10:57,1
9,318,10:58,0
9,319,10:59,0
9,320,11:00,0
9,321,11:01,2
9,322,11:02,2
9,323,11:03,2
9,324,11:04,2
9,325,11:05,2
9,326,11:06,2
9,327,11:07,2
9,328,11:08,2
9,329,11:09,2
9,330,11:10,0
9,331,11:11,0
9,332,11:12,0
9,333,11:13,0
9,334,11:14,0
9,335,11:15,0
9,336,11:16,0
9,337,11:17,0
9,338,11:18,0
9,339,11:19,0
9,340,11:20,0
9,341,11:21,0
9,342,11:22,0
9,343,11:23,0
9,344,11:24,0
9,345,11:25,0
9,346,11:26,0
9,347,11:27,1
9,348,11:28,1
9,349,11:29,1
9,350,11:30,1
9,351,11:31,1
9,352,11:32,1
9,353,11:33,1
9,354,11:34,1
9,355,11:35,1
9,356,11:36,1
9,357,11:37,0
9,358,11:38,0
9,359,11:39,0
9,360,11:40,0
9,361,11:41,0
9,362,11:42,0
9,363,11:43,0
9,364,11:44,0
9,365,11:45,0
9,366,11:46,0
9,367,11:47,0
9,368,11:48,0
9,369,11:49,0
9,370,11:50,0
9,371,11:51,0
9,372,11:52,0
9,373,11:53,0
9,374,11:54,0
9,375,11:55,0
9,376,11:56,0
9,377,11:57,0
9,378,11:58,0
9,379,11:59,0
9,380,12:00,0
9,381,12:01,0
9,382,12:02,0
9,383,12:03,0
9,384,12:04,0
9,385,12:05,0
9,386,12:06,0
9,387,12:07,0
9,388,12:08,0
9,389,12:09,0
9,390,12:10,0
9,391,12:11,0
9,392,12:12,0
9,393,12:13,0
9,394,12:14,0
9,395,12:15,0
9,396,12:16,0
9,397,12:17,0
9,398,12:18,0
9,399,12:19,0
9,400,12:20,0
9,401,12:21,0
9,402,12:22,0
9,403,12:23,0
9,404,12:24,0
9,405,12:25,0
9,406,12:26,0
9,407,12:27,1
9,408,12:28,1
9,409,12:29,1
9,410,12:30,1
9,411,12:31,1
9,412,12:32,1
9,413,12:33,1
9,414,12:34,1
9,415,12:35,1
9,416,12:36,1
9,417,12:37,1
9,418,12:38,1
9,419,12:39,2
9,420,12:40,2
9,421,12:41,2
9,422,12:42,2
9,423,12:43,2
9,424,12:44,2
9,425,12:45,2
9,426,12:46,2
9,427,12:47,2
9,428,12:48,2
9,429,12:49,2
9,430,12:50,2
9,431,12:51,2
9,432,12:52,2
9,433,12:53,2
9,434,12:54,2
9,435,12:55,2
9,436,12:56,2
9,437,12:57,1
9,438,12:58,1
9,439,12:59,1
9,440,13:00,0
9,441,13:01,0
9,442,13:02,0
9,443,13:03,0
9,444,13:04,0
9,445,13:05,0
9,446,13:06,0
9,447,13:07,0
9,448,13:08,0
9,449,13:09,0
9,450,13:10,0
9,451,13:11,0
9,452,13:12,0
9,453,13:13,0
9,454,13:14,0
9,455,13:15,0
9,456,13:16,0
9,457,13:17,0
9,458,13:18,0
9,459,13:19,0
9,460,13:20,1
9,461,13:21,1
9,462,13:22,1
9,463,13:23,1
9,464,13:24,1
9,465,13:25,1
9,466,13:26,1
9,467,13:27,1
9,468,13:28,1
9,469,13:29,2
9,470,13:30,2
9,471,13:31,2
9,472,13:32,2
9,473,13:33,2
9,474,13:34,2
9,475,13:35,2
9,476,13:36,2
9,477,13:37,2
9,478,13:38,2
9,479,13:39,2
9,480,13:40,2
9,481,13:41,2
9,482,13:42,1
9,483,13:43,1
9,484,13:44,1
9,485,13:45,1
9,486,13:46,1
9,487,13:47,1
9,488,13:48,0
9,489,13:49,0
9,490,13:50,0
9,491,13:51,0
9,492,13:52,0
9,493,13:53,0
9,494,13:54,0
9,495,13:55,0
9,496,13:56,0
9,497,13:57,0
9,498,13:58,0
9,499,13:59,0
9,500,14:00,0
9,501,14:01,0
9,502,14:02,0
9,503,14:03,0
9,504,14:04,0
9,505,14:05,0
9,506,14:06,0
9,507,14:07,0
9,508,14:08,0
9,509,14:09,0
9,510,14:10,0
9,511,14:11,0
9,512,14:12,0
9,513,14:13,0
9,514,14:14,0
9,515,14:15,0
9,516,14:16,0
9,517,14:17,0
9,518,14:18,0
9,519,14:19,1
9,520,14:20,1
9,521,14:21,1
9,522,14:22,1
9,523,14:23,1
9,524,14:24,1
9,525,14:25,1
9,526,14:26,1
9,527,14:27,1
9,528,14:28,1
9,529,14:29,1
9,530,14:30,1
9,531,14:31,1
9,532,14:32,1
9,533,14:33,1
9,534,14:34,1
9,535,14:35,1
9,536,14:36,1
9,537,14:37,1
9,538,14:38,1
9,539,14:39,0
9,540,14:40,0
9,541,14:41,0
9,542,14:42,2
9,543,14:43,2
9,544,14:44,2
9,545,14:45,2
9,546,14:46,2
9,547,14:47,2
9,548,14:48,2
9,549,14:49,2
9,550,14:50,2
9,551,14:51,2
9,552,14:52,0
9,553,14:53,0
9,554,14:54,0
9,555,14:55,2
9,556,14:56,2
9,557,14:57,2
9,558,14:58,2
9,559,14:59,2
9,560,15:00,2
9,561,15:01,2
9,562,15:02,2
9,563,15:03,2
9,564,15:04,2
9,565,15:05,2
9,566,15:06,2
9,567,15:07,2
9,568,15:08,2
9,569,15:09,2
9,570,15:10,2
9,571,15:11,0
9,572,15:12,0
9,573,15:13,0
9,574,15:14,2
9,575,15:15,2
9,576,15:16,2
9,577,15:17,2
9,578,15:18,2
9,579,15:19,4
9,580,15:20,4
9,581,15:21,4
9,582,15:22,4
9,583,15:23,4
9,584,15:24,4
9,585,15:25,4
9,586,15:26,4
9,587,15:27,4
9,588,15:28,2
9,589,15:29,2
9,590,15:30,2
9,591,15:31,0
9,592,15:32,0
9,593,15:33,0
9,594,15:34,0
9,595,15:35,0
9,596,15:36,0
9,597,15:37,0
9,598,15:38,0
9,599,15:39,0
9,600,15:40,0
9,601,15:41,0
9,602,15:42,0
9,603,15:43,2
9,604,15:44,2
9,605,15:45,2
9,606,15:46,4
9,607,15:47,4
9,608,15:48,4
9,609,15:49,4
9,610,15:50,4
9,611,15:51,4
9,612,15:52,4
9,613,15:53,4
9,614,15:54,4
9,615,15:55,4
9,616,15:56,4
9,617,15:57,2
9,618,15:58,2
9,619,15:59,2
9,620,16:00,0
9,621,16:01,0
9,622,16:02,0
9,623,16:03,1
9,624,16:04,1
9,625,16:05,1
9,626,16:06,1
9,627,16:07,1
9,628,16:08,1
9,629,16:09,1
9,630,16:10,1
9,631,16:11,1
9,632,16:12,1
9,633,16:13,1
9,634,16:14,2
9,635,16:15,2
9,636,16:16,2
9,637,16:17,1
9,638,16:18,1
9,639,16:19,1
9,640,16:20,1
9,641,16:21,1
9,642,16:22,1
9,643,16:23,1
9,644,16:24,1
9,645,16:25,1
9,646,16:26,1
9,647,16:27,1
9,648,16:28,1
9,649,16:29,1
9,650,16:30,1
9,651,16:31,0
9,652,16:32,0
9,653,16:33,0
9,654,16:34,0
9,655,16:35,0
9,656,16:36,0
9,657,16:37,0
9,658,16:38,0
9,659,16:39,1
9,660,16:40,1
9,661,16:41,1
9,662,16:42,1
9,663,16:43,1
9,664,16:44,1
9,665,16:45,1
9,666,16:46,1
9,667,16:47,1
9,668,16:48,1
9,669,16:49,1
9,670,16:50,1
9,671,16:51,1
9,672,16:52,1
9,673,16:53,1
9,674,16:54,1
9,675,16:55,1
9,676,16:56,1
9,677,16:57,1
9,678,16:58,1
9,679,16:59,0
9,680,17:00,0
9,681,17:01,0
9,682,17:02,1
9,683,17:03,1
9,684,17:04,1
9,685,17:05,4
9,686,17:06,4
9,687,17:07,4
9,688,17:08,4
9,689,17:09,4
9,690,17:10,4
9,691,17:11,4
9,692,17:12,4
9,693,17:13,4
9,694,17:14,4
9,695,17:15,4
9,696,17:16,4
9,697,17:17,3
9,698,17:18,3
9,699,17:19,3
9,700,17:20,3
9,701,17:21,3
9,702,17:22,3
9,703,17:23,0
9,704,17:24,0
9,705,17:25,0
9,706,17:26,1
9,707,17:27,1
9,708,17:28,1
9,709,17:29,4
9,710,17:30,4
9,711,17:31,4
9,712,17:32,4
9,713,17:33,4
9,714,17:34,4
9,715,17:35,4
9,716,17:36,4
9,717,17:37,4
9,718,17:38,3
9,719,17:39,3
9,720,17:40,3
9,721,17:41,0
9,722,17:42,0
9,723,17:43,0
9,724,17:44,1
9,725,17:45,1
9,726,17:46,1
9,727,17:47,4
9,728,17:48,4
9,729,17:49,4
9,730,17:50,4
9,731,17:51,4
9,732,17:52,4
9,733,17:53,4
9,734,17:54,4
9,735,17:55,4
9,736,17:56,3
9,737,17:57,3
9,738,17:58,3
9,739,17:59,0
9,740,18:00,0
9,741,18:01,0
9,742,18:02,0
9,743,18:03,0
9,744,18:04,0
9,745,18:05,0
9,746,18:06,0
9,747,18:07,0
9,748,18:08,0
9,749,18:09,2
9,750,18:10,2
9,751,18:11,2
9,752,18:12,4
9,753,18:13,4
9,754,18:14,4
9,755,18:15,4
9,756,18:16,4
9,757,18:17,4
9,758,18:18,4
9,759,18:19,4
9,760,18:20,4
9,761,18:21,4
9,762,18:22,2
9,763,18:23,2
9,764,18:24,2
9,765,18:25,0
9,766,18:26,0
9,767,18:27,0
9,768,18:28,1
9,769,18:29,1
9,770,18:30,1
9,771,18:31,1
9,772,18:32,2
9,773,18:33,2
9,774,18:34,2
9,775,18:35,2
9,776,18:36,2
9,777,18:37,2
9,778,18:38,2
9,779,18:39,2
9,780,18:40,2
9,781,18:41,2
9,782,18:42,2
9,783,18:43,1
9,784,18:44,1
9,785,18:45,1
9,786,18:46,0
9,787,18:47,0
9,788,18:48,0
9,789,18:49,0
9,790,18:50,0
9,791,18:51,0
9,792,18:52,0
9,793,18:53,0
9,794,18:54,0
9,795,18:55,0
9,796,18:56,0
9,797,18:57,0
9,798,18:58,0
9,799,18:59,0
9,800,19:00,0
9,801,19:01,0
9,802,19:02,0
9,803,19:03,0
9,804,19:04,0
9,805,19:05,0
9,806,19:06,0
9,807,19:07,0
9,808,19:08,0
9,809,19:09,0
9,810,19:10,0
9,811,19:11,0
9,812,19:12,0
9,813,19:13,0
9,814,19:14,0
9,815,19:15,0
9,816,19:16,0
9,817,19:17,0
9,818,19:18,0
9,819,19:19,0
9,820,19:20,0
9,821,19:21,0
9,822,19:22,0
9,823,19:23,0
9,824,19:24,0
9,825,19:25,0
9,826,19:26,0
9,827,19:27,0
9,828,19:28,0
9,829,19:29,0
9,830,19:30,0
9,831,19:31,0
9,832,19:32,0
9,833,19:33,0
9,834,19:34,0
9,835,19:35,0
10,0,05:40,0
10,1,05:41,0
10,2,05:42,0
10,3,05:43,0
10,4,05:44,0
10,5,05:45,0
10,6,05:46,0
10,7,05:47,0
10,8,05:48,0
10,9,05:49,0
10,10,05:50,0
10,11,05:51,0
10,12,05:52,0
10,13,05:53,0
10,14,05:54,0
10,15,05:55,0
10,16,05:56,0
10,17,05:57,0
10,18,05:58,0
10,19,05:59,0
10,20,06:00,0
10,21,06:01,0
10,22,06:02,0
10,23,06:03,0
10,24,06:04,0
10,25,06:05,0
10,26,06:06,0
10,27,06:07,0
10,28,06:08,0
10,29,06:09,0
10,30,06:10,0
10,31,06:11,0
10,32,06:12,0
10,33,06:13,0
10,34,06:14,0
10,35,06:15,0
10,36,06:16,0
10,37,06:17,0
10,38,06:18,0
10,39,06:19,0
10,40,06:20,0
10,41,06:21,0
10,42,06:22,0
10,43,06:23,0
10,44,06:24,0
10,45,06:25,0
10,46,06:26,0
10,47,06:27,1
10,48,06:28,1
10,49,06:29,1
10,50,06:30,2
10,51,06:31,2
10,52,06:32,2
10,53,06:33,2
10,54,06:34,2
10,55,06:35,2
10,56,06:36,2
10,57,06:37,2
10,58,06:38,2
10,59,06:39,2
10,60,06:40,2
10,61,06:41,2
10,62,06:42,2
10,63,06:43,2
10,64,06:44,2
10,65,06:45,1
10,66,06:46,1
10,67,06:47,1
10,68,06:48,0
10,69,06:49,0
10,70,06:50,0
10,71,06:51,0
10,72,06:52,0
10,73,06:53,0
10,74,06:54,0
10,75,06:55,0
10,76,06:56,0
10,77,06:57,0
10,78,06:58,0
10,79,06:59,0
10,80,07:00,0
10,81,07:01,0
10,82,07:02,0
10,83,07:03,0
10,84,07:04,0
10,85,07:05,0
10,86,07:06,0
10,87,07:07,0
10,88,07:08,0
10,89,07:09,0
10,90,07:10,0
10,91,07:11,0
10,92,07:12,1
10,93,07:13,1
10,94,07:14,1
10,95,07:15,1
10,96,07:16,1
10,97,07:17,2
10,98,07:18,2
10,99,07:19,2
10,100,07:20,2
10,101,07:21,2
10,102,07:22,2
10,103,07:23,2
10,104,07:24,2
10,105,07:25,2
10,106,07:26,2
10,107,07:27,2
10,108,07:28,2
10,109,07:29,2
10,110,07:30,2
10,111,07:31,2
10,112,07:32,1
10,113,07:33,1
10,114,07:34,1
10,115,07:35,0
10,116,07:36,0
10,117,07:37,0
10,118,07:38,0
10,119,07:39,0
10,120,07:40,0
10,121,07:41,0
10,122,07:42,0
10,123,07:43,0
10,124,07:44,1
10,125,07:45,1
10,126,07:46,1
10,127,07:47,1
10,128,07:48,1
10,129,07:49,1
10,130,07:50,1
10,131,07:51,1
10,132,07:52,1
10,133,07:53,1
10,134,07:54,0
10,135,07:55,0
10,136,07:56,0
10,137,07:57,0
10,138,07:58,0
10,139,07:59,0
10,140,08:00,0
10,141,08:01,0
10,142,08:02,0
10,143,08:03,0
10,144,08:04,0
10,145,08:05,0
10,146,08:06,0
10,147,08:07,1
10,148,08:08,1
10,149,08:09,1
10,150,08:10,1
10,151,08:11,1
10,152,08:12,1
10,153,08:13,1
10,154,08:14,1
10,155,08:15,1
10,156,08:16,1
10,157,08:17,1
10,158,08:18,1
10,159,08:19,1
10,160,08:20,0
10,161,08:21,0
10,162,08:22,0
10,163,08:23,0
10,164,08:24,0
10,165,08:25,0
10,166,08:26,0
10,167,08:27,0
10,168,08:28,0
10,169,08:29,0
10,170,08:30,0
10,171,08:31,0
10,172,08:32,0
10,173,08:33,0
10,174,08:34,0
10,175,08:35,2
10,176,08:36,2
10,177,08:37,2
10,178,08:38,4
10,179,08:39,4
10,180,08:40,4
10,181,08:41,4
10,182,08:42,4
10,183,08:43,4
10,184,08:44,4
10,185,08:45,4
10,186,08:46,4
10,187,08:47,4
10,188,08:48,2
10,189,08:49,2
10,190,08:50,2
10,191,08:51,0
10,192,08:52,0
10,193,08:53,0
10,194,08:54,0
10,195,08:55,0
10,196,08:56,0
10,197,08:57,0
10,198,08:58,0
10,199,08:59,0
10,200,09:00,0
10,201,09:01,0
10,202,09:02,0
10,203,09:03,0
10,204,09:04,0
10,205,09:05,0
10,206,09:06,0
10,207,09:07,0
10,208,09:08,0
10,209,09:09,0
10,210,09:10,0
10,211,09:11,0
10,212,09:12,1
10,213,09:13,1
10,214,09:14,1
10,215,09:15,1
10,216,09:16,1
10,217,09:17,1
10,218,09:18,1
10,219,09:19,1
10,220,09:20,1
10,221,09:21,1
10,222,09:22,1
10,223,09:23,1
10,224,09:24,1
10,225,09:25,1
10,226,09:26,1
10,227,09:27,1
10,228,09:28,1
10,229,09:29,1
10,230,09:30,1
10,231,09:31,1
10,232,09:32,1
10,233,09:33,1
10,234,09:34,1
10,235,09:35,1
10,236,09:36,0
10,237,09:37,0
10,238,09:38,0
10,239,09:39,1
10,240,09:40,1
10,241,09:41,1
10,242,09:42,1
10,243,09:43,1
10,244,09:44,1
10,245,09:45,1
10,246,09:46,1
10,247,09:47,1
10,248,09:48,1
10,249,09:49,1
10,250,09:50,1
10,251,09:51,1
10,252,09:52,1
10,253,09:53,1
10,254,09:54,1
10,255,09:55,0
10,256,09:56,0
10,257,09:57,0
10,258,09:58,0
10,259,09:59,0
10,260,10:00,0
10,261,10:01,0
10,262,10:02,0
10,263,10:03,0
10,264,10:04,1
10,265,10:05,1
10,266,10:06,1
10,267,10:07,2
10,268,10:08,2
10,269,10:09,2
10,270,10:10,2
10,271,10:11,2
10,272,10:12,2
10,273,10:13,2
10,274,10:14,2
10,275,10:15,2
10,276,10:16,1
10,277,10:17,1
10,278,10:18,1
10,279,10:19,0
10,280,10:20,0
10,281,10:21,0
10,282,10:22,1
10,283,10:23,1
10,284,10:24,1
10,285,10:25,2
10,286,10:26,2
10,287,10:27,2
10,288,10:28,2
10,289,10:29,2
10,290,10:30,2
10,291,10:31,2
10,292,10:32,2
10,293,10:33,2
10,294,10:34,1
10,295,10:35,1
10,296,10:36,1
10,297,10:37,0
10,298,10:38,0
10,299,10:39,0
10,300,10:40,1
10,301,10:41,1
10,302,10:42,1
10,303,10:43,1
10,304,10:44,1
10,305,10:45,1
10,306,10:46,1
10,307,10:47,4
10,308,10:48,4
10,309,10:49,4
10,310,10:50,4
10,311,10:51,4
10,312,10:52,4
10,313,10:53,4
10,314,10:54,4
10,315,10:55,4
10,316,10:56,4
10,317,10:57,3
10,318,10:58,3
10,319,10:59,3
10,320,11:00,0
10,321,11:01,0
10,322,11:02,0
10,323,11:03,0
10,324,11:04,0
10,325,11:05,0
10,326,11:06,0
10,327,11:07,0
10,328,11:08,0
10,329,11:09,0
10,330,11:10,0
10,331,11:11,0
10,332,11:12,0
10,333,11:13,0
10,334,11:14,0
10,335,11:15,0
10,336,11:16,0
10,337,11:17,0
10,338,11:18,0
10,339,11:19,1
10,340,11:20,1
10,341,11:21,1
10,342,11:22,1
10,343,11:23,1
10,344,11:24,1
10,345,11:25,1
10,346,11:26,1
10,347,11:27,1
10,348,11:28,1
10,349,11:29,1
10,350,11:30,1
10,351,11:31,1
10,352,11:32,1
10,353,11:33,1
10,354,11:34,1
10,355,11:35,1
10,356,11:36,1
10,357,11:37,1
10,358,11:38,0
10,359,11:39,0
10,360,11:40,0
10,361,11:41,2
10,362,11:42,2
10,363,11:43,2
10,364,11:44,3
10,365,11:45,3
10,366,11:46,3
10,367,11:47,3
10,368,11:48,3
10,369,11:49,3
10,370,11:50,3
10,371,11:51,3
10,372,11:52,3
10,373,11:53,3
10,374,11:54,2
10,375,11:55,2
10,376,11:56,2
10,377,11:57,0
10,378,11:58,0
10,379,11:59,0
10,380,12:00,0
10,381,12:01,0
10,382,12:02,0
10,383,12:03,0
10,384,12:04,0
10,385,12:05,0
10,386,12:06,0
10,387,12:07,0
10,388,12:08,0
10,389,12:09,0
10,390,12:10,0
10,391,12:11,0
10,392,12:12,0
10,393,12:13,0
10,394,12:14,0
10,395,12:15,0
10,396,12:16,0
10,397,12:17,0
10,398,12:18,0
10,399,12:19,0
10,400,12:20,0
10,401,12:21,0
10,402,12:22,0
10,403,12:23,0
10,404,12:24,0
10,405,12:25,0
10,406,12:26,0
10,407,12:27,0
10,408,12:28,0
10,409,12:29,0
10,410,12:30,0
10,411,12:31,0
10,412,12:32,0
10,413,12:33,0
10,414,12:34,0
10,415,12:35,0
10,416,12:36,0
10,417,12:37,0
10,418,12:38,0
10,419,12:39,0
10,420,12:40,0
10,421,12:41,0
10,422,12:42,1
10,423,12:43,1
10,424,12:44,1
10,425,12:45,1
10,426,12:46,1
10,427,12:47,1
10,428,12:48,1
10,429,12:49,1
10,430,12:50,1
10,431,12:51,1
10,432,12:52,1
10,433,12:53,1
10,434,12:54,1
10,435,12:55,2
10,436,12:56,2
10,437,12:57,2
10,438,12:58,3
10,439,12:59,3
10,440,13:00,3
10,441,13:01,3
10,442,13:02,3
10,443,13:03,3
10,444,13:04,3
10,445,13:05,3
10,446,13:06,3
10,447,13:07,3
10,448,13:08,3
10,449,13:09,3
10,450,13:10,3
10,451,13:11,3
10,452,13:12,3
10,453,13:13,2
10,454,13:14,2
10,455,13:15,2
10,456,13:16,1
10,457,13:17,1
10,458,13:18,1
10,459,13:19,0
10,460,13:20,0
10,461,13:21,0
10,462,13:22,1
10,463,13:23,1
10,464,13:24,1
10,465,13:25,2
10,466,13:26,2
10,467,13:27,2
10,468,13:28,2
10,469,13:29,2
10,470,13:30,2
10,471,13:31,2
10,472,13:32,2
10,473,13:33,2
10,474,13:34,2
10,475,13:35,2
10,476,13:36,2
10,477,13:37,2
10,478,13:38,2
10,479,13:39,1
10,480,13:40,1
10,481,13:41,1
10,482,13:42,1
10,483,13:43,1
10,484,13:44,1
10,485,13:45,1
10,486,13:46,1
10,487,13:47,1
10,488,13:48,1
10,489,13:49,1
10,490,13:50,1
10,491,13:51,1
10,492,13:52,0
10,493,13:53,0
10,494,13:54,0
10,495,13:55,0
10,496,13:56,0
10,497,13:57,0
10,498,13:58,1
10,499,13:59,1
10,500,14:00,1
10,501,14:01,1
10,502,14:02,1
10,503,14:03,1
10,504,14:04,1
10,505,14:05,1
10,506,14:06,1
10,507,14:07,1
10,508,14:08,1
10,509,14:09,1
10,510,14:10,1
10,511,14:11,1
10,512,14:12,1
10,513,14:13,1
10,514,14:14,1
10,515,14:15,1
10,516,14:16,1
10,517,14:17,0
10,518,14:18,0
10,519,14:19,0
10,520,14:20,1
10,521,14:21,1
10,522,14:22,1
10,523,14:23,1
10,524,14:24,1
10,525,14:25,2
10,526,14:26,2
10,527,14:27,2
10,528,14:28,2
10,529,14:29,2
10,530,14:30,2
10,531,14:31,2
10,532,14:32,2
10,533,14:33,2
10,534,14:34,2
10,535,14:35,2
10,536,14:36,2
10,537,14:37,2
10,538,14:38,2
10,539,14:39,2
10,540,14:40,2
10,541,14:41,2
10,542,14:42,2
10,543,14:43,2
10,544,14:44,2
10,545,14:45,1
10,546,14:46,1
10,547,14:47,1
10,548,14:48,0
10,549,14:49,0
10,550,14:50,0
10,551,14:51,0
10,552,14:52,0
10,553,14:53,0
10,554,14:54,0
10,555,14:55,0
10,556,14:56,0
10,557,14:57,1
10,558,14:58,1
10,559,14:59,1
10,560,15:00,1
10,561,15:01,1
10,562,15:02,1
10,563,15:03,1
10,564,15:04,1
10,565,15:05,1
10,566,15:06,1
10,567,15:07,1
10,568,15:08,1
10,569,15:09,1
10,570,15:10,1
10,571,15:11,1
10,572,15:12,1
10,573,15:13,0
10,574,15:14,0
10,575,15:15,0
10,576,15:16,1
10,577,15:17,1
10,578,15:18,1
10,579,15:19,3
10,580,15:20,3
10,581,15:21,3
10,582,15:22,3
10,583,15:23,3
10,584,15:24,3
10,585,15:25,3
10,586,15:26,3
10,587,15:27,3
10,588,15:28,3
10,589,15:29,3
10,590,15:30,2
10,591,15:31,2
10,592,15:32,2
10,593,15:33,0
10,594,15:34,0
10,595,15:35,0
10,596,15:36,1
10,597,15:37,1
10,598,15:38,1
10,599,15:39,1
10,600,15:40,1
10,601,15:41,1
10,602,15:42,1
10,603,15:43,1
10,604,15:44,1
10,605,15:45,1
10,606,15:46,1
10,607,15:47,1
10,608,15:48,1
10,609,15:49,1
10,610,15:50,1
10,611,15:51,1
10,612,15:52,1
10,613,15:53,1
10,614,15:54,1
10,615,15:55,1
10,616,15:56,0
10,617,15:57,0
10,618,15:58,0
10,619,15:59,0
10,620,16:00,1
10,621,16:01,1
10,622,16:02,1
10,623,16:03,1
10,624,16:04,3
10,625,16:05,3
10,626,16:06,3
10,627,16:07,4
10,628,16:08,4
10,629,16:09,4
10,630,16:10,4
10,631,16:11,4
10,632,16:12,4
10,633,16:13,4
10,634,16:14,4
10,635,16:15,4
10,636,16:16,4
10,637,16:17,4
10,638,16:18,4
10,639,16:19,4
10,640,16:20,4
10,641,16:21,4
10,642,16:22,4
10,643,16:23,4
10,644,16:24,4
10,645,16:25,3
10,646,16:26,3
10,647,16:27,3
10,648,16:28,2
10,649,16:29,2
10,650,16:30,2
10,651,16:31,0
10,652,16:32,0
10,653,16:33,0
10,654,16:34,0
10,655,16:35,0
10,656,16:36,0
10,657,16:37,0
10,658,16:38,2
10,659,16:39,2
10,660,16:40,2
10,661,16:41,2
10,662,16:42,2
10,663,16:43,2
10,664,16:44,2
10,665,16:45,2
10,666,16:46,2
10,667,16:47,2
10,668,16:48,2
10,669,16:49,2
10,670,16:50,2
10,671,16:51,2
10,672,16:52,2
10,673,16:53,2
10,674,16:54,2
10,675,16:55,2
10,676,16:56,2
10,677,16:57,2
10,678,16:58,2
10,679,16:59,2
10,680,17:00,2
10,681,17:01,2
10,682,17:02,2
10,683,17:03,2
10,684,17:04,2
10,685,17:05,2
10,686,17:06,2
10,687,17:07,2
10,688,17:08,0
10,689,17:09,0
10,690,17:10,0
10,691,17:11,1
10,692,17:12,1
10,693,17:13,1
10,694,17:14,3
10,695,17:15,3
10,696,17:16,3
10,697,17:17,3
10,698,17:18,3
10,699,17:19,3
10,700,17:20,3
10,701,17:21,3
10,702,17:22,3
10,703,17:23,3
10,704,17:24,3
10,705,17:25,3
10,706,17:26,3
10,707,17:27,3
10,708,17:28,3
10,709,17:29,3
10,710,17:30,3
10,711,17:31,3
10,712,17:32,2
10,713,17:33,2
10,714,17:34,2
10,715,17:35,0
10,716,17:36,0
10,717,17:37,0
10,718,17:38,1
10,719,17:39,1
10,720,17:40,1
10,721,17:41,1
10,722,17:42,1
10,723,17:43,1
10,724,17:44,1
10,725,17:45,1
10,726,17:46,1
10,727,17:47,1
10,728,17:48,1
10,729,17:49,1
10,730,17:50,0
10,731,17:51,0
10,732,17:52,0
10,733,17:53,1
10,734,17:54,1
10,735,17:55,1
10,736,17:56,1
10,737,17:57,1
10,738,17:58,4
10,739,17:59,4
10,740,18:00,4
10,741,18:01,4
10,742,18:02,4
10,743,18:03,4
10,744,18:04,4
10,745,18:05,4
10,746,18:06,4
10,747,18:07,3
10,748,18:08,3
10,749,18:09,3
10,750,18:10,0
10,751,18:11,0
10,752,18:12,0
10,753,18:13,2
10,754,18:14,2
10,755,18:15,2
10,756,18:16,2
10,757,18:17,2
10,758,18:18,2
10,759,18:19,2
10,760,18:20,2
10,761,18:21,2
10,762,18:22,2
10,763,18:23,0
10,764,18:24,0
10,765,18:25,0
10,766,18:26,1
10,767,18:27,1
10,768,18:28,1
10,769,18:29,2
10,770,18:30,2
10,771,18:31,2
10,772,18:32,2
10,773,18:33,2
10,774,18:34,2
10,775,18:35,2
10,776,18:36,2
10,777,18:37,2
10,778,18:38,2
10,779,18:39,1
10,780,18:40,1
10,781,18:41,1
10,782,18:42,0
10,783,18:43,0
10,784,18:44,0
10,785,18:45,1
10,786,18:46,1
10,787,18:47,1
10,788,18:48,1
10,789,18:49,1
10,790,18:50,1
10,791,18:51,1
10,792,18:52,1
10,793,18:53,1
10,794,18:54,1
10,795,18:55,1
10,796,18:56,0
10,797,18:57,0
10,798,18:58,0
10,799,18:59,1
10,800,19:00,1
10,801,19:01,1
10,802,19:02,1
10,803,19:03,1
10,804,19:04,1
10,805,19:05,1
10,806,19:06,1
10,807,19:07,1
10,808,19:08,1
10,809,19:09,1
10,810,19:10,1
10,811,19:11,1
10,812,19:12,1
10,813,19:13,1
10,814,19:14,1
10,815,19:15,1
10,816,19:16,0
10,817,19:17,0
10,818,19:18,0
10,819,19:19,0
10,820,19:20,0
10,821,19:21,0
10,822,19:22,0
10,823,19:23,0
10,824,19:24,0
10,825,19:25,0
10,826,19:26,0
10,827,19:27,0
10,828,19:28,0
10,829,19:29,0
10,830,19:30,0
10,831,19:31,0
10,832,19:32,0
10,833,19:33,0
10,834,19:34,0
10,835,19:35,0
11,0,05:40,0
11,1,05:41,0
11,2,05:42,0
11,3,05:43,0
11,4,05:44,0
11,5,05:45,0
11,6,05:46,0
11,7,05:47,0
11,8,05:48,0
11,9,05:49,0
11,10,05:50,0
11,11,05:51,0
11,12,05:52,0
11,13,05:53,0
11,14,05:54,0
11,15,05:55,0
11,16,05:56,0
11,17,05:57,0
11,18,05:58,0
11,19,05:59,0
11,20,06:00,0
11,21,06:01,0
11,22,06:02,0
11,23,06:03,0
11,24,06:04,0
11,25,06:05,0
11,26,06:06,0
11,27,06:07,0
11,28,06:08,0
11,29,06:09,0
11,30,06:10,0
11,31,06:11,0
11,32,06:12,0
11,33,06:13,0
11,34,06:14,0
11,35,06:15,0
11,36,06:16,0
11,37,06:17,0
11,38,06:18,0
11,39,06:19,0
11,40,06:20,0
11,41,06:21,0
11,42,06:22,0
11,43,06:23,0
11,44,06:24,0
11,45,06:25,0
11,46,06:26,0
11,47,06:27,0
11,48,06:28,0
11,49,06:29,0
11,50,06:30,0
11,51,06:31,0
11,52,06:32,0
11,53,06:33,0
11,54,06:34,0
11,55,06:35,0
11,56,06:36,0
11,57,06:37,0
11,58,06:38,0
11,59,06:39,0
11,60,06:40,0
11,61,06:41,0
11,62,06:42,0
11,63,06:43,0
11,64,06:44,0
11,65,06:45,0
11,66,06:46,0
11,67,06:47,0
11,68,06:48,0
11,69,06:49,0
11,70,06:50,0
11,71,06:51,0
11,72,06:52,0
11,73,06:53,0
11,74,06:54,0
11,75,06:55,0
11,76,06:56,0
11,77,06:57,0
11,78,06:58,0
11,79,06:59,0
11,80,07:00,0
11,81,07:01,0
11,82,07:02,0
11,83,07:03,0
11,84,07:04,0
11,85,07:05,0
11,86,07:06,0
11,87,07:07,0
11,88,07:08,0
11,89,07:09,0
11,90,07:10,1
11,91,07:11,1
11,92,07:12,1
11,93,07:13,1
11,94,07:14,1
11,95,07:15,1
11,96,07:16,1
11,97,07:17,1
11,98,07:18,1
11,99,07:19,1
11,100,07:20,1
11,101,07:21,1
11,102,07:22,1
11,103,07:23,0
11,104,07:24,0
11,105,07:25,0
11,106,07:26,1
11,107,07:27,1
11,108,07:28,1
11,109,07:29,3
11,110,07:30,3
11,111,07:31,3
11,112,07:32,3
11,113,07:33,3
11,114,07:34,3
11,115,07:35,3
11,116,07:36,3
11,117,07:37,3
11,118,07:38,2
11,119,07:39,2
11,120,07:40,2
11,121,07:41,0
11,122,07:42,0
11,123,07:43,0
11,124,07:44,0
11,125,07:45,0
11,126,07:46,0
11,127,07:47,0
11,128,07:48,0
11,129,07:49,0
11,130,07:50,0
11,131,07:51,1
11,132,07:52,1
11,133,07:53,1
11,134,07:54,2
11,135,07:55,2
11,136,07:56,2
11,137,07:57,2
11,138,07:58,2
11,139,07:59,2
11,140,08:00,2
11,141,08:01,2
11,142,08:02,2
11,143,08:03,2
11,144,08:04,2
11,145,08:05,2
11,146,08:06,2
11,147,08:07,2
11,148,08:08,2
11,149,08:09,2
11,150,08:10,2
11,151,08:11,2
11,152,08:12,2
11,153,08:13,2
11,154,08:14,2
11,155,08:15,2
11,156,08:16,2
11,157,08:17,1
11,158,08:18,1
11,159,08:19,1
11,160,08:20,0
11,161,08:21,0
11,162,08:22,0
11,163,08:23,1
11,164,08:24,1
11,165,08:25,1
11,166,08:26,1
11,167,08:27,1
11,168,08:28,1
11,169,08:29,1
11,170,08:30,1
11,171,08:31,1
11,172,08:32,1
11,173,08:33,1
11,174,08:34,1
11,175,08:35,1
11,176,08:36,1
11,177,08:37,1
11,178,08:38,1
11,179,08:39,1
11,180,08:40,1
11,181,08:41,1
11,182,08:42,0
11,183,08:43,0
11,184,08:44,0
11,185,08:45,0
11,186,08:46,0
11,187,08:47,0
11,188,08:48,0
11,189,08:49,0
11,190,08:50,0
11,191,08:51,0
11,192,08:52,0
11,193,08:53,0
11,194,08:54,0
11,195,08:55,0
11,196,08:56,0
11,197,08:57,0
11,198,08:58,0
11,199,08:59,0
11,200,09:00,0
11,201,09:01,0
11,202,09:02,0
11,203,09:03,0
11,204,09:04,0
11,205,09:05,0
11,206,09:06,0
11,207,09:07,1
11,208,09:08,1
11,209,09:09,1
11,210,09:10,1
11,211,09:11,1
11,212,09:12,1
11,213,09:13,1
11,214,09:14,1
11,215,09:15,1
11,216,09:16,1
11,217,09:17,0
11,218,09:18,0
11,219,09:19,0
11,220,09:20,0
11,221,09:21,0
11,222,09:22,0
11,223,09:23,0
11,224,09:24,0
11,225,09:25,0
11,226,09:26,0
11,227,09:27,0
11,228,09:28,0
11,229,09:29,0
11,230,09:30,0
11,231,09:31,0
11,232,09:32,0
11,233,09:33,0
11,234,09:34,0
11,235,09:35,0
11,236,09:36,0
11,237,09:37,0
11,238,09:38,0
11,239,09:39,0
11,240,09:40,0
11,241,09:41,0
11,242,09:42,0
11,243,09:43,0
11,244,09:44,0
11,245,09:45,0
11,246,09:46,1
11,247,09:47,1
11,248,09:48,1
11,249,09:49,1
11,250,09:50,1
11,251,09:51,1
11,252,09:52,1
11,253,09:53,1
11,254,09:54,1
11,255,09:55,1
11,256,09:56,1
11,257,09:57,0
11,258,09:58,0
11,259,09:59,0
11,260,10:00,0
11,261,10:01,1
11,262,10:02,1
11,263,10:03,1
11,264,10:04,1
11,265,10:05,1
11,266,10:06,1
11,267,10:07,1
11,268,10:08,1
11,269,10:09,1
11,270,10:10,2
11,271,10:11,2
11,272,10:12,2
11,273,10:13,2
11,274,10:14,2
11,275,10:15,2
11,276,10:16,2
11,277,10:17,2
11,278,10:18,2
11,279,10:19,1
11,280,10:20,1
11,281,10:21,1
11,282,10:22,0
11,283,10:23,0
11,284,10:24,0
11,285,10:25,0
11,286,10:26,0
11,287,10:27,0
11,288,10:28,0
11,289,10:29,0
11,290,10:30,0
11,291,10:31,0
11,292,10:32,1
11,293,10:33,1
11,294,10:34,1
11,295,10:35,1
11,296,10:36,1
11,297,10:37,1
11,298,10:38,1
11,299,10:39,1
11,300,10:40,1
11,301,10:41,1
11,302,10:42,0
11,303,10:43,0
11,304,10:44,0
11,305,10:45,1
11,306,10:46,1
11,307,10:47,1
11,308,10:48,2
11,309,10:49,2
11,310,10:50,2
11,311,10:51,2
11,312,10:52,2
11,313,10:53,2
11,314,10:54,2
11,315,10:55,2
11,316,10:56,2
11,317,10:57,2
11,318,10:58,1
11,319,10:59,1
11,320,11:00,1
11,321,11:01,1
11,322,11:02,1
11,323,11:03,1
11,324,11:04,1
11,325,11:05,1
11,326,11:06,1
11,327,11:07,1
11,328,11:08,1
11,329,11:09,1
11,330,11:10,1
11,331,11:11,1
11,332,11:12,1
11,333,11:13,0
11,334,11:14,0
11,335,11:15,0
11,336,11:16,1
11,337,11:17,1
11,338,11:18,1
11,339,11:19,1
11,340,11:20,1
11,341,11:21,1
11,342,11:22,1
11,343,11:23,1
11,344,11:24,1
11,345,11:25,1
11,346,11:26,1
11,347,11:27,1
11,348,11:28,1
11,349,11:29,1
11,350,11:30,1
11,351,11:31,1
11,352,11:32,1
11,353,11:33,1
11,354,11:34,0
11,355,11:35,0
11,356,11:36,0
11,357,11:37,0
11,358,11:38,0
11,359,11:39,0
11,360,11:40,1
11,361,11:41,1
11,362,11:42,1
11,363,11:43,2
11,364,11:44,2
11,365,11:45,2
11,366,11:46,2
11,367,11:47,2
11,368,11:48,2
11,369,11:49,2
11,370,11:50,2
11,371,11:51,2
11,372,11:52,1
11,373,11:53,1
11,374,11:54,1
11,375,11:55,0
11,376,11:56,0
11,377,11:57,0
11,378,11:58,0
11,379,11:59,0
11,380,12:00,0
11,381,12:01,0
11,382,12:02,0
11,383,12:03,0
11,384,12:04,0
11,385,12:05,0
11,386,12:06,0
11,387,12:07,0
11,388,12:08,0
11,389,12:09,0
11,390,12:10,0
11,391,12:11,0
11,392,12:12,0
11,393,12:13,0
11,394,12:14,0
11,395,12:15,0
11,396,12:16,0
11,397,12:17,0
11,398,12:18,0
11,399,12:19,0
11,400,12:20,0
11,401,12:21,0
11,402,12:22,0
11,403,12:23,0
11,404,12:24,0
11,405,12:25,0
11,406,12:26,0
11,407,12:27,0
11,408,12:28,0
11,409,12:29,1
11,410,12:30,1
11,411,12:31,1
11,412,12:32,1
11,413,12:33,1
11,414,12:34,2
11,415,12:35,2
11,416,12:36,2
11,417,12:37,3
11,418,12:38,3
11,419,12:39,3
11,420,12:40,3
11,421,12:41,3
11,422,12:42,3
11,423,12:43,3
11,424,12:44,3
11,425,12:45,3
11,426,12:46,3
11,427,12:47,3
11,428,12:48,2
11,429,12:49,2
11,430,12:50,2
11,431,12:51,1
11,432,12:52,1
11,433,12:53,1
11,434,12:54,0
11,435,12:55,0
11,436,12:56,0
11,437,12:57,0
11,438,12:58,0
11,439,12:59,0
11,440,13:00,0
11,441,13:01,0
11,442,13:02,0
11,443,13:03,0
11,444,13:04,0
11,445,13:05,0
11,446,13:06,0
11,447,13:07,0
11,448,13:08,0
11,449,13:09,0
11,450,13:10,0
11,451,13:11,0
11,452,13:12,0
11,453,13:13,0
11,454,13:14,0
11,455,13:15,0
11,456,13:16,0
11,457,13:17,0
11,458,13:18,0
11,459,13:19,0
11,460,13:20,0
11,461,13:21,0
11,462,13:22,0
11,463,13:23,0
11,464,13:24,0
11,465,13:25,0
11,466,13:26,0
11,467,13:27,0
11,468,13:28,0
11,469,13:29,0
11,470,13:30,0
11,471,13:31,0
11,472,13:32,0
11,473,13:33,0
11,474,13:34,0
11,475,13:35,0
11,476,13:36,0
11,477,13:37,0
11,478,13:38,0
11,479,13:39,0
11,480,13:40,0
11,481,13:41,0
11,482,13:42,0
11,483,13:43,0
11,484,13:44,0
11,485,13:45,0
11,486,13:46,0
11,487,13:47,0
11,488,13:48,0
11,489,13:49,0
11,490,13:50,0
11,491,13:51,0
11,492,13:52,0
11,493,13:53,0
11,494,13:54,0
11,495,13:55,0
11,496,13:56,0
11,497,13:57,0
11,498,13:58,0
11,499,13:59,0
11,500,14:00,0
11,501,14:01,0
11,502,14:02,0
11,503,14:03,0
11,504,14:04,0
11,505,14:05,0
11,506,14:06,0
11,507,14:07,0
11,508,14:08,0
11,509,14:09,0
11,510,14:10,0
11,511,14:11,1
11,512,14:12,1
11,513,14:13,1
11,514,14:14,1
11,515,14:15,1
11,516,14:16,1
11,517,14:17,1
11,518,14:18,1
11,519,14:19,1
11,520,14:20,0
11,521,14:21,0
11,522,14:22,0
11,523,14:23,1
11,524,14:24,1
11,525,14:25,1
11,526,14:26,3
11,527,14:27,3
11,528,14:28,3
11,529,14:29,3
11,530,14:30,3
11,531,14:31,3
11,532,14:32,3
11,533,14:33,3
11,534,14:34,3
11,535,14:35,3
11,536,14:36,2
11,537,14:37,2
11,538,14:38,2
11,539,14:39,3
11,540,14:40,3
11,541,14:41,3
11,542,14:42,1
11,543,14:43,1
11,544,14:44,1
11,545,14:45,1
11,546,14:46,1
11,547,14:47,1
11,548,14:48,1
11,549,14:49,1
11,550,14:50,1
11,551,14:51,1
11,552,14:52,1
11,553,14:53,1
11,554,14:54,1
11,555,14:55,1
11,556,14:56,1
11,557,14:57,0
11,558,14:58,0
11,559,14:59,0
11,560,15:00,1
11,561,15:01,1
11,562,15:02,1
11,563,15:03,1
11,564,15:04,1
11,565,15:05,1
11,566,15:06,1
11,567,15:07,1
11,568,15:08,1
11,569,15:09,1
11,570,15:10,1
11,571,15:11,1
11,572,15:12,1
11,573,15:13,1
11,574,15:14,1
11,575,15:15,0
11,576,15:16,0
11,577,15:17,0
11,578,15:18,0
11,579,15:19,0
11,580,15:20,1
11,581,15:21,1
11,582,15:22,1
11,583,15:23,1
11,584,15:24,1
11,585,15:25,1
11,586,15:26,1
11,587,15:27,1
11,588,15:28,1
11,589,15:29,1
11,590,15:30,1
11,591,15:31,1
11,592,15:32,1
11,593,15:33,1
11,594,15:34,1
11,595,15:35,1
11,596,15:36,1
11,597,15:37,1
11,598,15:38,0
11,599,15:39,0
11,600,15:40,0
11,601,15:41,1
11,602,15:42,1
11,603,15:43,1
11,604,15:44,2
11,605,15:45,2
11,606,15:46,2
11,607,15:47,2
11,608,15:48,2
11,609,15:49,2
11,610,15:50,2
11,611,15:51,2
11,612,15:52,2
11,613,15:53,2
11,614,15:54,2
11,615,15:55,2
11,616,15:56,2
11,617,15:57,2
11,618,15:58,2
11,619,15:59,1
11,620,16:00,1
11,621,16:01,1
11,622,16:02,1
11,623,16:03,1
11,624,16:04,1
11,625,16:05,1
11,626,16:06,1
11,627,16:07,1
11,628,16:08,0
11,629,16:09,0
11,630,16:10,0
11,631,16:11,0
11,632,16:12,0
11,633,16:13,0
11,634,16:14,0
11,635,16:15,0
11,636,16:16,0
11,637,16:17,1
11,638,16:18,1
11,639,16:19,1
11,640,16:20,1
11,641,16:21,1
11,642,16:22,1
11,643,16:23,1
11,644,16:24,1
11,645,16:25,1
11,646,16:26,1
11,647,16:27,1
11,648,16:28,1
11,649,16:29,1
11,650,16:30,1
11,651,16:31,1
11,652,16:32,1
11,653,16:33,0
11,654,16:34,0
11,655,16:35,0
11,656,16:36,1
11,657,16:37,1
11,658,16:38,1
11,659,16:39,1
11,660,16:40,1
11,661,16:41,1
11,662,16:42,1
11,663,16:43,1
11,664,16:44,1
11,665,16:45,1
11,666,16:46,1
11,667,16:47,1
11,668,16:48,1
11,669,16:49,0
11,670,16:50,0
11,671,16:51,0
11,672,16:52,0
11,673,16:53,0
11,674,16:54,0
11,675,16:55,0
11,676,16:56,0
11,677,16:57,0
11,678,16:58,0
11,679,16:59,0
11,680,17:00,0
11,681,17:01,0
11,682,17:02,0
11,683,17:03,0
11,684,17:04,0
11,685,17:05,0
11,686,17:06,0
11,687,17:07,2
11,688,17:08,2
11,689,17:09,2
11,690,17:10,4
11,691,17:11,4
11,692,17:12,4
11,693,17:13,4
11,694,17:14,4
11,695,17:15,4
11,696,17:16,4
11,697,17:17,4
11,698,17:18,4
11,699,17:19,4
11,700,17:20,4
11,701,17:21,4
11,702,17:22,4
11,703,17:23,4
11,704,17:24,4
11,705,17:25,2
11,706,17:26,2
11,707,17:27,2
11,708,17:28,2
11,709,17:29,2
11,710,17:30,2
11,711,17:31,2
11,712,17:32,2
11,713,17:33,2
11,714,17:34,2
11,715,17:35,2
11,716,17:36,2
11,717,17:37,2
11,718,17:38,0
11,719,17:39,0
11,720,17:40,0
11,721,17:41,4
11,722,17:42,4
11,723,17:43,4
11,724,17:44,4
11,725,17:45,4
11,726,17:46,4
11,727,17:47,4
11,728,17:48,4
11,729,17:49,4
11,730,17:50,4
11,731,17:51,4
11,732,17:52,0
11,733,17:53,0
11,734,17:54,0
11,735,17:55,0
11,736,17:56,0
11,737,17:57,0
11,738,17:58,0
11,739,17:59,0
11,740,18:00,0
11,741,18:01,0
11,742,18:02,0
11,743,18:03,0
11,744,18:04,0
11,745,18:05,0
11,746,18:06,0
11,747,18:07,0
11,748,18:08,1
11,749,18:09,1
11,750,18:10,1
11,751,18:11,1
11,752,18:12,1
11,753,18:13,1
11,754,18:14,1
11,755,18:15,1
11,756,18:16,1
11,757,18:17,1
11,758,18:18,1
11,759,18:19,0
11,760,18:20,0
11,761,18:21,0
11,762,18:22,0
11,763,18:23,0
11,764,18:24,0
11,765,18:25,0
11,766,18:26,0
11,767,18:27,0
11,768,18:28,0
11,769,18:29,0
11,770,18:30,1
11,771,18:31,1
11,772,18:32,1
11,773,18:33,1
11,774,18:34,1
11,775,18:35,1
11,776,18:36,1
11,777,18:37,1
11,778,18:38,1
11,779,18:39,3
11,780,18:40,3
11,781,18:41,3
11,782,18:42,3
11,783,18:43,3
11,784,18:44,3
11,785,18:45,3
11,786,18:46,3
11,787,18:47,3
11,788,18:48,3
11,789,18:49,2
11,790,18:50,2
11,791,18:51,2
11,792,18:52,2
11,793,18:53,2
11,794,18:54,2
11,795,18:55,2
11,796,18:56,2
11,797,18:57,2
11,798,18:58,0
11,799,18:59,0
11,800,19:00,0
11,801,19:01,0
11,802,19:02,0
11,803,19:03,0
11,804,19:04,0
11,805,19:05,0
11,806,19:06,0
11,807,19:07,0
11,808,19:08,0
11,809,19:09,0
11,810,19:10,0
11,811,19:11,0
11,812,19:12,0
11,813,19:13,0
11,814,19:14,0
11,815,19:15,0
11,816,19:16,0
11,817,19:17,0
11,818,19:18,0
11,819,19:19,0
11,820,19:20,0
11,821,19:21,0
11,822,19:22,0
11,823,19:23,0
11,824,19:24,0
11,825,19:25,0
11,826,19:26,0
11,827,19:27,0
11,828,19:28,0
11,829,19:29,0
11,830,19:30,0
11,831,19:31,0
11,832,19:32,0
11,833,19:33,0
11,834,19:34,0
11,835,19:35,0
12,0,05:40,0
12,1,05:41,0
12,2,05:42,0
12,3,05:43,0
12,4,05:44,0
12,5,05:45,0
12,6,05:46,0
12,7,05:47,0
12,8,05:48,0
12,9,05:49,0
12,10,05:50,0
12,11,05:51,0
12,12,05:52,0
12,13,05:53,0
12,14,05:54,0
12,15,05:55,0
12,16,05:56,0
12,17,05:57,0
12,18,05:58,0
12,19,05:59,0
12,20,06:00,0
12,21,06:01,0
12,22,06:02,0
12,23,06:03,0
12,24,06:04,0
12,25,06:05,0
12,26,06:06,0
12,27,06:07,0
12,28,06:08,0
12,29,06:09,0
12,30,06:10,0
12,31,06:11,0
12,32,06:12,0
12,33,06:13,0
12,34,06:14,0
12,35,06:15,0
12,36,06:16,0
12,37,06:17,0
12,38,06:18,0
12,39,06:19,0
12,40,06:20,0
12,41,06:21,0
12,42,06:22,0
12,43,06:23,0
12,44,06:24,0
12,45,06:25,0
12,46,06:26,0
12,47,06:27,0
12,48,06:28,0
12,49,06:29,0
12,50,06:30,0
12,51,06:31,0
12,52,06:32,0
12,53,06:33,0
12,54,06:34,0
12,55,06:35,0
12,56,06:36,0
12,57,06:37,0
12,58,06:38,0
12,59,06:39,0
12,60,06:40,0
12,61,06:41,0
12,62,06:42,0
12,63,06:43,0
12,64,06:44,0
12,65,06:45,0
12,66,06:46,0
12,67,06:47,2
12,68,06:48,2
12,69,06:49,2
12,70,06:50,3
12,71,06:51,3
12,72,06:52,3
12,73,06:53,3
12,74,06:54,3
12,75,06:55,3
12,76,06:56,3
12,77,06:57,3
12,78,06:58,3
12,79,06:59,3
12,80,07:00,3
12,81,07:01,3
12,82,07:02,3
12,83,07:03,3
12,84,07:04,3
12,85,07:05,3
12,86,07:06,3
12,87,07:07,3
12,88,07:08,2
12,89,07:09,2
12,90,07:10,2
12,91,07:11,0
12,92,07:12,0
12,93,07:13,0
12,94,07:14,0
12,95,07:15,0
12,96,07:16,0
12,97,07:17,0
12,98,07:18,0
12,99,07:19,0
12,100,07:20,0
12,101,07:21,0
12,102,07:22,0
12,103,07:23,0
12,104,07:24,0
12,105,07:25,0
12,106,07:26,0
12,107,07:27,0
12,108,07:28,0
12,109,07:29,0
12,110,07:30,0
12,111,07:31,0
12,112,07:32,0
12,113,07:33,0
12,114,07:34,0
12,115,07:35,0
12,116,07:36,0
12,117,07:37,0
12,118,07:38,0
12,119,07:39,0
12,120,07:40,0
12,121,07:41,0
12,122,07:42,0
12,123,07:43,0
12,124,07:44,0
12,125,07:45,0
12,126,07:46,0
12,127,07:47,0
12,128,07:48,0
12,129,07:49,0
12,130,07:50,0
12,131,07:51,0
12,132,07:52,0
12,133,07:53,0
12,134,07:54,0
12,135,07:55,0
12,136,07:56,0
12,137,07:57,0
12,138,07:58,0
12,139,07:59,0
12,140,08:00,0
12,141,08:01,0
12,142,08:02,0
12,143,08:03,0
12,144,08:04,0
12,145,08:05,0
12,146,08:06,0
12,147,08:07,0
12,148,08:08,0
12,149,08:09,0
12,150,08:10,1
12,151,08:11,1
12,152,08:12,1
12,153,08:13,2
12,154,08:14,2
12,155,08:15,2
12,156,08:16,2
12,157,08:17,2
12,158,08:18,2
12,159,08:19,2
12,160,08:20,2
12,161,08:21,2
12,162,08:22,2
12,163,08:23,2
12,164,08:24,2
12,165,08:25,2
12,166,08:26,2
12,167,08:27,2
12,168,08:28,2
12,169,08:29,2
12,170,08:30,2
12,171,08:31,2
12,172,08:32,2
12,173,08:33,2
12,174,08:34,2
12,175,08:35,2
12,176,08:36,1
12,177,08:37,1
12,178,08:38,1
12,179,08:39,0
12,180,08:40,0
12,181,08:41,0
12,182,08:42,0
12,183,08:43,4
12,184,08:44,4
12,185,08:45,4
12,186,08:46,4
12,187,08:47,4
12,188,08:48,4
12,189,08:49,4
12,190,08:50,4
12,191,08:51,4
12,192,08:52,4
12,193,08:53,0
12,194,08:54,0
12,195,08:55,0
12,196,08:56,0
12,197,08:57,0
12,198,08:58,0
12,199,08:59,0
12,200,09:00,0
12,201,09:01,0
12,202,09:02,0
12,203,09:03,0
12,204,09:04,0
12,205,09:05,0
12,206,09:06,0
12,207,09:07,1
12,208,09:08,1
12,209,09:09,1
12,210,09:10,2
12,211,09:11,2
12,212,09:12,2
12,213,09:13,2
12,214,09:14,2
12,215,09:15,2
12,216,09:16,2
12,217,09:17,2
12,218,09:18,2
12,219,09:19,2
12,220,09:20,2
12,221,09:21,2
12,222,09:22,2
12,223,09:23,1
12,224,09:24,1
12,225,09:25,1
12,226,09:26,0
12,227,09:27,0
12,228,09:28,0
12,229,09:29,1
12,230,09:30,1
12,231,09:31,1
12,232,09:32,3
12,233,09:33,3
12,234,09:34,3
12,235,09:35,3
12,236,09:36,3
12,237,09:37,3
12,238,09:38,3
12,239,09:39,3
12,240,09:40,3
12,241,09:41,3
12,242,09:42,2
12,243,09:43,2
12,244,09:44,2
12,245,09:45,0
12,246,09:46,0
12,247,09:47,0
12,248,09:48,0
12,249,09:49,0
12,250,09:50,0
12,251,09:51,0
12,252,09:52,0
12,253,09:53,0
12,254,09:54,0
12,255,09:55,0
12,256,09:56,0
12,257,09:57,0
12,258,09:58,0
12,259,09:59,0
12,260,10:00,0
12,261,10:01,0
12,262,10:02,0
12,263,10:03,0
12,264,10:04,0
12,265,10:05,0
12,266,10:06,0
12,267,10:07,0
12,268,10:08,0
12,269,10:09,0
12,270,10:10,1
12,271,10:11,1
12,272,10:12,1
12,273,10:13,2
12,274,10:14,2
12,275,10:15,2
12,276,10:16,2
12,277,10:17,2
12,278,10:18,2
12,279,10:19,2
12,280,10:20,2
12,281,10:21,2
12,282,10:22,1
12,283,10:23,1
12,284,10:24,1
12,285,10:25,0
12,286,10:26,0
12,287,10:27,0
12,288,10:28,0
12,289,10:29,0
12,290,10:30,0
12,291,10:31,0
12,292,10:32,0
12,293,10:33,0
12,294,10:34,1
12,295,10:35,1
12,296,10:36,1
12,297,10:37,1
12,298,10:38,1
12,299,10:39,1
12,300,10:40,1
12,301,10:41,1
12,302,10:42,1
12,303,10:43,0
12,304,10:44,0
12,305,10:45,0
12,306,10:46,0
12,307,10:47,0
12,308,10:48,0
12,309,10:49,0
12,310,10:50,0
12,311,10:51,0
12,312,10:52,1
12,313,10:53,1
12,314,10:54,1
12,315,10:55,1
12,316,10:56,1
12,317,10:57,1
12,318,10:58,2
12,319,10:59,2
12,320,11:00,2
12,321,11:01,2
12,322,11:02,2
12,323,11:03,2
12,324,11:04,2
12,325,11:05,2
12,326,11:06,2
12,327,11:07,2
12,328,11:08,2
12,329,11:09,2
12,330,11:10,2
12,331,11:11,2
12,332,11:12,2
12,333,11:13,1
12,334,11:14,1
12,335,11:15,1
12,336,11:16,0
12,337,11:17,0
12,338,11:18,0
12,339,11:19,0
12,340,11:20,1
12,341,11:21,1
12,342,11:22,1
12,343,11:23,2
12,344,11:24,2
12,345,11:25,2
12,346,11:26,2
12,347,11:27,2
12,348,11:28,2
12,349,11:29,2
12,350,11:30,2
12,351,11:31,2
12,352,11:32,2
12,353,11:33,2
12,354,11:34,1
12,355,11:35,1
12,356,11:36,1
12,357,11:37,1
12,358,11:38,1
12,359,11:39,1
12,360,11:40,1
12,361,11:41,1
12,362,11:42,1
12,363,11:43,0
12,364,11:44,0
12,365,11:45,0
12,366,11:46,0
12,367,11:47,0
12,368,11:48,0
12,369,11:49,0
12,370,11:50,0
12,371,11:51,0
12,372,11:52,0
12,373,11:53,1
12,374,11:54,1
12,375,11:55,1
12,376,11:56,3
12,377,11:57,3
12,378,11:58,3
12,379,11:59,3
12,380,12:00,3
12,381,12:01,3
12,382,12:02,3
12,383,12:03,3
12,384,12:04,3
12,385,12:05,3
12,386,12:06,2
12,387,12:07,2
12,388,12:08,2
12,389,12:09,2
12,390,12:10,2
12,391,12:11,2
12,392,12:12,2
12,393,12:13,2
12,394,12:14,2
12,395,12:15,2
12,396,12:16,2
12,397,12:17,2
12,398,12:18,2
12,399,12:19,0
12,400,12:20,0
12,401,12:21,0
12,402,12:22,0
12,403,12:23,0
12,404,12:24,0
12,405,12:25,0
12,406,12:26,0
12,407,12:27,0
12,408,12:28,0
12,409,12:29,0
12,410,12:30,0
12,411,12:31,0
12,412,12:32,0
12,413,12:33,0
12,414,12:34,0
12,415,12:35,0
12,416,12:36,0
12,417,12:37,0
12,418,12:38,0
12,419,12:39,0
12,420,12:40,0
12,421,12:41,0
12,422,12:42,0
12,423,12:43,0
12,424,12:44,0
12,425,12:45,0
12,426,12:46,0
12,427,12:47,0
12,428,12:48,0
12,429,12:49,0
12,430,12:50,0
12,431,12:51,0
12,432,12:52,0
12,433,12:53,0
12,434,12:54,0
12,435,12:55,0
12,436,12:56,0
12,437,12:57,0
12,438,12:58,0
12,439,12:59,0
12,440,13:00,0
12,441,13:01,0
12,442,13:02,0
12,443,13:03,0
12,444,13:04,0
12,445,13:05,0
12,446,13:06,0
12,447,13:07,0
12,448,13:08,0
12,449,13:09,0
12,450,13:10,0
12,451,13:11,0
12,452,13:12,0
12,453,13:13,0
12,454,13:14,0
12,455,13:15,0
12,456,13:16,0
12,457,13:17,0
12,458,13:18,0
12,459,13:19,0
12,460,13:20,0
12,461,13:21,0
12,462,13:22,0
12,463,13:23,0
12,464,13:24,0
12,465,13:25,0
12,466,13:26,0
12,467,13:27,0
12,468,13:28,0
12,469,13:29,0
12,470,13:30,0
12,471,13:31,0
12,472,13:32,0
12,473,13:33,0
12,474,13:34,0
12,475,13:35,0
12,476,13:36,0
12,477,13:37,0
12,478,13:38,0
12,479,13:39,0
12,480,13:40,0
12,481,13:41,0
12,482,13:42,0
12,483,13:43,0
12,484,13:44,0
12,485,13:45,0
12,486,13:46,0
12,487,13:47,0
12,488,13:48,0
12,489,13:49,0
12,490,13:50,0
12,491,13:51,0
12,492,13:52,0
12,493,13:53,0
12,494,13:54,0
12,495,13:55,0
12,496,13:56,0
12,497,13:57,0
12,498,13:58,0
12,499,13:59,0
12,500,14:00,0
12,501,14:01,0
12,502,14:02,0
12,503,14:03,0
12,504,14:04,0
12,505,14:05,0
12,506,14:06,1
12,507,14:07,1
12,508,14:08,1
12,509,14:09,1
12,510,14:10,1
12,511,14:11,1
12,512,14:12,3
12,513,14:13,3
12,514,14:14,3
12,515,14:15,3
12,516,14:16,3
12,517,14:17,3
12,518,14:18,3
12,519,14:19,3
12,520,14:20,3
12,521,14:21,3
12,522,14:22,2
12,523,14:23,2
12,524,14:24,2
12,525,14:25,2
12,526,14:26,2
12,527,14:27,2
12,528,14:28,2
12,529,14:29,2
12,530,14:30,2
12,531,14:31,2
12,532,14:32,2
12,533,14:33,0
12,534,14:34,0
12,535,14:35,0
12,536,14:36,0
12,537,14:37,0
12,538,14:38,0
12,539,14:39,0
12,540,14:40,0
12,541,14:41,0
12,542,14:42,1
12,543,14:43,1
12,544,14:44,1
12,545,14:45,1
12,546,14:46,2
12,547,14:47,2
12,548,14:48,2
12,549,14:49,2
12,550,14:50,2
12,551,14:51,2
12,552,14:52,2
12,553,14:53,2
12,554,14:54,2
12,555,14:55,2
12,556,14:56,2
12,557,14:57,2
12,558,14:58,2
12,559,14:59,2
12,560,15:00,2
12,561,15:01,2
12,562,15:02,2
12,563,15:03,2
12,564,15:04,2
12,565,15:05,2
12,566,15:06,1
12,567,15:07,1
12,568,15:08,1
12,569,15:09,0
12,570,15:10,0
12,571,15:11,0
12,572,15:12,0
12,573,15:13,0
12,574,15:14,0
12,575,15:15,0
12,576,15:16,0
12,577,15:17,0
12,578,15:18,0
12,579,15:19,0
12,580,15:20,0
12,581,15:21,0
12,582,15:22,0
12,583,15:23,0
12,584,15:24,1
12,585,15:25,1
12,586,15:26,1
12,587,15:27,1
12,588,15:28,1
12,589,15:29,1
12,590,15:30,1
12,591,15:31,1
12,592,15:32,1
12,593,15:33,3
12,594,15:34,3
12,595,15:35,3
12,596,15:36,3
12,597,15:37,3
12,598,15:38,3
12,599,15:39,3
12,600,15:40,3
12,601,15:41,3
12,602,15:42,3
12,603,15:43,3
12,604,15:44,3
12,605,15:45,3
12,606,15:46,3
12,607,15:47,3
12,608,15:48,3
12,609,15:49,3
12,610,15:50,3
12,611,15:51,2
12,612,15:52,2
12,613,15:53,2
12,614,15:54,0
12,615,15:55,0
12,616,15:56,0
12,617,15:57,0
12,618,15:58,0
12,619,15:59,0
12,620,16:00,0
12,621,16:01,0
12,622,16:02,0
12,623,16:03,0
12,624,16:04,0
12,625,16:05,0
12,626,16:06,1
12,627,16:07,1
12,628,16:08,1
12,629,16:09,1
12,630,16:10,1
12,631,16:11,1
12,632,16:12,1
12,633,16:13,1
12,634,16:14,1
12,635,16:15,1
12,636,16:16,1
12,637,16:17,1
12,638,16:18,1
12,639,16:19,1
12,640,16:20,1
12,641,16:21,1
12,642,16:22,1
12,643,16:23,1
12,644,16:24,1
12,645,16:25,1
12,646,16:26,0
12,647,16:27,0
12,648,16:28,0
12,649,16:29,0
12,650,16:30,0
12,651,16:31,0
12,652,16:32,0
12,653,16:33,0
12,654,16:34,0
12,655,16:35,2
12,656,16:36,2
12,657,16:37,2
12,658,16:38,2
12,659,16:39,2
12,660,16:40,2
12,661,16:41,2
12,662,16:42,2
12,663,16:43,2
12,664,16:44,2
12,665,16:45,2
12,666,16:46,2
12,667,16:47,2
12,668,16:48,2
12,669,16:49,2
12,670,16:50,2
12,671,16:51,2
12,672,16:52,2
12,673,16:53,2
12,674,16:54,2
12,675,16:55,2
12,676,16:56,2
12,677,16:57,2
12,678,16:58,2
12,679,16:59,2
12,680,17:00,2
12,681,17:01,2
12,682,17:02,2
12,683,17:03,0
12,684,17:04,0
12,685,17:05,0
12,686,17:06,0
12,687,17:07,0
12,688,17:08,0
12,689,17:09,0
12,690,17:10,0
12,691,17:11,0
12,692,17:12,0
12,693,17:13,0
12,694,17:14,1
12,695,17:15,1
12,696,17:16,1
12,697,17:17,1
12,698,17:18,1
12,699,17:19,1
12,700,17:20,1
12,701,17:21,1
12,702,17:22,1
12,703,17:23,1
12,704,17:24,1
12,705,17:25,1
12,706,17:26,1
12,707,17:27,1
12,708,17:28,1
12,709,17:29,1
12,710,17:30,1
12,711,17:31,1
12,712,17:32,0
12,713,17:33,0
12,714,17:34,0
12,715,17:35,0
12,716,17:36,0
12,717,17:37,0
12,718,17:38,0
12,719,17:39,0
12,720,17:40,1
12,721,17:41,1
12,722,17:42,1
12,723,17:43,3
12,724,17:44,3
12,725,17:45,3
12,726,17:46,3
12,727,17:47,3
12,728,17:48,3
12,729,17:49,3
12,730,17:50,3
12,731,17:51,3
12,732,17:52,3
12,733,17:53,2
12,734,17:54,2
12,735,17:55,2
12,736,17:56,3
12,737,17:57,3
12,738,17:58,3
12,739,17:59,1
12,740,18:00,1
12,741,18:01,1
12,742,18:02,1
12,743,18:03,1
12,744,18:04,1
12,745,18:05,1
12,746,18:06,1
12,747,18:07,1
12,748,18:08,1
12,749,18:09,0
12,750,18:10,0
12,751,18:11,0
12,752,18:12,2
12,753,18:13,2
12,754,18:14,2
12,755,18:15,2
12,756,18:16,2
12,757,18:17,2
12,758,18:18,2
12,759,18:19,2
12,760,18:20,2
12,761,18:21,2
12,762,18:22,0
12,763,18:23,0
12,764,18:24,0
12,765,18:25,0
12,766,18:26,0
12,767,18:27,0
12,768,18:28,0
12,769,18:29,0
12,770,18:30,0
12,771,18:31,1
12,772,18:32,1
12,773,18:33,1
12,774,18:34,1
12,775,18:35,1
12,776,18:36,1
12,777,18:37,1
12,778,18:38,1
12,779,18:39,1
12,780,18:40,1
12,781,18:41,1
12,782,18:42,1
12,783,18:43,1
12,784,18:44,0
12,785,18:45,0
12,786,18:46,0
12,787,18:47,2
12,788,18:48,2
12,789,18:49,2
12,790,18:50,2
12,791,18:51,2
12,792,18:52,2
12,793,18:53,4
12,794,18:54,4
12,795,18:55,4
12,796,18:56,4
12,797,18:57,4
12,798,18:58,4
12,799,18:59,4
12,800,19:00,4
12,801,19:01,4
12,802,19:02,2
12,803,19:03,2
12,804,19:04,2
12,805,19:05,0
12,806,19:06,0
12,807,19:07,0
12,808,19:08,0
12,809,19:09,0
12,810,19:10,0
12,811,19:11,0
12,812,19:12,0
12,813,19:13,0
12,814,19:14,0
12,815,19:15,0
12,816,19:16,0
12,817,19:17,0
12,818,19:18,0
12,819,19:19,0
12,820,19:20,0
12,821,19:21,0
12,822,19:22,0
12,823,19:23,0
12,824,19:24,0
12,825,19:25,0
12,826,19:26,0
12,827,19:27,0
12,828,19:28,0
12,829,19:29,0
12,830,19:30,0
12,831,19:31,0
12,832,19:32,0
12,833,19:33,0
12,834,19:34,0
12,835,19:35,0
13,0,05:40,0
13,1,05:41,0
13,2,05:42,0
13,3,05:43,0
13,4,05:44,0
13,5,05:45,0
13,6,05:46,0
13,7,05:47,0
13,8,05:48,0
13,9,05:49,0
13,10,05:50,0
13,11,05:51,0
13,12,05:52,0
13,13,05:53,0
13,14,05:54,0
13,15,05:55,0
13,16,05:56,0
13,17,05:57,0
13,18,05:58,0
13,19,05:59,0
13,20,06:00,0
13,21,06:01,0
13,22,06:02,0
13,23,06:03,0
13,24,06:04,0
13,25,06:05,0
13,26,06:06,0
13,27,06:07,0
13,28,06:08,0
13,29,06:09,0
13,30,06:10,0
13,31,06:11,0
13,32,06:12,0
13,33,06:13,0
13,34,06:14,0
13,35,06:15,0
13,36,06:16,0
13,37,06:17,0
13,38,06:18,0
13,39,06:19,0
13,40,06:20,0
13,41,06:21,0
13,42,06:22,0
13,43,06:23,0
13,44,06:24,0
13,45,06:25,0
13,46,06:26,0
13,47,06:27,0
13,48,06:28,0
13,49,06:29,0
13,50,06:30,0
13,51,06:31,0
13,52,06:32,0
13,53,06:33,0
13,54,06:34,0
13,55,06:35,0
13,56,06:36,0
13,57,06:37,0
13,58,06:38,0
13,59,06:39,0
13,60,06:40,0
13,61,06:41,0
13,62,06:42,0
13,63,06:43,0
13,64,06:44,0
13,65,06:45,0
13,66,06:46,0
13,67,06:47,0
13,68,06:48,0
13,69,06:49,0
13,70,06:50,0
13,71,06:51,0
13,72,06:52,0
13,73,06:53,0
13,74,06:54,0
13,75,06:55,0
13,76,06:56,0
13,77,06:57,0
13,78,06:58,0
13,79,06:59,0
13,80,07:00,0
13,81,07:01,0
13,82,07:02,0
13,83,07:03,0
13,84,07:04,0
13,85,07:05,0
13,86,07:06,0
13,87,07:07,1
13,88,07:08,1
13,89,07:09,1
13,90,07:10,2
13,91,07:11,2
13,92,07:12,2
13,93,07:13,3
13,94,07:14,3
13,95,07:15,3
13,96,07:16,3
13,97,07:17,3
13,98,07:18,3
13,99,07:19,3
13,100,07:20,3
13,101,07:21,3
13,102,07:22,3
13,103,07:23,3
13,104,07:24,3
13,105,07:25,3
13,106,07:26,2
13,107,07:27,2
13,108,07:28,2
13,109,07:29,1
13,110,07:30,1
13,111,07:31,1
13,112,07:32,0
13,113,07:33,0
13,114,07:34,0
13,115,07:35,0
13,116,07:36,1
13,117,07:37,1
13,118,07:38,1
13,119,07:39,2
13,120,07:40,2
13,121,07:41,2
13,122,07:42,2
13,123,07:43,2
13,124,07:44,2
13,125,07:45,2
13,126,07:46,2
13,127,07:47,2
13,128,07:48,2
13,129,07:49,2
13,130,07:50,2
13,131,07:51,2
13,132,07:52,2
13,133,07:53,2
13,134,07:54,2
13,135,07:55,1
13,136,07:56,1
13,137,07:57,1
13,138,07:58,0
13,139,07:59,0
13,140,08:00,0
13,141,08:01,0
13,142,08:02,0
13,143,08:03,0
13,144,08:04,0
13,145,08:05,1
13,146,08:06,1
13,147,08:07,1
13,148,08:08,1
13,149,08:09,1
13,150,08:10,1
13,151,08:11,1
13,152,08:12,1
13,153,08:13,1
13,154,08:14,1
13,155,08:15,1
13,156,08:16,2
13,157,08:17,2
13,158,08:18,2
13,159,08:19,2
13,160,08:20,2
13,161,08:21,2
13,162,08:22,2
13,163,08:23,2
13,164,08:24,2
13,165,08:25,2
13,166,08:26,2
13,167,08:27,2
13,168,08:28,2
13,169,08:29,1
13,170,08:30,1
13,171,08:31,1
13,172,08:32,0
13,173,08:33,0
13,174,08:34,0
13,175,08:35,0
13,176,08:36,0
13,177,08:37,0
13,178,08:38,0
13,179,08:39,0
13,180,08:40,0
13,181,08:41,0
13,182,08:42,0
13,183,08:43,0
13,184,08:44,0
13,185,08:45,0
13,186,08:46,0
13,187,08:47,0
13,188,08:48,0
13,189,08:49,0
13,190,08:50,0
13,191,08:51,0
13,192,08:52,0
13,193,08:53,0
13,194,08:54,0
13,195,08:55,0
13,196,08:56,0
13,197,08:57,0
13,198,08:58,0
13,199,08:59,0
13,200,09:00,0
13,201,09:01,0
13,202,09:02,0
13,203,09:03,0
13,204,09:04,0
13,205,09:05,0
13,206,09:06,0
13,207,09:07,0
13,208,09:08,0
13,209,09:09,0
13,210,09:10,0
13,211,09:11,0
13,212,09:12,0
13,213,09:13,0
13,214,09:14,0
13,215,09:15,0
13,216,09:16,0
13,217,09:17,0
13,218,09:18,0
13,219,09:19,0
13,220,09:20,0
13,221,09:21,0
13,222,09:22,0
13,223,09:23,0
13,224,09:24,0
13,225,09:25,0
13,226,09:26,0
13,227,09:27,0
13,228,09:28,0
13,229,09:29,0
13,230,09:30,0
13,231,09:31,0
13,232,09:32,0
13,233,09:33,0
13,234,09:34,0
13,235,09:35,0
13,236,09:36,0
13,237,09:37,0
13,238,09:38,0
13,239,09:39,0
13,240,09:40,0
13,241,09:41,0
13,242,09:42,0
13,243,09:43,1
13,244,09:44,1
13,245,09:45,1
13,246,09:46,2
13,247,09:47,2
13,248,09:48,2
13,249,09:49,2
13,250,09:50,2
13,251,09:51,2
13,252,09:52,2
13,253,09:53,2
13,254,09:54,2
13,255,09:55,1
13,256,09:56,1
13,257,09:57,1
13,258,09:58,1
13,259,09:59,1
13,260,10:00,1
13,261,10:01,1
13,262,10:02,0
13,263,10:03,0
13,264,10:04,0
13,265,10:05,1
13,266,10:06,1
13,267,10:07,1
13,268,10:08,2
13,269,10:09,2
13,270,10:10,2
13,271,10:11,2
13,272,10:12,2
13,273,10:13,2
13,274,10:14,2
13,275,10:15,2
13,276,10:16,2
13,277,10:17,2
13,278,10:18,1
13,279,10:19,1
13,280,10:20,1
13,281,10:21,1
13,282,10:22,1
13,283,10:23,1
13,284,10:24,0
13,285,10:25,0
13,286,10:26,0
13,287,10:27,1
13,288,10:28,1
13,289,10:29,1
13,290,10:30,2
13,291,10:31,2
13,292,10:32,2
13,293,10:33,4
13,294,10:34,4
13,295,10:35,4
13,296,10:36,4
13,297,10:37,4
13,298,10:38,4
13,299,10:39,4
13,300,10:40,4
13,301,10:41,4
13,302,10:42,4
13,303,10:43,4
13,304,10:44,3
13,305,10:45,3
13,306,10:46,3
13,307,10:47,2
13,308,10:48,2
13,309,10:49,2
13,310,10:50,0
13,311,10:51,0
13,312,10:52,0
13,313,10:53,1
13,314,10:54,1
13,315,10:55,1
13,316,10:56,1
13,317,10:57,1
13,318,10:58,1
13,319,10:59,1
13,320,11:00,1
13,321,11:01,1
13,322,11:02,1
13,323,11:03,1
13,324,11:04,0
13,325,11:05,0
13,326,11:06,0
13,327,11:07,0
13,328,11:08,0
13,329,11:09,0
13,330,11:10,0
13,331,11:11,0
13,332,11:12,0
13,333,11:13,0
13,334,11:14,0
13,335,11:15,1
13,336,11:16,1
13,337,11:17,1
13,338,11:18,2
13,339,11:19,2
13,340,11:20,2
13,341,11:21,2
13,342,11:22,2
13,343,11:23,2
13,344,11:24,2
13,345,11:25,2
13,346,11:26,2
13,347,11:27,2
13,348,11:28,2
13,349,11:29,2
13,350,11:30,2
13,351,11:31,2
13,352,11:32,1
13,353,11:33,1
13,354,11:34,1
13,355,11:35,0
13,356,11:36,0
13,357,11:37,0
13,358,11:38,0
13,359,11:39,0
13,360,11:40,0
13,361,11:41,0
13,362,11:42,0
13,363,11:43,0
13,364,11:44,0
13,365,11:45,0
13,366,11:46,0
13,367,11:47,0
13,368,11:48,0
13,369,11:49,0
13,370,11:50,0
13,371,11:51,0
13,372,11:52,1
13,373,11:53,1
13,374,11:54,1
13,375,11:55,1
13,376,11:56,1
13,377,11:57,1
13,378,11:58,1
13,379,11:59,1
13,380,12:00,1
13,381,12:01,1
13,382,12:02,1
13,383,12:03,1
13,384,12:04,1
13,385,12:05,1
13,386,12:06,1
13,387,12:07,1
13,388,12:08,1
13,389,12:09,1
13,390,12:10,1
13,391,12:11,1
13,392,12:12,0
13,393,12:13,0
13,394,12:14,0
13,395,12:15,0
13,396,12:16,0
13,397,12:17,0
13,398,12:18,0
13,399,12:19,1
13,400,12:20,1
13,401,12:21,1
13,402,12:22,1
13,403,12:23,1
13,404,12:24,1
13,405,12:25,1
13,406,12:26,1
13,407,12:27,1
13,408,12:28,1
13,409,12:29,1
13,410,12:30,1
13,411,12:31,1
13,412,12:32,1
13,413,12:33,1
13,414,12:34,1
13,415,12:35,1
13,416,12:36,1
13,417,12:37,1
13,418,12:38,1
13,419,12:39,1
13,420,12:40,1
13,421,12:41,0
13,422,12:42,0
13,423,12:43,0
13,424,12:44,1
13,425,12:45,1
13,426,12:46,1
13,427,12:47,3
13,428,12:48,3
13,429,12:49,3
13,430,12:50,3
13,431,12:51,3
13,432,12:52,3
13,433,12:53,3
13,434,12:54,3
13,435,12:55,3
13,436,12:56,3
13,437,12:57,3
13,438,12:58,3
13,439,12:59,3
13,440,13:00,3
13,441,13:01,3
13,442,13:02,3
13,443,13:03,3
13,444,13:04,3
13,445,13:05,2
13,446,13:06,2
13,447,13:07,2
13,448,13:08,2
13,449,13:09,2
13,450,13:10,2
13,451,13:11,0
13,452,13:12,0
13,453,13:13,0
13,454,13:14,0
13,455,13:15,0
13,456,13:16,0
13,457,13:17,0
13,458,13:18,0
13,459,13:19,0
13,460,13:20,0
13,461,13:21,0
13,462,13:22,0
13,463,13:23,0
13,464,13:24,0
13,465,13:25,0
13,466,13:26,0
13,467,13:27,0
13,468,13:28,0
13,469,13:29,0
13,470,13:30,0
13,471,13:31,0
13,472,13:32,0
13,473,13:33,0
13,474,13:34,0
13,475,13:35,0
13,476,13:36,0
13,477,13:37,0
13,478,13:38,0
13,479,13:39,0
13,480,13:40,0
13,481,13:41,0
13,482,13:42,0
13,483,13:43,0
13,484,13:44,0
13,485,13:45,0
13,486,13:46,1
13,487,13:47,1
13,488,13:48,1
13,489,13:49,2
13,490,13:50,2
13,491,13:51,2
13,492,13:52,2
13,493,13:53,2
13,494,13:54,2
13,495,13:55,2
13,496,13:56,2
13,497,13:57,2
13,498,13:58,2
13,499,13:59,1
13,500,14:00,1
13,501,14:01,1
13,502,14:02,1
13,503,14:03,1
13,504,14:04,1
13,505,14:05,0
13,506,14:06,0
13,507,14:07,0
13,508,14:08,1
13,509,14:09,1
13,510,14:10,1
13,511,14:11,1
13,512,14:12,1
13,513,14:13,1
13,514,14:14,3
13,515,14:15,3
13,516,14:16,3
13,517,14:17,3
13,518,14:18,3
13,519,14:19,3
13,520,14:20,3
13,521,14:21,3
13,522,14:22,3
13,523,14:23,3
13,524,14:24,3
13,525,14:25,1
13,526,14:26,1
13,527,14:27,1
13,528,14:28,0
13,529,14:29,0
13,530,14:30,0
13,531,14:31,0
13,532,14:32,0
13,533,14:33,0
13,534,14:34,0
13,535,14:35,0
13,536,14:36,0
13,537,14:37,0
13,538,14:38,0
13,539,14:39,0
13,540,14:40,0
13,541,14:41,0
13,542,14:42,0
13,543,14:43,0
13,544,14:44,0
13,545,14:45,0
13,546,14:46,0
13,547,14:47,0
13,548,14:48,0
13,549,14:49,0
13,550,14:50,0
13,551,14:51,0
13,552,14:52,1
13,553,14:53,1
13,554,14:54,1
13,555,14:55,1
13,556,14:56,1
13,557,14:57,1
13,558,14:58,1
13,559,14:59,1
13,560,15:00,1
13,561,15:01,1
13,562,15:02,1
13,563,15:03,1
13,564,15:04,1
13,565,15:05,1
13,566,15:06,1
13,567,15:07,1
13,568,15:08,1
13,569,15:09,1
13,570,15:10,1
13,571,15:11,1
13,572,15:12,1
13,573,15:13,1
13,574,15:14,1
13,575,15:15,1
13,576,15:16,1
13,577,15:17,1
13,578,15:18,1
13,579,15:19,0
13,580,15:20,0
13,581,15:21,0
13,582,15:22,0
13,583,15:23,0
13,584,15:24,0
13,585,15:25,0
13,586,15:26,0
13,587,15:27,0
13,588,15:28,0
13,589,15:29,0
13,590,15:30,0
13,591,15:31,0
13,592,15:32,0
13,593,15:33,0
13,594,15:34,0
13,595,15:35,0
13,596,15:36,0
13,597,15:37,0
13,598,15:38,0
13,599,15:39,0
13,600,15:40,0
13,601,15:41,0
13,602,15:42,0
13,603,15:43,0
13,604,15:44,0
13,605,15:45,0
13,606,15:46,0
13,607,15:47,0
13,608,15:48,0
13,609,15:49,0
13,610,15:50,0
13,611,15:51,0
13,612,15:52,0
13,613,15:53,0
13,614,15:54,0
13,615,15:55,0
13,616,15:56,0
13,617,15:57,0
13,618,15:58,0
13,619,15:59,0
13,620,16:00,0
13,621,16:01,0
13,622,16:02,0
13,623,16:03,0
13,624,16:04,0
13,625,16:05,0
13,626,16:06,0
13,627,16:07,1
13,628,16:08,1
13,629,16:09,1
13,630,16:10,2
13,631,16:11,2
13,632,16:12,2
13,633,16:13,2
13,634,16:14,2
13,635,16:15,2
13,636,16:16,2
13,637,16:17,2
13,638,16:18,2
13,639,16:19,2
13,640,16:20,2
13,641,16:21,2
13,642,16:22,2
13,643,16:23,2
13,644,16:24,2
13,645,16:25,1
13,646,16:26,1
13,647,16:27,1
13,648,16:28,1
13,649,16:29,1
13,650,16:30,1
13,651,16:31,1
13,652,16:32,1
13,653,16:33,1
13,654,16:34,1
13,655,16:35,0
13,656,16:36,0
13,657,16:37,0
13,658,16:38,0
13,659,16:39,0
13,660,16:40,0
13,661,16:41,0
13,662,16:42,0
13,663,16:43,0
13,664,16:44,0
13,665,16:45,0
13,666,16:46,1
13,667,16:47,1
13,668,16:48,1
13,669,16:49,1
13,670,16:50,1
13,671,16:51,1
13,672,16:52,1
13,673,16:53,1
13,674,16:54,1
13,675,16:55,0
13,676,16:56,0
13,677,16:57,0
13,678,16:58,0
13,679,16:59,0
13,680,17:00,0
13,681,17:01,0
13,682,17:02,0
13,683,17:03,0
13,684,17:04,0
13,685,17:05,0
13,686,17:06,1
13,687,17:07,1
13,688,17:08,1
13,689,17:09,1
13,690,17:10,1
13,691,17:11,1
13,692,17:12,1
13,693,17:13,1
13,694,17:14,1
13,695,17:15,0
13,696,17:16,0
13,697,17:17,0
13,698,17:18,1
13,699,17:19,1
13,700,17:20,1
13,701,17:21,1
13,702,17:22,1
13,703,17:23,1
13,704,17:24,1
13,705,17:25,1
13,706,17:26,1
13,707,17:27,1
13,708,17:28,1
13,709,17:29,1
13,710,17:30,1
13,711,17:31,1
13,712,17:32,1
13,713,17:33,1
13,714,17:34,1
13,715,17:35,1
13,716,17:36,0
13,717,17:37,0
13,718,17:38,0
13,719,17:39,1
13,720,17:40,1
13,721,17:41,1
13,722,17:42,1
13,723,17:43,1
13,724,17:44,1
13,725,17:45,1
13,726,17:46,1
13,727,17:47,1
13,728,17:48,1
13,729,17:49,1
13,730,17:50,1
13,731,17:51,1
13,732,17:52,1
13,733,17:53,1
13,734,17:54,1
13,735,17:55,1
13,736,17:56,1
13,737,17:57,0
13,738,17:58,0
13,739,17:59,0
13,740,18:00,0
13,741,18:01,0
13,742,18:02,0
13,743,18:03,1
13,744,18:04,1
13,745,18:05,1
13,746,18:06,1
13,747,18:07,1
13,748,18:08,1
13,749,18:09,1
13,750,18:10,1
13,751,18:11,1
13,752,18:12,1
13,753,18:13,4
13,754,18:14,4
13,755,18:15,4
13,756,18:16,4
13,757,18:17,4
13,758,18:18,4
13,759,18:19,4
13,760,18:20,4
13,761,18:21,4
13,762,18:22,4
13,763,18:23,4
13,764,18:24,3
13,765,18:25,3
13,766,18:26,3
13,767,18:27,0
13,768,18:28,0
13,769,18:29,0
13,770,18:30,0
13,771,18:31,0
13,772,18:32,0
13,773,18:33,0
13,774,18:34,0
13,775,18:35,0
13,776,18:36,1
13,777,18:37,1
13,778,18:38,1
13,779,18:39,1
13,780,18:40,1
13,781,18:41,1
13,782,18:42,1
13,783,18:43,1
13,784,18:44,1
13,785,18:45,1
13,786,18:46,1
13,787,18:47,1
13,788,18:48,1
13,789,18:49,1
13,790,18:50,1
13,791,18:51,1
13,792,18:52,1
13,793,18:53,1
13,794,18:54,1
13,795,18:55,0
13,796,18:56,0
13,797,18:57,0
13,798,18:58,0
13,799,18:59,0
13,800,19:00,1
13,801,19:01,1
13,802,19:02,1
13,803,19:03,1
13,804,19:04,1
13,805,19:05,1
13,806,19:06,1
13,807,19:07,1
13,808,19:08,1
13,809,19:09,1
13,810,19:10,0
13,811,19:11,0
13,812,19:12,0
13,813,19:13,0
13,814,19:14,0
13,815,19:15,0
13,816,19:16,0
13,817,19:17,0
13,818,19:18,0
13,819,19:19,0
13,820,19:20,0
13,821,19:21,0
13,822,19:22,0
13,823,19:23,0
13,824,19:24,0
13,825,19:25,0
13,826,19:26,0
13,827,19:27,0
13,828,19:28,0
13,829,19:29,0
13,830,19:30,0
13,831,19:31,0
13,832,19:32,0
13,833,19:33,0
13,834,19:34,0
13,835,19:35,0
14,0,05:40,0
14,1,05:41,0
14,2,05:42,0
14,3,05:43,0
14,4,05:44,0
14,5,05:45,0
14,6,05:46,0
14,7,05:47,0
14,8,05:48,0
14,9,05:49,0
14,10,05:50,0
14,11,05:51,0
14,12,05:52,0
14,13,05:53,0
14,14,05:54,0
14,15,05:55,0
14,16,05:56,0
14,17,05:57,0
14,18,05:58,0
14,19,05:59,0
14,20,06:00,0
14,21,06:01,0
14,22,06:02,0
14,23,06:03,0
14,24,06:04,0
14,25,06:05,0
14,26,06:06,0
14,27,06:07,0
14,28,06:08,0
14,29,06:09,0
14,30,06:10,1
14,31,06:11,1
14,32,06:12,1
14,33,06:13,2
14,34,06:14,2
14,35,06:15,2
14,36,06:16,2
14,37,06:17,2
14,38,06:18,2
14,39,06:19,2
14,40,06:20,2
14,41,06:21,2
14,42,06:22,2
14,43,06:23,2
14,44,06:24,2
14,45,06:25,2
14,46,06:26,2
14,47,06:27,2
14,48,06:28,2
14,49,06:29,2
14,50,06:30,2
14,51,06:31,1
14,52,06:32,1
14,53,06:33,1
14,54,06:34,0
14,55,06:35,0
14,56,06:36,0
14,57,06:37,0
14,58,06:38,0
14,59,06:39,0
14,60,06:40,0
14,61,06:41,0
14,62,06:42,0
14,63,06:43,0
14,64,06:44,0
14,65,06:45,0
14,66,06:46,0
14,67,06:47,0
14,68,06:48,0
14,69,06:49,0
14,70,06:50,0
14,71,06:51,0
14,72,06:52,0
14,73,06:53,0
14,74,06:54,0
14,75,06:55,0
14,76,06:56,0
14,77,06:57,0
14,78,06:58,0
14,79,06:59,0
14,80,07:00,0
14,81,07:01,0
14,82,07:02,0
14,83,07:03,0
14,84,07:04,0
14,85,07:05,0
14,86,07:06,0
14,87,07:07,0
14,88,07:08,0
14,89,07:09,0
14,90,07:10,0
14,91,07:11,0
14,92,07:12,0
14,93,07:13,0
14,94,07:14,0
14,95,07:15,0
14,96,07:16,0
14,97,07:17,0
14,98,07:18,0
14,99,07:19,0
14,100,07:20,0
14,101,07:21,0
14,102,07:22,0
14,103,07:23,0
14,104,07:24,0
14,105,07:25,0
14,106,07:26,0
14,107,07:27,0
14,108,07:28,0
14,109,07:29,0
14,110,07:30,0
14,111,07:31,0
14,112,07:32,0
14,113,07:33,0
14,114,07:34,0
14,115,07:35,0
14,116,07:36,0
14,117,07:37,0
14,118,07:38,0
14,119,07:39,0
14,120,07:40,0
14,121,07:41,0
14,122,07:42,0
14,123,07:43,0
14,124,07:44,0
14,125,07:45,0
14,126,07:46,0
14,127,07:47,0
14,128,07:48,0
14,129,07:49,0
14,130,07:50,0
14,131,07:51,0
14,132,07:52,0
14,133,07:53,0
14,134,07:54,0
14,135,07:55,0
14,136,07:56,0
14,137,07:57,0
14,138,07:58,0
14,139,07:59,0
14,140,08:00,0
14,141,08:01,0
14,142,08:02,0
14,143,08:03,0
14,144,08:04,0
14,145,08:05,0
14,146,08:06,0
14,147,08:07,0
14,148,08:08,1
14,149,08:09,1
14,150,08:10,1
14,151,08:11,2
14,152,08:12,2
14,153,08:13,2
14,154,08:14,2
14,155,08:15,2
14,156,08:16,2
14,157,08:17,2
14,158,08:18,2
14,159,08:19,2
14,160,08:20,1
14,161,08:21,1
14,162,08:22,1
14,163,08:23,0
14,164,08:24,0
14,165,08:25,0
14,166,08:26,0
14,167,08:27,0
14,168,08:28,0
14,169,08:29,0
14,170,08:30,0
14,171,08:31,0
14,172,08:32,0
14,173,08:33,1
14,174,08:34,1
14,175,08:35,1
14,176,08:36,1
14,177,08:37,1
14,178,08:38,1
14,179,08:39,1
14,180,08:40,1
14,181,08:41,1
14,182,08:42,1
14,183,08:43,1
14,184,08:44,1
14,185,08:45,1
14,186,08:46,1
14,187,08:47,1
14,188,08:48,1
14,189,08:49,1
14,190,08:50,1
14,191,08:51,1
14,192,08:52,1
14,193,08:53,1
14,194,08:54,1
14,195,08:55,1
14,196,08:56,1
14,197,08:57,1
14,198,08:58,1
14,199,08:59,1
14,200,09:00,1
14,201,09:01,1
14,202,09:02,1
14,203,09:03,1
14,204,09:04,1
14,205,09:05,0
14,206,09:06,0
14,207,09:07,0
14,208,09:08,0
14,209,09:09,0
14,210,09:10,0
14,211,09:11,1
14,212,09:12,1
14,213,09:13,1
14,214,09:14,1
14,215,09:15,1
14,216,09:16,1
14,217,09:17,1
14,218,09:18,1
14,219,09:19,1
14,220,09:20,1
14,221,09:21,1
14,222,09:22,1
14,223,09:23,1
14,224,09:24,1
14,225,09:25,1
14,226,09:26,1
14,227,09:27,1
14,228,09:28,1
14,229,09:29,1
14,230,09:30,0
14,231,09:31,0
14,232,09:32,0
14,233,09:33,0
14,234,09:34,0
14,235,09:35,0
14,236,09:36,0
14,237,09:37,0
14,238,09:38,0
14,239,09:39,1
14,240,09:40,1
14,241,09:41,1
14,242,09:42,1
14,243,09:43,1
14,244,09:44,1
14,245,09:45,1
14,246,09:46,1
14,247,09:47,1
14,248,09:48,1
14,249,09:49,1
14,250,09:50,1
14,251,09:51,1
14,252,09:52,1
14,253,09:53,1
14,254,09:54,1
14,255,09:55,1
14,256,09:56,1
14,257,09:57,1
14,258,09:58,0
14,259,09:59,0
14,260,10:00,0
14,261,10:01,0
14,262,10:02,0
14,263,10:03,0
14,264,10:04,0
14,265,10:05,0
14,266,10:06,0
14,267,10:07,0
14,268,10:08,0
14,269,10:09,0
14,270,10:10,0
14,271,10:11,0
14,272,10:12,1
14,273,10:13,1
14,274,10:14,1
14,275,10:15,2
14,276,10:16,2
14,277,10:17,2
14,278,10:18,2
14,279,10:19,2
14,280,10:20,2
14,281,10:21,2
14,282,10:22,2
14,283,10:23,2
14,284,10:24,2
14,285,10:25,1
14,286,10:26,1
14,287,10:27,1
14,288,10:28,0
14,289,10:29,0
14,290,10:30,0
14,291,10:31,1
14,292,10:32,1
14,293,10:33,1
14,294,10:34,1
14,295,10:35,1
14,296,10:36,1
14,297,10:37,1
14,298,10:38,1
14,299,10:39,1
14,300,10:40,0
14,301,10:41,0
14,302,10:42,0
14,303,10:43,1
14,304,10:44,1
14,305,10:45,1
14,306,10:46,1
14,307,10:47,1
14,308,10:48,1
14,309,10:49,1
14,310,10:50,1
14,311,10:51,1
14,312,10:52,1
14,313,10:53,1
14,314,10:54,1
14,315,10:55,1
14,316,10:56,1
14,317,10:57,1
14,318,10:58,1
14,319,10:59,1
14,320,11:00,1
14,321,11:01,1
14,322,11:02,0
14,323,11:03,0
14,324,11:04,0
14,325,11:05,0
14,326,11:06,0
14,327,11:07,0
14,328,11:08,0
14,329,11:09,0
14,330,11:10,0
14,331,11:11,0
14,332,11:12,0
14,333,11:13,0
14,334,11:14,0
14,335,11:15,0
14,336,11:16,1
14,337,11:17,1
14,338,11:18,1
14,339,11:19,2
14,340,11:20,2
14,341,11:21,2
14,342,11:22,2
14,343,11:23,2
14,344,11:24,2
14,345,11:25,2
14,346,11:26,2
14,347,11:27,2
14,348,11:28,2
14,349,11:29,2
14,350,11:30,2
14,351,11:31,2
14,352,11:32,2
14,353,11:33,2
14,354,11:34,2
14,355,11:35,2
14,356,11:36,2
14,357,11:37,2
14,358,11:38,2
14,359,11:39,2
14,360,11:40,1
14,361,11:41,1
14,362,11:42,1
14,363,11:43,0
14,364,11:44,0
14,365,11:45,0
14,366,11:46,1
14,367,11:47,1
14,368,11:48,1
14,369,11:49,2
14,370,11:50,2
14,371,11:51,2
14,372,11:52,2
14,373,11:53,2
14,374,11:54,2
14,375,11:55,2
14,376,11:56,2
14,377,11:57,2
14,378,11:58,1
14,379,11:59,1
14,380,12:00,1
14,381,12:01,0
14,382,12:02,0
14,383,12:03,0
14,384,12:04,1
14,385,12:05,1
14,386,12:06,1
14,387,12:07,1
14,388,12:08,1
14,389,12:09,1
14,390,12:10,1
14,391,12:11,1
14,392,12:12,1
14,393,12:13,1
14,394,12:14,1
14,395,12:15,0
14,396,12:16,0
14,397,12:17,0
14,398,12:18,0
14,399,12:19,0
14,400,12:20,0
14,401,12:21,0
14,402,12:22,0
14,403,12:23,0
14,404,12:24,0
14,405,12:25,0
14,406,12:26,0
14,407,12:27,0
14,408,12:28,0
14,409,12:29,0
14,410,12:30,0
14,411,12:31,0
14,412,12:32,0
14,413,12:33,0
14,414,12:34,1
14,415,12:35,1
14,416,12:36,1
14,417,12:37,2
14,418,12:38,2
14,419,12:39,2
14,420,12:40,2
14,421,12:41,2
14,422,12:42,2
14,423,12:43,2
14,424,12:44,2
14,425,12:45,2
14,426,12:46,2
14,427,12:47,2
14,428,12:48,2
14,429,12:49,2
14,430,12:50,2
14,431,12:51,2
14,432,12:52,2
14,433,12:53,2
14,434,12:54,2
14,435,12:55,2
14,436,12:56,2
14,437,12:57,1
14,438,12:58,1
14,439,12:59,1
14,440,13:00,0
14,441,13:01,0
14,442,13:02,0
14,443,13:03,1
14,444,13:04,1
14,445,13:05,1
14,446,13:06,2
14,447,13:07,2
14,448,13:08,2
14,449,13:09,2
14,450,13:10,2
14,451,13:11,2
14,452,13:12,2
14,453,13:13,2
14,454,13:14,2
14,455,13:15,2
14,456,13:16,2
14,457,13:17,2
14,458,13:18,2
14,459,13:19,2
14,460,13:20,2
14,461,13:21,2
14,462,13:22,2
14,463,13:23,2
14,464,13:24,1
14,465,13:25,1
14,466,13:26,1
14,467,13:27,1
14,468,13:28,1
14,469,13:29,1
14,470,13:30,1
14,471,13:31,0
14,472,13:32,0
14,473,13:33,0
14,474,13:34,1
14,475,13:35,1
14,476,13:36,1
14,477,13:37,2
14,478,13:38,2
14,479,13:39,2
14,480,13:40,2
14,481,13:41,2
14,482,13:42,2
14,483,13:43,2
14,484,13:44,2
14,485,13:45,2
14,486,13:46,2
14,487,13:47,2
14,488,13:48,2
14,489,13:49,2
14,490,13:50,2
14,491,13:51,2
14,492,13:52,2
14,493,13:53,1
14,494,13:54,1
14,495,13:55,1
14,496,13:56,0
14,497,13:57,0
14,498,13:58,0
14,499,13:59,1
14,500,14:00,1
14,501,14:01,1
14,502,14:02,1
14,503,14:03,1
14,504,14:04,1
14,505,14:05,1
14,506,14:06,1
14,507,14:07,1
14,508,14:08,1
14,509,14:09,1
14,510,14:10,1
14,511,14:11,1
14,512,14:12,1
14,513,14:13,1
14,514,14:14,1
14,515,14:15,1
14,516,14:16,1
14,517,14:17,1
14,518,14:18,1
14,519,14:19,1
14,520,14:20,1
14,521,14:21,1
14,522,14:22,1
14,523,14:23,1
14,524,14:24,1
14,525,14:25,1
14,526,14:26,0
14,527,14:27,0
14,528,14:28,0
14,529,14:29,1
14,530,14:30,1
14,531,14:31,1
14,532,14:32,1
14,533,14:33,1
14,534,14:34,1
14,535,14:35,1
14,536,14:36,1
14,537,14:37,1
14,538,14:38,1
14,539,14:39,0
14,540,14:40,0
14,541,14:41,0
14,542,14:42,1
14,543,14:43,1
14,544,14:44,1
14,545,14:45,1
14,546,14:46,1
14,547,14:47,1
14,548,14:48,1
14,549,14:49,1
14,550,14:50,1
14,551,14:51,1
14,552,14:52,0
14,553,14:53,0
14,554,14:54,0
14,555,14:55,1
14,556,14:56,1
14,557,14:57,1
14,558,14:58,1
14,559,14:59,1
14,560,15:00,1
14,561,15:01,1
14,562,15:02,1
14,563,15:03,1
14,564,15:04,1
14,565,15:05,1
14,566,15:06,1
14,567,15:07,1
14,568,15:08,1
14,569,15:09,1
14,570,15:10,1
14,571,15:11,1
14,572,15:12,0
14,573,15:13,0
14,574,15:14,0
14,575,15:15,0
14,576,15:16,0
14,577,15:17,0
14,578,15:18,0
14,579,15:19,0
14,580,15:20,0
14,581,15:21,0
14,582,15:22,0
14,583,15:23,0
14,584,15:24,0
14,585,15:25,0
14,586,15:26,0
14,587,15:27,1
14,588,15:28,1
14,589,15:29,1
14,590,15:30,1
14,591,15:31,1
14,592,15:32,1
14,593,15:33,1
14,594,15:34,1
14,595,15:35,1
14,596,15:36,1
14,597,15:37,0
14,598,15:38,0
14,599,15:39,0
14,600,15:40,1
14,601,15:41,1
14,602,15:42,1
14,603,15:43,1
14,604,15:44,1
14,605,15:45,1
14,606,15:46,1
14,607,15:47,1
14,608,15:48,1
14,609,15:49,1
14,610,15:50,0
14,611,15:51,0
14,612,15:52,0
14,613,15:53,0
14,614,15:54,0
14,615,15:55,0
14,616,15:56,0
14,617,15:57,0
14,618,15:58,0
14,619,15:59,0
14,620,16:00,0
14,621,16:01,2
14,622,16:02,2
14,623,16:03,2
14,624,16:04,2
14,625,16:05,2
14,626,16:06,2
14,627,16:07,2
14,628,16:08,2
14,629,16:09,4
14,630,16:10,4
14,631,16:11,4
14,632,16:12,4
14,633,16:13,4
14,634,16:14,4
14,635,16:15,4
14,636,16:16,4
14,637,16:17,4
14,638,16:18,4
14,639,16:19,2
14,640,16:20,2
14,641,16:21,2
14,642,16:22,2
14,643,16:23,2
14,644,16:24,2
14,645,16:25,2
14,646,16:26,2
14,647,16:27,2
14,648,16:28,2
14,649,16:29,0
14,650,16:30,0
14,651,16:31,0
14,652,16:32,0
14,653,16:33,1
14,654,16:34,1
14,655,16:35,1
14,656,16:36,2
14,657,16:37,2
14,658,16:38,2
14,659,16:39,2
14,660,16:40,2
14,661,16:41,2
14,662,16:42,2
14,663,16:43,2
14,664,16:44,2
14,665,16:45,1
14,666,16:46,1
14,667,16:47,1
14,668,16:48,0
14,669,16:49,0
14,670,16:50,0
14,671,16:51,1
14,672,16:52,1
14,673,16:53,1
14,674,16:54,1
14,675,16:55,4
14,676,16:56,4
14,677,16:57,4
14,678,16:58,4
14,679,16:59,4
14,680,17:00,4
14,681,17:01,4
14,682,17:02,4
14,683,17:03,4
14,684,17:04,4
14,685,17:05,4
14,686,17:06,3
14,687,17:07,3
14,688,17:08,3
14,689,17:09,0
14,690,17:10,0
14,691,17:11,0
14,692,17:12,0
14,693,17:13,0
14,694,17:14,0
14,695,17:15,0
14,696,17:16,1
14,697,17:17,1
14,698,17:18,1
14,699,17:19,1
14,700,17:20,1
14,701,17:21,1
14,702,17:22,1
14,703,17:23,1
14,704,17:24,1
14,705,17:25,1
14,706,17:26,1
14,707,17:27,1
14,708,17:28,1
14,709,17:29,0
14,710,17:30,0
14,711,17:31,0
14,712,17:32,0
14,713,17:33,0
14,714,17:34,0
14,715,17:35,0
14,716,17:36,0
14,717,17:37,0
14,718,17:38,0
14,719,17:39,0
14,720,17:40,2
14,721,17:41,2
14,722,17:42,2
14,723,17:43,2
14,724,17:44,2
14,725,17:45,2
14,726,17:46,2
14,727,17:47,4
14,728,17:48,4
14,729,17:49,4
14,730,17:50,4
14,731,17:51,4
14,732,17:52,4
14,733,17:53,4
14,734,17:54,4
14,735,17:55,4
14,736,17:56,4
14,737,17:57,4
14,738,17:58,4
14,739,17:59,4
14,740,18:00,4
14,741,18:01,4
14,742,18:02,4
14,743,18:03,4
14,744,18:04,4
14,745,18:05,2
14,746,18:06,2
14,747,18:07,2
14,748,18:08,2
14,749,18:09,2
14,750,18:10,2
14,751,18:11,0
14,752,18:12,0
14,753,18:13,0
14,754,18:14,1
14,755,18:15,1
14,756,18:16,1
14,757,18:17,1
14,758,18:18,1
14,759,18:19,1
14,760,18:20,1
14,761,18:21,1
14,762,18:22,1
14,763,18:23,1
14,764,18:24,0
14,765,18:25,0
14,766,18:26,0
14,767,18:27,0
14,768,18:28,0
14,769,18:29,2
14,770,18:30,2
14,771,18:31,2
14,772,18:32,2
14,773,18:33,2
14,774,18:34,2
14,775,18:35,2
14,776,18:36,2
14,777,18:37,2
14,778,18:38,2
14,779,18:39,0
14,780,18:40,0
14,781,18:41,0
14,782,18:42,1
14,783,18:43,1
14,784,18:44,1
14,785,18:45,2
14,786,18:46,2
14,787,18:47,2
14,788,18:48,3
14,789,18:49,3
14,790,18:50,3
14,791,18:51,3
14,792,18:52,3
14,793,18:53,3
14,794,18:54,3
14,795,18:55,3
14,796,18:56,3
14,797,18:57,3
14,798,18:58,3
14,799,18:59,2
14,800,19:00,2
14,801,19:01,2
14,802,19:02,1
14,803,19:03,1
14,804,19:04,1
14,805,19:05,0
14,806,19:06,0
14,807,19:07,0
14,808,19:08,0
14,809,19:09,0
14,810,19:10,0
14,811,19:11,0
14,812,19:12,0
14,813,19:13,0
14,814,19:14,0
14,815,19:15,0
14,816,19:16,0
14,817,19:17,0
14,818,19:18,0
14,819,19:19,0
14,820,19:20,0
14,821,19:21,0
14,822,19:22,0
14,823,19:23,0
14,824,19:24,0
14,825,19:25,0
14,826,19:26,0
14,827,19:27,0
14,828,19:28,0
14,829,19:29,0
14,830,19:30,0
14,831,19:31,0
14,832,19:32,0
14,833,19:33,0
14,834,19:34,0
14,835,19:35,0
15,0,05:40,0
15,1,05:41,0
15,2,05:42,0
15,3,05:43,0
15,4,05:44,0
15,5,05:45,0
15,6,05:46,0
15,7,05:47,0
15,8,05:48,0
15,9,05:49,0
15,10,05:50,0
15,11,05:51,0
15,12,05:52,0
15,13,05:53,0
15,14,05:54,0
15,15,05:55,0
15,16,05:56,0
15,17,05:57,0
15,18,05:58,0
15,19,05:59,0
15,20,06:00,0
15,21,06:01,0
15,22,06:02,0
15,23,06:03,0
15,24,06:04,0
15,25,06:05,0
15,26,06:06,0
15,27,06:07,0
15,28,06:08,0
15,29,06:09,0
15,30,06:10,0
15,31,06:11,0
15,32,06:12,0
15,33,06:13,0
15,34,06:14,0
15,35,06:15,0
15,36,06:16,0
15,37,06:17,0
15,38,06:18,0
15,39,06:19,0
15,40,06:20,0
15,41,06:21,0
15,42,06:22,0
15,43,06:23,0
15,44,06:24,0
15,45,06:25,0
15,46,06:26,0
15,47,06:27,0
15,48,06:28,0
15,49,06:29,0
15,50,06:30,0
15,51,06:31,0
15,52,06:32,0
15,53,06:33,0
15,54,06:34,0
15,55,06:35,0
15,56,06:36,0
15,57,06:37,0
15,58,06:38,0
15,59,06:39,0
15,60,06:40,0
15,61,06:41,0
15,62,06:42,0
15,63,06:43,0
15,64,06:44,0
15,65,06:45,0
15,66,06:46,0
15,67,06:47,0
15,68,06:48,0
15,69,06:49,0
15,70,06:50,0
15,71,06:51,1
15,72,06:52,1
15,73,06:53,1
15,74,06:54,1
15,75,06:55,1
15,76,06:56,1
15,77,06:57,1
15,78,06:58,1
15,79,06:59,1
15,80,07:00,1
15,81,07:01,1
15,82,07:02,1
15,83,07:03,1
15,84,07:04,1
15,85,07:05,1
15,86,07:06,1
15,87,07:07,1
15,88,07:08,1
15,89,07:09,1
15,90,07:10,1
15,91,07:11,1
15,92,07:12,1
15,93,07:13,1
15,94,07:14,1
15,95,07:15,1
15,96,07:16,1
15,97,07:17,1
15,98,07:18,1
15,99,07:19,1
15,100,07:20,1
15,101,07:21,0
15,102,07:22,0
15,103,07:23,0
15,104,07:24,0
15,105,07:25,0
15,106,07:26,0
15,107,07:27,0
15,108,07:28,0
15,109,07:29,0
15,110,07:30,0
15,111,07:31,0
15,112,07:32,1
15,113,07:33,1
15,114,07:34,1
15,115,07:35,1
15,116,07:36,1
15,117,07:37,1
15,118,07:38,1
15,119,07:39,1
15,120,07:40,1
15,121,07:41,1
15,122,07:42,1
15,123,07:43,1
15,124,07:44,1
15,125,07:45,1
15,126,07:46,1
15,127,07:47,1
15,128,07:48,0
15,129,07:49,0
15,130,07:50,0
15,131,07:51,0
15,132,07:52,0
15,133,07:53,0
15,134,07:54,0
15,135,07:55,0
15,136,07:56,0
15,137,07:57,0
15,138,07:58,0
15,139,07:59,0
15,140,08:00,0
15,141,08:01,0
15,142,08:02,0
15,143,08:03,0
15,144,08:04,0
15,145,08:05,0
15,146,08:06,0
15,147,08:07,0
15,148,08:08,0
15,149,08:09,0
15,150,08:10,0
15,151,08:11,0
15,152,08:12,0
15,153,08:13,0
15,154,08:14,0
15,155,08:15,0
15,156,08:16,0
15,157,08:17,0
15,158,08:18,2
15,159,08:19,2
15,160,08:20,2
15,161,08:21,2
15,162,08:22,2
15,163,08:23,2
15,164,08:24,2
15,165,08:25,2
15,166,08:26,2
15,167,08:27,2
15,168,08:28,2
15,169,08:29,2
15,170,08:30,2
15,171,08:31,0
15,172,08:32,0
15,173,08:33,0
15,174,08:34,0
15,175,08:35,0
15,176,08:36,0
15,177,08:37,0
15,178,08:38,0
15,179,08:39,0
15,180,08:40,0
15,181,08:41,0
15,182,08:42,0
15,183,08:43,0
15,184,08:44,0
15,185,08:45,0
15,186,08:46,0
15,187,08:47,1
15,188,08:48,1
15,189,08:49,1
15,190,08:50,1
15,191,08:51,1
15,192,08:52,2
15,193,08:53,2
15,194,08:54,2
15,195,08:55,2
15,196,08:56,2
15,197,08:57,2
15,198,08:58,2
15,199,08:59,2
15,200,09:00,2
15,201,09:01,2
15,202,09:02,1
15,203,09:03,1
15,204,09:04,1
15,205,09:05,0
15,206,09:06,0
15,207,09:07,0
15,208,09:08,0
15,209,09:09,0
15,210,09:10,0
15,211,09:11,0
15,212,09:12,0
15,213,09:13,0
15,214,09:14,0
15,215,09:15,1
15,216,09:16,1
15,217,09:17,1
15,218,09:18,2
15,219,09:19,2
15,220,09:20,2
15,221,09:21,2
15,222,09:22,2
15,223,09:23,2
15,224,09:24,2
15,225,09:25,2
15,226,09:26,2
15,227,09:27,2
15,228,09:28,2
15,229,09:29,2
15,230,09:30,2
15,231,09:31,1
15,232,09:32,1
15,233,09:33,1
15,234,09:34,0
15,235,09:35,0
15,236,09:36,0
15,237,09:37,0
15,238,09:38,0
15,239,09:39,0
15,240,09:40,0
15,241,09:41,0
15,242,09:42,0
15,243,09:43,0
15,244,09:44,0
15,245,09:45,0
15,246,09:46,0
15,247,09:47,0
15,248,09:48,1
15,249,09:49,1
15,250,09:50,1
15,251,09:51,1
15,252,09:52,1
15,253,09:53,1
15,254,09:54,1
15,255,09:55,1
15,256,09:56,4
15,257,09:57,4
15,258,09:58,4
15,259,09:59,4
15,260,10:00,4
15,261,10:01,4
15,262,10:02,4
15,263,10:03,4
15,264,10:04,4
15,265,10:05,4
15,266,10:06,4
15,267,10:07,3
15,268,10:08,3
15,269,10:09,3
15,270,10:10,3
15,271,10:11,3
15,272,10:12,3
15,273,10:13,0
15,274,10:14,0
15,275,10:15,0
15,276,10:16,0
15,277,10:17,0
15,278,10:18,0
15,279,10:19,0
15,280,10:20,0
15,281,10:21,0
15,282,10:22,0
15,283,10:23,0
15,284,10:24,0
15,285,10:25,2
15,286,10:26,2
15,287,10:27,2
15,288,10:28,4
15,289,10:29,4
15,290,10:30,4
15,291,10:31,4
15,292,10:32,4
15,293,10:33,4
15,294,10:34,4
15,295,10:35,4
15,296,10:36,4
15,297,10:37,4
15,298,10:38,2
15,299,10:39,2
15,300,10:40,2
15,301,10:41,2
15,302,10:42,2
15,303,10:43,2
15,304,10:44,2
15,305,10:45,2
15,306,10:46,2
15,307,10:47,2
15,308,10:48,2
15,309,10:49,2
15,310,10:50,2
15,311,10:51,2
15,312,10:52,2
15,313,10:53,0
15,314,10:54,0
15,315,10:55,0
15,316,10:56,1
15,317,10:57,1
15,318,10:58,1
15,319,10:59,1
15,320,11:00,1
15,321,11:01,1
15,322,11:02,1
15,323,11:03,1
15,324,11:04,1
15,325,11:05,1
15,326,11:06,1
15,327,11:07,1
15,328,11:08,1
15,329,11:09,1
15,330,11:10,1
15,331,11:11,1
15,332,11:12,1
15,333,11:13,1
15,334,11:14,1
15,335,11:15,1
15,336,11:16,1
15,337,11:17,1
15,338,11:18,1
15,339,11:19,1
15,340,11:20,0
15,341,11:21,0
15,342,11:22,0
15,343,11:23,1
15,344,11:24,1
15,345,11:25,1
15,346,11:26,2
15,347,11:27,2
15,348,11:28,2
15,349,11:29,2
15,350,11:30,2
15,351,11:31,2
15,352,11:32,2
15,353,11:33,2
15,354,11:34,2
15,355,11:35,1
15,356,11:36,1
15,357,11:37,1
15,358,11:38,0
15,359,11:39,0
15,360,11:40,0
15,361,11:41,0
15,362,11:42,1
15,363,11:43,1
15,364,11:44,1
15,365,11:45,1
15,366,11:46,1
15,367,11:47,1
15,368,11:48,1
15,369,11:49,1
15,370,11:50,1
15,371,11:51,1
15,372,11:52,2
15,373,11:53,2
15,374,11:54,2
15,375,11:55,1
15,376,11:56,1
15,377,11:57,1
15,378,11:58,1
15,379,11:59,1
15,380,12:00,1
15,381,12:01,1
15,382,12:02,1
15,383,12:03,1
15,384,12:04,1
15,385,12:05,0
15,386,12:06,0
15,387,12:07,0
15,388,12:08,0
15,389,12:09,0
15,390,12:10,1
15,391,12:11,1
15,392,12:12,1
15,393,12:13,2
15,394,12:14,2
15,395,12:15,2
15,396,12:16,2
15,397,12:17,2
15,398,12:18,2
15,399,12:19,2
15,400,12:20,2
15,401,12:21,2
15,402,12:22,2
15,403,12:23,1
15,404,12:24,1
15,405,12:25,1
15,406,12:26,1
15,407,12:27,1
15,408,12:28,1
15,409,12:29,1
15,410,12:30,0
15,411,12:31,0
15,412,12:32,0
15,413,12:33,1
15,414,12:34,1
15,415,12:35,1
15,416,12:36,1
15,417,12:37,1
15,418,12:38,1
15,419,12:39,1
15,420,12:40,1
15,421,12:41,1
15,422,12:42,1
15,423,12:43,1
15,424,12:44,1
15,425,12:45,1
15,426,12:46,1
15,427,12:47,1
15,428,12:48,1
15,429,12:49,1
15,430,12:50,1
15,431,12:51,1
15,432,12:52,1
15,433,12:53,0
15,434,12:54,0
15,435,12:55,0
15,436,12:56,0
15,437,12:57,0
15,438,12:58,0
15,439,12:59,0
15,440,13:00,0
15,441,13:01,0
15,442,13:02,0
15,443,13:03,0
15,444,13:04,0
15,445,13:05,0
15,446,13:06,0
15,447,13:07,0
15,448,13:08,0
15,449,13:09,0
15,450,13:10,0
15,451,13:11,0
15,452,13:12,0
15,453,13:13,0
15,454,13:14,0
15,455,13:15,0
15,456,13:16,0
15,457,13:17,0
15,458,13:18,0
15,459,13:19,0
15,460,13:20,0
15,461,13:21,0
15,462,13:22,0
15,463,13:23,0
15,464,13:24,0
15,465,13:25,0
15,466,13:26,0
15,467,13:27,0
15,468,13:28,0
15,469,13:29,0
15,470,13:30,0
15,471,13:31,0
15,472,13:32,0
15,473,13:33,0
15,474,13:34,0
15,475,13:35,0
15,476,13:36,0
15,477,13:37,0
15,478,13:38,0
15,479,13:39,0
15,480,13:40,0
15,481,13:41,0
15,482,13:42,0
15,483,13:43,0
15,484,13:44,1
15,485,13:45,1
15,486,13:46,1
15,487,13:47,1
15,488,13:48,1
15,489,13:49,1
15,490,13:50,1
15,491,13:51,1
15,492,13:52,1
15,493,13:53,1
15,494,13:54,1
15,495,13:55,1
15,496,13:56,1
15,497,13:57,1
15,498,13:58,1
15,499,13:59,0
15,500,14:00,0
15,501,14:01,0
15,502,14:02,0
15,503,14:03,0
15,504,14:04,0
15,505,14:05,0
15,506,14:06,0
15,507,14:07,0
15,508,14:08,0
15,509,14:09,2
15,510,14:10,2
15,511,14:11,2
15,512,14:12,2
15,513,14:13,2
15,514,14:14,2
15,515,14:15,2
15,516,14:16,2
15,517,14:17,2
15,518,14:18,2
15,519,14:19,0
15,520,14:20,0
15,521,14:21,0
15,522,14:22,0
15,523,14:23,0
15,524,14:24,0
15,525,14:25,0
15,526,14:26,0
15,527,14:27,0
15,528,14:28,0
15,529,14:29,0
15,530,14:30,0
15,531,14:31,0
15,532,14:32,0
15,533,14:33,0
15,534,14:34,0
15,535,14:35,0
15,536,14:36,0
15,537,14:37,0
15,538,14:38,0
15,539,14:39,0
15,540,14:40,0
15,541,14:41,1
15,542,14:42,1
15,543,14:43,1
15,544,14:44,2
15,545,14:45,2
15,546,14:46,2
15,547,14:47,2
15,548,14:48,2
15,549,14:49,2
15,550,14:50,2
15,551,14:51,2
15,552,14:52,2
15,553,14:53,1
15,554,14:54,1
15,555,14:55,1
15,556,14:56,0
15,557,14:57,0
15,558,14:58,0
15,559,14:59,0
15,560,15:00,1
15,561,15:01,1
15,562,15:02,1
15,563,15:03,1
15,564,15:04,1
15,565,15:05,1
15,566,15:06,1
15,567,15:07,1
15,568,15:08,1
15,569,15:09,1
15,570,15:10,1
15,571,15:11,0
15,572,15:12,0
15,573,15:13,0
15,574,15:14,0
15,575,15:15,0
15,576,15:16,0
15,577,15:17,0
15,578,15:18,0
15,579,15:19,0
15,580,15:20,1
15,581,15:21,1
15,582,15:22,1
15,583,15:23,2
15,584,15:24,2
15,585,15:25,2
15,586,15:26,2
15,587,15:27,2
15,588,15:28,2
15,589,15:29,2
15,590,15:30,2
15,591,15:31,2
15,592,15:32,2
15,593,15:33,2
15,594,15:34,1
15,595,15:35,1
15,596,15:36,1
15,597,15:37,0
15,598,15:38,0
15,599,15:39,0
15,600,15:40,0
15,601,15:41,0
15,602,15:42,0
15,603,15:43,0
15,604,15:44,0
15,605,15:45,0
15,606,15:46,0
15,607,15:47,1
15,608,15:48,1
15,609,15:49,1
15,610,15:50,1
15,611,15:51,1
15,612,15:52,1
15,613,15:53,1
15,614,15:54,1
15,615,15:55,1
15,616,15:56,2
15,617,15:57,2
15,618,15:58,2
15,619,15:59,3
15,620,16:00,3
15,621,16:01,3
15,622,16:02,3
15,623,16:03,3
15,624,16:04,3
15,625,16:05,3
15,626,16:06,3
15,627,16:07,3
15,628,16:08,3
15,629,16:09,3
15,630,16:10,2
15,631,16:11,2
15,632,16:12,2
15,633,16:13,1
15,634,16:14,1
15,635,16:15,1
15,636,16:16,0
15,637,16:17,0
15,638,16:18,0
15,639,16:19,1
15,640,16:20,1
15,641,16:21,1
15,642,16:22,1
15,643,16:23,1
15,644,16:24,1
15,645,16:25,1
15,646,16:26,1
15,647,16:27,1
15,648,16:28,1
15,649,16:29,1
15,650,16:30,1
15,651,16:31,1
15,652,16:32,1
15,653,16:33,1
15,654,16:34,0
15,655,16:35,0
15,656,16:36,0
15,657,16:37,1
15,658,16:38,1
15,659,16:39,1
15,660,16:40,1
15,661,16:41,1
15,662,16:42,1
15,663,16:43,1
15,664,16:44,1
15,665,16:45,1
15,666,16:46,1
15,667,16:47,0
15,668,16:48,0
15,669,16:49,0
15,670,16:50,0
15,671,16:51,0
15,672,16:52,0
15,673,16:53,0
15,674,16:54,0
15,675,16:55,0
15,676,16:56,0
15,677,16:57,1
15,678,16:58,1
15,679,16:59,1
15,680,17:00,1
15,681,17:01,1
15,682,17:02,1
15,683,17:03,1
15,684,17:04,1
15,685,17:05,1
15,686,17:06,1
15,687,17:07,0
15,688,17:08,0
15,689,17:09,0
15,690,17:10,4
15,691,17:11,4
15,692,17:12,4
15,693,17:13,4
15,694,17:14,4
15,695,17:15,4
15,696,17:16,4
15,697,17:17,4
15,698,17:18,4
15,699,17:19,4
15,700,17:20,0
15,701,17:21,0
15,702,17:22,0
15,703,17:23,1
15,704,17:24,1
15,705,17:25,1
15,706,17:26,1
15,707,17:27,1
15,708,17:28,1
15,709,17:29,1
15,710,17:30,1
15,711,17:31,1
15,712,17:32,0
15,713,17:33,0
15,714,17:34,0
15,715,17:35,0
15,716,17:36,0
15,717,17:37,0
15,718,17:38,0
15,719,17:39,0
15,720,17:40,0
15,721,17:41,1
15,722,17:42,1
15,723,17:43,1
15,724,17:44,1
15,725,17:45,1
15,726,17:46,1
15,727,17:47,1
15,728,17:48,1
15,729,17:49,1
15,730,17:50,1
15,731,17:51,0
15,732,17:52,0
15,733,17:53,0
15,734,17:54,0
15,735,17:55,0
15,736,17:56,0
15,737,17:57,0
15,738,17:58,0
15,739,17:59,0
15,740,18:00,0
15,741,18:01,0
15,742,18:02,0
15,743,18:03,0
15,744,18:04,0
15,745,18:05,0
15,746,18:06,2
15,747,18:07,2
15,748,18:08,2
15,749,18:09,2
15,750,18:10,2
15,751,18:11,2
15,752,18:12,2
15,753,18:13,2
15,754,18:14,2
15,755,18:15,2
15,756,18:16,3
15,757,18:17,3
15,758,18:18,3
15,759,18:19,4
15,760,18:20,4
15,761,18:21,4
15,762,18:22,2
15,763,18:23,2
15,764,18:24,2
15,765,18:25,2
15,766,18:26,2
15,767,18:27,2
15,768,18:28,2
15,769,18:29,2
15,770,18:30,2
15,771,18:31,2
15,772,18:32,1
15,773,18:33,1
15,774,18:34,1
15,775,18:35,0
15,776,18:36,0
15,777,18:37,0
15,778,18:38,1
15,779,18:39,1
15,780,18:40,1
15,781,18:41,1
15,782,18:42,1
15,783,18:43,1
15,784,18:44,1
15,785,18:45,1
15,786,18:46,1
15,787,18:47,1
15,788,18:48,1
15,789,18:49,1
15,790,18:50,1
15,791,18:51,1
15,792,18:52,1
15,793,18:53,1
15,794,18:54,0
15,795,18:55,0
15,796,18:56,0
15,797,18:57,1
15,798,18:58,1
15,799,18:59,1
15,800,19:00,1
15,801,19:01,1
15,802,19:02,1
15,803,19:03,1
15,804,19:04,1
15,805,19:05,1
15,806,19:06,1
15,807,19:07,1
15,808,19:08,1
15,809,19:09,1
15,810,19:10,1
15,811,19:11,1
15,812,19:12,0
15,813,19:13,0
15,814,19:14,0
15,815,19:15,0
15,816,19:16,0
15,817,19:17,0
15,818,19:18,0
15,819,19:19,0
15,820,19:20,0
15,821,19:21,0
15,822,19:22,0
15,823,19:23,0
15,824,19:24,0
15,825,19:25,0
15,826,19:26,0
15,827,19:27,0
15,828,19:28,0
15,829,19:29,0
15,830,19:30,0
15,831,19:31,0
15,832,19:32,0
15,833,19:33,0
15,834,19:34,0
15,835,19:35,0
16,0,05:40,0
16,1,05:41,0
16,2,05:42,0
16,3,05:43,0
16,4,05:44,0
16,5,05:45,0
16,6,05:46,0
16,7,05:47,0
16,8,05:48,0
16,9,05:49,0
16,10,05:50,0
16,11,05:51,0
16,12,05:52,0
16,13,05:53,0
16,14,05:54,0
16,15,05:55,0
16,16,05:56,0
16,17,05:57,0
16,18,05:58,0
16,19,05:59,0
16,20,06:00,0
16,21,06:01,0
16,22,06:02,0
16,23,06:03,0
16,24,06:04,0
16,25,06:05,0
16,26,06:06,0
16,27,06:07,0
16,28,06:08,0
16,29,06:09,0
16,30,06:10,0
16,31,06:11,0
16,32,06:12,0
16,33,06:13,0
16,34,06:14,0
16,35,06:15,0
16,36,06:16,0
16,37,06:17,0
16,38,06:18,0
16,39,06:19,0
16,40,06:20,0
16,41,06:21,0
16,42,06:22,0
16,43,06:23,0
16,44,06:24,0
16,45,06:25,0
16,46,06:26,1
16,47,06:27,1
16,48,06:28,1
16,49,06:29,2
16,50,06:30,2
16,51,06:31,2
16,52,06:32,2
16,53,06:33,2
16,54,06:34,2
16,55,06:35,2
16,56,06:36,2
16,57,06:37,2
16,58,06:38,2
16,59,06:39,2
16,60,06:40,2
16,61,06:41,2
16,62,06:42,2
16,63,06:43,2
16,64,06:44,2
16,65,06:45,2
16,66,06:46,1
16,67,06:47,1
16,68,06:48,1
16,69,06:49,0
16,70,06:50,0
16,71,06:51,0
16,72,06:52,0
16,73,06:53,0
16,74,06:54,0
16,75,06:55,0
16,76,06:56,0
16,77,06:57,0
16,78,06:58,0
16,79,06:59,0
16,80,07:00,0
16,81,07:01,0
16,82,07:02,0
16,83,07:03,0
16,84,07:04,0
16,85,07:05,0
16,86,07:06,0
16,87,07:07,0
16,88,07:08,0
16,89,07:09,0
16,90,07:10,0
16,91,07:11,0
16,92,07:12,0
16,93,07:13,0
16,94,07:14,0
16,95,07:15,0
16,96,07:16,0
16,97,07:17,0
16,98,07:18,0
16,99,07:19,0
16,100,07:20,0
16,101,07:21,0
16,102,07:22,0
16,103,07:23,0
16,104,07:24,0
16,105,07:25,0
16,106,07:26,0
16,107,07:27,0
16,108,07:28,0
16,109,07:29,0
16,110,07:30,0
16,111,07:31,0
16,112,07:32,0
16,113,07:33,0
16,114,07:34,0
16,115,07:35,0
16,116,07:36,0
16,117,07:37,0
16,118,07:38,0
16,119,07:39,0
16,120,07:40,0
16,121,07:41,0
16,122,07:42,0
16,123,07:43,0
16,124,07:44,0
16,125,07:45,0
16,126,07:46,0
16,127,07:47,0
16,128,07:48,0
16,129,07:49,0
16,130,07:50,0
16,131,07:51,0
16,132,07:52,0
16,133,07:53,0
16,134,07:54,0
16,135,07:55,0
16,136,07:56,0
16,137,07:57,0
16,138,07:58,0
16,139,07:59,0
16,140,08:00,0
16,141,08:01,0
16,142,08:02,0
16,143,08:03,0
16,144,08:04,0
16,145,08:05,0
16,146,08:06,1
16,147,08:07,1
16,148,08:08,1
16,149,08:09,1
16,150,08:10,1
16,151,08:11,1
16,152,08:12,1
16,153,08:13,1
16,154,08:14,1
16,155,08:15,1
16,156,08:16,1
16,157,08:17,1
16,158,08:18,1
16,159,08:19,1
16,160,08:20,0
16,161,08:21,0
16,162,08:22,0
16,163,08:23,0
16,164,08:24,0
16,165,08:25,0
16,166,08:26,0
16,167,08:27,0
16,168,08:28,0
16,169,08:29,0
16,170,08:30,0
16,171,08:31,0
16,172,08:32,0
16,173,08:33,0
16,174,08:34,1
16,175,08:35,1
16,176,08:36,1
16,177,08:37,1
16,178,08:38,1
16,179,08:39,1
16,180,08:40,1
16,181,08:41,1
16,182,08:42,1
16,183,08:43,1
16,184,08:44,1
16,185,08:45,1
16,186,08:46,1
16,187,08:47,1
16,188,08:48,1
16,189,08:49,1
16,190,08:50,1
16,191,08:51,1
16,192,08:52,1
16,193,08:53,0
16,194,08:54,0
16,195,08:55,0
16,196,08:56,1
16,197,08:57,1
16,198,08:58,1
16,199,08:59,1
16,200,09:00,1
16,201,09:01,1
16,202,09:02,1
16,203,09:03,1
16,204,09:04,1
16,205,09:05,1
16,206,09:06,1
16,207,09:07,1
16,208,09:08,1
16,209,09:09,1
16,210,09:10,1
16,211,09:11,1
16,212,09:12,1
16,213,09:13,1
16,214,09:14,1
16,215,09:15,1
16,216,09:16,1
16,217,09:17,1
16,218,09:18,1
16,219,09:19,1
16,220,09:20,1
16,221,09:21,1
16,222,09:22,1
16,223,09:23,1
16,224,09:24,1
16,225,09:25,1
16,226,09:26,0
16,227,09:27,0
16,228,09:28,0
16,229,09:29,1
16,230,09:30,1
16,231,09:31,1
16,232,09:32,2
16,233,09:33,2
16,234,09:34,2
16,235,09:35,2
16,236,09:36,2
16,237,09:37,2
16,238,09:38,2
16,239,09:39,2
16,240,09:40,2
16,241,09:41,2
16,242,09:42,2
16,243,09:43,2
16,244,09:44,2
16,245,09:45,2
16,246,09:46,2
16,247,09:47,1
16,248,09:48,1
16,249,09:49,1
16,250,09:50,0
16,251,09:51,0
16,252,09:52,0
16,253,09:53,0
16,254,09:54,0
16,255,09:55,0
16,256,09:56,0
16,257,09:57,0
16,258,09:58,0
16,259,09:59,0
16,260,10:00,0
16,261,10:01,0
16,262,10:02,0
16,263,10:03,0
16,264,10:04,0
16,265,10:05,1
16,266,10:06,1
16,267,10:07,1
16,268,10:08,2
16,269,10:09,2
16,270,10:10,2
16,271,10:11,2
16,272,10:12,2
16,273,10:13,2
16,274,10:14,2
16,275,10:15,2
16,276,10:16,2
16,277,10:17,2
16,278,10:18,1
16,279,10:19,1
16,280,10:20,1
16,281,10:21,1
16,282,10:22,1
16,283,10:23,1
16,284,10:24,1
16,285,10:25,0
16,286,10:26,0
16,287,10:27,0
16,288,10:28,0
16,289,10:29,0
16,290,10:30,0
16,291,10:31,0
16,292,10:32,0
16,293,10:33,0
16,294,10:34,0
16,295,10:35,0
16,296,10:36,0
16,297,10:37,0
16,298,10:38,0
16,299,10:39,2
16,300,10:40,2
16,301,10:41,2
16,302,10:42,2
16,303,10:43,2
16,304,10:44,2
16,305,10:45,2
16,306,10:46,2
16,307,10:47,2
16,308,10:48,2
16,309,10:49,2
16,310,10:50,2
16,311,10:51,2
16,312,10:52,2
16,313,10:53,2
16,314,10:54,2
16,315,10:55,2
16,316,10:56,2
16,317,10:57,0
16,318,10:58,0
16,319,10:59,0
16,320,11:00,1
16,321,11:01,1
16,322,11:02,1
16,323,11:03,2
16,324,11:04,2
16,325,11:05,2
16,326,11:06,2
16,327,11:07,2
16,328,11:08,2
16,329,11:09,2
16,330,11:10,2
16,331,11:11,2
16,332,11:12,1
16,333,11:13,1
16,334,11:14,1
16,335,11:15,0
16,336,11:16,0
16,337,11:17,0
16,338,11:18,1
16,339,11:19,1
16,340,11:20,1
16,341,11:21,1
16,342,11:22,1
16,343,11:23,1
16,344,11:24,1
16,345,11:25,1
16,346,11:26,1
16,347,11:27,1
16,348,11:28,0
16,349,11:29,0
16,350,11:30,0
16,351,11:31,1
16,352,11:32,1
16,353,11:33,1
16,354,11:34,3
16,355,11:35,3
16,356,11:36,3
16,357,11:37,3
16,358,11:38,3
16,359,11:39,3
16,360,11:40,3
16,361,11:41,3
16,362,11:42,3
16,363,11:43,3
16,364,11:44,1
16,365,11:45,1
16,366,11:46,1
16,367,11:47,0
16,368,11:48,0
16,369,11:49,0
16,370,11:50,1
16,371,11:51,1
16,372,11:52,1
16,373,11:53,2
16,374,11:54,2
16,375,11:55,2
16,376,11:56,2
16,377,11:57,2
16,378,11:58,2
16,379,11:59,2
16,380,12:00,2
16,381,12:01,2
16,382,12:02,1
16,383,12:03,1
16,384,12:04,1
16,385,12:05,1
16,386,12:06,0
16,387,12:07,0
16,388,12:08,0
16,389,12:09,1
16,390,12:10,1
16,391,12:11,1
16,392,12:12,1
16,393,12:13,1
16,394,12:14,1
16,395,12:15,2
16,396,12:16,2
16,397,12:17,2
16,398,12:18,2
16,399,12:19,2
16,400,12:20,2
16,401,12:21,2
16,402,12:22,2
16,403,12:23,2
16,404,12:24,2
16,405,12:25,2
16,406,12:26,1
16,407,12:27,1
16,408,12:28,1
16,409,12:29,1
16,410,12:30,1
16,411,12:31,1
16,412,12:32,1
16,413,12:33,1
16,414,12:34,1
16,415,12:35,1
16,416,12:36,0
16,417,12:37,0
16,418,12:38,0
16,419,12:39,0
16,420,12:40,0
16,421,12:41,0
16,422,12:42,0
16,423,12:43,0
16,424,12:44,0
16,425,12:45,0
16,426,12:46,0
16,427,12:47,0
16,428,12:48,0
16,429,12:49,0
16,430,12:50,0
16,431,12:51,0
16,432,12:52,0
16,433,12:53,0
16,434,12:54,0
16,435,12:55,0
16,436,12:56,0
16,437,12:57,0
16,438,12:58,0
16,439,12:59,0
16,440,13:00,0
16,441,13:01,0
16,442,13:02,1
16,443,13:03,1
16,444,13:04,1
16,445,13:05,1
16,446,13:06,1
16,447,13:07,1
16,448,13:08,1
16,449,13:09,1
16,450,13:10,1
16,451,13:11,1
16,452,13:12,1
16,453,13:13,1
16,454,13:14,1
16,455,13:15,1
16,456,13:16,1
16,457,13:17,0
16,458,13:18,0
16,459,13:19,0
16,460,13:20,0
16,461,13:21,0
16,462,13:22,0
16,463,13:23,0
16,464,13:24,0
16,465,13:25,0
16,466,13:26,0
16,467,13:27,0
16,468,13:28,0
16,469,13:29,0
16,470,13:30,0
16,471,13:31,0
16,472,13:32,0
16,473,13:33,0
16,474,13:34,0
16,475,13:35,0
16,476,13:36,0
16,477,13:37,0
16,478,13:38,0
16,479,13:39,0
16,480,13:40,0
16,481,13:41,0
16,482,13:42,0
16,483,13:43,0
16,484,13:44,0
16,485,13:45,0
16,486,13:46,0
16,487,13:47,0
16,488,13:48,0
16,489,13:49,0
16,490,13:50,0
16,491,13:51,0
16,492,13:52,0
16,493,13:53,0
16,494,13:54,0
16,495,13:55,0
16,496,13:56,0
16,497,13:57,0
16,498,13:58,0
16,499,13:59,0
16,500,14:00,1
16,501,14:01,1
16,502,14:02,1
16,503,14:03,1
16,504,14:04,1
16,505,14:05,1
16,506,14:06,1
16,507,14:07,1
16,508,14:08,1
16,509,14:09,2
16,510,14:10,2
16,511,14:11,2
16,512,14:12,2
16,513,14:13,2
16,514,14:14,2
16,515,14:15,2
16,516,14:16,2
16,517,14:17,2
16,518,14:18,2
16,519,14:19,2
16,520,14:20,2
16,521,14:21,2
16,522,14:22,2
16,523,14:23,1
16,524,14:24,1
16,525,14:25,1
16,526,14:26,0
16,527,14:27,0
16,528,14:28,0
16,529,14:29,2
16,530,14:30,2
16,531,14:31,2
16,532,14:32,2
16,533,14:33,2
16,534,14:34,4
16,535,14:35,4
16,536,14:36,4
16,537,14:37,4
16,538,14:38,4
16,539,14:39,4
16,540,14:40,4
16,541,14:41,4
16,542,14:42,4
16,543,14:43,4
16,544,14:44,4
16,545,14:45,4
16,546,14:46,4
16,547,14:47,4
16,548,14:48,4
16,549,14:49,2
16,550,14:50,2
16,551,14:51,2
16,552,14:52,0
16,553,14:53,0
16,554,14:54,0
16,555,14:55,0
16,556,14:56,0
16,557,14:57,0
16,558,14:58,0
16,559,14:59,0
16,560,15:00,1
16,561,15:01,1
16,562,15:02,1
16,563,15:03,1
16,564,15:04,1
16,565,15:05,1
16,566,15:06,1
16,567,15:07,1
16,568,15:08,1
16,569,15:09,1
16,570,15:10,0
16,571,15:11,0
16,572,15:12,0
16,573,15:13,0
16,574,15:14,0
16,575,15:15,0
16,576,15:16,0
16,577,15:17,0
16,578,15:18,0
16,579,15:19,0
16,580,15:20,1
16,581,15:21,1
16,582,15:22,1
16,583,15:23,1
16,584,15:24,1
16,585,15:25,1
16,586,15:26,1
16,587,15:27,1
16,588,15:28,1
16,589,15:29,1
16,590,15:30,0
16,591,15:31,0
16,592,15:32,0
16,593,15:33,2
16,594,15:34,2
16,595,15:35,2
16,596,15:36,3
16,597,15:37,3
16,598,15:38,3
16,599,15:39,3
16,600,15:40,3
16,601,15:41,3
16,602,15:42,3
16,603,15:43,3
16,604,15:44,3
16,605,15:45,3
16,606,15:46,1
16,607,15:47,1
16,608,15:48,1
16,609,15:49,1
16,610,15:50,1
16,611,15:51,1
16,612,15:52,1
16,613,15:53,1
16,614,15:54,1
16,615,15:55,1
16,616,15:56,1
16,617,15:57,0
16,618,15:58,0
16,619,15:59,0
16,620,16:00,0
16,621,16:01,0
16,622,16:02,0
16,623,16:03,0
16,624,16:04,0
16,625,16:05,0
16,626,16:06,0
16,627,16:07,0
16,628,16:08,0
16,629,16:09,0
16,630,16:10,0
16,631,16:11,0
16,632,16:12,0
16,633,16:13,1
16,634,16:14,1
16,635,16:15,1
16,636,16:16,1
16,637,16:17,1
16,638,16:18,1
16,639,16:19,1
16,640,16:20,1
16,641,16:21,1
16,642,16:22,1
16,643,16:23,1
16,644,16:24,1
16,645,16:25,1
16,646,16:26,1
16,647,16:27,1
16,648,16:28,1
16,649,16:29,1
16,650,16:30,1
16,651,16:31,1
16,652,16:32,1
16,653,16:33,1
16,654,16:34,0
16,655,16:35,0
16,656,16:36,0
16,657,16:37,0
16,658,16:38,0
16,659,16:39,0
16,660,16:40,0
16,661,16:41,0
16,662,16:42,0
16,663,16:43,0
16,664,16:44,0
16,665,16:45,2
16,666,16:46,2
16,667,16:47,2
16,668,16:48,4
16,669,16:49,4
16,670,16:50,4
16,671,16:51,4
16,672,16:52,4
16,673,16:53,4
16,674,16:54,4
16,675,16:55,4
16,676,16:56,4
16,677,16:57,2
16,678,16:58,2
16,679,16:59,2
16,680,17:00,2
16,681,17:01,2
16,682,17:02,2
16,683,17:03,2
16,684,17:04,2
16,685,17:05,2
16,686,17:06,0
16,687,17:07,0
16,688,17:08,0
16,689,17:09,1
16,690,17:10,1
16,691,17:11,1
16,692,17:12,1
16,693,17:13,1
16,694,17:14,1
16,695,17:15,1
16,696,17:16,1
16,697,17:17,1
16,698,17:18,1
16,699,17:19,1
16,700,17:20,1
16,701,17:21,1
16,702,17:22,0
16,703,17:23,0
16,704,17:24,0
16,705,17:25,0
16,706,17:26,0
16,707,17:27,0
16,708,17:28,0
16,709,17:29,0
16,710,17:30,0
16,711,17:31,0
16,712,17:32,0
16,713,17:33,0
16,714,17:34,0
16,715,17:35,0
16,716,17:36,0
16,717,17:37,0
16,718,17:38,0
16,719,17:39,0
16,720,17:40,0
16,721,17:41,0
16,722,17:42,0
16,723,17:43,0
16,724,17:44,0
16,725,17:45,0
16,726,17:46,0
16,727,17:47,0
16,728,17:48,0
16,729,17:49,0
16,730,17:50,0
16,731,17:51,0
16,732,17:52,1
16,733,17:53,1
16,734,17:54,1
16,735,17:55,2
16,736,17:56,2
16,737,17:57,2
16,738,17:58,4
16,739,17:59,4
16,740,18:00,4
16,741,18:01,4
16,742,18:02,4
16,743,18:03,4
16,744,18:04,4
16,745,18:05,4
16,746,18:06,4
16,747,18:07,4
16,748,18:08,4
16,749,18:09,4
16,750,18:10,4
16,751,18:11,4
16,752,18:12,4
16,753,18:13,4
16,754,18:14,4
16,755,18:15,4
16,756,18:16,3
16,757,18:17,3
16,758,18:18,3
16,759,18:19,1
16,760,18:20,1
16,761,18:21,1
16,762,18:22,0
16,763,18:23,0
16,764,18:24,0
16,765,18:25,0
16,766,18:26,0
16,767,18:27,0
16,768,18:28,1
16,769,18:29,1
16,770,18:30,1
16,771,18:31,1
16,772,18:32,1
16,773,18:33,1
16,774,18:34,2
16,775,18:35,2
16,776,18:36,2
16,777,18:37,2
16,778,18:38,2
16,779,18:39,2
16,780,18:40,2
16,781,18:41,2
16,782,18:42,2
16,783,18:43,2
16,784,18:44,1
16,785,18:45,1
16,786,18:46,1
16,787,18:47,0
16,788,18:48,0
16,789,18:49,0
16,790,18:50,3
16,791,18:51,3
16,792,18:52,3
16,793,18:53,3
16,794,18:54,3
16,795,18:55,4
16,796,18:56,4
16,797,18:57,4
16,798,18:58,4
16,799,18:59,4
16,800,19:00,4
16,801,19:01,4
16,802,19:02,4
16,803,19:03,4
16,804,19:04,1
16,805,19:05,1
16,806,19:06,1
16,807,19:07,1
16,808,19:08,1
16,809,19:09,1
16,810,19:10,0
16,811,19:11,0
16,812,19:12,0
16,813,19:13,0
16,814,19:14,0
16,815,19:15,0
16,816,19:16,0
16,817,19:17,0
16,818,19:18,0
16,819,19:19,0
16,820,19:20,0
16,821,19:21,0
16,822,19:22,0
16,823,19:23,0
16,824,19:24,0
16,825,19:25,0
16,826,19:26,0
16,827,19:27,0
16,828,19:28,0
16,829,19:29,0
16,830,19:30,0
16,831,19:31,0
16,832,19:32,0
16,833,19:33,0
16,834,19:34,0
16,835,19:35,0
17,0,05:40,0
17,1,05:41,0
17,2,05:42,0
17,3,05:43,0
17,4,05:44,0
17,5,05:45,0
17,6,05:46,0
17,7,05:47,0
17,8,05:48,0
17,9,05:49,0
17,10,05:50,0
17,11,05:51,0
17,12,05:52,0
17,13,05:53,0
17,14,05:54,0
17,15,05:55,0
17,16,05:56,0
17,17,05:57,0
17,18,05:58,0
17,19,05:59,0
17,20,06:00,0
17,21,06:01,0
17,22,06:02,0
17,23,06:03,0
17,24,06:04,0
17,25,06:05,0
17,26,06:06,0
17,27,06:07,0
17,28,06:08,0
17,29,06:09,0
17,30,06:10,0
17,31,06:11,0
17,32,06:12,0
17,33,06:13,0
17,34,06:14,0
17,35,06:15,0
17,36,06:16,0
17,37,06:17,0
17,38,06:18,0
17,39,06:19,0
17,40,06:20,0
17,41,06:21,0
17,42,06:22,0
17,43,06:23,0
17,44,06:24,0
17,45,06:25,0
17,46,06:26,0
17,47,06:27,0
17,48,06:28,0
17,49,06:29,0
17,50,06:30,0
17,51,06:31,0
17,52,06:32,1
17,53,06:33,1
17,54,06:34,1
17,55,06:35,1
17,56,06:36,1
17,57,06:37,1
17,58,06:38,1
17,59,06:39,1
17,60,06:40,1
17,61,06:41,1
17,62,06:42,1
17,63,06:43,1
17,64,06:44,1
17,65,06:45,1
17,66,06:46,1
17,67,06:47,1
17,68,06:48,1
17,69,06:49,1
17,70,06:50,1
17,71,06:51,1
17,72,06:52,1
17,73,06:53,1
17,74,06:54,1
17,75,06:55,1
17,76,06:56,1
17,77,06:57,1
17,78,06:58,1
17,79,06:59,0
17,80,07:00,0
17,81,07:01,0
17,82,07:02,0
17,83,07:03,0
17,84,07:04,1
17,85,07:05,1
17,86,07:06,1
17,87,07:07,2
17,88,07:08,2
17,89,07:09,2
17,90,07:10,2
17,91,07:11,2
17,92,07:12,2
17,93,07:13,2
17,94,07:14,2
17,95,07:15,2
17,96,07:16,2
17,97,07:17,2
17,98,07:18,2
17,99,07:19,2
17,100,07:20,2
17,101,07:21,2
17,102,07:22,2
17,103,07:23,2
17,104,07:24,2
17,105,07:25,2
17,106,07:26,2
17,107,07:27,2
17,108,07:28,2
17,109,07:29,1
17,110,07:30,1
17,111,07:31,1
17,112,07:32,0
17,113,07:33,0
17,114,07:34,0
17,115,07:35,0
17,116,07:36,0
17,117,07:37,0
17,118,07:38,0
17,119,07:39,0
17,120,07:40,0
17,121,07:41,0
17,122,07:42,0
17,123,07:43,0
17,124,07:44,0
17,125,07:45,0
17,126,07:46,0
17,127,07:47,0
17,128,07:48,0
17,129,07:49,0
17,130,07:50,0
17,131,07:51,0
17,132,07:52,0
17,133,07:53,0
17,134,07:54,0
17,135,07:55,0
17,136,07:56,0
17,137,07:57,0
17,138,07:58,0
17,139,07:59,0
17,140,08:00,0
17,141,08:01,0
17,142,08:02,0
17,143,08:03,0
17,144,08:04,0
17,145,08:05,0
17,146,08:06,0
17,147,08:07,0
17,148,08:08,0
17,149,08:09,0
17,150,08:10,0
17,151,08:11,0
17,152,08:12,0
17,153,08:13,0
17,154,08:14,0
17,155,08:15,0
17,156,08:16,0
17,157,08:17,0
17,158,08:18,0
17,159,08:19,0
17,160,08:20,0
17,161,08:21,0
17,162,08:22,0
17,163,08:23,0
17,164,08:24,0
17,165,08:25,0
17,166,08:26,0
17,167,08:27,0
17,168,08:28,0
17,169,08:29,0
17,170,08:30,0
17,171,08:31,0
17,172,08:32,0
17,173,08:33,0
17,174,08:34,0
17,175,08:35,0
17,176,08:36,0
17,177,08:37,0
17,178,08:38,0
17,179,08:39,0
17,180,08:40,0
17,181,08:41,0
17,182,08:42,0
17,183,08:43,0
17,184,08:44,0
17,185,08:45,0
17,186,08:46,0
17,187,08:47,0
17,188,08:48,0
17,189,08:49,0
17,190,08:50,0
17,191,08:51,0
17,192,08:52,0
17,193,08:53,0
17,194,08:54,0
17,195,08:55,0
17,196,08:56,0
17,197,08:57,0
17,198,08:58,0
17,199,08:59,0
17,200,09:00,0
17,201,09:01,0
17,202,09:02,0
17,203,09:03,0
17,204,09:04,0
17,205,09:05,0
17,206,09:06,0
17,207,09:07,0
17,208,09:08,0
17,209,09:09,0
17,210,09:10,0
17,211,09:11,0
17,212,09:12,0
17,213,09:13,0
17,214,09:14,0
17,215,09:15,0
17,216,09:16,0
17,217,09:17,0
17,218,09:18,0
17,219,09:19,0
17,220,09:20,0
17,221,09:21,0
17,222,09:22,0
17,223,09:23,0
17,224,09:24,0
17,225,09:25,0
17,226,09:26,0
17,227,09:27,0
17,228,09:28,0
17,229,09:29,0
17,230,09:30,0
17,231,09:31,0
17,232,09:32,0
17,233,09:33,0
17,234,09:34,0
17,235,09:35,0
17,236,09:36,0
17,237,09:37,0
17,238,09:38,0
17,239,09:39,0
17,240,09:40,0
17,241,09:41,1
17,242,09:42,1
17,243,09:43,1
17,244,09:44,2
17,245,09:45,2
17,246,09:46,2
17,247,09:47,3
17,248,09:48,3
17,249,09:49,3
17,250,09:50,3
17,251,09:51,3
17,252,09:52,3
17,253,09:53,3
17,254,09:54,3
17,255,09:55,3
17,256,09:56,3
17,257,09:57,3
17,258,09:58,3
17,259,09:59,3
17,260,10:00,3
17,261,10:01,3
17,262,10:02,2
17,263,10:03,2
17,264,10:04,2
17,265,10:05,2
17,266,10:06,2
17,267,10:07,2
17,268,10:08,2
17,269,10:09,2
17,270,10:10,2
17,271,10:11,2
17,272,10:12,1
17,273,10:13,1
17,274,10:14,1
17,275,10:15,0
17,276,10:16,0
17,277,10:17,0
17,278,10:18,0
17,279,10:19,0
17,280,10:20,0
17,281,10:21,0
17,282,10:22,0
17,283,10:23,0
17,284,10:24,0
17,285,10:25,0
17,286,10:26,1
17,287,10:27,1
17,288,10:28,1
17,289,10:29,1
17,290,10:30,1
17,291,10:31,1
17,292,10:32,1
17,293,10:33,1
17,294,10:34,1
17,295,10:35,1
17,296,10:36,1
17,297,10:37,0
17,298,10:38,0
17,299,10:39,0
17,300,10:40,0
17,301,10:41,0
17,302,10:42,0
17,303,10:43,0
17,304,10:44,0
17,305,10:45,0
17,306,10:46,0
17,307,10:47,1
17,308,10:48,1
17,309,10:49,1
17,310,10:50,2
17,311,10:51,2
17,312,10:52,2
17,313,10:53,2
17,314,10:54,2
17,315,10:55,2
17,316,10:56,2
17,317,10:57,2
17,318,10:58,2
17,319,10:59,2
17,320,11:00,2
17,321,11:01,1
17,322,11:02,1
17,323,11:03,1
17,324,11:04,0
17,325,11:05,0
17,326,11:06,0
17,327,11:07,1
17,328,11:08,1
17,329,11:09,1
17,330,11:10,2
17,331,11:11,2
17,332,11:12,2
17,333,11:13,2
17,334,11:14,2
17,335,11:15,2
17,336,11:16,2
17,337,11:17,2
17,338,11:18,2
17,339,11:19,2
17,340,11:20,2
17,341,11:21,2
17,342,11:22,2
17,343,11:23,2
17,344,11:24,2
17,345,11:25,2
17,346,11:26,2
17,347,11:27,2
17,348,11:28,2
17,349,11:29,1
17,350,11:30,1
17,351,11:31,1
17,352,11:32,0
17,353,11:33,0
17,354,11:34,0
17,355,11:35,1
17,356,11:36,1
17,357,11:37,1
17,358,11:38,3
17,359,11:39,3
17,360,11:40,3
17,361,11:41,3
17,362,11:42,3
17,363,11:43,3
17,364,11:44,3
17,365,11:45,3
17,366,11:46,3
17,367,11:47,3
17,368,11:48,3
17,369,11:49,3
17,370,11:50,3
17,371,11:51,3
17,372,11:52,3
17,373,11:53,3
17,374,11:54,3
17,375,11:55,3
17,376,11:56,3
17,377,11:57,3
17,378,11:58,3
17,379,11:59,2
17,380,12:00,2
17,381,12:01,2
17,382,12:02,0
17,383,12:03,0
17,384,12:04,0
17,385,12:05,1
17,386,12:06,1
17,387,12:07,1
17,388,12:08,1
17,389,12:09,1
17,390,12:10,1
17,391,12:11,1
17,392,12:12,1
17,393,12:13,1
17,394,12:14,1
17,395,12:15,1
17,396,12:16,1
17,397,12:17,1
17,398,12:18,1
17,399,12:19,1
17,400,12:20,0
17,401,12:21,0
17,402,12:22,0
17,403,12:23,1
17,404,12:24,1
17,405,12:25,1
17,406,12:26,2
17,407,12:27,2
17,408,12:28,2
17,409,12:29,4
17,410,12:30,4
17,411,12:31,4
17,412,12:32,4
17,413,12:33,4
17,414,12:34,4
17,415,12:35,4
17,416,12:36,4
17,417,12:37,4
17,418,12:38,4
17,419,12:39,4
17,420,12:40,4
17,421,12:41,4
17,422,12:42,4
17,423,12:43,4
17,424,12:44,4
17,425,12:45,4
17,426,12:46,4
17,427,12:47,3
17,428,12:48,3
17,429,12:49,3
17,430,12:50,1
17,431,12:51,1
17,432,12:52,1
17,433,12:53,0
17,434,12:54,0
17,435,12:55,0
17,436,12:56,0
17,437,12:57,0
17,438,12:58,0
17,439,12:59,0
17,440,13:00,1
17,441,13:01,1
17,442,13:02,1
17,443,13:03,1
17,444,13:04,1
17,445,13:05,1
17,446,13:06,1
17,447,13:07,1
17,448,13:08,1
17,449,13:09,1
17,450,13:10,1
17,451,13:11,1
17,452,13:12,1
17,453,13:13,3
17,454,13:14,3
17,455,13:15,3
17,456,13:16,2
17,457,13:17,2
17,458,13:18,2
17,459,13:19,3
17,460,13:20,3
17,461,13:21,3
17,462,13:22,3
17,463,13:23,3
17,464,13:24,3
17,465,13:25,3
17,466,13:26,3
17,467,13:27,3
17,468,13:28,3
17,469,13:29,3
17,470,13:30,3
17,471,13:31,3
17,472,13:32,3
17,473,13:33,3
17,474,13:34,2
17,475,13:35,2
17,476,13:36,2
17,477,13:37,0
17,478,13:38,0
17,479,13:39,0
17,480,13:40,0
17,481,13:41,0
17,482,13:42,0
17,483,13:43,0
17,484,13:44,0
17,485,13:45,0
17,486,13:46,0
17,487,13:47,0
17,488,13:48,0
17,489,13:49,0
17,490,13:50,0
17,491,13:51,0
17,492,13:52,0
17,493,13:53,0
17,494,13:54,0
17,495,13:55,0
17,496,13:56,0
17,497,13:57,0
17,498,13:58,0
17,499,13:59,0
17,500,14:00,0
17,501,14:01,0
17,502,14:02,0
17,503,14:03,0
17,504,14:04,0
17,505,14:05,0
17,506,14:06,0
17,507,14:07,0
17,508,14:08,0
17,509,14:09,0
17,510,14:10,0
17,511,14:11,0
17,512,14:12,0
17,513,14:13,0
17,514,14:14,0
17,515,14:15,0
17,516,14:16,0
17,517,14:17,1
17,518,14:18,1
17,519,14:19,1
17,520,14:20,1
17,521,14:21,1
17,522,14:22,1
17,523,14:23,1
17,524,14:24,1
17,525,14:25,1
17,526,14:26,1
17,527,14:27,1
17,528,14:28,1
17,529,14:29,1
17,530,14:30,1
17,531,14:31,1
17,532,14:32,1
17,533,14:33,0
17,534,14:34,0
17,535,14:35,0
17,536,14:36,1
17,537,14:37,1
17,538,14:38,1
17,539,14:39,1
17,540,14:40,1
17,541,14:41,1
17,542,14:42,1
17,543,14:43,1
17,544,14:44,1
17,545,14:45,1
17,546,14:46,0
17,547,14:47,0
17,548,14:48,0
17,549,14:49,0
17,550,14:50,0
17,551,14:51,0
17,552,14:52,0
17,553,14:53,0
17,554,14:54,0
17,555,14:55,0
17,556,14:56,0
17,557,14:57,0
17,558,14:58,0
17,559,14:59,0
17,560,15:00,1
17,561,15:01,1
17,562,15:02,1
17,563,15:03,2
17,564,15:04,2
17,565,15:05,2
17,566,15:06,2
17,567,15:07,2
17,568,15:08,2
17,569,15:09,2
17,570,15:10,2
17,571,15:11,2
17,572,15:12,1
17,573,15:13,1
17,574,15:14,1
17,575,15:15,0
17,576,15:16,0
17,577,15:17,0
17,578,15:18,2
17,579,15:19,2
17,580,15:20,2
17,581,15:21,2
17,582,15:22,2
17,583,15:23,2
17,584,15:24,2
17,585,15:25,2
17,586,15:26,2
17,587,15:27,2
17,588,15:28,2
17,589,15:29,2
17,590,15:30,2
17,591,15:31,2
17,592,15:32,2
17,593,15:33,2
17,594,15:34,2
17,595,15:35,0
17,596,15:36,0
17,597,15:37,0
17,598,15:38,0
17,599,15:39,0
17,600,15:40,0
17,601,15:41,0
17,602,15:42,0
17,603,15:43,0
17,604,15:44,0
17,605,15:45,0
17,606,15:46,0
17,607,15:47,0
17,608,15:48,0
17,609,15:49,0
17,610,15:50,0
17,611,15:51,0
17,612,15:52,0
17,613,15:53,0
17,614,15:54,0
17,615,15:55,0
17,616,15:56,0
17,617,15:57,0
17,618,15:58,0
17,619,15:59,0
17,620,16:00,0
17,621,16:01,0
17,622,16:02,0
17,623,16:03,0
17,624,16:04,0
17,625,16:05,0
17,626,16:06,0
17,627,16:07,0
17,628,16:08,0
17,629,16:09,0
17,630,16:10,0
17,631,16:11,0
17,632,16:12,0
17,633,16:13,1
17,634,16:14,1
17,635,16:15,1
17,636,16:16,2
17,637,16:17,2
17,638,16:18,2
17,639,16:19,2
17,640,16:20,2
17,641,16:21,2
17,642,16:22,2
17,643,16:23,2
17,644,16:24,2
17,645,16:25,2
17,646,16:26,2
17,647,16:27,2
17,648,16:28,2
17,649,16:29,2
17,650,16:30,1
17,651,16:31,1
17,652,16:32,1
17,653,16:33,1
17,654,16:34,1
17,655,16:35,1
17,656,16:36,1
17,657,16:37,1
17,658,16:38,1
17,659,16:39,0
17,660,16:40,0
17,661,16:41,0
17,662,16:42,0
17,663,16:43,0
17,664,16:44,0
17,665,16:45,2
17,666,16:46,2
17,667,16:47,2
17,668,16:48,4
17,669,16:49,4
17,670,16:50,4
17,671,16:51,4
17,672,16:52,4
17,673,16:53,4
17,674,16:54,4
17,675,16:55,4
17,676,16:56,4
17,677,16:57,4
17,678,16:58,4
17,679,16:59,4
17,680,17:00,4
17,681,17:01,4
17,682,17:02,4
17,683,17:03,4
17,684,17:04,4
17,685,17:05,4
17,686,17:06,2
17,687,17:07,2
17,688,17:08,2
17,689,17:09,2
17,690,17:10,2
17,691,17:11,2
17,692,17:12,0
17,693,17:13,0
17,694,17:14,0
17,695,17:15,3
17,696,17:16,3
17,697,17:17,3
17,698,17:18,3
17,699,17:19,3
17,700,17:20,3
17,701,17:21,3
17,702,17:22,3
17,703,17:23,3
17,704,17:24,0
17,705,17:25,0
17,706,17:26,0
17,707,17:27,1
17,708,17:28,1
17,709,17:29,1
17,710,17:30,4
17,711,17:31,4
17,712,17:32,4
17,713,17:33,4
17,714,17:34,4
17,715,17:35,4
17,716,17:36,4
17,717,17:37,4
17,718,17:38,4
17,719,17:39,1
17,720,17:40,1
17,721,17:41,1
17,722,17:42,0
17,723,17:43,0
17,724,17:44,0
17,725,17:45,1
17,726,17:46,1
17,727,17:47,1
17,728,17:48,4
17,729,17:49,4
17,730,17:50,4
17,731,17:51,4
17,732,17:52,4
17,733,17:53,4
17,734,17:54,4
17,735,17:55,4
17,736,17:56,4
17,737,17:57,4
17,738,17:58,3
17,739,17:59,3
17,740,18:00,3
17,741,18:01,3
17,742,18:02,3
17,743,18:03,3
17,744,18:04,3
17,745,18:05,0
17,746,18:06,0
17,747,18:07,0
17,748,18:08,0
17,749,18:09,0
17,750,18:10,0
17,751,18:11,0
17,752,18:12,0
17,753,18:13,0
17,754,18:14,0
17,755,18:15,0
17,756,18:16,0
17,757,18:17,0
17,758,18:18,0
17,759,18:19,0
17,760,18:20,0
17,761,18:21,0
17,762,18:22,0
17,763,18:23,0
17,764,18:24,0
17,765,18:25,0
17,766,18:26,0
17,767,18:27,0
17,768,18:28,0
17,769,18:29,1
17,770,18:30,1
17,771,18:31,1
17,772,18:32,2
17,773,18:33,2
17,774,18:34,2
17,775,18:35,2
17,776,18:36,2
17,777,18:37,2
17,778,18:38,2
17,779,18:39,2
17,780,18:40,2
17,781,18:41,2
17,782,18:42,1
17,783,18:43,1
17,784,18:44,1
17,785,18:45,1
17,786,18:46,1
17,787,18:47,1
17,788,18:48,1
17,789,18:49,0
17,790,18:50,0
17,791,18:51,0
17,792,18:52,2
17,793,18:53,2
17,794,18:54,2
17,795,18:55,2
17,796,18:56,2
17,797,18:57,2
17,798,18:58,2
17,799,18:59,2
17,800,19:00,2
17,801,19:01,0
17,802,19:02,0
17,803,19:03,0
17,804,19:04,0
17,805,19:05,0
17,806,19:06,0
17,807,19:07,0
17,808,19:08,0
17,809,19:09,0
17,810,19:10,0
17,811,19:11,0
17,812,19:12,0
17,813,19:13,0
17,814,19:14,0
17,815,19:15,0
17,816,19:16,0
17,817,19:17,0
17,818,19:18,0
17,819,19:19,0
17,820,19:20,0
17,821,19:21,0
17,822,19:22,0
17,823,19:23,0
17,824,19:24,0
17,825,19:25,0
17,826,19:26,0
17,827,19:27,0
17,828,19:28,0
17,829,19:29,0
17,830,19:30,0
17,831,19:31,0
17,832,19:32,0
17,833,19:33,0
17,834,19:34,0
17,835,19:35,0
18,0,05:40,0
18,1,05:41,0
18,2,05:42,0
18,3,05:43,0
18,4,05:44,0
18,5,05:45,0
18,6,05:46,0
18,7,05:47,0
18,8,05:48,0
18,9,05:49,0
18,10,05:50,0
18,11,05:51,0
18,12,05:52,0
18,13,05:53,0
18,14,05:54,0
18,15,05:55,0
18,16,05:56,0
18,17,05:57,0
18,18,05:58,0
18,19,05:59,0
18,20,06:00,0
18,21,06:01,0
18,22,06:02,0
18,23,06:03,0
18,24,06:04,0
18,25,06:05,0
18,26,06:06,0
18,27,06:07,0
18,28,06:08,0
18,29,06:09,0
18,30,06:10,0
18,31,06:11,0
18,32,06:12,0
18,33,06:13,0
18,34,06:14,0
18,35,06:15,0
18,36,06:16,0
18,37,06:17,0
18,38,06:18,0
18,39,06:19,0
18,40,06:20,0
18,41,06:21,0
18,42,06:22,0
18,43,06:23,0
18,44,06:24,0
18,45,06:25,0
18,46,06:26,0
18,47,06:27,0
18,48,06:28,0
18,49,06:29,0
18,50,06:30,0
18,51,06:31,0
18,52,06:32,0
18,53,06:33,0
18,54,06:34,0
18,55,06:35,0
18,56,06:36,0
18,57,06:37,0
18,58,06:38,0
18,59,06:39,0
18,60,06:40,0
18,61,06:41,0
18,62,06:42,0
18,63,06:43,0
18,64,06:44,0
18,65,06:45,0
18,66,06:46,0
18,67,06:47,0
18,68,06:48,0
18,69,06:49,0
18,70,06:50,0
18,71,06:51,0
18,72,06:52,0
18,73,06:53,0
18,74,06:54,0
18,75,06:55,0
18,76,06:56,0
18,77,06:57,0
18,78,06:58,0
18,79,06:59,0
18,80,07:00,0
18,81,07:01,0
18,82,07:02,0
18,83,07:03,0
18,84,07:04,0
18,85,07:05,0
18,86,07:06,0
18,87,07:07,0
18,88,07:08,0
18,89,07:09,0
18,90,07:10,0
18,91,07:11,0
18,92,07:12,0
18,93,07:13,0
18,94,07:14,0
18,95,07:15,0
18,96,07:16,0
18,97,07:17,0
18,98,07:18,0
18,99,07:19,0
18,100,07:20,0
18,101,07:21,0
18,102,07:22,0
18,103,07:23,0
18,104,07:24,0
18,105,07:25,0
18,106,07:26,0
18,107,07:27,0
18,108,07:28,0
18,109,07:29,0
18,110,07:30,0
18,111,07:31,0
18,112,07:32,0
18,113,07:33,0
18,114,07:34,0
18,115,07:35,0
18,116,07:36,0
18,117,07:37,0
18,118,07:38,0
18,119,07:39,0
18,120,07:40,0
18,121,07:41,0
18,122,07:42,0
18,123,07:43,0
18,124,07:44,0
18,125,07:45,0
18,126,07:46,0
18,127,07:47,0
18,128,07:48,0
18,129,07:49,0
18,130,07:50,0
18,131,07:51,0
18,132,07:52,0
18,133,07:53,0
18,134,07:54,0
18,135,07:55,0
18,136,07:56,0
18,137,07:57,0
18,138,07:58,0
18,139,07:59,0
18,140,08:00,0
18,141,08:01,0
18,142,08:02,0
18,143,08:03,0
18,144,08:04,0
18,145,08:05,0
18,146,08:06,0
18,147,08:07,0
18,148,08:08,0
18,149,08:09,0
18,150,08:10,0
18,151,08:11,0
18,152,08:12,0
18,153,08:13,0
18,154,08:14,0
18,155,08:15,0
18,156,08:16,0
18,157,08:17,0
18,158,08:18,0
18,159,08:19,0
18,160,08:20,0
18,161,08:21,0
18,162,08:22,0
18,163,08:23,0
18,164,08:24,0
18,165,08:25,0
18,166,08:26,1
18,167,08:27,1
18,168,08:28,1
18,169,08:29,2
18,170,08:30,2
18,171,08:31,2
18,172,08:32,2
18,173,08:33,2
18,174,08:34,2
18,175,08:35,2
18,176,08:36,2
18,177,08:37,2
18,178,08:38,2
18,179,08:39,2
18,180,08:40,2
18,181,08:41,2
18,182,08:42,2
18,183,08:43,2
18,184,08:44,2
18,185,08:45,2
18,186,08:46,1
18,187,08:47,1
18,188,08:48,1
18,189,08:49,0
18,190,08:50,0
18,191,08:51,0
18,192,08:52,2
18,193,08:53,2
18,194,08:54,2
18,195,08:55,4
18,196,08:56,4
18,197,08:57,4
18,198,08:58,4
18,199,08:59,4
18,200,09:00,4
18,201,09:01,4
18,202,09:02,4
18,203,09:03,4
18,204,09:04,4
18,205,09:05,4
18,206,09:06,2
18,207,09:07,2
18,208,09:08,2
18,209,09:09,0
18,210,09:10,0
18,211,09:11,0
18,212,09:12,0
18,213,09:13,0
18,214,09:14,0
18,215,09:15,0
18,216,09:16,0
18,217,09:17,0
18,218,09:18,0
18,219,09:19,0
18,220,09:20,0
18,221,09:21,0
18,222,09:22,0
18,223,09:23,1
18,224,09:24,1
18,225,09:25,1
18,226,09:26,1
18,227,09:27,1
18,228,09:28,1
18,229,09:29,1
18,230,09:30,1
18,231,09:31,1
18,232,09:32,3
18,233,09:33,3
18,234,09:34,3
18,235,09:35,3
18,236,09:36,3
18,237,09:37,3
18,238,09:38,3
18,239,09:39,3
18,240,09:40,3
18,241,09:41,3
18,242,09:42,2
18,243,09:43,2
18,244,09:44,2
18,245,09:45,0
18,246,09:46,0
18,247,09:47,0
18,248,09:48,0
18,249,09:49,0
18,250,09:50,0
18,251,09:51,0
18,252,09:52,0
18,253,09:53,0
18,254,09:54,0
18,255,09:55,0
18,256,09:56,0
18,257,09:57,0
18,258,09:58,0
18,259,09:59,0
18,260,10:00,0
18,261,10:01,0
18,262,10:02,0
18,263,10:03,0
18,264,10:04,0
18,265,10:05,0
18,266,10:06,0
18,267,10:07,1
18,268,10:08,1
18,269,10:09,1
18,270,10:10,2
18,271,10:11,2
18,272,10:12,2
18,273,10:13,2
18,274,10:14,2
18,275,10:15,2
18,276,10:16,2
18,277,10:17,2
18,278,10:18,2
18,279,10:19,2
18,280,10:20,2
18,281,10:21,1
18,282,10:22,1
18,283,10:23,1
18,284,10:24,0
18,285,10:25,0
18,286,10:26,0
18,287,10:27,1
18,288,10:28,1
18,289,10:29,1
18,290,10:30,3
18,291,10:31,3
18,292,10:32,3
18,293,10:33,3
18,294,10:34,3
18,295,10:35,3
18,296,10:36,3
18,297,10:37,3
18,298,10:38,3
18,299,10:39,3
18,300,10:40,3
18,301,10:41,1
18,302,10:42,1
18,303,10:43,1
18,304,10:44,0
18,305,10:45,0
18,306,10:46,0
18,307,10:47,1
18,308,10:48,1
18,309,10:49,1
18,310,10:50,1
18,311,10:51,1
18,312,10:52,2
18,313,10:53,2
18,314,10:54,2
18,315,10:55,2
18,316,10:56,2
18,317,10:57,2
18,318,10:58,2
18,319,10:59,2
18,320,11:00,2
18,321,11:01,2
18,322,11:02,1
18,323,11:03,1
18,324,11:04,1
18,325,11:05,1
18,326,11:06,1
18,327,11:07,1
18,328,11:08,1
18,329,11:09,0
18,330,11:10,0
18,331,11:11,0
18,332,11:12,0
18,333,11:13,0
18,334,11:14,0
18,335,11:15,0
18,336,11:16,0
18,337,11:17,0
18,338,11:18,0
18,339,11:19,0
18,340,11:20,1
18,341,11:21,1
18,342,11:22,1
18,343,11:23,1
18,344,11:24,1
18,345,11:25,1
18,346,11:26,1
18,347,11:27,1
18,348,11:28,1
18,349,11:29,0
18,350,11:30,0
18,351,11:31,0
18,352,11:32,0
18,353,11:33,0
18,354,11:34,0
18,355,11:35,0
18,356,11:36,0
18,357,11:37,0
18,358,11:38,0
18,359,11:39,1
18,360,11:40,1
18,361,11:41,1
18,362,11:42,1
18,363,11:43,1
18,364,11:44,1
18,365,11:45,1
18,366,11:46,1
18,367,11:47,1
18,368,11:48,1
18,369,11:49,1
18,370,11:50,1
18,371,11:51,1
18,372,11:52,1
18,373,11:53,1
18,374,11:54,1
18,375,11:55,1
18,376,11:56,1
18,377,11:57,1
18,378,11:58,1
18,379,11:59,1
18,380,12:00,1
18,381,12:01,1
18,382,12:02,1
18,383,12:03,1
18,384,12:04,1
18,385,12:05,1
18,386,12:06,1
18,387,12:07,1
18,388,12:08,1
18,389,12:09,1
18,390,12:10,0
18,391,12:11,0
18,392,12:12,0
18,393,12:13,0
18,394,12:14,0
18,395,12:15,0
18,396,12:16,0
18,397,12:17,0
18,398,12:18,0
18,399,12:19,0
18,400,12:20,0
18,401,12:21,0
18,402,12:22,1
18,403,12:23,1
18,404,12:24,1
18,405,12:25,1
18,406,12:26,1
18,407,12:27,1
18,408,12:28,1
18,409,12:29,1
18,410,12:30,1
18,411,12:31,2
18,412,12:32,2
18,413,12:33,2
18,414,12:34,2
18,415,12:35,2
18,416,12:36,2
18,417,12:37,2
18,418,12:38,2
18,419,12:39,2
18,420,12:40,2
18,421,12:41,2
18,422,12:42,2
18,423,12:43,2
18,424,12:44,1
18,425,12:45,1
18,426,12:46,1
18,427,12:47,0
18,428,12:48,0
18,429,12:49,0
18,430,12:50,0
18,431,12:51,0
18,432,12:52,0
18,433,12:53,1
18,434,12:54,1
18,435,12:55,1
18,436,12:56,1
18,437,12:57,1
18,438,12:58,1
18,439,12:59,2
18,440,13:00,2
18,441,13:01,2
18,442,13:02,2
18,443,13:03,2
18,444,13:04,2
18,445,13:05,2
18,446,13:06,2
18,447,13:07,2
18,448,13:08,2
18,449,13:09,2
18,450,13:10,2
18,451,13:11,2
18,452,13:12,2
18,453,13:13,2
18,454,13:14,2
18,455,13:15,2
18,456,13:16,2
18,457,13:17,1
18,458,13:18,1
18,459,13:19,1
18,460,13:20,0
18,461,13:21,0
18,462,13:22,0
18,463,13:23,0
18,464,13:24,0
18,465,13:25,0
18,466,13:26,0
18,467,13:27,0
18,468,13:28,0
18,469,13:29,1
18,470,13:30,1
18,471,13:31,1
18,472,13:32,1
18,473,13:33,1
18,474,13:34,1
18,475,13:35,1
18,476,13:36,1
18,477,13:37,1
18,478,13:38,1
18,479,13:39,1
18,480,13:40,1
18,481,13:41,1
18,482,13:42,1
18,483,13:43,1
18,484,13:44,1
18,485,13:45,1
18,486,13:46,1
18,487,13:47,1
18,488,13:48,1
18,489,13:49,0
18,490,13:50,0
18,491,13:51,0
18,492,13:52,0
18,493,13:53,0
18,494,13:54,0
18,495,13:55,0
18,496,13:56,0
18,497,13:57,0
18,498,13:58,0
18,499,13:59,0
18,500,14:00,1
18,501,14:01,1
18,502,14:02,1
18,503,14:03,1
18,504,14:04,1
18,505,14:05,1
18,506,14:06,1
18,507,14:07,1
18,508,14:08,1
18,509,14:09,1
18,510,14:10,1
18,511,14:11,1
18,512,14:12,1
18,513,14:13,0
18,514,14:14,0
18,515,14:15,0
18,516,14:16,0
18,517,14:17,0
18,518,14:18,0
18,519,14:19,0
18,520,14:20,0
18,521,14:21,0
18,522,14:22,0
18,523,14:23,0
18,524,14:24,0
18,525,14:25,0
18,526,14:26,1
18,527,14:27,1
18,528,14:28,1
18,529,14:29,1
18,530,14:30,1
18,531,14:31,1
18,532,14:32,1
18,533,14:33,1
18,534,14:34,1
18,535,14:35,1
18,536,14:36,0
18,537,14:37,0
18,538,14:38,0
18,539,14:39,0
18,540,14:40,0
18,541,14:41,0
18,542,14:42,0
18,543,14:43,0
18,544,14:44,0
18,545,14:45,0
18,546,14:46,0
18,547,14:47,1
18,548,14:48,1
18,549,14:49,1
18,550,14:50,2
18,551,14:51,2
18,552,14:52,2
18,553,14:53,2
18,554,14:54,2
18,555,14:55,2
18,556,14:56,2
18,557,14:57,2
18,558,14:58,2
18,559,14:59,2
18,560,15:00,1
18,561,15:01,1
18,562,15:02,1
18,563,15:03,1
18,564,15:04,1
18,565,15:05,1
18,566,15:06,1
18,567,15:07,0
18,568,15:08,0
18,569,15:09,0
18,570,15:10,0
18,571,15:11,0
18,572,15:12,0
18,573,15:13,0
18,574,15:14,1
18,575,15:15,1
18,576,15:16,1
18,577,15:17,2
18,578,15:18,2
18,579,15:19,2
18,580,15:20,2
18,581,15:21,2
18,582,15:22,2
18,583,15:23,2
18,584,15:24,2
18,585,15:25,2
18,586,15:26,1
18,587,15:27,1
18,588,15:28,1
18,589,15:29,1
18,590,15:30,1
18,591,15:31,1
18,592,15:32,1
18,593,15:33,1
18,594,15:34,1
18,595,15:35,0
18,596,15:36,0
18,597,15:37,0
18,598,15:38,0
18,599,15:39,0
18,600,15:40,0
18,601,15:41,0
18,602,15:42,0
18,603,15:43,0
18,604,15:44,0
18,605,15:45,0
18,606,15:46,0
18,607,15:47,1
18,608,15:48,1
18,609,15:49,1
18,610,15:50,1
18,611,15:51,1
18,612,15:52,1
18,613,15:53,1
18,614,15:54,1
18,615,15:55,1
18,616,15:56,1
18,617,15:57,0
18,618,15:58,0
18,619,15:59,0
18,620,16:00,0
18,621,16:01,0
18,622,16:02,0
18,623,16:03,0
18,624,16:04,0
18,625,16:05,0
18,626,16:06,0
18,627,16:07,0
18,628,16:08,0
18,629,16:09,0
18,630,16:10,0
18,631,16:11,0
18,632,16:12,0
18,633,16:13,0
18,634,16:14,2
18,635,16:15,2
18,636,16:16,2
18,637,16:17,2
18,638,16:18,4
18,639,16:19,4
18,640,16:20,4
18,641,16:21,4
18,642,16:22,4
18,643,16:23,4
18,644,16:24,4
18,645,16:25,4
18,646,16:26,4
18,647,16:27,4
18,648,16:28,2
18,649,16:29,2
18,650,16:30,2
18,651,16:31,2
18,652,16:32,2
18,653,16:33,2
18,654,16:34,2
18,655,16:35,2
18,656,16:36,2
18,657,16:37,0
18,658,16:38,0
18,659,16:39,0
18,660,16:40,1
18,661,16:41,1
18,662,16:42,1
18,663,16:43,1
18,664,16:44,1
18,665,16:45,1
18,666,16:46,1
18,667,16:47,1
18,668,16:48,1
18,669,16:49,1
18,670,16:50,1
18,671,16:51,0
18,672,16:52,0
18,673,16:53,0
18,674,16:54,0
18,675,16:55,0
18,676,16:56,0
18,677,16:57,0
18,678,16:58,0
18,679,16:59,0
18,680,17:00,0
18,681,17:01,0
18,682,17:02,0
18,683,17:03,0
18,684,17:04,0
18,685,17:05,0
18,686,17:06,0
18,687,17:07,0
18,688,17:08,1
18,689,17:09,1
18,690,17:10,1
18,691,17:11,2
18,692,17:12,2
18,693,17:13,2
18,694,17:14,2
18,695,17:15,2
18,696,17:16,2
18,697,17:17,2
18,698,17:18,2
18,699,17:19,2
18,700,17:20,2
18,701,17:21,2
18,702,17:22,1
18,703,17:23,1
18,704,17:24,1
18,705,17:25,0
18,706,17:26,0
18,707,17:27,0
18,708,17:28,1
18,709,17:29,1
18,710,17:30,1
18,711,17:31,1
18,712,17:32,1
18,713,17:33,1
18,714,17:34,1
18,715,17:35,1
18,716,17:36,1
18,717,17:37,1
18,718,17:38,1
18,719,17:39,0
18,720,17:40,0
18,721,17:41,0
18,722,17:42,2
18,723,17:43,2
18,724,17:44,2
18,725,17:45,2
18,726,17:46,2
18,727,17:47,2
18,728,17:48,2
18,729,17:49,2
18,730,17:50,2
18,731,17:51,2
18,732,17:52,0
18,733,17:53,0
18,734,17:54,0
18,735,17:55,1
18,736,17:56,1
18,737,17:57,1
18,738,17:58,1
18,739,17:59,1
18,740,18:00,1
18,741,18:01,1
18,742,18:02,1
18,743,18:03,1
18,744,18:04,1
18,745,18:05,0
18,746,18:06,0
18,747,18:07,0
18,748,18:08,0
18,749,18:09,0
18,750,18:10,0
18,751,18:11,0
18,752,18:12,0
18,753,18:13,0
18,754,18:14,0
18,755,18:15,0
18,756,18:16,0
18,757,18:17,0
18,758,18:18,0
18,759,18:19,0
18,760,18:20,0
18,761,18:21,0
18,762,18:22,0
18,763,18:23,0
18,764,18:24,0
18,765,18:25,0
18,766,18:26,0
18,767,18:27,1
18,768,18:28,1
18,769,18:29,1
18,770,18:30,1
18,771,18:31,1
18,772,18:32,1
18,773,18:33,1
18,774,18:34,1
18,775,18:35,1
18,776,18:36,1
18,777,18:37,0
18,778,18:38,0
18,779,18:39,0
18,780,18:40,1
18,781,18:41,1
18,782,18:42,1
18,783,18:43,4
18,784,18:44,4
18,785,18:45,4
18,786,18:46,4
18,787,18:47,4
18,788,18:48,4
18,789,18:49,4
18,790,18:50,4
18,791,18:51,4
18,792,18:52,4
18,793,18:53,4
18,794,18:54,3
18,795,18:55,3
18,796,18:56,3
18,797,18:57,0
18,798,18:58,0
18,799,18:59,0
18,800,19:00,0
18,801,19:01,0
18,802,19:02,0
18,803,19:03,0
18,804,19:04,0
18,805,19:05,0
18,806,19:06,0
18,807,19:07,0
18,808,19:08,0
18,809,19:09,0
18,810,19:10,0
18,811,19:11,0
18,812,19:12,0
18,813,19:13,0
18,814,19:14,0
18,815,19:15,0
18,816,19:16,0
18,817,19:17,0
18,818,19:18,0
18,819,19:19,0
18,820,19:20,0
18,821,19:21,0
18,822,19:22,0
18,823,19:23,0
18,824,19:24,0
18,825,19:25,0
18,826,19:26,0
18,827,19:27,0
18,828,19:28,0
18,829,19:29,0
18,830,19:30,0
18,831,19:31,0
18,832,19:32,0
18,833,19:33,0
18,834,19:34,0
18,835,19:35,0
19,0,05:40,0
19,1,05:41,0
19,2,05:42,0
19,3,05:43,0
19,4,05:44,0
19,5,05:45,0
19,6,05:46,0
19,7,05:47,0
19,8,05:48,0
19,9,05:49,0
19,10,05:50,0
19,11,05:51,0
19,12,05:52,0
19,13,05:53,0
19,14,05:54,0
19,15,05:55,0
19,16,05:56,0
19,17,05:57,0
19,18,05:58,0
19,19,05:59,0
19,20,06:00,0
19,21,06:01,0
19,22,06:02,0
19,23,06:03,0
19,24,06:04,0
19,25,06:05,0
19,26,06:06,0
19,27,06:07,0
19,28,06:08,0
19,29,06:09,0
19,30,06:10,0
19,31,06:11,0
19,32,06:12,0
19,33,06:13,0
19,34,06:14,0
19,35,06:15,0
19,36,06:16,0
19,37,06:17,0
19,38,06:18,0
19,39,06:19,0
19,40,06:20,1
19,41,06:21,1
19,42,06:22,1
19,43,06:23,1
19,44,06:24,1
19,45,06:25,1
19,46,06:26,1
19,47,06:27,1
19,48,06:28,1
19,49,06:29,1
19,50,06:30,1
19,51,06:31,1
19,52,06:32,1
19,53,06:33,1
19,54,06:34,1
19,55,06:35,0
19,56,06:36,0
19,57,06:37,0
19,58,06:38,0
19,59,06:39,0
19,60,06:40,1
19,61,06:41,1
19,62,06:42,1
19,63,06:43,1
19,64,06:44,1
19,65,06:45,1
19,66,06:46,1
19,67,06:47,1
19,68,06:48,1
19,69,06:49,1
19,70,06:50,1
19,71,06:51,1
19,72,06:52,1
19,73,06:53,1
19,74,06:54,1
19,75,06:55,1
19,76,06:56,1
19,77,06:57,1
19,78,06:58,0
19,79,06:59,0
19,80,07:00,0
19,81,07:01,0
19,82,07:02,0
19,83,07:03,0
19,84,07:04,0
19,85,07:05,0
19,86,07:06,0
19,87,07:07,0
19,88,07:08,0
19,89,07:09,0
19,90,07:10,0
19,91,07:11,0
19,92,07:12,0
19,93,07:13,0
19,94,07:14,0
19,95,07:15,0
19,96,07:16,0
19,97,07:17,0
19,98,07:18,0
19,99,07:19,0
19,100,07:20,0
19,101,07:21,0
19,102,07:22,0
19,103,07:23,0
19,104,07:24,0
19,105,07:25,0
19,106,07:26,0
19,107,07:27,0
19,108,07:28,0
19,109,07:29,0
19,110,07:30,0
19,111,07:31,0
19,112,07:32,0
19,113,07:33,0
19,114,07:34,0
19,115,07:35,0
19,116,07:36,0
19,117,07:37,0
19,118,07:38,0
19,119,07:39,0
19,120,07:40,0
19,121,07:41,0
19,122,07:42,0
19,123,07:43,0
19,124,07:44,0
19,125,07:45,0
19,126,07:46,0
19,127,07:47,0
19,128,07:48,0
19,129,07:49,0
19,130,07:50,0
19,131,07:51,0
19,132,07:52,0
19,133,07:53,0
19,134,07:54,0
19,135,07:55,0
19,136,07:56,0
19,137,07:57,0
19,138,07:58,0
19,139,07:59,0
19,140,08:00,0
19,141,08:01,0
19,142,08:02,0
19,143,08:03,0
19,144,08:04,0
19,145,08:05,0
19,146,08:06,0
19,147,08:07,0
19,148,08:08,0
19,149,08:09,0
19,150,08:10,0
19,151,08:11,0
19,152,08:12,0
19,153,08:13,0
19,154,08:14,0
19,155,08:15,0
19,156,08:16,0
19,157,08:17,0
19,158,08:18,0
19,159,08:19,0
19,160,08:20,0
19,161,08:21,0
19,162,08:22,0
19,163,08:23,0
19,164,08:24,0
19,165,08:25,0
19,166,08:26,0
19,167,08:27,0
19,168,08:28,0
19,169,08:29,0
19,170,08:30,0
19,171,08:31,0
19,172,08:32,0
19,173,08:33,0
19,174,08:34,0
19,175,08:35,0
19,176,08:36,0
19,177,08:37,0
19,178,08:38,0
19,179,08:39,0
19,180,08:40,0
19,181,08:41,0
19,182,08:42,0
19,183,08:43,0
19,184,08:44,0
19,185,08:45,0
19,186,08:46,0
19,187,08:47,0
19,188,08:48,0
19,189,08:49,0
19,190,08:50,0
19,191,08:51,0
19,192,08:52,0
19,193,08:53,0
19,194,08:54,0
19,195,08:55,0
19,196,08:56,1
19,197,08:57,1
19,198,08:58,1
19,199,08:59,2
19,200,09:00,2
19,201,09:01,2
19,202,09:02,2
19,203,09:03,2
19,204,09:04,2
19,205,09:05,2
19,206,09:06,2
19,207,09:07,2
19,208,09:08,2
19,209,09:09,2
19,210,09:10,2
19,211,09:11,2
19,212,09:12,2
19,213,09:13,2
19,214,09:14,2
19,215,09:15,2
19,216,09:16,2
19,217,09:17,2
19,218,09:18,1
19,219,09:19,1
19,220,09:20,1
19,221,09:21,1
19,222,09:22,1
19,223,09:23,1
19,224,09:24,1
19,225,09:25,1
19,226,09:26,1
19,227,09:27,0
19,228,09:28,0
19,229,09:29,0
19,230,09:30,1
19,231,09:31,1
19,232,09:32,1
19,233,09:33,2
19,234,09:34,2
19,235,09:35,2
19,236,09:36,2
19,237,09:37,2
19,238,09:38,2
19,239,09:39,2
19,240,09:40,2
19,241,09:41,2
19,242,09:42,1
19,243,09:43,1
19,244,09:44,1
19,245,09:45,0
19,246,09:46,0
19,247,09:47,0
19,248,09:48,0
19,249,09:49,0
19,250,09:50,0
19,251,09:51,0
19,252,09:52,0
19,253,09:53,0
19,254,09:54,0
19,255,09:55,1
19,256,09:56,1
19,257,09:57,1
19,258,09:58,2
19,259,09:59,2
19,260,10:00,2
19,261,10:01,2
19,262,10:02,2
19,263,10:03,2
19,264,10:04,2
19,265,10:05,2
19,266,10:06,2
19,267,10:07,2
19,268,10:08,2
19,269,10:09,2
19,270,10:10,2
19,271,10:11,1
19,272,10:12,1
19,273,10:13,1
19,274,10:14,0
19,275,10:15,0
19,276,10:16,0
19,277,10:17,0
19,278,10:18,0
19,279,10:19,0
19,280,10:20,0
19,281,10:21,0
19,282,10:22,0
19,283,10:23,0
19,284,10:24,0
19,285,10:25,0
19,286,10:26,0
19,287,10:27,1
19,288,10:28,1
19,289,10:29,1
19,290,10:30,2
19,291,10:31,2
19,292,10:32,2
19,293,10:33,2
19,294,10:34,2
19,295,10:35,2
19,296,10:36,2
19,297,10:37,2
19,298,10:38,2
19,299,10:39,2
19,300,10:40,2
19,301,10:41,2
19,302,10:42,2
19,303,10:43,2
19,304,10:44,2
19,305,10:45,1
19,306,10:46,1
19,307,10:47,1
19,308,10:48,0
19,309,10:49,0
19,310,10:50,0
19,311,10:51,1
19,312,10:52,1
19,313,10:53,1
19,314,10:54,1
19,315,10:55,1
19,316,10:56,1
19,317,10:57,1
19,318,10:58,1
19,319,10:59,1
19,320,11:00,1
19,321,11:01,0
19,322,11:02,0
19,323,11:03,0
19,324,11:04,0
19,325,11:05,0
19,326,11:06,0
19,327,11:07,0
19,328,11:08,1
19,329,11:09,1
19,330,11:10,1
19,331,11:11,2
19,332,11:12,2
19,333,11:13,2
19,334,11:14,2
19,335,11:15,2
19,336,11:16,2
19,337,11:17,2
19,338,11:18,2
19,339,11:19,2
19,340,11:20,2
19,341,11:21,2
19,342,11:22,2
19,343,11:23,2
19,344,11:24,2
19,345,11:25,2
19,346,11:26,2
19,347,11:27,2
19,348,11:28,2
19,349,11:29,1
19,350,11:30,1
19,351,11:31,1
19,352,11:32,0
19,353,11:33,0
19,354,11:34,0
19,355,11:35,0
19,356,11:36,0
19,357,11:37,0
19,358,11:38,0
19,359,11:39,0
19,360,11:40,0
19,361,11:41,1
19,362,11:42,1
19,363,11:43,1
19,364,11:44,1
19,365,11:45,1
19,366,11:46,1
19,367,11:47,1
19,368,11:48,1
19,369,11:49,1
19,370,11:50,1
19,371,11:51,1
19,372,11:52,1
19,373,11:53,1
19,374,11:54,1
19,375,11:55,1
19,376,11:56,1
19,377,11:57,1
19,378,11:58,1
19,379,11:59,2
19,380,12:00,2
19,381,12:01,2
19,382,12:02,2
19,383,12:03,2
19,384,12:04,2
19,385,12:05,2
19,386,12:06,2
19,387,12:07,2
19,388,12:08,1
19,389,12:09,1
19,390,12:10,1
19,391,12:11,0
19,392,12:12,0
19,393,12:13,0
19,394,12:14,0
19,395,12:15,0
19,396,12:16,0
19,397,12:17,0
19,398,12:18,0
19,399,12:19,0
19,400,12:20,1
19,401,12:21,1
19,402,12:22,1
19,403,12:23,1
19,404,12:24,1
19,405,12:25,1
19,406,12:26,1
19,407,12:27,1
19,408,12:28,1
19,409,12:29,1
19,410,12:30,0
19,411,12:31,0
19,412,12:32,0
19,413,12:33,0
19,414,12:34,0
19,415,12:35,0
19,416,12:36,0
19,417,12:37,0
19,418,12:38,0
19,419,12:39,0
19,420,12:40,1
19,421,12:41,1
19,422,12:42,1
19,423,12:43,1
19,424,12:44,1
19,425,12:45,1
19,426,12:46,1
19,427,12:47,1
19,428,12:48,1
19,429,12:49,1
19,430,12:50,0
19,431,12:51,0
19,432,12:52,0
19,433,12:53,0
19,434,12:54,0
19,435,12:55,0
19,436,12:56,0
19,437,12:57,0
19,438,12:58,0
19,439,12:59,0
19,440,13:00,0
19,441,13:01,0
19,442,13:02,0
19,443,13:03,0
19,444,13:04,0
19,445,13:05,0
19,446,13:06,0
19,447,13:07,0
19,448,13:08,0
19,449,13:09,0
19,450,13:10,0
19,451,13:11,0
19,452,13:12,0
19,453,13:13,0
19,454,13:14,0
19,455,13:15,0
19,456,13:16,0
19,457,13:17,0
19,458,13:18,0
19,459,13:19,0
19,460,13:20,0
19,461,13:21,0
19,462,13:22,0
19,463,13:23,0
19,464,13:24,0
19,465,13:25,0
19,466,13:26,0
19,467,13:27,0
19,468,13:28,0
19,469,13:29,0
19,470,13:30,0
19,471,13:31,0
19,472,13:32,0
19,473,13:33,0
19,474,13:34,0
19,475,13:35,0
19,476,13:36,0
19,477,13:37,0
19,478,13:38,0
19,479,13:39,0
19,480,13:40,0
19,481,13:41,0
19,482,13:42,0
19,483,13:43,0
19,484,13:44,0
19,485,13:45,0
19,486,13:46,0
19,487,13:47,1
19,488,13:48,1
19,489,13:49,1
19,490,13:50,1
19,491,13:51,1
19,492,13:52,1
19,493,13:53,1
19,494,13:54,1
19,495,13:55,1
19,496,13:56,1
19,497,13:57,0
19,498,13:58,0
19,499,13:59,0
19,500,14:00,0
19,501,14:01,0
19,502,14:02,0
19,503,14:03,0
19,504,14:04,0
19,505,14:05,0
19,506,14:06,0
19,507,14:07,0
19,508,14:08,0
19,509,14:09,0
19,510,14:10,0
19,511,14:11,0
19,512,14:12,0
19,513,14:13,0
19,514,14:14,0
19,515,14:15,1
19,516,14:16,1
19,517,14:17,1
19,518,14:18,1
19,519,14:19,1
19,520,14:20,1
19,521,14:21,1
19,522,14:22,1
19,523,14:23,1
19,524,14:24,1
19,525,14:25,1
19,526,14:26,1
19,527,14:27,1
19,528,14:28,1
19,529,14:29,1
19,530,14:30,1
19,531,14:31,1
19,532,14:32,1
19,533,14:33,1
19,534,14:34,1
19,535,14:35,1
19,536,14:36,1
19,537,14:37,1
19,538,14:38,1
19,539,14:39,1
19,540,14:40,0
19,541,14:41,0
19,542,14:42,0
19,543,14:43,1
19,544,14:44,1
19,545,14:45,1
19,546,14:46,1
19,547,14:47,1
19,548,14:48,1
19,549,14:49,1
19,550,14:50,1
19,551,14:51,1
19,552,14:52,0
19,553,14:53,0
19,554,14:54,0
19,555,14:55,0
19,556,14:56,0
19,557,14:57,0
19,558,14:58,0
19,559,14:59,0
19,560,15:00,0
19,561,15:01,0
19,562,15:02,0
19,563,15:03,0
19,564,15:04,0
19,565,15:05,0
19,566,15:06,0
19,567,15:07,1
19,568,15:08,1
19,569,15:09,1
19,570,15:10,1
19,571,15:11,1
19,572,15:12,1
19,573,15:13,1
19,574,15:14,1
19,575,15:15,1
19,576,15:16,1
19,577,15:17,0
19,578,15:18,0
19,579,15:19,0
19,580,15:20,1
19,581,15:21,1
19,582,15:22,1
19,583,15:23,2
19,584,15:24,2
19,585,15:25,2
19,586,15:26,2
19,587,15:27,2
19,588,15:28,3
19,589,15:29,3
19,590,15:30,3
19,591,15:31,3
19,592,15:32,3
19,593,15:33,3
19,594,15:34,3
19,595,15:35,3
19,596,15:36,3
19,597,15:37,3
19,598,15:38,3
19,599,15:39,2
19,600,15:40,2
19,601,15:41,2
19,602,15:42,1
19,603,15:43,1
19,604,15:44,1
19,605,15:45,1
19,606,15:46,1
19,607,15:47,1
19,608,15:48,1
19,609,15:49,1
19,610,15:50,1
19,611,15:51,1
19,612,15:52,0
19,613,15:53,0
19,614,15:54,0
19,615,15:55,0
19,616,15:56,0
19,617,15:57,0
19,618,15:58,0
19,619,15:59,0
19,620,16:00,0
19,621,16:01,0
19,622,16:02,0
19,623,16:03,0
19,624,16:04,2
19,625,16:05,2
19,626,16:06,2
19,627,16:07,4
19,628,16:08,4
19,629,16:09,4
19,630,16:10,4
19,631,16:11,4
19,632,16:12,4
19,633,16:13,4
19,634,16:14,4
19,635,16:15,4
19,636,16:16,4
19,637,16:17,4
19,638,16:18,4
19,639,16:19,4
19,640,16:20,4
19,641,16:21,4
19,642,16:22,2
19,643,16:23,2
19,644,16:24,2
19,645,16:25,0
19,646,16:26,0
19,647,16:27,0
19,648,16:28,0
19,649,16:29,0
19,650,16:30,0
19,651,16:31,0
19,652,16:32,1
19,653,16:33,1
19,654,16:34,1
19,655,16:35,1
19,656,16:36,1
19,657,16:37,1
19,658,16:38,1
19,659,16:39,1
19,660,16:40,1
19,661,16:41,1
19,662,16:42,1
19,663,16:43,1
19,664,16:44,1
19,665,16:45,1
19,666,16:46,1
19,667,16:47,1
19,668,16:48,1
19,669,16:49,1
19,670,16:50,1
19,671,16:51,0
19,672,16:52,0
19,673,16:53,0
19,674,16:54,0
19,675,16:55,0
19,676,16:56,0
19,677,16:57,0
19,678,16:58,0
19,679,16:59,1
19,680,17:00,1
19,681,17:01,1
19,682,17:02,1
19,683,17:03,1
19,684,17:04,1
19,685,17:05,1
19,686,17:06,1
19,687,17:07,1
19,688,17:08,1
19,689,17:09,1
19,690,17:10,1
19,691,17:11,1
19,692,17:12,1
19,693,17:13,1
19,694,17:14,1
19,695,17:15,0
19,696,17:16,0
19,697,17:17,0
19,698,17:18,1
19,699,17:19,1
19,700,17:20,1
19,701,17:21,1
19,702,17:22,1
19,703,17:23,1
19,704,17:24,1
19,705,17:25,1
19,706,17:26,1
19,707,17:27,1
19,708,17:28,1
19,709,17:29,1
19,710,17:30,1
19,711,17:31,1
19,712,17:32,1
19,713,17:33,1
19,714,17:34,1
19,715,17:35,0
19,716,17:36,0
19,717,17:37,0
19,718,17:38,1
19,719,17:39,1
19,720,17:40,1
19,721,17:41,1
19,722,17:42,1
19,723,17:43,1
19,724,17:44,1
19,725,17:45,1
19,726,17:46,1
19,727,17:47,1
19,728,17:48,1
19,729,17:49,1
19,730,17:50,1
19,731,17:51,1
19,732,17:52,1
19,733,17:53,1
19,734,17:54,1
19,735,17:55,0
19,736,17:56,0
19,737,17:57,0
19,738,17:58,2
19,739,17:59,2
19,740,18:00,2
19,741,18:01,2
19,742,18:02,2
19,743,18:03,2
19,744,18:04,2
19,745,18:05,2
19,746,18:06,2
19,747,18:07,2
19,748,18:08,0
19,749,18:09,0
19,750,18:10,0
19,751,18:11,1
19,752,18:12,1
19,753,18:13,1
19,754,18:14,3
19,755,18:15,3
19,756,18:16,3
19,757,18:17,3
19,758,18:18,3
19,759,18:19,3
19,760,18:20,3
19,761,18:21,3
19,762,18:22,3
19,763,18:23,3
19,764,18:24,1
19,765,18:25,1
19,766,18:26,1
19,767,18:27,0
19,768,18:28,0
19,769,18:29,0
19,770,18:30,0
19,771,18:31,0
19,772,18:32,0
19,773,18:33,0
19,774,18:34,0
19,775,18:35,0
19,776,18:36,0
19,777,18:37,0
19,778,18:38,0
19,779,18:39,0
19,780,18:40,0
19,781,18:41,0
19,782,18:42,0
19,783,18:43,0
19,784,18:44,0
19,785,18:45,0
19,786,18:46,0
19,787,18:47,1
19,788,18:48,1
19,789,18:49,1
19,790,18:50,1
19,791,18:51,1
19,792,18:52,1
19,793,18:53,1
19,794,18:54,1
19,795,18:55,1
19,796,18:56,1
19,797,18:57,0
19,798,18:58,0
19,799,18:59,0
19,800,19:00,0
19,801,19:01,0
19,802,19:02,0
19,803,19:03,0
19,804,19:04,0
19,805,19:05,0
19,806,19:06,0
19,807,19:07,0
19,808,19:08,0
19,809,19:09,0
19,810,19:10,0
19,811,19:11,0
19,812,19:12,0
19,813,19:13,0
19,814,19:14,0
19,815,19:15,0
19,816,19:16,0
19,817,19:17,0
19,818,19:18,0
19,819,19:19,0
19,820,19:20,0
19,821,19:21,0
19,822,19:22,0
19,823,19:23,0
19,824,19:24,0
19,825,19:25,0
19,826,19:26,0
19,827,19:27,0
19,828,19:28,0
19,829,19:29,0
19,830,19:30,0
19,831,19:31,0
19,832,19:32,0
19,833,19:33,0
19,834,19:34,0
19,835,19:35,0
20,0,05:40,0
20,1,05:41,0
20,2,05:42,0
20,3,05:43,0
20,4,05:44,0
20,5,05:45,0
20,6,05:46,0
20,7,05:47,0
20,8,05:48,0
20,9,05:49,0
20,10,05:50,0
20,11,05:51,0
20,12,05:52,0
20,13,05:53,0
20,14,05:54,0
20,15,05:55,0
20,16,05:56,0
20,17,05:57,0
20,18,05:58,0
20,19,05:59,0
20,20,06:00,0
20,21,06:01,0
20,22,06:02,0
20,23,06:03,0
20,24,06:04,0
20,25,06:05,0
20,26,06:06,0
20,27,06:07,0
20,28,06:08,0
20,29,06:09,0
20,30,06:10,0
20,31,06:11,0
20,32,06:12,0
20,33,06:13,0
20,34,06:14,0
20,35,06:15,0
20,36,06:16,0
20,37,06:17,0
20,38,06:18,0
20,39,06:19,0
20,40,06:20,0
20,41,06:21,0
20,42,06:22,0
20,43,06:23,0
20,44,06:24,0
20,45,06:25,0
20,46,06:26,0
20,47,06:27,0
20,48,06:28,0
20,49,06:29,0
20,50,06:30,0
20,51,06:31,0
20,52,06:32,0
20,53,06:33,0
20,54,06:34,0
20,55,06:35,0
20,56,06:36,0
20,57,06:37,0
20,58,06:38,0
20,59,06:39,0
20,60,06:40,0
20,61,06:41,0
20,62,06:42,1
20,63,06:43,1
20,64,06:44,1
20,65,06:45,2
20,66,06:46,2
20,67,06:47,2
20,68,06:48,2
20,69,06:49,2
20,70,06:50,2
20,71,06:51,2
20,72,06:52,2
20,73,06:53,2
20,74,06:54,2
20,75,06:55,2
20,76,06:56,2
20,77,06:57,2
20,78,06:58,2
20,79,06:59,2
20,80,07:00,2
20,81,07:01,1
20,82,07:02,1
20,83,07:03,1
20,84,07:04,0
20,85,07:05,0
20,86,07:06,0
20,87,07:07,1
20,88,07:08,1
20,89,07:09,1
20,90,07:10,1
20,91,07:11,1
20,92,07:12,1
20,93,07:13,1
20,94,07:14,1
20,95,07:15,1
20,96,07:16,1
20,97,07:17,1
20,98,07:18,1
20,99,07:19,1
20,100,07:20,1
20,101,07:21,1
20,102,07:22,1
20,103,07:23,1
20,104,07:24,1
20,105,07:25,0
20,106,07:26,0
20,107,07:27,0
20,108,07:28,1
20,109,07:29,1
20,110,07:30,1
20,111,07:31,1
20,112,07:32,1
20,113,07:33,1
20,114,07:34,1
20,115,07:35,1
20,116,07:36,1
20,117,07:37,1
20,118,07:38,1
20,119,07:39,1
20,120,07:40,1
20,121,07:41,1
20,122,07:42,1
20,123,07:43,1
20,124,07:44,1
20,125,07:45,1
20,126,07:46,0
20,127,07:47,0
20,128,07:48,0
20,129,07:49,0
20,130,07:50,0
20,131,07:51,0
20,132,07:52,0
20,133,07:53,0
20,134,07:54,0
20,135,07:55,0
20,136,07:56,0
20,137,07:57,0
20,138,07:58,0
20,139,07:59,0
20,140,08:00,0
20,141,08:01,0
20,142,08:02,0
20,143,08:03,0
20,144,08:04,0
20,145,08:05,0
20,146,08:06,0
20,147,08:07,0
20,148,08:08,0
20,149,08:09,0
20,150,08:10,0
20,151,08:11,0
20,152,08:12,0
20,153,08:13,0
20,154,08:14,0
20,155,08:15,0
20,156,08:16,0
20,157,08:17,0
20,158,08:18,0
20,159,08:19,0
20,160,08:20,0
20,161,08:21,0
20,162,08:22,0
20,163,08:23,0
20,164,08:24,0
20,165,08:25,0
20,166,08:26,0
20,167,08:27,0
20,168,08:28,0
20,169,08:29,0
20,170,08:30,0
20,171,08:31,0
20,172,08:32,0
20,173,08:33,0
20,174,08:34,0
20,175,08:35,0
20,176,08:36,0
20,177,08:37,0
20,178,08:38,0
20,179,08:39,0
20,180,08:40,0
20,181,08:41,0
20,182,08:42,0
20,183,08:43,0
20,184,08:44,0
20,185,08:45,1
20,186,08:46,1
20,187,08:47,1
20,188,08:48,1
20,189,08:49,1
20,190,08:50,1
20,191,08:51,1
20,192,08:52,1
20,193,08:53,2
20,194,08:54,2
20,195,08:55,2
20,196,08:56,2
20,197,08:57,2
20,198,08:58,2
20,199,08:59,2
20,200,09:00,2
20,201,09:01,2
20,202,09:02,2
20,203,09:03,2
20,204,09:04,2
20,205,09:05,2
20,206,09:06,2
20,207,09:07,2
20,208,09:08,2
20,209,09:09,2
20,210,09:10,2
20,211,09:11,2
20,212,09:12,1
20,213,09:13,1
20,214,09:14,1
20,215,09:15,0
20,216,09:16,0
20,217,09:17,0
20,218,09:18,1
20,219,09:19,1
20,220,09:20,1
20,221,09:21,1
20,222,09:22,1
20,223,09:23,1
20,224,09:24,1
20,225,09:25,1
20,226,09:26,1
20,227,09:27,1
20,228,09:28,1
20,229,09:29,1
20,230,09:30,1
20,231,09:31,1
20,232,09:32,1
20,233,09:33,1
20,234,09:34,0
20,235,09:35,0
20,236,09:36,0
20,237,09:37,1
20,238,09:38,1
20,239,09:39,1
20,240,09:40,1
20,241,09:41,1
20,242,09:42,1
20,243,09:43,1
20,244,09:44,1
20,245,09:45,1
20,246,09:46,1
20,247,09:47,1
20,248,09:48,1
20,249,09:49,1
20,250,09:50,1
20,251,09:51,1
20,252,09:52,1
20,253,09:53,0
20,254,09:54,0
20,255,09:55,0
20,256,09:56,0
20,257,09:57,0
20,258,09:58,0
20,259,09:59,0
20,260,10:00,0
20,261,10:01,0
20,262,10:02,0
20,263,10:03,0
20,264,10:04,0
20,265,10:05,0
20,266,10:06,0
20,267,10:07,0
20,268,10:08,0
20,269,10:09,1
20,270,10:10,1
20,271,10:11,1
20,272,10:12,2
20,273,10:13,2
20,274,10:14,2
20,275,10:15,3
20,276,10:16,3
20,277,10:17,3
20,278,10:18,3
20,279,10:19,3
20,280,10:20,3
20,281,10:21,3
20,282,10:22,3
20,283,10:23,3
20,284,10:24,3
20,285,10:25,3
20,286,10:26,2
20,287,10:27,2
20,288,10:28,2
20,289,10:29,1
20,290,10:30,1
20,291,10:31,1
20,292,10:32,0
20,293,10:33,0
20,294,10:34,0
20,295,10:35,0
20,296,10:36,0
20,297,10:37,2
20,298,10:38,2
20,299,10:39,2
20,300,10:40,2
20,301,10:41,2
20,302,10:42,2
20,303,10:43,2
20,304,10:44,2
20,305,10:45,2
20,306,10:46,2
20,307,10:47,2
20,308,10:48,2
20,309,10:49,2
20,310,10:50,2
20,311,10:51,2
20,312,10:52,2
20,313,10:53,2
20,314,10:54,2
20,315,10:55,2
20,316,10:56,2
20,317,10:57,2
20,318,10:58,0
20,319,10:59,0
20,320,11:00,0
20,321,11:01,0
20,322,11:02,0
20,323,11:03,0
20,324,11:04,0
20,325,11:05,0
20,326,11:06,0
20,327,11:07,0
20,328,11:08,0
20,329,11:09,0
20,330,11:10,0
20,331,11:11,0
20,332,11:12,0
20,333,11:13,1
20,334,11:14,1
20,335,11:15,1
20,336,11:16,1
20,337,11:17,1
20,338,11:18,1
20,339,11:19,1
20,340,11:20,1
20,341,11:21,1
20,342,11:22,1
20,343,11:23,1
20,344,11:24,1
20,345,11:25,1
20,346,11:26,1
20,347,11:27,1
20,348,11:28,1
20,349,11:29,1
20,350,11:30,1
20,351,11:31,1
20,352,11:32,1
20,353,11:33,0
20,354,11:34,0
20,355,11:35,0
20,356,11:36,0
20,357,11:37,0
20,358,11:38,0
20,359,11:39,0
20,360,11:40,0
20,361,11:41,0
20,362,11:42,0
20,363,11:43,0
20,364,11:44,0
20,365,11:45,0
20,366,11:46,0
20,367,11:47,0
20,368,11:48,0
20,369,11:49,0
20,370,11:50,0
20,371,11:51,0
20,372,11:52,0
20,373,11:53,0
20,374,11:54,0
20,375,11:55,0
20,376,11:56,0
20,377,11:57,0
20,378,11:58,0
20,379,11:59,0
20,380,12:00,0
20,381,12:01,0
20,382,12:02,0
20,383,12:03,0
20,384,12:04,0
20,385,12:05,0
20,386,12:06,0
20,387,12:07,0
20,388,12:08,0
20,389,12:09,0
20,390,12:10,0
20,391,12:11,0
20,392,12:12,0
20,393,12:13,0
20,394,12:14,0
20,395,12:15,0
20,396,12:16,0
20,397,12:17,0
20,398,12:18,0
20,399,12:19,0
20,400,12:20,0
20,401,12:21,0
20,402,12:22,0
20,403,12:23,0
20,404,12:24,1
20,405,12:25,1
20,406,12:26,1
20,407,12:27,1
20,408,12:28,1
20,409,12:29,2
20,410,12:30,2
20,411,12:31,2
20,412,12:32,3
20,413,12:33,3
20,414,12:34,3
20,415,12:35,3
20,416,12:36,3
20,417,12:37,3
20,418,12:38,3
20,419,12:39,3
20,420,12:40,3
20,421,12:41,3
20,422,12:42,2
20,423,12:43,2
20,424,12:44,2
20,425,12:45,1
20,426,12:46,1
20,427,12:47,1
20,428,12:48,0
20,429,12:49,0
20,430,12:50,0
20,431,12:51,1
20,432,12:52,1
20,433,12:53,1
20,434,12:54,1
20,435,12:55,1
20,436,12:56,1
20,437,12:57,1
20,438,12:58,1
20,439,12:59,1
20,440,13:00,1
20,441,13:01,1
20,442,13:02,1
20,443,13:03,1
20,444,13:04,1
20,445,13:05,1
20,446,13:06,0
20,447,13:07,0
20,448,13:08,0
20,449,13:09,1
20,450,13:10,1
20,451,13:11,1
20,452,13:12,1
20,453,13:13,1
20,454,13:14,1
20,455,13:15,1
20,456,13:16,1
20,457,13:17,1
20,458,13:18,1
20,459,13:19,1
20,460,13:20,1
20,461,13:21,1
20,462,13:22,1
20,463,13:23,1
20,464,13:24,1
20,465,13:25,1
20,466,13:26,1
20,467,13:27,0
20,468,13:28,0
20,469,13:29,0
20,470,13:30,0
20,471,13:31,0
20,472,13:32,0
20,473,13:33,0
20,474,13:34,0
20,475,13:35,0
20,476,13:36,0
20,477,13:37,0
20,478,13:38,0
20,479,13:39,0
20,480,13:40,0
20,481,13:41,0
20,482,13:42,0
20,483,13:43,0
20,484,13:44,0
20,485,13:45,0
20,486,13:46,0
20,487,13:47,0
20,488,13:48,0
20,489,13:49,0
20,490,13:50,1
20,491,13:51,1
20,492,13:52,1
20,493,13:53,1
20,494,13:54,1
20,495,13:55,1
20,496,13:56,1
20,497,13:57,1
20,498,13:58,1
20,499,13:59,1
20,500,14:00,1
20,501,14:01,0
20,502,14:02,0
20,503,14:03,0
20,504,14:04,0
20,505,14:05,0
20,506,14:06,0
20,507,14:07,0
20,508,14:08,0
20,509,14:09,0
20,510,14:10,0
20,511,14:11,0
20,512,14:12,0
20,513,14:13,0
20,514,14:14,0
20,515,14:15,0
20,516,14:16,0
20,517,14:17,0
20,518,14:18,0
20,519,14:19,0
20,520,14:20,0
20,521,14:21,0
20,522,14:22,0
20,523,14:23,0
20,524,14:24,0
20,525,14:25,0
20,526,14:26,0
20,527,14:27,0
20,528,14:28,0
20,529,14:29,0
20,530,14:30,0
20,531,14:31,0
20,532,14:32,0
20,533,14:33,0
20,534,14:34,1
20,535,14:35,1
20,536,14:36,1
20,537,14:37,1
20,538,14:38,1
20,539,14:39,1
20,540,14:40,1
20,541,14:41,1
20,542,14:42,1
20,543,14:43,1
20,544,14:44,1
20,545,14:45,1
20,546,14:46,1
20,547,14:47,1
20,548,14:48,1
20,549,14:49,1
20,550,14:50,1
20,551,14:51,1
20,552,14:52,1
20,553,14:53,1
20,554,14:54,1
20,555,14:55,1
20,556,14:56,1
20,557,14:57,1
20,558,14:58,0
20,559,14:59,0
20,560,15:00,0
20,561,15:01,0
20,562,15:02,0
20,563,15:03,0
20,564,15:04,0
20,565,15:05,0
20,566,15:06,0
20,567,15:07,1
20,568,15:08,1
20,569,15:09,1
20,570,15:10,1
20,571,15:11,1
20,572,15:12,1
20,573,15:13,1
20,574,15:14,1
20,575,15:15,1
20,576,15:16,0
20,577,15:17,0
20,578,15:18,0
20,579,15:19,1
20,580,15:20,1
20,581,15:21,1
20,582,15:22,1
20,583,15:23,1
20,584,15:24,1
20,585,15:25,1
20,586,15:26,1
20,587,15:27,1
20,588,15:28,1
20,589,15:29,1
20,590,15:30,1
20,591,15:31,1
20,592,15:32,0
20,593,15:33,0
20,594,15:34,0
20,595,15:35,1
20,596,15:36,1
20,597,15:37,1
20,598,15:38,1
20,599,15:39,1
20,600,15:40,1
20,601,15:41,1
20,602,15:42,1
20,603,15:43,1
20,604,15:44,1
20,605,15:45,1
20,606,15:46,1
20,607,15:47,1
20,608,15:48,1
20,609,15:49,1
20,610,15:50,1
20,611,15:51,1
20,612,15:52,1
20,613,15:53,1
20,614,15:54,1
20,615,15:55,0
20,616,15:56,0
20,617,15:57,0
20,618,15:58,0
20,619,15:59,0
20,620,16:00,0
20,621,16:01,0
20,622,16:02,0
20,623,16:03,0
20,624,16:04,0
20,625,16:05,0
20,626,16:06,0
20,627,16:07,0
20,628,16:08,1
20,629,16:09,1
20,630,16:10,1
20,631,16:11,1
20,632,16:12,1
20,633,16:13,1
20,634,16:14,1
20,635,16:15,2
20,636,16:16,2
20,637,16:17,2
20,638,16:18,3
20,639,16:19,3
20,640,16:20,3
20,641,16:21,3
20,642,16:22,3
20,643,16:23,3
20,644,16:24,3
20,645,16:25,3
20,646,16:26,3
20,647,16:27,3
20,648,16:28,3
20,649,16:29,3
20,650,16:30,3
20,651,16:31,3
20,652,16:32,3
20,653,16:33,2
20,654,16:34,2
20,655,16:35,2
20,656,16:36,1
20,657,16:37,1
20,658,16:38,1
20,659,16:39,0
20,660,16:40,0
20,661,16:41,0
20,662,16:42,0
20,663,16:43,0
20,664,16:44,0
20,665,16:45,0
20,666,16:46,0
20,667,16:47,0
20,668,16:48,0
20,669,16:49,0
20,670,16:50,0
20,671,16:51,0
20,672,16:52,0
20,673,16:53,0
20,674,16:54,1
20,675,16:55,1
20,676,16:56,1
20,677,16:57,1
20,678,16:58,1
20,679,16:59,1
20,680,17:00,1
20,681,17:01,1
20,682,17:02,1
20,683,17:03,1
20,684,17:04,1
20,685,17:05,1
20,686,17:06,1
20,687,17:07,1
20,688,17:08,1
20,689,17:09,1
20,690,17:10,1
20,691,17:11,1
20,692,17:12,1
20,693,17:13,0
20,694,17:14,0
20,695,17:15,0
20,696,17:16,1
20,697,17:17,1
20,698,17:18,1
20,699,17:19,2
20,700,17:20,2
20,701,17:21,2
20,702,17:22,2
20,703,17:23,2
20,704,17:24,2
20,705,17:25,2
20,706,17:26,2
20,707,17:27,2
20,708,17:28,2
20,709,17:29,2
20,710,17:30,2
20,711,17:31,2
20,712,17:32,2
20,713,17:33,2
20,714,17:34,1
20,715,17:35,1
20,716,17:36,1
20,717,17:37,0
20,718,17:38,0
20,719,17:39,0
20,720,17:40,0
20,721,17:41,0
20,722,17:42,0
20,723,17:43,0
20,724,17:44,0
20,725,17:45,0
20,726,17:46,0
20,727,17:47,0
20,728,17:48,0
20,729,17:49,0
20,730,17:50,0
20,731,17:51,1
20,732,17:52,1
20,733,17:53,1
20,734,17:54,1
20,735,17:55,1
20,736,17:56,1
20,737,17:57,1
20,738,17:58,1
20,739,17:59,1
20,740,18:00,1
20,741,18:01,1
20,742,18:02,1
20,743,18:03,1
20,744,18:04,1
20,745,18:05,1
20,746,18:06,1
20,747,18:07,1
20,748,18:08,1
20,749,18:09,1
20,750,18:10,0
20,751,18:11,0
20,752,18:12,0
20,753,18:13,1
20,754,18:14,1
20,755,18:15,1
20,756,18:16,2
20,757,18:17,2
20,758,18:18,2
20,759,18:19,2
20,760,18:20,2
20,761,18:21,2
20,762,18:22,2
20,763,18:23,2
20,764,18:24,2
20,765,18:25,2
20,766,18:26,2
20,767,18:27,1
20,768,18:28,1
20,769,18:29,1
20,770,18:30,0
20,771,18:31,0
20,772,18:32,0
20,773,18:33,0
20,774,18:34,0
20,775,18:35,0
20,776,18:36,0
20,777,18:37,0
20,778,18:38,0
20,779,18:39,0
20,780,18:40,0
20,781,18:41,0
20,782,18:42,0
20,783,18:43,0
20,784,18:44,0
20,785,18:45,0
20,786,18:46,1
20,787,18:47,1
20,788,18:48,1
20,789,18:49,1
20,790,18:50,1
20,791,18:51,1
20,792,18:52,1
20,793,18:53,1
20,794,18:54,1
20,795,18:55,1
20,796,18:56,0
20,797,18:57,0
20,798,18:58,0
20,799,18:59,0
20,800,19:00,0
20,801,19:01,0
20,802,19:02,0
20,803,19:03,0
20,804,19:04,0
20,805,19:05,0
20,806,19:06,0
20,807,19:07,0
20,808,19:08,0
20,809,19:09,0
20,810,19:10,0
20,811,19:11,0
20,812,19:12,0
20,813,19:13,0
20,814,19:14,0
20,815,19:15,0
20,816,19:16,0
20,817,19:17,0
20,818,19:18,0
20,819,19:19,0
20,820,19:20,0
20,821,19:21,0
20,822,19:22,0
20,823,19:23,0
20,824,19:24,0
20,825,19:25,0
20,826,19:26,0
20,827,19:27,0
20,828,19:28,0
20,829,19:29,0
20,830,19:30,0
20,831,19:31,0
20,832,19:32,0
20,833,19:33,0
20,834,19:34,0
20,835,19:35,0
21,0,05:40,0
21,1,05:41,0
21,2,05:42,0
21,3,05:43,0
21,4,05:44,0
21,5,05:45,0
21,6,05:46,0
21,7,05:47,0
21,8,05:48,0
21,9,05:49,0
21,10,05:50,0
21,11,05:51,0
21,12,05:52,0
21,13,05:53,0
21,14,05:54,0
21,15,05:55,0
21,16,05:56,0
21,17,05:57,0
21,18,05:58,0
21,19,05:59,0
21,20,06:00,0
21,21,06:01,0
21,22,06:02,0
21,23,06:03,0
21,24,06:04,0
21,25,06:05,0
21,26,06:06,0
21,27,06:07,0
21,28,06:08,0
21,29,06:09,0
21,30,06:10,0
21,31,06:11,0
21,32,06:12,0
21,33,06:13,0
21,34,06:14,0
21,35,06:15,0
21,36,06:16,0
21,37,06:17,0
21,38,06:18,0
21,39,06:19,0
21,40,06:20,0
21,41,06:21,0
21,42,06:22,0
21,43,06:23,0
21,44,06:24,0
21,45,06:25,0
21,46,06:26,0
21,47,06:27,0
21,48,06:28,0
21,49,06:29,0
21,50,06:30,0
21,51,06:31,0
21,52,06:32,0
21,53,06:33,0
21,54,06:34,0
21,55,06:35,0
21,56,06:36,0
21,57,06:37,0
21,58,06:38,0
21,59,06:39,0
21,60,06:40,0
21,61,06:41,0
21,62,06:42,0
21,63,06:43,0
21,64,06:44,0
21,65,06:45,0
21,66,06:46,0
21,67,06:47,0
21,68,06:48,0
21,69,06:49,0
21,70,06:50,0
21,71,06:51,0
21,72,06:52,0
21,73,06:53,0
21,74,06:54,0
21,75,06:55,0
21,76,06:56,0
21,77,06:57,0
21,78,06:58,0
21,79,06:59,0
21,80,07:00,0
21,81,07:01,0
21,82,07:02,0
21,83,07:03,0
21,84,07:04,0
21,85,07:05,0
21,86,07:06,0
21,87,07:07,0
21,88,07:08,0
21,89,07:09,0
21,90,07:10,0
21,91,07:11,0
21,92,07:12,0
21,93,07:13,0
21,94,07:14,0
21,95,07:15,0
21,96,07:16,0
21,97,07:17,0
21,98,07:18,0
21,99,07:19,0
21,100,07:20,0
21,101,07:21,0
21,102,07:22,0
21,103,07:23,0
21,104,07:24,0
21,105,07:25,0
21,106,07:26,0
21,107,07:27,0
21,108,07:28,0
21,109,07:29,0
21,110,07:30,0
21,111,07:31,0
21,112,07:32,0
21,113,07:33,0
21,114,07:34,0
21,115,07:35,0
21,116,07:36,0
21,117,07:37,0
21,118,07:38,0
21,119,07:39,0
21,120,07:40,0
21,121,07:41,0
21,122,07:42,0
21,123,07:43,0
21,124,07:44,0
21,125,07:45,0
21,126,07:46,0
21,127,07:47,0
21,128,07:48,0
21,129,07:49,0
21,130,07:50,0
21,131,07:51,0
21,132,07:52,0
21,133,07:53,0
21,134,07:54,0
21,135,07:55,0
21,136,07:56,0
21,137,07:57,0
21,138,07:58,0
21,139,07:59,0
21,140,08:00,0
21,141,08:01,0
21,142,08:02,0
21,143,08:03,0
21,144,08:04,0
21,145,08:05,0
21,146,08:06,1
21,147,08:07,1
21,148,08:08,1
21,149,08:09,2
21,150,08:10,2
21,151,08:11,2
21,152,08:12,2
21,153,08:13,2
21,154,08:14,2
21,155,08:15,2
21,156,08:16,2
21,157,08:17,2
21,158,08:18,1
21,159,08:19,1
21,160,08:20,1
21,161,08:21,0
21,162,08:22,0
21,163,08:23,0
21,164,08:24,0
21,165,08:25,0
21,166,08:26,0
21,167,08:27,0
21,168,08:28,0
21,169,08:29,0
21,170,08:30,0
21,171,08:31,0
21,172,08:32,0
21,173,08:33,0
21,174,08:34,0
21,175,08:35,0
21,176,08:36,0
21,177,08:37,0
21,178,08:38,0
21,179,08:39,0
21,180,08:40,0
21,181,08:41,0
21,182,08:42,0
21,183,08:43,0
21,184,08:44,0
21,185,08:45,0
21,186,08:46,0
21,187,08:47,1
21,188,08:48,1
21,189,08:49,1
21,190,08:50,2
21,191,08:51,2
21,192,08:52,2
21,193,08:53,2
21,194,08:54,2
21,195,08:55,2
21,196,08:56,2
21,197,08:57,2
21,198,08:58,2
21,199,08:59,2
21,200,09:00,1
21,201,09:01,1
21,202,09:02,1
21,203,09:03,1
21,204,09:04,1
21,205,09:05,1
21,206,09:06,1
21,207,09:07,1
21,208,09:08,1
21,209,09:09,0
21,210,09:10,0
21,211,09:11,0
21,212,09:12,2
21,213,09:13,2
21,214,09:14,2
21,215,09:15,3
21,216,09:16,3
21,217,09:17,3
21,218,09:18,3
21,219,09:19,3
21,220,09:20,3
21,221,09:21,3
21,222,09:22,3
21,223,09:23,3
21,224,09:24,1
21,225,09:25,1
21,226,09:26,1
21,227,09:27,0
21,228,09:28,0
21,229,09:29,0
21,230,09:30,0
21,231,09:31,0
21,232,09:32,0
21,233,09:33,0
21,234,09:34,0
21,235,09:35,0
21,236,09:36,0
21,237,09:37,0
21,238,09:38,0
21,239,09:39,0
21,240,09:40,0
21,241,09:41,0
21,242,09:42,0
21,243,09:43,0
21,244,09:44,0
21,245,09:45,0
21,246,09:46,0
21,247,09:47,0
21,248,09:48,0
21,249,09:49,0
21,250,09:50,0
21,251,09:51,0
21,252,09:52,0
21,253,09:53,0
21,254,09:54,0
21,255,09:55,0
21,256,09:56,0
21,257,09:57,0
21,258,09:58,0
21,259,09:59,0
21,260,10:00,0
21,261,10:01,0
21,262,10:02,0
21,263,10:03,0
21,264,10:04,0
21,265,10:05,0
21,266,10:06,1
21,267,10:07,1
21,268,10:08,1
21,269,10:09,1
21,270,10:10,1
21,271,10:11,1
21,272,10:12,1
21,273,10:13,1
21,274,10:14,1
21,275,10:15,0
21,276,10:16,0
21,277,10:17,0
21,278,10:18,0
21,279,10:19,0
21,280,10:20,0
21,281,10:21,0
21,282,10:22,0
21,283,10:23,0
21,284,10:24,0
21,285,10:25,0
21,286,10:26,1
21,287,10:27,1
21,288,10:28,1
21,289,10:29,1
21,290,10:30,2
21,291,10:31,2
21,292,10:32,2
21,293,10:33,4
21,294,10:34,4
21,295,10:35,4
21,296,10:36,4
21,297,10:37,4
21,298,10:38,4
21,299,10:39,4
21,300,10:40,4
21,301,10:41,4
21,302,10:42,4
21,303,10:43,4
21,304,10:44,4
21,305,10:45,4
21,306,10:46,4
21,307,10:47,4
21,308,10:48,4
21,309,10:49,4
21,310,10:50,4
21,311,10:51,3
21,312,10:52,3
21,313,10:53,3
21,314,10:54,2
21,315,10:55,2
21,316,10:56,2
21,317,10:57,0
21,318,10:58,0
21,319,10:59,0
21,320,11:00,0
21,321,11:01,0
21,322,11:02,0
21,323,11:03,0
21,324,11:04,0
21,325,11:05,0
21,326,11:06,0
21,327,11:07,0
21,328,11:08,0
21,329,11:09,0
21,330,11:10,0
21,331,11:11,0
21,332,11:12,0
21,333,11:13,0
21,334,11:14,0
21,335,11:15,0
21,336,11:16,0
21,337,11:17,0
21,338,11:18,0
21,339,11:19,0
21,340,11:20,0
21,341,11:21,1
21,342,11:22,1
21,343,11:23,1
21,344,11:24,2
21,345,11:25,2
21,346,11:26,2
21,347,11:27,2
21,348,11:28,2
21,349,11:29,2
21,350,11:30,2
21,351,11:31,2
21,352,11:32,2
21,353,11:33,2
21,354,11:34,2
21,355,11:35,2
21,356,11:36,2
21,357,11:37,2
21,358,11:38,2
21,359,11:39,2
21,360,11:40,2
21,361,11:41,2
21,362,11:42,1
21,363,11:43,1
21,364,11:44,1
21,365,11:45,1
21,366,11:46,1
21,367,11:47,1
21,368,11:48,1
21,369,11:49,1
21,370,11:50,1
21,371,11:51,0
21,372,11:52,0
21,373,11:53,0
21,374,11:54,0
21,375,11:55,0
21,376,11:56,0
21,377,11:57,0
21,378,11:58,0
21,379,11:59,0
21,380,12:00,0
21,381,12:01,0
21,382,12:02,0
21,383,12:03,0
21,384,12:04,0
21,385,12:05,0
21,386,12:06,0
21,387,12:07,0
21,388,12:08,0
21,389,12:09,0
21,390,12:10,0
21,391,12:11,0
21,392,12:12,0
21,393,12:13,0
21,394,12:14,0
21,395,12:15,0
21,396,12:16,0
21,397,12:17,0
21,398,12:18,0
21,399,12:19,0
21,400,12:20,0
21,401,12:21,0
21,402,12:22,0
21,403,12:23,0
21,404,12:24,0
21,405,12:25,0
21,406,12:26,0
21,407,12:27,0
21,408,12:28,1
21,409,12:29,1
21,410,12:30,1
21,411,12:31,1
21,412,12:32,1
21,413,12:33,1
21,414,12:34,1
21,415,12:35,1
21,416,12:36,1
21,417,12:37,1
21,418,12:38,1
21,419,12:39,0
21,420,12:40,0
21,421,12:41,0
21,422,12:42,1
21,423,12:43,1
21,424,12:44,1
21,425,12:45,2
21,426,12:46,2
21,427,12:47,2
21,428,12:48,2
21,429,12:49,2
21,430,12:50,2
21,431,12:51,2
21,432,12:52,2
21,433,12:53,2
21,434,12:54,2
21,435,12:55,2
21,436,12:56,2
21,437,12:57,2
21,438,12:58,2
21,439,12:59,2
21,440,13:00,2
21,441,13:01,2
21,442,13:02,2
21,443,13:03,2
21,444,13:04,2
21,445,13:05,1
21,446,13:06,1
21,447,13:07,1
21,448,13:08,0
21,449,13:09,0
21,450,13:10,0
21,451,13:11,1
21,452,13:12,1
21,453,13:13,1
21,454,13:14,2
21,455,13:15,2
21,456,13:16,2
21,457,13:17,2
21,458,13:18,2
21,459,13:19,2
21,460,13:20,2
21,461,13:21,2
21,462,13:22,2
21,463,13:23,2
21,464,13:24,2
21,465,13:25,2
21,466,13:26,2
21,467,13:27,2
21,468,13:28,2
21,469,13:29,2
21,470,13:30,2
21,471,13:31,2
21,472,13:32,1
21,473,13:33,1
21,474,13:34,1
21,475,13:35,0
21,476,13:36,0
21,477,13:37,0
21,478,13:38,0
21,479,13:39,0
21,480,13:40,0
21,481,13:41,0
21,482,13:42,0
21,483,13:43,0
21,484,13:44,0
21,485,13:45,0
21,486,13:46,0
21,487,13:47,1
21,488,13:48,1
21,489,13:49,1
21,490,13:50,1
21,491,13:51,2
21,492,13:52,2
21,493,13:53,2
21,494,13:54,2
21,495,13:55,2
21,496,13:56,2
21,497,13:57,2
21,498,13:58,2
21,499,13:59,2
21,500,14:00,2
21,501,14:01,2
21,502,14:02,2
21,503,14:03,2
21,504,14:04,1
21,505,14:05,1
21,506,14:06,1
21,507,14:07,0
21,508,14:08,0
21,509,14:09,0
21,510,14:10,0
21,511,14:11,0
21,512,14:12,0
21,513,14:13,0
21,514,14:14,0
21,515,14:15,0
21,516,14:16,0
21,517,14:17,0
21,518,14:18,0
21,519,14:19,0
21,520,14:20,0
21,521,14:21,0
21,522,14:22,0
21,523,14:23,0
21,524,14:24,0
21,525,14:25,0
21,526,14:26,0
21,527,14:27,1
21,528,14:28,1
21,529,14:29,1
21,530,14:30,1
21,531,14:31,1
21,532,14:32,1
21,533,14:33,1
21,534,14:34,1
21,535,14:35,1
21,536,14:36,1
21,537,14:37,1
21,538,14:38,1
21,539,14:39,1
21,540,14:40,1
21,541,14:41,1
21,542,14:42,1
21,543,14:43,1
21,544,14:44,1
21,545,14:45,1
21,546,14:46,1
21,547,14:47,1
21,548,14:48,1
21,549,14:49,1
21,550,14:50,0
21,551,14:51,0
21,552,14:52,0
21,553,14:53,0
21,554,14:54,0
21,555,14:55,1
21,556,14:56,1
21,557,14:57,1
21,558,14:58,1
21,559,14:59,1
21,560,15:00,1
21,561,15:01,1
21,562,15:02,1
21,563,15:03,1
21,564,15:04,1
21,565,15:05,1
21,566,15:06,1
21,567,15:07,1
21,568,15:08,1
21,569,15:09,1
21,570,15:10,1
21,571,15:11,1
21,572,15:12,1
21,573,15:13,1
21,574,15:14,1
21,575,15:15,1
21,576,15:16,1
21,577,15:17,1
21,578,15:18,1
21,579,15:19,1
21,580,15:20,1
21,581,15:21,1
21,582,15:22,1
21,583,15:23,0
21,584,15:24,0
21,585,15:25,0
21,586,15:26,0
21,587,15:27,0
21,588,15:28,0
21,589,15:29,0
21,590,15:30,0
21,591,15:31,0
21,592,15:32,0
21,593,15:33,0
21,594,15:34,0
21,595,15:35,0
21,596,15:36,0
21,597,15:37,0
21,598,15:38,0
21,599,15:39,0
21,600,15:40,0
21,601,15:41,0
21,602,15:42,0
21,603,15:43,0
21,604,15:44,0
21,605,15:45,0
21,606,15:46,0
21,607,15:47,1
21,608,15:48,1
21,609,15:49,1
21,610,15:50,1
21,611,15:51,1
21,612,15:52,1
21,613,15:53,1
21,614,15:54,1
21,615,15:55,1
21,616,15:56,1
21,617,15:57,0
21,618,15:58,0
21,619,15:59,0
21,620,16:00,0
21,621,16:01,0
21,622,16:02,1
21,623,16:03,1
21,624,16:04,1
21,625,16:05,1
21,626,16:06,1
21,627,16:07,1
21,628,16:08,1
21,629,16:09,1
21,630,16:10,1
21,631,16:11,0
21,632,16:12,0
21,633,16:13,0
21,634,16:14,0
21,635,16:15,0
21,636,16:16,0
21,637,16:17,0
21,638,16:18,0
21,639,16:19,0
21,640,16:20,2
21,641,16:21,2
21,642,16:22,2
21,643,16:23,2
21,644,16:24,2
21,645,16:25,2
21,646,16:26,4
21,647,16:27,4
21,648,16:28,4
21,649,16:29,4
21,650,16:30,4
21,651,16:31,4
21,652,16:32,4
21,653,16:33,4
21,654,16:34,4
21,655,16:35,4
21,656,16:36,2
21,657,16:37,2
21,658,16:38,2
21,659,16:39,0
21,660,16:40,0
21,661,16:41,0
21,662,16:42,0
21,663,16:43,0
21,664,16:44,0
21,665,16:45,0
21,666,16:46,0
21,667,16:47,0
21,668,16:48,0
21,669,16:49,0
21,670,16:50,0
21,671,16:51,2
21,672,16:52,2
21,673,16:53,2
21,674,16:54,2
21,675,16:55,2
21,676,16:56,2
21,677,16:57,2
21,678,16:58,2
21,679,16:59,2
21,680,17:00,0
21,681,17:01,0
21,682,17:02,0
21,683,17:03,1
21,684,17:04,1
21,685,17:05,1
21,686,17:06,2
21,687,17:07,2
21,688,17:08,2
21,689,17:09,2
21,690,17:10,2
21,691,17:11,2
21,692,17:12,2
21,693,17:13,2
21,694,17:14,2
21,695,17:15,1
21,696,17:16,1
21,697,17:17,1
21,698,17:18,0
21,699,17:19,0
21,700,17:20,0
21,701,17:21,2
21,702,17:22,2
21,703,17:23,2
21,704,17:24,4
21,705,17:25,4
21,706,17:26,4
21,707,17:27,4
21,708,17:28,4
21,709,17:29,4
21,710,17:30,4
21,711,17:31,4
21,712,17:32,4
21,713,17:33,2
21,714,17:34,2
21,715,17:35,2
21,716,17:36,0
21,717,17:37,0
21,718,17:38,0
21,719,17:39,0
21,720,17:40,0
21,721,17:41,0
21,722,17:42,0
21,723,17:43,0
21,724,17:44,0
21,725,17:45,2
21,726,17:46,2
21,727,17:47,2
21,728,17:48,2
21,729,17:49,2
21,730,17:50,2
21,731,17:51,2
21,732,17:52,2
21,733,17:53,2
21,734,17:54,0
21,735,17:55,0
21,736,17:56,0
21,737,17:57,0
21,738,17:58,0
21,739,17:59,0
21,740,18:00,0
21,741,18:01,0
21,742,18:02,0
21,743,18:03,0
21,744,18:04,0
21,745,18:05,0
21,746,18:06,0
21,747,18:07,0
21,748,18:08,0
21,749,18:09,0
21,750,18:10,0
21,751,18:11,0
21,752,18:12,0
21,753,18:13,0
21,754,18:14,2
21,755,18:15,2
21,756,18:16,2
21,757,18:17,4
21,758,18:18,4
21,759,18:19,4
21,760,18:20,4
21,761,18:21,4
21,762,18:22,4
21,763,18:23,4
21,764,18:24,4
21,765,18:25,4
21,766,18:26,2
21,767,18:27,2
21,768,18:28,2
21,769,18:29,2
21,770,18:30,2
21,771,18:31,2
21,772,18:32,0
21,773,18:33,0
21,774,18:34,0
21,775,18:35,0
21,776,18:36,0
21,777,18:37,0
21,778,18:38,1
21,779,18:39,1
21,780,18:40,1
21,781,18:41,1
21,782,18:42,1
21,783,18:43,1
21,784,18:44,1
21,785,18:45,1
21,786,18:46,1
21,787,18:47,1
21,788,18:48,0
21,789,18:49,0
21,790,18:50,0
21,791,18:51,2
21,792,18:52,2
21,793,18:53,2
21,794,18:54,4
21,795,18:55,4
21,796,18:56,4
21,797,18:57,4
21,798,18:58,4
21,799,18:59,4
21,800,19:00,4
21,801,19:01,4
21,802,19:02,4
21,803,19:03,4
21,804,19:04,2
21,805,19:05,2
21,806,19:06,2
21,807,19:07,0
21,808,19:08,0
21,809,19:09,0
21,810,19:10,0
21,811,19:11,0
21,812,19:12,0
21,813,19:13,0
21,814,19:14,0
21,815,19:15,0
21,816,19:16,0
21,817,19:17,0
21,818,19:18,0
21,819,19:19,0
21,820,19:20,0
21,821,19:21,0
21,822,19:22,0
21,823,19:23,0
21,824,19:24,0
21,825,19:25,0
21,826,19:26,0
21,827,19:27,0
21,828,19:28,0
21,829,19:29,0
21,830,19:30,0
21,831,19:31,0
21,832,19:32,0
21,833,19:33,0
21,834,19:34,0
21,835,19:35,0
22,0,05:40,0
22,1,05:41,0
22,2,05:42,0
22,3,05:43,0
22,4,05:44,0
22,5,05:45,0
22,6,05:46,0
22,7,05:47,0
22,8,05:48,0
22,9,05:49,0
22,10,05:50,0
22,11,05:51,0
22,12,05:52,0
22,13,05:53,0
22,14,05:54,0
22,15,05:55,0
22,16,05:56,0
22,17,05:57,0
22,18,05:58,0
22,19,05:59,0
22,20,06:00,0
22,21,06:01,0
22,22,06:02,0
22,23,06:03,0
22,24,06:04,0
22,25,06:05,0
22,26,06:06,0
22,27,06:07,0
22,28,06:08,0
22,29,06:09,0
22,30,06:10,0
22,31,06:11,0
22,32,06:12,0
22,33,06:13,0
22,34,06:14,0
22,35,06:15,0
22,36,06:16,0
22,37,06:17,0
22,38,06:18,0
22,39,06:19,0
22,40,06:20,0
22,41,06:21,0
22,42,06:22,0
22,43,06:23,0
22,44,06:24,0
22,45,06:25,0
22,46,06:26,0
22,47,06:27,0
22,48,06:28,0
22,49,06:29,0
22,50,06:30,0
22,51,06:31,0
22,52,06:32,0
22,53,06:33,0
22,54,06:34,0
22,55,06:35,0
22,56,06:36,0
22,57,06:37,0
22,58,06:38,0
22,59,06:39,0
22,60,06:40,0
22,61,06:41,0
22,62,06:42,0
22,63,06:43,0
22,64,06:44,0
22,65,06:45,0
22,66,06:46,0
22,67,06:47,0
22,68,06:48,0
22,69,06:49,0
22,70,06:50,0
22,71,06:51,0
22,72,06:52,0
22,73,06:53,0
22,74,06:54,0
22,75,06:55,0
22,76,06:56,0
22,77,06:57,0
22,78,06:58,0
22,79,06:59,0
22,80,07:00,0
22,81,07:01,0
22,82,07:02,0
22,83,07:03,0
22,84,07:04,0
22,85,07:05,0
22,86,07:06,0
22,87,07:07,0
22,88,07:08,0
22,89,07:09,0
22,90,07:10,0
22,91,07:11,0
22,92,07:12,0
22,93,07:13,0
22,94,07:14,0
22,95,07:15,0
22,96,07:16,0
22,97,07:17,0
22,98,07:18,0
22,99,07:19,0
22,100,07:20,0
22,101,07:21,0
22,102,07:22,0
22,103,07:23,0
22,104,07:24,0
22,105,07:25,0
22,106,07:26,0
22,107,07:27,0
22,108,07:28,0
22,109,07:29,0
22,110,07:30,0
22,111,07:31,0
22,112,07:32,0
22,113,07:33,0
22,114,07:34,0
22,115,07:35,0
22,116,07:36,0
22,117,07:37,0
22,118,07:38,0
22,119,07:39,0
22,120,07:40,0
22,121,07:41,0
22,122,07:42,0
22,123,07:43,0
22,124,07:44,0
22,125,07:45,0
22,126,07:46,0
22,127,07:47,0
22,128,07:48,0
22,129,07:49,0
22,130,07:50,1
22,131,07:51,1
22,132,07:52,1
22,133,07:53,1
22,134,07:54,1
22,135,07:55,1
22,136,07:56,1
22,137,07:57,1
22,138,07:58,1
22,139,07:59,1
22,140,08:00,1
22,141,08:01,1
22,142,08:02,1
22,143,08:03,0
22,144,08:04,0
22,145,08:05,0
22,146,08:06,0
22,147,08:07,0
22,148,08:08,0
22,149,08:09,0
22,150,08:10,1
22,151,08:11,1
22,152,08:12,1
22,153,08:13,1
22,154,08:14,2
22,155,08:15,2
22,156,08:16,2
22,157,08:17,2
22,158,08:18,2
22,159,08:19,2
22,160,08:20,2
22,161,08:21,2
22,162,08:22,2
22,163,08:23,2
22,164,08:24,1
22,165,08:25,1
22,166,08:26,1
22,167,08:27,0
22,168,08:28,0
22,169,08:29,0
22,170,08:30,0
22,171,08:31,0
22,172,08:32,0
22,173,08:33,0
22,174,08:34,0
22,175,08:35,0
22,176,08:36,0
22,177,08:37,0
22,178,08:38,0
22,179,08:39,1
22,180,08:40,1
22,181,08:41,1
22,182,08:42,1
22,183,08:43,1
22,184,08:44,1
22,185,08:45,1
22,186,08:46,1
22,187,08:47,1
22,188,08:48,1
22,189,08:49,1
22,190,08:50,1
22,191,08:51,1
22,192,08:52,1
22,193,08:53,1
22,194,08:54,1
22,195,08:55,1
22,196,08:56,1
22,197,08:57,1
22,198,08:58,1
22,199,08:59,1
22,200,09:00,1
22,201,09:01,1
22,202,09:02,0
22,203,09:03,0
22,204,09:04,0
22,205,09:05,2
22,206,09:06,2
22,207,09:07,2
22,208,09:08,4
22,209,09:09,4
22,210,09:10,4
22,211,09:11,4
22,212,09:12,4
22,213,09:13,4
22,214,09:14,4
22,215,09:15,4
22,216,09:16,4
22,217,09:17,4
22,218,09:18,2
22,219,09:19,2
22,220,09:20,2
22,221,09:21,0
22,222,09:22,0
22,223,09:23,0
22,224,09:24,1
22,225,09:25,1
22,226,09:26,1
22,227,09:27,2
22,228,09:28,2
22,229,09:29,2
22,230,09:30,2
22,231,09:31,2
22,232,09:32,2
22,233,09:33,2
22,234,09:34,2
22,235,09:35,2
22,236,09:36,1
22,237,09:37,1
22,238,09:38,1
22,239,09:39,0
22,240,09:40,0
22,241,09:41,0
22,242,09:42,0
22,243,09:43,0
22,244,09:44,0
22,245,09:45,0
22,246,09:46,0
22,247,09:47,0
22,248,09:48,0
22,249,09:49,0
22,250,09:50,1
22,251,09:51,1
22,252,09:52,1
22,253,09:53,2
22,254,09:54,2
22,255,09:55,2
22,256,09:56,2
22,257,09:57,2
22,258,09:58,2
22,259,09:59,2
22,260,10:00,2
22,261,10:01,2
22,262,10:02,2
22,263,10:03,2
22,264,10:04,2
22,265,10:05,1
22,266,10:06,1
22,267,10:07,1
22,268,10:08,0
22,269,10:09,0
22,270,10:10,0
22,271,10:11,0
22,272,10:12,0
22,273,10:13,0
22,274,10:14,0
22,275,10:15,0
22,276,10:16,0
22,277,10:17,1
22,278,10:18,1
22,279,10:19,1
22,280,10:20,1
22,281,10:21,1
22,282,10:22,1
22,283,10:23,1
22,284,10:24,1
22,285,10:25,1
22,286,10:26,1
22,287,10:27,1
22,288,10:28,1
22,289,10:29,1
22,290,10:30,0
22,291,10:31,0
22,292,10:32,0
22,293,10:33,1
22,294,10:34,1
22,295,10:35,1
22,296,10:36,2
22,297,10:37,2
22,298,10:38,2
22,299,10:39,2
22,300,10:40,2
22,301,10:41,2
22,302,10:42,2
22,303,10:43,2
22,304,10:44,2
22,305,10:45,1
22,306,10:46,1
22,307,10:47,1
22,308,10:48,0
22,309,10:49,0
22,310,10:50,0
22,311,10:51,0
22,312,10:52,0
22,313,10:53,0
22,314,10:54,0
22,315,10:55,0
22,316,10:56,0
22,317,10:57,0
22,318,10:58,1
22,319,10:59,1
22,320,11:00,1
22,321,11:01,1
22,322,11:02,1
22,323,11:03,1
22,324,11:04,1
22,325,11:05,1
22,326,11:06,1
22,327,11:07,1
22,328,11:08,1
22,329,11:09,1
22,330,11:10,1
22,331,11:11,1
22,332,11:12,1
22,333,11:13,1
22,334,11:14,1
22,335,11:15,1
22,336,11:16,1
22,337,11:17,1
22,338,11:18,1
22,339,11:19,1
22,340,11:20,1
22,341,11:21,1
22,342,11:22,1
22,343,11:23,1
22,344,11:24,1
22,345,11:25,1
22,346,11:26,0
22,347,11:27,0
22,348,11:28,0
22,349,11:29,1
22,350,11:30,1
22,351,11:31,1
22,352,11:32,1
22,353,11:33,1
22,354,11:34,1
22,355,11:35,2
22,356,11:36,2
22,357,11:37,2
22,358,11:38,2
22,359,11:39,2
22,360,11:40,2
22,361,11:41,2
22,362,11:42,2
22,363,11:43,2
22,364,11:44,2
22,365,11:45,2
22,366,11:46,2
22,367,11:47,2
22,368,11:48,2
22,369,11:49,2
22,370,11:50,2
22,371,11:51,2
22,372,11:52,2
22,373,11:53,1
22,374,11:54,1
22,375,11:55,1
22,376,11:56,0
22,377,11:57,0
22,378,11:58,0
22,379,11:59,1
22,380,12:00,1
22,381,12:01,1
22,382,12:02,1
22,383,12:03,1
22,384,12:04,1
22,385,12:05,1
22,386,12:06,1
22,387,12:07,1
22,388,12:08,1
22,389,12:09,1
22,390,12:10,1
22,391,12:11,1
22,392,12:12,1
22,393,12:13,1
22,394,12:14,0
22,395,12:15,0
22,396,12:16,0
22,397,12:17,1
22,398,12:18,1
22,399,12:19,1
22,400,12:20,1
22,401,12:21,1
22,402,12:22,1
22,403,12:23,1
22,404,12:24,1
22,405,12:25,1
22,406,12:26,1
22,407,12:27,1
22,408,12:28,1
22,409,12:29,1
22,410,12:30,1
22,411,12:31,1
22,412,12:32,1
22,413,12:33,1
22,414,12:34,1
22,415,12:35,0
22,416,12:36,0
22,417,12:37,0
22,418,12:38,1
22,419,12:39,1
22,420,12:40,1
22,421,12:41,1
22,422,12:42,1
22,423,12:43,1
22,424,12:44,1
22,425,12:45,1
22,426,12:46,1
22,427,12:47,1
22,428,12:48,1
22,429,12:49,0
22,430,12:50,0
22,431,12:51,0
22,432,12:52,1
22,433,12:53,1
22,434,12:54,1
22,435,12:55,1
22,436,12:56,1
22,437,12:57,1
22,438,12:58,1
22,439,12:59,1
22,440,13:00,1
22,441,13:01,1
22,442,13:02,1
22,443,13:03,1
22,444,13:04,1
22,445,13:05,1
22,446,13:06,1
22,447,13:07,1
22,448,13:08,1
22,449,13:09,1
22,450,13:10,1
22,451,13:11,1
22,452,13:12,1
22,453,13:13,1
22,454,13:14,1
22,455,13:15,1
22,456,13:16,1
22,457,13:17,1
22,458,13:18,1
22,459,13:19,1
22,460,13:20,1
22,461,13:21,1
22,462,13:22,1
22,463,13:23,1
22,464,13:24,1
22,465,13:25,1
22,466,13:26,0
22,467,13:27,0
22,468,13:28,0
22,469,13:29,1
22,470,13:30,1
22,471,13:31,1
22,472,13:32,1
22,473,13:33,1
22,474,13:34,1
22,475,13:35,1
22,476,13:36,1
22,477,13:37,1
22,478,13:38,1
22,479,13:39,1
22,480,13:40,1
22,481,13:41,1
22,482,13:42,1
22,483,13:43,1
22,484,13:44,1
22,485,13:45,1
22,486,13:46,1
22,487,13:47,1
22,488,13:48,1
22,489,13:49,1
22,490,13:50,1
22,491,13:51,1
22,492,13:52,1
22,493,13:53,1
22,494,13:54,1
22,495,13:55,1
22,496,13:56,1
22,497,13:57,1
22,498,13:58,0
22,499,13:59,0
22,500,14:00,0
22,501,14:01,0
22,502,14:02,0
22,503,14:03,0
22,504,14:04,0
22,505,14:05,0
22,506,14:06,0
22,507,14:07,1
22,508,14:08,1
22,509,14:09,1
22,510,14:10,1
22,511,14:11,1
22,512,14:12,1
22,513,14:13,1
22,514,14:14,1
22,515,14:15,1
22,516,14:16,1
22,517,14:17,1
22,518,14:18,0
22,519,14:19,0
22,520,14:20,0
22,521,14:21,1
22,522,14:22,1
22,523,14:23,1
22,524,14:24,1
22,525,14:25,1
22,526,14:26,1
22,527,14:27,1
22,528,14:28,1
22,529,14:29,1
22,530,14:30,1
22,531,14:31,1
22,532,14:32,1
22,533,14:33,1
22,534,14:34,1
22,535,14:35,1
22,536,14:36,1
22,537,14:37,1
22,538,14:38,1
22,539,14:39,1
22,540,14:40,1
22,541,14:41,1
22,542,14:42,1
22,543,14:43,1
22,544,14:44,1
22,545,14:45,1
22,546,14:46,1
22,547,14:47,1
22,548,14:48,1
22,549,14:49,0
22,550,14:50,0
22,551,14:51,0
22,552,14:52,1
22,553,14:53,1
22,554,14:54,1
22,555,14:55,1
22,556,14:56,1
22,557,14:57,1
22,558,14:58,1
22,559,14:59,1
22,560,15:00,1
22,561,15:01,1
22,562,15:02,1
22,563,15:03,1
22,564,15:04,1
22,565,15:05,0
22,566,15:06,0
22,567,15:07,0
22,568,15:08,1
22,569,15:09,1
22,570,15:10,1
22,571,15:11,2
22,572,15:12,2
22,573,15:13,2
22,574,15:14,2
22,575,15:15,2
22,576,15:16,2
22,577,15:17,2
22,578,15:18,2
22,579,15:19,2
22,580,15:20,2
22,581,15:21,1
22,582,15:22,1
22,583,15:23,1
22,584,15:24,1
22,585,15:25,1
22,586,15:26,1
22,587,15:27,1
22,588,15:28,1
22,589,15:29,1
22,590,15:30,1
22,591,15:31,1
22,592,15:32,1
22,593,15:33,1
22,594,15:34,1
22,595,15:35,0
22,596,15:36,0
22,597,15:37,0
22,598,15:38,1
22,599,15:39,1
22,600,15:40,1
22,601,15:41,1
22,602,15:42,1
22,603,15:43,1
22,604,15:44,1
22,605,15:45,1
22,606,15:46,1
22,607,15:47,1
22,608,15:48,1
22,609,15:49,1
22,610,15:50,1
22,611,15:51,1
22,612,15:52,1
22,613,15:53,1
22,614,15:54,1
22,615,15:55,1
22,616,15:56,1
22,617,15:57,1
22,618,15:58,1
22,619,15:59,0
22,620,16:00,0
22,621,16:01,0
22,622,16:02,0
22,623,16:03,0
22,624,16:04,0
22,625,16:05,1
22,626,16:06,1
22,627,16:07,1
22,628,16:08,2
22,629,16:09,2
22,630,16:10,2
22,631,16:11,3
22,632,16:12,3
22,633,16:13,3
22,634,16:14,3
22,635,16:15,3
22,636,16:16,3
22,637,16:17,3
22,638,16:18,3
22,639,16:19,3
22,640,16:20,2
22,641,16:21,2
22,642,16:22,2
22,643,16:23,1
22,644,16:24,1
22,645,16:25,1
22,646,16:26,0
22,647,16:27,0
22,648,16:28,0
22,649,16:29,0
22,650,16:30,0
22,651,16:31,0
22,652,16:32,0
22,653,16:33,0
22,654,16:34,1
22,655,16:35,1
22,656,16:36,1
22,657,16:37,2
22,658,16:38,2
22,659,16:39,2
22,660,16:40,2
22,661,16:41,2
22,662,16:42,2
22,663,16:43,2
22,664,16:44,2
22,665,16:45,2
22,666,16:46,1
22,667,16:47,1
22,668,16:48,1
22,669,16:49,0
22,670,16:50,0
22,671,16:51,0
22,672,16:52,0
22,673,16:53,0
22,674,16:54,0
22,675,16:55,2
22,676,16:56,2
22,677,16:57,2
22,678,16:58,4
22,679,16:59,4
22,680,17:00,4
22,681,17:01,4
22,682,17:02,4
22,683,17:03,4
22,684,17:04,4
22,685,17:05,4
22,686,17:06,4
22,687,17:07,2
22,688,17:08,2
22,689,17:09,2
22,690,17:10,0
22,691,17:11,0
22,692,17:12,0
22,693,17:13,0
22,694,17:14,0
22,695,17:15,0
22,696,17:16,0
22,697,17:17,0
22,698,17:18,0
22,699,17:19,0
22,700,17:20,0
22,701,17:21,0
22,702,17:22,0
22,703,17:23,0
22,704,17:24,0
22,705,17:25,0
22,706,17:26,1
22,707,17:27,1
22,708,17:28,1
22,709,17:29,4
22,710,17:30,4
22,711,17:31,4
22,712,17:32,4
22,713,17:33,4
22,714,17:34,4
22,715,17:35,4
22,716,17:36,4
22,717,17:37,4
22,718,17:38,4
22,719,17:39,1
22,720,17:40,1
22,721,17:41,1
22,722,17:42,1
22,723,17:43,1
22,724,17:44,1
22,725,17:45,0
22,726,17:46,0
22,727,17:47,0
22,728,17:48,0
22,729,17:49,0
22,730,17:50,0
22,731,17:51,0
22,732,17:52,0
22,733,17:53,0
22,734,17:54,0
22,735,17:55,0
22,736,17:56,0
22,737,17:57,0
22,738,17:58,0
22,739,17:59,0
22,740,18:00,0
22,741,18:01,0
22,742,18:02,0
22,743,18:03,0
22,744,18:04,0
22,745,18:05,0
22,746,18:06,0
22,747,18:07,0
22,748,18:08,0
22,749,18:09,0
22,750,18:10,2
22,751,18:11,2
22,752,18:12,2
22,753,18:13,2
22,754,18:14,2
22,755,18:15,2
22,756,18:16,2
22,757,18:17,4
22,758,18:18,4
22,759,18:19,4
22,760,18:20,4
22,761,18:21,4
22,762,18:22,4
22,763,18:23,4
22,764,18:24,4
22,765,18:25,4
22,766,18:26,4
22,767,18:27,2
22,768,18:28,2
22,769,18:29,2
22,770,18:30,0
22,771,18:31,0
22,772,18:32,0
22,773,18:33,0
22,774,18:34,0
22,775,18:35,0
22,776,18:36,1
22,777,18:37,1
22,778,18:38,1
22,779,18:39,1
22,780,18:40,1
22,781,18:41,1
22,782,18:42,1
22,783,18:43,1
22,784,18:44,1
22,785,18:45,1
22,786,18:46,1
22,787,18:47,1
22,788,18:48,1
22,789,18:49,1
22,790,18:50,1
22,791,18:51,1
22,792,18:52,1
22,793,18:53,1
22,794,18:54,1
22,795,18:55,0
22,796,18:56,0
22,797,18:57,0
22,798,18:58,0
22,799,18:59,0
22,800,19:00,0
22,801,19:01,0
22,802,19:02,0
22,803,19:03,0
22,804,19:04,1
22,805,19:05,1
22,806,19:06,1
22,807,19:07,1
22,808,19:08,1
22,809,19:09,1
22,810,19:10,1
22,811,19:11,1
22,812,19:12,1
22,813,19:13,0
22,814,19:14,0
22,815,19:15,0
22,816,19:16,0
22,817,19:17,0
22,818,19:18,0
22,819,19:19,0
22,820,19:20,0
22,821,19:21,0
22,822,19:22,0
22,823,19:23,0
22,824,19:24,0
22,825,19:25,0
22,826,19:26,0
22,827,19:27,0
22,828,19:28,0
22,829,19:29,0
22,830,19:30,0
22,831,19:31,0
22,832,19:32,0
22,833,19:33,0
22,834,19:34,0
22,835,19:35,0
23,0,05:40,0
23,1,05:41,0
23,2,05:42,0
23,3,05:43,0
23,4,05:44,0
23,5,05:45,0
23,6,05:46,0
23,7,05:47,0
23,8,05:48,0
23,9,05:49,0
23,10,05:50,0
23,11,05:51,0
23,12,05:52,0
23,13,05:53,0
23,14,05:54,0
23,15,05:55,0
23,16,05:56,0
23,17,05:57,0
23,18,05:58,0
23,19,05:59,0
23,20,06:00,0
23,21,06:01,0
23,22,06:02,0
23,23,06:03,0
23,24,06:04,0
23,25,06:05,0
23,26,06:06,0
23,27,06:07,0
23,28,06:08,0
23,29,06:09,0
23,30,06:10,0
23,31,06:11,0
23,32,06:12,0
23,33,06:13,0
23,34,06:14,0
23,35,06:15,0
23,36,06:16,0
23,37,06:17,0
23,38,06:18,0
23,39,06:19,0
23,40,06:20,0
23,41,06:21,0
23,42,06:22,0
23,43,06:23,0
23,44,06:24,0
23,45,06:25,0
23,46,06:26,0
23,47,06:27,0
23,48,06:28,0
23,49,06:29,0
23,50,06:30,0
23,51,06:31,0
23,52,06:32,0
23,53,06:33,0
23,54,06:34,0
23,55,06:35,0
23,56,06:36,0
23,57,06:37,0
23,58,06:38,0
23,59,06:39,0
23,60,06:40,0
23,61,06:41,0
23,62,06:42,0
23,63,06:43,0
23,64,06:44,0
23,65,06:45,0
23,66,06:46,0
23,67,06:47,0
23,68,06:48,0
23,69,06:49,0
23,70,06:50,0
23,71,06:51,0
23,72,06:52,0
23,73,06:53,0
23,74,06:54,0
23,75,06:55,0
23,76,06:56,0
23,77,06:57,0
23,78,06:58,0
23,79,06:59,0
23,80,07:00,0
23,81,07:01,0
23,82,07:02,0
23,83,07:03,0
23,84,07:04,0
23,85,07:05,0
23,86,07:06,0
23,87,07:07,1
23,88,07:08,1
23,89,07:09,1
23,90,07:10,1
23,91,07:11,1
23,92,07:12,1
23,93,07:13,1
23,94,07:14,1
23,95,07:15,1
23,96,07:16,1
23,97,07:17,2
23,98,07:18,2
23,99,07:19,2
23,100,07:20,2
23,101,07:21,2
23,102,07:22,2
23,103,07:23,2
23,104,07:24,2
23,105,07:25,2
23,106,07:26,2
23,107,07:27,1
23,108,07:28,1
23,109,07:29,1
23,110,07:30,1
23,111,07:31,1
23,112,07:32,1
23,113,07:33,1
23,114,07:34,1
23,115,07:35,1
23,116,07:36,1
23,117,07:37,1
23,118,07:38,1
23,119,07:39,1
23,120,07:40,1
23,121,07:41,1
23,122,07:42,0
23,123,07:43,0
23,124,07:44,0
23,125,07:45,0
23,126,07:46,0
23,127,07:47,0
23,128,07:48,0
23,129,07:49,0
23,130,07:50,0
23,131,07:51,0
23,132,07:52,1
23,133,07:53,1
23,134,07:54,1
23,135,07:55,1
23,136,07:56,1
23,137,07:57,1
23,138,07:58,1
23,139,07:59,1
23,140,08:00,1
23,141,08:01,1
23,142,08:02,1
23,143,08:03,1
23,144,08:04,1
23,145,08:05,1
23,146,08:06,1
23,147,08:07,1
23,148,08:08,1
23,149,08:09,1
23,150,08:10,1
23,151,08:11,1
23,152,08:12,1
23,153,08:13,1
23,154,08:14,0
23,155,08:15,0
23,156,08:16,0
23,157,08:17,0
23,158,08:18,0
23,159,08:19,0
23,160,08:20,0
23,161,08:21,0
23,162,08:22,0
23,163,08:23,0
23,164,08:24,0
23,165,08:25,0
23,166,08:26,0
23,167,08:27,1
23,168,08:28,1
23,169,08:29,1
23,170,08:30,2
23,171,08:31,2
23,172,08:32,2
23,173,08:33,2
23,174,08:34,2
23,175,08:35,2
23,176,08:36,2
23,177,08:37,2
23,178,08:38,2
23,179,08:39,2
23,180,08:40,2
23,181,08:41,2
23,182,08:42,2
23,183,08:43,1
23,184,08:44,1
23,185,08:45,1
23,186,08:46,1
23,187,08:47,1
23,188,08:48,1
23,189,08:49,1
23,190,08:50,1
23,191,08:51,1
23,192,08:52,1
23,193,08:53,1
23,194,08:54,1
23,195,08:55,1
23,196,08:56,1
23,197,08:57,1
23,198,08:58,1
23,199,08:59,1
23,200,09:00,1
23,201,09:01,0
23,202,09:02,0
23,203,09:03,0
23,204,09:04,0
23,205,09:05,0
23,206,09:06,0
23,207,09:07,0
23,208,09:08,0
23,209,09:09,0
23,210,09:10,0
23,211,09:11,0
23,212,09:12,0
23,213,09:13,0
23,214,09:14,0
23,215,09:15,0
23,216,09:16,0
23,217,09:17,0
23,218,09:18,0
23,219,09:19,0
23,220,09:20,0
23,221,09:21,0
23,222,09:22,0
23,223,09:23,0
23,224,09:24,0
23,225,09:25,0
23,226,09:26,0
23,227,09:27,0
23,228,09:28,1
23,229,09:29,1
23,230,09:30,1
23,231,09:31,2
23,232,09:32,2
23,233,09:33,2
23,234,09:34,2
23,235,09:35,2
23,236,09:36,2
23,237,09:37,2
23,238,09:38,2
23,239,09:39,2
23,240,09:40,2
23,241,09:41,2
23,242,09:42,2
23,243,09:43,2
23,244,09:44,1
23,245,09:45,1
23,246,09:46,1
23,247,09:47,1
23,248,09:48,1
23,249,09:49,1
23,250,09:50,1
23,251,09:51,1
23,252,09:52,1
23,253,09:53,1
23,254,09:54,0
23,255,09:55,0
23,256,09:56,0
23,257,09:57,1
23,258,09:58,1
23,259,09:59,1
23,260,10:00,1
23,261,10:01,1
23,262,10:02,1
23,263,10:03,1
23,264,10:04,1
23,265,10:05,1
23,266,10:06,1
23,267,10:07,0
23,268,10:08,0
23,269,10:09,0
23,270,10:10,1
23,271,10:11,1
23,272,10:12,1
23,273,10:13,2
23,274,10:14,2
23,275,10:15,2
23,276,10:16,2
23,277,10:17,2
23,278,10:18,2
23,279,10:19,2
23,280,10:20,2
23,281,10:21,2
23,282,10:22,2
23,283,10:23,1
23,284,10:24,1
23,285,10:25,1
23,286,10:26,0
23,287,10:27,0
23,288,10:28,0
23,289,10:29,1
23,290,10:30,1
23,291,10:31,1
23,292,10:32,1
23,293,10:33,1
23,294,10:34,1
23,295,10:35,1
23,296,10:36,1
23,297,10:37,1
23,298,10:38,0
23,299,10:39,0
23,300,10:40,0
23,301,10:41,0
23,302,10:42,0
23,303,10:43,0
23,304,10:44,1
23,305,10:45,1
23,306,10:46,1
23,307,10:47,1
23,308,10:48,1
23,309,10:49,1
23,310,10:50,1
23,311,10:51,1
23,312,10:52,1
23,313,10:53,2
23,314,10:54,2
23,315,10:55,2
23,316,10:56,1
23,317,10:57,1
23,318,10:58,1
23,319,10:59,2
23,320,11:00,2
23,321,11:01,2
23,322,11:02,2
23,323,11:03,2
23,324,11:04,2
23,325,11:05,2
23,326,11:06,2
23,327,11:07,2
23,328,11:08,2
23,329,11:09,2
23,330,11:10,2
23,331,11:11,2
23,332,11:12,2
23,333,11:13,2
23,334,11:14,2
23,335,11:15,2
23,336,11:16,2
23,337,11:17,1
23,338,11:18,1
23,339,11:19,1
23,340,11:20,0
23,341,11:21,0
23,342,11:22,0
23,343,11:23,0
23,344,11:24,0
23,345,11:25,0
23,346,11:26,0
23,347,11:27,0
23,348,11:28,0
23,349,11:29,0
23,350,11:30,0
23,351,11:31,0
23,352,11:32,0
23,353,11:33,0
23,354,11:34,0
23,355,11:35,0
23,356,11:36,0
23,357,11:37,0
23,358,11:38,0
23,359,11:39,0
23,360,11:40,0
23,361,11:41,0
23,362,11:42,0
23,363,11:43,0
23,364,11:44,0
23,365,11:45,0
23,366,11:46,0
23,367,11:47,0
23,368,11:48,0
23,369,11:49,0
23,370,11:50,0
23,371,11:51,0
23,372,11:52,0
23,373,11:53,0
23,374,11:54,0
23,375,11:55,0
23,376,11:56,0
23,377,11:57,0
23,378,11:58,0
23,379,11:59,0
23,380,12:00,0
23,381,12:01,0
23,382,12:02,0
23,383,12:03,0
23,384,12:04,0
23,385,12:05,0
23,386,12:06,0
23,387,12:07,0
23,388,12:08,0
23,389,12:09,0
23,390,12:10,0
23,391,12:11,0
23,392,12:12,0
23,393,12:13,0
23,394,12:14,0
23,395,12:15,0
23,396,12:16,0
23,397,12:17,0
23,398,12:18,0
23,399,12:19,0
23,400,12:20,0
23,401,12:21,0
23,402,12:22,0
23,403,12:23,0
23,404,12:24,0
23,405,12:25,0
23,406,12:26,0
23,407,12:27,0
23,408,12:28,0
23,409,12:29,0
23,410,12:30,0
23,411,12:31,0
23,412,12:32,0
23,413,12:33,0
23,414,12:34,0
23,415,12:35,0
23,416,12:36,0
23,417,12:37,0
23,418,12:38,0
23,419,12:39,0
23,420,12:40,0
23,421,12:41,0
23,422,12:42,0
23,423,12:43,0
23,424,12:44,0
23,425,12:45,0
23,426,12:46,1
23,427,12:47,1
23,428,12:48,1
23,429,12:49,2
23,430,12:50,2
23,431,12:51,2
23,432,12:52,2
23,433,12:53,2
23,434,12:54,2
23,435,12:55,2
23,436,12:56,2
23,437,12:57,2
23,438,12:58,2
23,439,12:59,2
23,440,13:00,2
23,441,13:01,2
23,442,13:02,1
23,443,13:03,1
23,444,13:04,1
23,445,13:05,0
23,446,13:06,0
23,447,13:07,0
23,448,13:08,1
23,449,13:09,1
23,450,13:10,1
23,451,13:11,2
23,452,13:12,2
23,453,13:13,2
23,454,13:14,2
23,455,13:15,2
23,456,13:16,2
23,457,13:17,2
23,458,13:18,2
23,459,13:19,2
23,460,13:20,2
23,461,13:21,2
23,462,13:22,2
23,463,13:23,2
23,464,13:24,2
23,465,13:25,2
23,466,13:26,2
23,467,13:27,2
23,468,13:28,2
23,469,13:29,1
23,470,13:30,1
23,471,13:31,1
23,472,13:32,0
23,473,13:33,0
23,474,13:34,0
23,475,13:35,1
23,476,13:36,1
23,477,13:37,1
23,478,13:38,1
23,479,13:39,1
23,480,13:40,1
23,481,13:41,1
23,482,13:42,1
23,483,13:43,1
23,484,13:44,1
23,485,13:45,1
23,486,13:46,1
23,487,13:47,1
23,488,13:48,1
23,489,13:49,1
23,490,13:50,1
23,491,13:51,1
23,492,13:52,1
23,493,13:53,0
23,494,13:54,0
23,495,13:55,0
23,496,13:56,0
23,497,13:57,0
23,498,13:58,0
23,499,13:59,0
23,500,14:00,0
23,501,14:01,0
23,502,14:02,0
23,503,14:03,0
23,504,14:04,2
23,505,14:05,2
23,506,14:06,2
23,507,14:07,2
23,508,14:08,2
23,509,14:09,2
23,510,14:10,2
23,511,14:11,2
23,512,14:12,2
23,513,14:13,2
23,514,14:14,2
23,515,14:15,2
23,516,14:16,2
23,517,14:17,2
23,518,14:18,2
23,519,14:19,2
23,520,14:20,2
23,521,14:21,2
23,522,14:22,0
23,523,14:23,0
23,524,14:24,0
23,525,14:25,1
23,526,14:26,1
23,527,14:27,1
23,528,14:28,1
23,529,14:29,1
23,530,14:30,1
23,531,14:31,1
23,532,14:32,1
23,533,14:33,1
23,534,14:34,1
23,535,14:35,1
23,536,14:36,1
23,537,14:37,1
23,538,14:38,1
23,539,14:39,1
23,540,14:40,1
23,541,14:41,1
23,542,14:42,1
23,543,14:43,1
23,544,14:44,1
23,545,14:45,1
23,546,14:46,1
23,547,14:47,0
23,548,14:48,0
23,549,14:49,0
23,550,14:50,1
23,551,14:51,1
23,552,14:52,1
23,553,14:53,1
23,554,14:54,1
23,555,14:55,1
23,556,14:56,1
23,557,14:57,1
23,558,14:58,1
23,559,14:59,1
23,560,15:00,1
23,561,15:01,1
23,562,15:02,1
23,563,15:03,1
23,564,15:04,1
23,565,15:05,1
23,566,15:06,1
23,567,15:07,1
23,568,15:08,1
23,569,15:09,1
23,570,15:10,1
23,571,15:11,1
23,572,15:12,1
23,573,15:13,1
23,574,15:14,1
23,575,15:15,1
23,576,15:16,1
23,577,15:17,1
23,578,15:18,1
23,579,15:19,1
23,580,15:20,1
23,581,15:21,1
23,582,15:22,1
23,583,15:23,0
23,584,15:24,0
23,585,15:25,0
23,586,15:26,0
23,587,15:27,0
23,588,15:28,0
23,589,15:29,0
23,590,15:30,0
23,591,15:31,0
23,592,15:32,0
23,593,15:33,1
23,594,15:34,1
23,595,15:35,1
23,596,15:36,2
23,597,15:37,2
23,598,15:38,2
23,599,15:39,2
23,600,15:40,2
23,601,15:41,2
23,602,15:42,2
23,603,15:43,2
23,604,15:44,2
23,605,15:45,2
23,606,15:46,1
23,607,15:47,1
23,608,15:48,1
23,609,15:49,1
23,610,15:50,1
23,611,15:51,1
23,612,15:52,0
23,613,15:53,0
23,614,15:54,0
23,615,15:55,0
23,616,15:56,0
23,617,15:57,0
23,618,15:58,0
23,619,15:59,0
23,620,16:00,0
23,621,16:01,0
23,622,16:02,0
23,623,16:03,0
23,624,16:04,0
23,625,16:05,1
23,626,16:06,1
23,627,16:07,1
23,628,16:08,1
23,629,16:09,1
23,630,16:10,1
23,631,16:11,1
23,632,16:12,1
23,633,16:13,1
23,634,16:14,0
23,635,16:15,0
23,636,16:16,0
23,637,16:17,0
23,638,16:18,0
23,639,16:19,0
23,640,16:20,0
23,641,16:21,0
23,642,16:22,0
23,643,16:23,0
23,644,16:24,0
23,645,16:25,0
23,646,16:26,1
23,647,16:27,1
23,648,16:28,1
23,649,16:29,1
23,650,16:30,1
23,651,16:31,1
23,652,16:32,1
23,653,16:33,1
23,654,16:34,1
23,655,16:35,0
23,656,16:36,0
23,657,16:37,0
23,658,16:38,0
23,659,16:39,0
23,660,16:40,0
23,661,16:41,0
23,662,16:42,0
23,663,16:43,2
23,664,16:44,2
23,665,16:45,2
23,666,16:46,2
23,667,16:47,2
23,668,16:48,2
23,669,16:49,4
23,670,16:50,4
23,671,16:51,4
23,672,16:52,4
23,673,16:53,4
23,674,16:54,4
23,675,16:55,4
23,676,16:56,4
23,677,16:57,4
23,678,16:58,4
23,679,16:59,4
23,680,17:00,2
23,681,17:01,2
23,682,17:02,2
23,683,17:03,0
23,684,17:04,0
23,685,17:05,0
23,686,17:06,0
23,687,17:07,0
23,688,17:08,0
23,689,17:09,0
23,690,17:10,0
23,691,17:11,0
23,692,17:12,0
23,693,17:13,0
23,694,17:14,1
23,695,17:15,1
23,696,17:16,1
23,697,17:17,2
23,698,17:18,2
23,699,17:19,2
23,700,17:20,2
23,701,17:21,2
23,702,17:22,2
23,703,17:23,2
23,704,17:24,2
23,705,17:25,2
23,706,17:26,1
23,707,17:27,1
23,708,17:28,1
23,709,17:29,0
23,710,17:30,0
23,711,17:31,0
23,712,17:32,2
23,713,17:33,2
23,714,17:34,2
23,715,17:35,4
23,716,17:36,4
23,717,17:37,4
23,718,17:38,4
23,719,17:39,4
23,720,17:40,4
23,721,17:41,4
23,722,17:42,4
23,723,17:43,4
23,724,17:44,4
23,725,17:45,2
23,726,17:46,2
23,727,17:47,2
23,728,17:48,0
23,729,17:49,0
23,730,17:50,0
23,731,17:51,1
23,732,17:52,1
23,733,17:53,1
23,734,17:54,4
23,735,17:55,4
23,736,17:56,4
23,737,17:57,4
23,738,17:58,4
23,739,17:59,4
23,740,18:00,4
23,741,18:01,4
23,742,18:02,4
23,743,18:03,4
23,744,18:04,3
23,745,18:05,3
23,746,18:06,3
23,747,18:07,0
23,748,18:08,0
23,749,18:09,0
23,750,18:10,0
23,751,18:11,0
23,752,18:12,0
23,753,18:13,2
23,754,18:14,2
23,755,18:15,2
23,756,18:16,4
23,757,18:17,4
23,758,18:18,4
23,759,18:19,4
23,760,18:20,4
23,761,18:21,4
23,762,18:22,4
23,763,18:23,4
23,764,18:24,4
23,765,18:25,4
23,766,18:26,2
23,767,18:27,2
23,768,18:28,2
23,769,18:29,0
23,770,18:30,0
23,771,18:31,0
23,772,18:32,0
23,773,18:33,0
23,774,18:34,0
23,775,18:35,0
23,776,18:36,0
23,777,18:37,0
23,778,18:38,0
23,779,18:39,3
23,780,18:40,3
23,781,18:41,3
23,782,18:42,3
23,783,18:43,3
23,784,18:44,3
23,785,18:45,3
23,786,18:46,3
23,787,18:47,3
23,788,18:48,3
23,789,18:49,3
23,790,18:50,3
23,791,18:51,3
23,792,18:52,0
23,793,18:53,0
23,794,18:54,0
23,795,18:55,0
23,796,18:56,0
23,797,18:57,0
23,798,18:58,0
23,799,18:59,0
23,800,19:00,0
23,801,19:01,0
23,802,19:02,1
23,803,19:03,1
23,804,19:04,1
23,805,19:05,1
23,806,19:06,1
23,807,19:07,1
23,808,19:08,1
23,809,19:09,1
23,810,19:10,1
23,811,19:11,1
23,812,19:12,0
23,813,19:13,0
23,814,19:14,0
23,815,19:15,0
23,816,19:16,0
23,817,19:17,0
23,818,19:18,0
23,819,19:19,0
23,820,19:20,0
23,821,19:21,0
23,822,19:22,0
23,823,19:23,0
23,824,19:24,0
23,825,19:25,0
23,826,19:26,0
23,827,19:27,0
23,828,19:28,0
23,829,19:29,0
23,830,19:30,0
23,831,19:31,0
23,832,19:32,0
23,833,19:33,0
23,834,19:34,0
23,835,19:35,0
24,0,05:40,0
24,1,05:41,0
24,2,05:42,0
24,3,05:43,0
24,4,05:44,0
24,5,05:45,0
24,6,05:46,0
24,7,05:47,0
24,8,05:48,0
24,9,05:49,0
24,10,05:50,0
24,11,05:51,0
24,12,05:52,0
24,13,05:53,0
24,14,05:54,0
24,15,05:55,0
24,16,05:56,0
24,17,05:57,0
24,18,05:58,0
24,19,05:59,0
24,20,06:00,0
24,21,06:01,0
24,22,06:02,0
24,23,06:03,0
24,24,06:04,0
24,25,06:05,0
24,26,06:06,0
24,27,06:07,0
24,28,06:08,0
24,29,06:09,0
24,30,06:10,0
24,31,06:11,0
24,32,06:12,0
24,33,06:13,0
24,34,06:14,0
24,35,06:15,0
24,36,06:16,0
24,37,06:17,0
24,38,06:18,0
24,39,06:19,0
24,40,06:20,0
24,41,06:21,0
24,42,06:22,0
24,43,06:23,0
24,44,06:24,0
24,45,06:25,0
24,46,06:26,0
24,47,06:27,0
24,48,06:28,0
24,49,06:29,0
24,50,06:30,0
24,51,06:31,0
24,52,06:32,0
24,53,06:33,0
24,54,06:34,0
24,55,06:35,0
24,56,06:36,0
24,57,06:37,0
24,58,06:38,0
24,59,06:39,0
24,60,06:40,0
24,61,06:41,0
24,62,06:42,0
24,63,06:43,0
24,64,06:44,0
24,65,06:45,0
24,66,06:46,0
24,67,06:47,0
24,68,06:48,0
24,69,06:49,0
24,70,06:50,0
24,71,06:51,0
24,72,06:52,0
24,73,06:53,0
24,74,06:54,0
24,75,06:55,0
24,76,06:56,0
24,77,06:57,0
24,78,06:58,0
24,79,06:59,0
24,80,07:00,0
24,81,07:01,1
24,82,07:02,1
24,83,07:03,1
24,84,07:04,1
24,85,07:05,1
24,86,07:06,1
24,87,07:07,1
24,88,07:08,1
24,89,07:09,1
24,90,07:10,1
24,91,07:11,1
24,92,07:12,1
24,93,07:13,1
24,94,07:14,0
24,95,07:15,0
24,96,07:16,0
24,97,07:17,0
24,98,07:18,0
24,99,07:19,0
24,100,07:20,0
24,101,07:21,0
24,102,07:22,0
24,103,07:23,0
24,104,07:24,0
24,105,07:25,0
24,106,07:26,0
24,107,07:27,0
24,108,07:28,0
24,109,07:29,0
24,110,07:30,0
24,111,07:31,0
24,112,07:32,0
24,113,07:33,0
24,114,07:34,0
24,115,07:35,0
24,116,07:36,0
24,117,07:37,0
24,118,07:38,0
24,119,07:39,0
24,120,07:40,1
24,121,07:41,1
24,122,07:42,1
24,123,07:43,1
24,124,07:44,1
24,125,07:45,1
24,126,07:46,1
24,127,07:47,1
24,128,07:48,1
24,129,07:49,1
24,130,07:50,0
24,131,07:51,0
24,132,07:52,0
24,133,07:53,0
24,134,07:54,0
24,135,07:55,0
24,136,07:56,0
24,137,07:57,0
24,138,07:58,0
24,139,07:59,0
24,140,08:00,0
24,141,08:01,0
24,142,08:02,0
24,143,08:03,0
24,144,08:04,0
24,145,08:05,0
24,146,08:06,0
24,147,08:07,1
24,148,08:08,1
24,149,08:09,1
24,150,08:10,2
24,151,08:11,2
24,152,08:12,2
24,153,08:13,3
24,154,08:14,3
24,155,08:15,3
24,156,08:16,3
24,157,08:17,3
24,158,08:18,3
24,159,08:19,3
24,160,08:20,3
24,161,08:21,3
24,162,08:22,3
24,163,08:23,3
24,164,08:24,3
24,165,08:25,3
24,166,08:26,2
24,167,08:27,2
24,168,08:28,2
24,169,08:29,1
24,170,08:30,1
24,171,08:31,1
24,172,08:32,0
24,173,08:33,0
24,174,08:34,0
24,175,08:35,1
24,176,08:36,1
24,177,08:37,1
24,178,08:38,1
24,179,08:39,1
24,180,08:40,1
24,181,08:41,1
24,182,08:42,1
24,183,08:43,1
24,184,08:44,1
24,185,08:45,0
24,186,08:46,0
24,187,08:47,0
24,188,08:48,0
24,189,08:49,0
24,190,08:50,0
24,191,08:51,0
24,192,08:52,0
24,193,08:53,0
24,194,08:54,0
24,195,08:55,1
24,196,08:56,1
24,197,08:57,1
24,198,08:58,1
24,199,08:59,1
24,200,09:00,1
24,201,09:01,1
24,202,09:02,1
24,203,09:03,1
24,204,09:04,1
24,205,09:05,1
24,206,09:06,1
24,207,09:07,1
24,208,09:08,0
24,209,09:09,0
24,210,09:10,0
24,211,09:11,0
24,212,09:12,1
24,213,09:13,1
24,214,09:14,1
24,215,09:15,1
24,216,09:16,3
24,217,09:17,3
24,218,09:18,3
24,219,09:19,3
24,220,09:20,3
24,221,09:21,3
24,222,09:22,3
24,223,09:23,3
24,224,09:24,3
24,225,09:25,3
24,226,09:26,1
24,227,09:27,1
24,228,09:28,1
24,229,09:29,0
24,230,09:30,0
24,231,09:31,0
24,232,09:32,0
24,233,09:33,0
24,234,09:34,0
24,235,09:35,0
24,236,09:36,0
24,237,09:37,0
24,238,09:38,0
24,239,09:39,0
24,240,09:40,0
24,241,09:41,0
24,242,09:42,0
24,243,09:43,0
24,244,09:44,0
24,245,09:45,0
24,246,09:46,0
24,247,09:47,0
24,248,09:48,0
24,249,09:49,0
24,250,09:50,1
24,251,09:51,1
24,252,09:52,1
24,253,09:53,1
24,254,09:54,1
24,255,09:55,1
24,256,09:56,1
24,257,09:57,1
24,258,09:58,1
24,259,09:59,1
24,260,10:00,1
24,261,10:01,1
24,262,10:02,1
24,263,10:03,1
24,264,10:04,1
24,265,10:05,1
24,266,10:06,1
24,267,10:07,0
24,268,10:08,0
24,269,10:09,0
24,270,10:10,0
24,271,10:11,0
24,272,10:12,0
24,273,10:13,0
24,274,10:14,0
24,275,10:15,0
24,276,10:16,0
24,277,10:17,0
24,278,10:18,0
24,279,10:19,1
24,280,10:20,1
24,281,10:21,1
24,282,10:22,1
24,283,10:23,1
24,284,10:24,1
24,285,10:25,1
24,286,10:26,1
24,287,10:27,1
24,288,10:28,1
24,289,10:29,1
24,290,10:30,1
24,291,10:31,1
24,292,10:32,1
24,293,10:33,1
24,294,10:34,1
24,295,10:35,1
24,296,10:36,1
24,297,10:37,1
24,298,10:38,1
24,299,10:39,1
24,300,10:40,0
24,301,10:41,0
24,302,10:42,0
24,303,10:43,0
24,304,10:44,0
24,305,10:45,0
24,306,10:46,0
24,307,10:47,0
24,308,10:48,0
24,309,10:49,0
24,310,10:50,1
24,311,10:51,1
24,312,10:52,1
24,313,10:53,1
24,314,10:54,1
24,315,10:55,1
24,316,10:56,1
24,317,10:57,1
24,318,10:58,1
24,319,10:59,0
24,320,11:00,0
24,321,11:01,0
24,322,11:02,2
24,323,11:03,2
24,324,11:04,2
24,325,11:05,2
24,326,11:06,2
24,327,11:07,2
24,328,11:08,2
24,329,11:09,2
24,330,11:10,2
24,331,11:11,2
24,332,11:12,3
24,333,11:13,3
24,334,11:14,3
24,335,11:15,3
24,336,11:16,3
24,337,11:17,3
24,338,11:18,3
24,339,11:19,3
24,340,11:20,3
24,341,11:21,3
24,342,11:22,3
24,343,11:23,1
24,344,11:24,1
24,345,11:25,1
24,346,11:26,1
24,347,11:27,1
24,348,11:28,1
24,349,11:29,0
24,350,11:30,0
24,351,11:31,0
24,352,11:32,1
24,353,11:33,1
24,354,11:34,1
24,355,11:35,1
24,356,11:36,1
24,357,11:37,1
24,358,11:38,1
24,359,11:39,1
24,360,11:40,1
24,361,11:41,1
24,362,11:42,1
24,363,11:43,0
24,364,11:44,0
24,365,11:45,0
24,366,11:46,1
24,367,11:47,1
24,368,11:48,1
24,369,11:49,1
24,370,11:50,1
24,371,11:51,1
24,372,11:52,1
24,373,11:53,1
24,374,11:54,1
24,375,11:55,1
24,376,11:56,0
24,377,11:57,0
24,378,11:58,0
24,379,11:59,0
24,380,12:00,1
24,381,12:01,1
24,382,12:02,1
24,383,12:03,1
24,384,12:04,1
24,385,12:05,1
24,386,12:06,1
24,387,12:07,1
24,388,12:08,1
24,389,12:09,1
24,390,12:10,0
24,391,12:11,0
24,392,12:12,0
24,393,12:13,0
24,394,12:14,0
24,395,12:15,0
24,396,12:16,0
24,397,12:17,0
24,398,12:18,0
24,399,12:19,0
24,400,12:20,1
24,401,12:21,1
24,402,12:22,1
24,403,12:23,1
24,404,12:24,1
24,405,12:25,1
24,406,12:26,1
24,407,12:27,2
24,408,12:28,2
24,409,12:29,2
24,410,12:30,3
24,411,12:31,3
24,412,12:32,3
24,413,12:33,3
24,414,12:34,3
24,415,12:35,3
24,416,12:36,3
24,417,12:37,3
24,418,12:38,3
24,419,12:39,3
24,420,12:40,3
24,421,12:41,3
24,422,12:42,3
24,423,12:43,2
24,424,12:44,2
24,425,12:45,2
24,426,12:46,2
24,427,12:47,2
24,428,12:48,2
24,429,12:49,2
24,430,12:50,2
24,431,12:51,2
24,432,12:52,1
24,433,12:53,1
24,434,12:54,1
24,435,12:55,0
24,436,12:56,0
24,437,12:57,0
24,438,12:58,1
24,439,12:59,1
24,440,13:00,1
24,441,13:01,1
24,442,13:02,1
24,443,13:03,1
24,444,13:04,1
24,445,13:05,1
24,446,13:06,1
24,447,13:07,1
24,448,13:08,1
24,449,13:09,1
24,450,13:10,1
24,451,13:11,1
24,452,13:12,1
24,453,13:13,1
24,454,13:14,1
24,455,13:15,1
24,456,13:16,1
24,457,13:17,1
24,458,13:18,1
24,459,13:19,1
24,460,13:20,1
24,461,13:21,1
24,462,13:22,1
24,463,13:23,0
24,464,13:24,0
24,465,13:25,0
24,466,13:26,0
24,467,13:27,0
24,468,13:28,0
24,469,13:29,0
24,470,13:30,0
24,471,13:31,0
24,472,13:32,0
24,473,13:33,0
24,474,13:34,1
24,475,13:35,1
24,476,13:36,1
24,477,13:37,1
24,478,13:38,1
24,479,13:39,1
24,480,13:40,1
24,481,13:41,1
24,482,13:42,1
24,483,13:43,1
24,484,13:44,1
24,485,13:45,1
24,486,13:46,1
24,487,13:47,1
24,488,13:48,1
24,489,13:49,1
24,490,13:50,1
24,491,13:51,1
24,492,13:52,1
24,493,13:53,1
24,494,13:54,1
24,495,13:55,1
24,496,13:56,1
24,497,13:57,0
24,498,13:58,0
24,499,13:59,0
24,500,14:00,0
24,501,14:01,0
24,502,14:02,0
24,503,14:03,0
24,504,14:04,0
24,505,14:05,0
24,506,14:06,0
24,507,14:07,0
24,508,14:08,0
24,509,14:09,0
24,510,14:10,0
24,511,14:11,0
24,512,14:12,0
24,513,14:13,0
24,514,14:14,0
24,515,14:15,0
24,516,14:16,0
24,517,14:17,0
24,518,14:18,0
24,519,14:19,0
24,520,14:20,0
24,521,14:21,0
24,522,14:22,0
24,523,14:23,0
24,524,14:24,0
24,525,14:25,0
24,526,14:26,0
24,527,14:27,0
24,528,14:28,0
24,529,14:29,0
24,530,14:30,0
24,531,14:31,1
24,532,14:32,1
24,533,14:33,1
24,534,14:34,2
24,535,14:35,2
24,536,14:36,2
24,537,14:37,2
24,538,14:38,2
24,539,14:39,2
24,540,14:40,2
24,541,14:41,2
24,542,14:42,2
24,543,14:43,2
24,544,14:44,1
24,545,14:45,1
24,546,14:46,1
24,547,14:47,1
24,548,14:48,1
24,549,14:49,1
24,550,14:50,1
24,551,14:51,1
24,552,14:52,1
24,553,14:53,1
24,554,14:54,0
24,555,14:55,0
24,556,14:56,0
24,557,14:57,0
24,558,14:58,0
24,559,14:59,0
24,560,15:00,0
24,561,15:01,1
24,562,15:02,1
24,563,15:03,1
24,564,15:04,1
24,565,15:05,1
24,566,15:06,1
24,567,15:07,1
24,568,15:08,1
24,569,15:09,1
24,570,15:10,1
24,571,15:11,0
24,572,15:12,0
24,573,15:13,0
24,574,15:14,0
24,575,15:15,0
24,576,15:16,0
24,577,15:17,0
24,578,15:18,0
24,579,15:19,0
24,580,15:20,0
24,581,15:21,0
24,582,15:22,0
24,583,15:23,0
24,584,15:24,0
24,585,15:25,0
24,586,15:26,0
24,587,15:27,0
24,588,15:28,0
24,589,15:29,0
24,590,15:30,0
24,591,15:31,1
24,592,15:32,1
24,593,15:33,1
24,594,15:34,2
24,595,15:35,2
24,596,15:36,2
24,597,15:37,2
24,598,15:38,2
24,599,15:39,2
24,600,15:40,2
24,601,15:41,2
24,602,15:42,2
24,603,15:43,2
24,604,15:44,1
24,605,15:45,1
24,606,15:46,1
24,607,15:47,0
24,608,15:48,0
24,609,15:49,0
24,610,15:50,1
24,611,15:51,1
24,612,15:52,1
24,613,15:53,1
24,614,15:54,2
24,615,15:55,2
24,616,15:56,2
24,617,15:57,2
24,618,15:58,2
24,619,15:59,2
24,620,16:00,2
24,621,16:01,2
24,622,16:02,2
24,623,16:03,1
24,624,16:04,1
24,625,16:05,1
24,626,16:06,1
24,627,16:07,1
24,628,16:08,1
24,629,16:09,1
24,630,16:10,1
24,631,16:11,1
24,632,16:12,1
24,633,16:13,0
24,634,16:14,0
24,635,16:15,0
24,636,16:16,1
24,637,16:17,1
24,638,16:18,1
24,639,16:19,1
24,640,16:20,1
24,641,16:21,1
24,642,16:22,1
24,643,16:23,1
24,644,16:24,1
24,645,16:25,1
24,646,16:26,1
24,647,16:27,1
24,648,16:28,1
24,649,16:29,0
24,650,16:30,0
24,651,16:31,0
24,652,16:32,1
24,653,16:33,1
24,654,16:34,1
24,655,16:35,3
24,656,16:36,3
24,657,16:37,3
24,658,16:38,3
24,659,16:39,3
24,660,16:40,3
24,661,16:41,3
24,662,16:42,3
24,663,16:43,3
24,664,16:44,2
24,665,16:45,2
24,666,16:46,2
24,667,16:47,0
24,668,16:48,0
24,669,16:49,0
24,670,16:50,0
24,671,16:51,0
24,672,16:52,0
24,673,16:53,0
24,674,16:54,0
24,675,16:55,0
24,676,16:56,0
24,677,16:57,0
24,678,16:58,0
24,679,16:59,0
24,680,17:00,1
24,681,17:01,1
24,682,17:02,1
24,683,17:03,1
24,684,17:04,1
24,685,17:05,1
24,686,17:06,1
24,687,17:07,1
24,688,17:08,1
24,689,17:09,4
24,690,17:10,4
24,691,17:11,4
24,692,17:12,4
24,693,17:13,4
24,694,17:14,4
24,695,17:15,4
24,696,17:16,4
24,697,17:17,4
24,698,17:18,4
24,699,17:19,4
24,700,17:20,4
24,701,17:21,4
24,702,17:22,4
24,703,17:23,4
24,704,17:24,4
24,705,17:25,4
24,706,17:26,4
24,707,17:27,3
24,708,17:28,3
24,709,17:29,3
24,710,17:30,0
24,711,17:31,0
24,712,17:32,0
24,713,17:33,0
24,714,17:34,0
24,715,17:35,0
24,716,17:36,0
24,717,17:37,0
24,718,17:38,0
24,719,17:39,0
24,720,17:40,1
24,721,17:41,1
24,722,17:42,1
24,723,17:43,1
24,724,17:44,1
24,725,17:45,1
24,726,17:46,1
24,727,17:47,1
24,728,17:48,1
24,729,17:49,1
24,730,17:50,1
24,731,17:51,1
24,732,17:52,1
24,733,17:53,1
24,734,17:54,1
24,735,17:55,0
24,736,17:56,0
24,737,17:57,0
24,738,17:58,0
24,739,17:59,0
24,740,18:00,0
24,741,18:01,0
24,742,18:02,0
24,743,18:03,0
24,744,18:04,0
24,745,18:05,0
24,746,18:06,0
24,747,18:07,1
24,748,18:08,1
24,749,18:09,1
24,750,18:10,1
24,751,18:11,1
24,752,18:12,1
24,753,18:13,1
24,754,18:14,1
24,755,18:15,1
24,756,18:16,1
24,757,18:17,0
24,758,18:18,0
24,759,18:19,0
24,760,18:20,0
24,761,18:21,0
24,762,18:22,0
24,763,18:23,0
24,764,18:24,0
24,765,18:25,0
24,766,18:26,2
24,767,18:27,2
24,768,18:28,2
24,769,18:29,2
24,770,18:30,2
24,771,18:31,2
24,772,18:32,2
24,773,18:33,2
24,774,18:34,2
24,775,18:35,2
24,776,18:36,0
24,777,18:37,0
24,778,18:38,0
24,779,18:39,0
24,780,18:40,1
24,781,18:41,1
24,782,18:42,1
24,783,18:43,3
24,784,18:44,3
24,785,18:45,3
24,786,18:46,3
24,787,18:47,3
24,788,18:48,3
24,789,18:49,3
24,790,18:50,3
24,791,18:51,3
24,792,18:52,3
24,793,18:53,1
24,794,18:54,1
24,795,18:55,1
24,796,18:56,0
24,797,18:57,0
24,798,18:58,0
24,799,18:59,0
24,800,19:00,0
24,801,19:01,0
24,802,19:02,0
24,803,19:03,0
24,804,19:04,0
24,805,19:05,0
24,806,19:06,0
24,807,19:07,0
24,808,19:08,0
24,809,19:09,0
24,810,19:10,0
24,811,19:11,0
24,812,19:12,0
24,813,19:13,0
24,814,19:14,0
24,815,19:15,0
24,816,19:16,0
24,817,19:17,0
24,818,19:18,0
24,819,19:19,0
24,820,19:20,0
24,821,19:21,0
24,822,19:22,0
24,823,19:23,0
24,824,19:24,0
24,825,19:25,0
24,826,19:26,0
24,827,19:27,0
24,828,19:28,0
24,829,19:29,0
24,830,19:30,0
24,831,19:31,0
24,832,19:32,0
24,833,19:33,0
24,834,19:34,0
24,835,19:35,0
25,0,05:40,0
25,1,05:41,0
25,2,05:42,0
25,3,05:43,0
25,4,05:44,0
25,5,05:45,0
25,6,05:46,0
25,7,05:47,0
25,8,05:48,0
25,9,05:49,0
25,10,05:50,0
25,11,05:51,0
25,12,05:52,0
25,13,05:53,0
25,14,05:54,0
25,15,05:55,0
25,16,05:56,0
25,17,05:57,0
25,18,05:58,0
25,19,05:59,0
25,20,06:00,0
25,21,06:01,0
25,22,06:02,0
25,23,06:03,0
25,24,06:04,0
25,25,06:05,0
25,26,06:06,0
25,27,06:07,0
25,28,06:08,0
25,29,06:09,0
25,30,06:10,0
25,31,06:11,0
25,32,06:12,0
25,33,06:13,0
25,34,06:14,0
25,35,06:15,0
25,36,06:16,0
25,37,06:17,0
25,38,06:18,0
25,39,06:19,0
25,40,06:20,0
25,41,06:21,0
25,42,06:22,0
25,43,06:23,0
25,44,06:24,0
25,45,06:25,0
25,46,06:26,0
25,47,06:27,0
25,48,06:28,0
25,49,06:29,0
25,50,06:30,0
25,51,06:31,0
25,52,06:32,0
25,53,06:33,0
25,54,06:34,0
25,55,06:35,0
25,56,06:36,0
25,57,06:37,0
25,58,06:38,0
25,59,06:39,0
25,60,06:40,1
25,61,06:41,1
25,62,06:42,1
25,63,06:43,1
25,64,06:44,1
25,65,06:45,1
25,66,06:46,1
25,67,06:47,1
25,68,06:48,1
25,69,06:49,1
25,70,06:50,1
25,71,06:51,1
25,72,06:52,1
25,73,06:53,1
25,74,06:54,1
25,75,06:55,0
25,76,06:56,0
25,77,06:57,0
25,78,06:58,0
25,79,06:59,0
25,80,07:00,0
25,81,07:01,0
25,82,07:02,0
25,83,07:03,0
25,84,07:04,0
25,85,07:05,0
25,86,07:06,0
25,87,07:07,0
25,88,07:08,0
25,89,07:09,0
25,90,07:10,0
25,91,07:11,0
25,92,07:12,0
25,93,07:13,0
25,94,07:14,0
25,95,07:15,0
25,96,07:16,0
25,97,07:17,0
25,98,07:18,0
25,99,07:19,0
25,100,07:20,0
25,101,07:21,0
25,102,07:22,0
25,103,07:23,0
25,104,07:24,0
25,105,07:25,0
25,106,07:26,0
25,107,07:27,0
25,108,07:28,0
25,109,07:29,0
25,110,07:30,0
25,111,07:31,0
25,112,07:32,0
25,113,07:33,0
25,114,07:34,0
25,115,07:35,0
25,116,07:36,0
25,117,07:37,0
25,118,07:38,0
25,119,07:39,0
25,120,07:40,0
25,121,07:41,0
25,122,07:42,0
25,123,07:43,0
25,124,07:44,0
25,125,07:45,0
25,126,07:46,0
25,127,07:47,0
25,128,07:48,0
25,129,07:49,0
25,130,07:50,0
25,131,07:51,0
25,132,07:52,0
25,133,07:53,0
25,134,07:54,0
25,135,07:55,0
25,136,07:56,0
25,137,07:57,0
25,138,07:58,0
25,139,07:59,0
25,140,08:00,0
25,141,08:01,0
25,142,08:02,0
25,143,08:03,0
25,144,08:04,0
25,145,08:05,0
25,146,08:06,1
25,147,08:07,1
25,148,08:08,1
25,149,08:09,1
25,150,08:10,1
25,151,08:11,1
25,152,08:12,1
25,153,08:13,1
25,154,08:14,1
25,155,08:15,0
25,156,08:16,0
25,157,08:17,0
25,158,08:18,0
25,159,08:19,0
25,160,08:20,0
25,161,08:21,0
25,162,08:22,0
25,163,08:23,0
25,164,08:24,0
25,165,08:25,0
25,166,08:26,0
25,167,08:27,0
25,168,08:28,0
25,169,08:29,0
25,170,08:30,1
25,171,08:31,1
25,172,08:32,1
25,173,08:33,1
25,174,08:34,1
25,175,08:35,1
25,176,08:36,1
25,177,08:37,1
25,178,08:38,1
25,179,08:39,0
25,180,08:40,0
25,181,08:41,0
25,182,08:42,0
25,183,08:43,0
25,184,08:44,0
25,185,08:45,0
25,186,08:46,0
25,187,08:47,0
25,188,08:48,0
25,189,08:49,1
25,190,08:50,1
25,191,08:51,1
25,192,08:52,1
25,193,08:53,2
25,194,08:54,2
25,195,08:55,2
25,196,08:56,2
25,197,08:57,2
25,198,08:58,2
25,199,08:59,2
25,200,09:00,2
25,201,09:01,2
25,202,09:02,2
25,203,09:03,2
25,204,09:04,2
25,205,09:05,2
25,206,09:06,1
25,207,09:07,1
25,208,09:08,1
25,209,09:09,0
25,210,09:10,0
25,211,09:11,0
25,212,09:12,0
25,213,09:13,0
25,214,09:14,0
25,215,09:15,0
25,216,09:16,0
25,217,09:17,1
25,218,09:18,1
25,219,09:19,1
25,220,09:20,1
25,221,09:21,1
25,222,09:22,1
25,223,09:23,1
25,224,09:24,1
25,225,09:25,1
25,226,09:26,1
25,227,09:27,1
25,228,09:28,1
25,229,09:29,1
25,230,09:30,1
25,231,09:31,1
25,232,09:32,1
25,233,09:33,1
25,234,09:34,1
25,235,09:35,1
25,236,09:36,1
25,237,09:37,0
25,238,09:38,0
25,239,09:39,0
25,240,09:40,0
25,241,09:41,0
25,242,09:42,0
25,243,09:43,0
25,244,09:44,0
25,245,09:45,0
25,246,09:46,0
25,247,09:47,0
25,248,09:48,0
25,249,09:49,0
25,250,09:50,0
25,251,09:51,0
25,252,09:52,0
25,253,09:53,0
25,254,09:54,1
25,255,09:55,1
25,256,09:56,1
25,257,09:57,1
25,258,09:58,1
25,259,09:59,1
25,260,10:00,1
25,261,10:01,1
25,262,10:02,1
25,263,10:03,1
25,264,10:04,0
25,265,10:05,0
25,266,10:06,0
25,267,10:07,0
25,268,10:08,0
25,269,10:09,0
25,270,10:10,0
25,271,10:11,0
25,272,10:12,0
25,273,10:13,0
25,274,10:14,1
25,275,10:15,1
25,276,10:16,1
25,277,10:17,1
25,278,10:18,1
25,279,10:19,1
25,280,10:20,1
25,281,10:21,1
25,282,10:22,1
25,283,10:23,1
25,284,10:24,0
25,285,10:25,0
25,286,10:26,0
25,287,10:27,1
25,288,10:28,1
25,289,10:29,1
25,290,10:30,2
25,291,10:31,2
25,292,10:32,2
25,293,10:33,2
25,294,10:34,2
25,295,10:35,2
25,296,10:36,2
25,297,10:37,2
25,298,10:38,2
25,299,10:39,1
25,300,10:40,1
25,301,10:41,1
25,302,10:42,0
25,303,10:43,0
25,304,10:44,0
25,305,10:45,0
25,306,10:46,0
25,307,10:47,0
25,308,10:48,1
25,309,10:49,1
25,310,10:50,1
25,311,10:51,2
25,312,10:52,2
25,313,10:53,2
25,314,10:54,2
25,315,10:55,2
25,316,10:56,2
25,317,10:57,2
25,318,10:58,2
25,319,10:59,2
25,320,11:00,1
25,321,11:01,1
25,322,11:02,1
25,323,11:03,1
25,324,11:04,1
25,325,11:05,1
25,326,11:06,1
25,327,11:07,0
25,328,11:08,0
25,329,11:09,0
25,330,11:10,0
25,331,11:11,0
25,332,11:12,0
25,333,11:13,0
25,334,11:14,0
25,335,11:15,0
25,336,11:16,0
25,337,11:17,1
25,338,11:18,1
25,339,11:19,1
25,340,11:20,1
25,341,11:21,1
25,342,11:22,1
25,343,11:23,1
25,344,11:24,1
25,345,11:25,1
25,346,11:26,1
25,347,11:27,1
25,348,11:28,1
25,349,11:29,1
25,350,11:30,1
25,351,11:31,1
25,352,11:32,1
25,353,11:33,1
25,354,11:34,1
25,355,11:35,1
25,356,11:36,0
25,357,11:37,0
25,358,11:38,0
25,359,11:39,1
25,360,11:40,1
25,361,11:41,1
25,362,11:42,1
25,363,11:43,1
25,364,11:44,1
25,365,11:45,1
25,366,11:46,1
25,367,11:47,1
25,368,11:48,1
25,369,11:49,1
25,370,11:50,1
25,371,11:51,1
25,372,11:52,1
25,373,11:53,1
25,374,11:54,1
25,375,11:55,1
25,376,11:56,1
25,377,11:57,1
25,378,11:58,0
25,379,11:59,0
25,380,12:00,0
25,381,12:01,1
25,382,12:02,1
25,383,12:03,1
25,384,12:04,2
25,385,12:05,2
25,386,12:06,2
25,387,12:07,2
25,388,12:08,2
25,389,12:09,2
25,390,12:10,2
25,391,12:11,2
25,392,12:12,2
25,393,12:13,2
25,394,12:14,2
25,395,12:15,2
25,396,12:16,2
25,397,12:17,2
25,398,12:18,2
25,399,12:19,1
25,400,12:20,1
25,401,12:21,1
25,402,12:22,0
25,403,12:23,0
25,404,12:24,0
25,405,12:25,0
25,406,12:26,0
25,407,12:27,0
25,408,12:28,0
25,409,12:29,0
25,410,12:30,0
25,411,12:31,0
25,412,12:32,0
25,413,12:33,0
25,414,12:34,0
25,415,12:35,0
25,416,12:36,0
25,417,12:37,0
25,418,12:38,0
25,419,12:39,0
25,420,12:40,0
25,421,12:41,0
25,422,12:42,0
25,423,12:43,0
25,424,12:44,0
25,425,12:45,0
25,426,12:46,0
25,427,12:47,0
25,428,12:48,0
25,429,12:49,0
25,430,12:50,0
25,431,12:51,0
25,432,12:52,0
25,433,12:53,0
25,434,12:54,0
25,435,12:55,0
25,436,12:56,0
25,437,12:57,0
25,438,12:58,0
25,439,12:59,0
25,440,13:00,0
25,441,13:01,0
25,442,13:02,0
25,443,13:03,0
25,444,13:04,0
25,445,13:05,0
25,446,13:06,0
25,447,13:07,0
25,448,13:08,0
25,449,13:09,0
25,450,13:10,0
25,451,13:11,0
25,452,13:12,0
25,453,13:13,0
25,454,13:14,0
25,455,13:15,0
25,456,13:16,0
25,457,13:17,0
25,458,13:18,0
25,459,13:19,0
25,460,13:20,0
25,461,13:21,0
25,462,13:22,0
25,463,13:23,0
25,464,13:24,0
25,465,13:25,0
25,466,13:26,0
25,467,13:27,0
25,468,13:28,0
25,469,13:29,0
25,470,13:30,0
25,471,13:31,0
25,472,13:32,0
25,473,13:33,0
25,474,13:34,0
25,475,13:35,0
25,476,13:36,0
25,477,13:37,0
25,478,13:38,0
25,479,13:39,0
25,480,13:40,0
25,481,13:41,0
25,482,13:42,0
25,483,13:43,0
25,484,13:44,0
25,485,13:45,0
25,486,13:46,0
25,487,13:47,0
25,488,13:48,0
25,489,13:49,0
25,490,13:50,0
25,491,13:51,0
25,492,13:52,0
25,493,13:53,0
25,494,13:54,0
25,495,13:55,0
25,496,13:56,0
25,497,13:57,0
25,498,13:58,0
25,499,13:59,0
25,500,14:00,0
25,501,14:01,0
25,502,14:02,0
25,503,14:03,0
25,504,14:04,0
25,505,14:05,0
25,506,14:06,1
25,507,14:07,1
25,508,14:08,1
25,509,14:09,1
25,510,14:10,1
25,511,14:11,1
25,512,14:12,1
25,513,14:13,1
25,514,14:14,1
25,515,14:15,0
25,516,14:16,0
25,517,14:17,0
25,518,14:18,1
25,519,14:19,1
25,520,14:20,1
25,521,14:21,1
25,522,14:22,1
25,523,14:23,1
25,524,14:24,1
25,525,14:25,1
25,526,14:26,1
25,527,14:27,1
25,528,14:28,1
25,529,14:29,1
25,530,14:30,1
25,531,14:31,1
25,532,14:32,1
25,533,14:33,1
25,534,14:34,1
25,535,14:35,1
25,536,14:36,1
25,537,14:37,1
25,538,14:38,1
25,539,14:39,1
25,540,14:40,1
25,541,14:41,1
25,542,14:42,0
25,543,14:43,0
25,544,14:44,0
25,545,14:45,0
25,546,14:46,0
25,547,14:47,0
25,548,14:48,0
25,549,14:49,0
25,550,14:50,0
25,551,14:51,0
25,552,14:52,0
25,553,14:53,0
25,554,14:54,0
25,555,14:55,0
25,556,14:56,0
25,557,14:57,0
25,558,14:58,0
25,559,14:59,0
25,560,15:00,0
25,561,15:01,0
25,562,15:02,0
25,563,15:03,0
25,564,15:04,0
25,565,15:05,1
25,566,15:06,1
25,567,15:07,1
25,568,15:08,1
25,569,15:09,1
25,570,15:10,2
25,571,15:11,2
25,572,15:12,2
25,573,15:13,3
25,574,15:14,3
25,575,15:15,3
25,576,15:16,3
25,577,15:17,3
25,578,15:18,3
25,579,15:19,3
25,580,15:20,3
25,581,15:21,3
25,582,15:22,3
25,583,15:23,3
25,584,15:24,3
25,585,15:25,3
25,586,15:26,3
25,587,15:27,3
25,588,15:28,3
25,589,15:29,3
25,590,15:30,3
25,591,15:31,2
25,592,15:32,2
25,593,15:33,2
25,594,15:34,1
25,595,15:35,1
25,596,15:36,1
25,597,15:37,0
25,598,15:38,0
25,599,15:39,0
25,600,15:40,1
25,601,15:41,1
25,602,15:42,1
25,603,15:43,2
25,604,15:44,2
25,605,15:45,2
25,606,15:46,2
25,607,15:47,2
25,608,15:48,2
25,609,15:49,2
25,610,15:50,2
25,611,15:51,2
25,612,15:52,2
25,613,15:53,1
25,614,15:54,1
25,615,15:55,1
25,616,15:56,0
25,617,15:57,0
25,618,15:58,0
25,619,15:59,0
25,620,16:00,0
25,621,16:01,0
25,622,16:02,0
25,623,16:03,0
25,624,16:04,0
25,625,16:05,0
25,626,16:06,0
25,627,16:07,0
25,628,16:08,0
25,629,16:09,0
25,630,16:10,0
25,631,16:11,0
25,632,16:12,0
25,633,16:13,0
25,634,16:14,0
25,635,16:15,0
25,636,16:16,0
25,637,16:17,0
25,638,16:18,0
25,639,16:19,0
25,640,16:20,2
25,641,16:21,2
25,642,16:22,2
25,643,16:23,2
25,644,16:24,2
25,645,16:25,2
25,646,16:26,2
25,647,16:27,2
25,648,16:28,2
25,649,16:29,2
25,650,16:30,0
25,651,16:31,0
25,652,16:32,0
25,653,16:33,0
25,654,16:34,0
25,655,16:35,0
25,656,16:36,0
25,657,16:37,0
25,658,16:38,0
25,659,16:39,0
25,660,16:40,0
25,661,16:41,0
25,662,16:42,1
25,663,16:43,1
25,664,16:44,1
25,665,16:45,3
25,666,16:46,3
25,667,16:47,3
25,668,16:48,3
25,669,16:49,3
25,670,16:50,3
25,671,16:51,3
25,672,16:52,3
25,673,16:53,3
25,674,16:54,3
25,675,16:55,2
25,676,16:56,2
25,677,16:57,2
25,678,16:58,0
25,679,16:59,0
25,680,17:00,0
25,681,17:01,1
25,682,17:02,1
25,683,17:03,1
25,684,17:04,4
25,685,17:05,4
25,686,17:06,4
25,687,17:07,4
25,688,17:08,4
25,689,17:09,4
25,690,17:10,4
25,691,17:11,4
25,692,17:12,4
25,693,17:13,4
25,694,17:14,3
25,695,17:15,3
25,696,17:16,3
25,697,17:17,0
25,698,17:18,0
25,699,17:19,0
25,700,17:20,2
25,701,17:21,2
25,702,17:22,2
25,703,17:23,4
25,704,17:24,4
25,705,17:25,4
25,706,17:26,4
25,707,17:27,4
25,708,17:28,4
25,709,17:29,4
25,710,17:30,4
25,711,17:31,4
25,712,17:32,4
25,713,17:33,2
25,714,17:34,2
25,715,17:35,2
25,716,17:36,2
25,717,17:37,2
25,718,17:38,2
25,719,17:39,0
25,720,17:40,0
25,721,17:41,0
25,722,17:42,0
25,723,17:43,0
25,724,17:44,2
25,725,17:45,2
25,726,17:46,2
25,727,17:47,2
25,728,17:48,2
25,729,17:49,2
25,730,17:50,2
25,731,17:51,2
25,732,17:52,2
25,733,17:53,2
25,734,17:54,4
25,735,17:55,4
25,736,17:56,4
25,737,17:57,4
25,738,17:58,4
25,739,17:59,4
25,740,18:00,4
25,741,18:01,4
25,742,18:02,4
25,743,18:03,4
25,744,18:04,2
25,745,18:05,2
25,746,18:06,2
25,747,18:07,0
25,748,18:08,0
25,749,18:09,0
25,750,18:10,0
25,751,18:11,0
25,752,18:12,0
25,753,18:13,0
25,754,18:14,0
25,755,18:15,0
25,756,18:16,0
25,757,18:17,0
25,758,18:18,1
25,759,18:19,1
25,760,18:20,1
25,761,18:21,1
25,762,18:22,1
25,763,18:23,1
25,764,18:24,1
25,765,18:25,1
25,766,18:26,1
25,767,18:27,1
25,768,18:28,1
25,769,18:29,1
25,770,18:30,1
25,771,18:31,1
25,772,18:32,1
25,773,18:33,1
25,774,18:34,1
25,775,18:35,1
25,776,18:36,1
25,777,18:37,1
25,778,18:38,0
25,779,18:39,0
25,780,18:40,0
25,781,18:41,0
25,782,18:42,0
25,783,18:43,0
25,784,18:44,1
25,785,18:45,1
25,786,18:46,1
25,787,18:47,1
25,788,18:48,1
25,789,18:49,1
25,790,18:50,1
25,791,18:51,1
25,792,18:52,1
25,793,18:53,1
25,794,18:54,0
25,795,18:55,0
25,796,18:56,0
25,797,18:57,0
25,798,18:58,0
25,799,18:59,0
25,800,19:00,0
25,801,19:01,0
25,802,19:02,0
25,803,19:03,0
25,804,19:04,1
25,805,19:05,1
25,806,19:06,1
25,807,19:07,1
25,808,19:08,1
25,809,19:09,1
25,810,19:10,1
25,811,19:11,1
25,812,19:12,1
25,813,19:13,1
25,814,19:14,0
25,815,19:15,0
25,816,19:16,0
25,817,19:17,0
25,818,19:18,0
25,819,19:19,0
25,820,19:20,0
25,821,19:21,0
25,822,19:22,0
25,823,19:23,0
25,824,19:24,0
25,825,19:25,0
25,826,19:26,0
25,827,19:27,0
25,828,19:28,0
25,829,19:29,0
25,830,19:30,0
25,831,19:31,0
25,832,19:32,0
25,833,19:33,0
25,834,19:34,0
25,835,19:35,0
26,0,05:40,0
26,1,05:41,0
26,2,05:42,0
26,3,05:43,0
26,4,05:44,0
26,5,05:45,0
26,6,05:46,0
26,7,05:47,0
26,8,05:48,0
26,9,05:49,0
26,10,05:50,0
26,11,05:51,0
26,12,05:52,0
26,13,05:53,0
26,14,05:54,0
26,15,05:55,0
26,16,05:56,0
26,17,05:57,0
26,18,05:58,0
26,19,05:59,0
26,20,06:00,0
26,21,06:01,0
26,22,06:02,0
26,23,06:03,0
26,24,06:04,0
26,25,06:05,0
26,26,06:06,0
26,27,06:07,0
26,28,06:08,0
26,29,06:09,0
26,30,06:10,0
26,31,06:11,0
26,32,06:12,0
26,33,06:13,0
26,34,06:14,0
26,35,06:15,0
26,36,06:16,0
26,37,06:17,0
26,38,06:18,0
26,39,06:19,0
26,40,06:20,0
26,41,06:21,0
26,42,06:22,0
26,43,06:23,0
26,44,06:24,0
26,45,06:25,0
26,46,06:26,0
26,47,06:27,0
26,48,06:28,0
26,49,06:29,0
26,50,06:30,0
26,51,06:31,0
26,52,06:32,0
26,53,06:33,0
26,54,06:34,0
26,55,06:35,0
26,56,06:36,0
26,57,06:37,0
26,58,06:38,0
26,59,06:39,0
26,60,06:40,0
26,61,06:41,0
26,62,06:42,0
26,63,06:43,0
26,64,06:44,0
26,65,06:45,0
26,66,06:46,0
26,67,06:47,0
26,68,06:48,0
26,69,06:49,0
26,70,06:50,0
26,71,06:51,0
26,72,06:52,0
26,73,06:53,1
26,74,06:54,1
26,75,06:55,1
26,76,06:56,1
26,77,06:57,1
26,78,06:58,1
26,79,06:59,1
26,80,07:00,1
26,81,07:01,1
26,82,07:02,1
26,83,07:03,1
26,84,07:04,1
26,85,07:05,1
26,86,07:06,1
26,87,07:07,1
26,88,07:08,1
26,89,07:09,1
26,90,07:10,1
26,91,07:11,1
26,92,07:12,1
26,93,07:13,1
26,94,07:14,1
26,95,07:15,1
26,96,07:16,1
26,97,07:17,1
26,98,07:18,1
26,99,07:19,0
26,100,07:20,0
26,101,07:21,0
26,102,07:22,1
26,103,07:23,1
26,104,07:24,1
26,105,07:25,1
26,106,07:26,1
26,107,07:27,1
26,108,07:28,1
26,109,07:29,1
26,110,07:30,1
26,111,07:31,1
26,112,07:32,1
26,113,07:33,1
26,114,07:34,1
26,115,07:35,1
26,116,07:36,1
26,117,07:37,2
26,118,07:38,2
26,119,07:39,2
26,120,07:40,1
26,121,07:41,1
26,122,07:42,1
26,123,07:43,1
26,124,07:44,1
26,125,07:45,1
26,126,07:46,1
26,127,07:47,1
26,128,07:48,1
26,129,07:49,1
26,130,07:50,1
26,131,07:51,1
26,132,07:52,1
26,133,07:53,0
26,134,07:54,0
26,135,07:55,0
26,136,07:56,0
26,137,07:57,0
26,138,07:58,0
26,139,07:59,0
26,140,08:00,0
26,141,08:01,0
26,142,08:02,1
26,143,08:03,1
26,144,08:04,1
26,145,08:05,1
26,146,08:06,1
26,147,08:07,1
26,148,08:08,1
26,149,08:09,1
26,150,08:10,1
26,151,08:11,1
26,152,08:12,2
26,153,08:13,2
26,154,08:14,2
26,155,08:15,2
26,156,08:16,2
26,157,08:17,2
26,158,08:18,2
26,159,08:19,2
26,160,08:20,2
26,161,08:21,2
26,162,08:22,2
26,163,08:23,2
26,164,08:24,2
26,165,08:25,2
26,166,08:26,2
26,167,08:27,2
26,168,08:28,2
26,169,08:29,2
26,170,08:30,2
26,171,08:31,2
26,172,08:32,2
26,173,08:33,2
26,174,08:34,2
26,175,08:35,1
26,176,08:36,1
26,177,08:37,1
26,178,08:38,0
26,179,08:39,0
26,180,08:40,0
26,181,08:41,0
26,182,08:42,1
26,183,08:43,1
26,184,08:44,1
26,185,08:45,1
26,186,08:46,1
26,187,08:47,2
26,188,08:48,2
26,189,08:49,2
26,190,08:50,2
26,191,08:51,2
26,192,08:52,2
26,193,08:53,2
26,194,08:54,2
26,195,08:55,2
26,196,08:56,2
26,197,08:57,2
26,198,08:58,2
26,199,08:59,2
26,200,09:00,2
26,201,09:01,2
26,202,09:02,1
26,203,09:03,1
26,204,09:04,1
26,205,09:05,0
26,206,09:06,0
26,207,09:07,0
26,208,09:08,0
26,209,09:09,0
26,210,09:10,0
26,211,09:11,0
26,212,09:12,0
26,213,09:13,0
26,214,09:14,0
26,215,09:15,0
26,216,09:16,1
26,217,09:17,1
26,218,09:18,1
26,219,09:19,1
26,220,09:20,1
26,221,09:21,1
26,222,09:22,1
26,223,09:23,1
26,224,09:24,1
26,225,09:25,1
26,226,09:26,1
26,227,09:27,1
26,228,09:28,1
26,229,09:29,0
26,230,09:30,0
26,231,09:31,0
26,232,09:32,0
26,233,09:33,0
26,234,09:34,0
26,235,09:35,0
26,236,09:36,0
26,237,09:37,0
26,238,09:38,0
26,239,09:39,0
26,240,09:40,0
26,241,09:41,0
26,242,09:42,0
26,243,09:43,0
26,244,09:44,0
26,245,09:45,0
26,246,09:46,1
26,247,09:47,1
26,248,09:48,1
26,249,09:49,1
26,250,09:50,1
26,251,09:51,1
26,252,09:52,1
26,253,09:53,1
26,254,09:54,1
26,255,09:55,0
26,256,09:56,0
26,257,09:57,0
26,258,09:58,0
26,259,09:59,0
26,260,10:00,0
26,261,10:01,0
26,262,10:02,0
26,263,10:03,0
26,264,10:04,0
26,265,10:05,0
26,266,10:06,0
26,267,10:07,0
26,268,10:08,0
26,269,10:09,0
26,270,10:10,1
26,271,10:11,1
26,272,10:12,1
26,273,10:13,2
26,274,10:14,2
26,275,10:15,2
26,276,10:16,3
26,277,10:17,3
26,278,10:18,3
26,279,10:19,3
26,280,10:20,3
26,281,10:21,3
26,282,10:22,3
26,283,10:23,3
26,284,10:24,3
26,285,10:25,3
26,286,10:26,2
26,287,10:27,2
26,288,10:28,2
26,289,10:29,1
26,290,10:30,1
26,291,10:31,1
26,292,10:32,0
26,293,10:33,0
26,294,10:34,0
26,295,10:35,0
26,296,10:36,0
26,297,10:37,0
26,298,10:38,0
26,299,10:39,0
26,300,10:40,0
26,301,10:41,0
26,302,10:42,0
26,303,10:43,0
26,304,10:44,1
26,305,10:45,1
26,306,10:46,1
26,307,10:47,2
26,308,10:48,2
26,309,10:49,2
26,310,10:50,2
26,311,10:51,2
26,312,10:52,2
26,313,10:53,2
26,314,10:54,2
26,315,10:55,2
26,316,10:56,2
26,317,10:57,1
26,318,10:58,1
26,319,10:59,1
26,320,11:00,1
26,321,11:01,1
26,322,11:02,1
26,323,11:03,1
26,324,11:04,0
26,325,11:05,0
26,326,11:06,0
26,327,11:07,0
26,328,11:08,0
26,329,11:09,2
26,330,11:10,2
26,331,11:11,2
26,332,11:12,2
26,333,11:13,2
26,334,11:14,2
26,335,11:15,2
26,336,11:16,2
26,337,11:17,2
26,338,11:18,2
26,339,11:19,4
26,340,11:20,4
26,341,11:21,4
26,342,11:22,4
26,343,11:23,4
26,344,11:24,4
26,345,11:25,4
26,346,11:26,4
26,347,11:27,4
26,348,11:28,4
26,349,11:29,4
26,350,11:30,4
26,351,11:31,4
26,352,11:32,4
26,353,11:33,4
26,354,11:34,4
26,355,11:35,4
26,356,11:36,4
26,357,11:37,2
26,358,11:38,2
26,359,11:39,2
26,360,11:40,0
26,361,11:41,0
26,362,11:42,0
26,363,11:43,1
26,364,11:44,1
26,365,11:45,1
26,366,11:46,1
26,367,11:47,1
26,368,11:48,1
26,369,11:49,1
26,370,11:50,1
26,371,11:51,1
26,372,11:52,1
26,373,11:53,1
26,374,11:54,1
26,375,11:55,1
26,376,11:56,1
26,377,11:57,1
26,378,11:58,1
26,379,11:59,1
26,380,12:00,1
26,381,12:01,0
26,382,12:02,0
26,383,12:03,0
26,384,12:04,0
26,385,12:05,0
26,386,12:06,0
26,387,12:07,0
26,388,12:08,0
26,389,12:09,0
26,390,12:10,0
26,391,12:11,0
26,392,12:12,0
26,393,12:13,0
26,394,12:14,0
26,395,12:15,0
26,396,12:16,0
26,397,12:17,0
26,398,12:18,0
26,399,12:19,0
26,400,12:20,0
26,401,12:21,0
26,402,12:22,0
26,403,12:23,0
26,404,12:24,0
26,405,12:25,0
26,406,12:26,0
26,407,12:27,1
26,408,12:28,1
26,409,12:29,1
26,410,12:30,1
26,411,12:31,1
26,412,12:32,1
26,413,12:33,1
26,414,12:34,1
26,415,12:35,1
26,416,12:36,1
26,417,12:37,0
26,418,12:38,0
26,419,12:39,0
26,420,12:40,0
26,421,12:41,0
26,422,12:42,0
26,423,12:43,0
26,424,12:44,0
26,425,12:45,0
26,426,12:46,0
26,427,12:47,0
26,428,12:48,0
26,429,12:49,0
26,430,12:50,0
26,431,12:51,0
26,432,12:52,0
26,433,12:53,0
26,434,12:54,0
26,435,12:55,0
26,436,12:56,0
26,437,12:57,0
26,438,12:58,0
26,439,12:59,0
26,440,13:00,0
26,441,13:01,0
26,442,13:02,0
26,443,13:03,0
26,444,13:04,0
26,445,13:05,0
26,446,13:06,0
26,447,13:07,2
26,448,13:08,2
26,449,13:09,2
26,450,13:10,2
26,451,13:11,2
26,452,13:12,2
26,453,13:13,2
26,454,13:14,2
26,455,13:15,2
26,456,13:16,2
26,457,13:17,0
26,458,13:18,0
26,459,13:19,0
26,460,13:20,0
26,461,13:21,0
26,462,13:22,0
26,463,13:23,0
26,464,13:24,0
26,465,13:25,0
26,466,13:26,0
26,467,13:27,0
26,468,13:28,0
26,469,13:29,0
26,470,13:30,0
26,471,13:31,0
26,472,13:32,0
26,473,13:33,0
26,474,13:34,0
26,475,13:35,0
26,476,13:36,0
26,477,13:37,0
26,478,13:38,0
26,479,13:39,0
26,480,13:40,0
26,481,13:41,0
26,482,13:42,0
26,483,13:43,0
26,484,13:44,0
26,485,13:45,0
26,486,13:46,0
26,487,13:47,0
26,488,13:48,0
26,489,13:49,0
26,490,13:50,0
26,491,13:51,0
26,492,13:52,0
26,493,13:53,0
26,494,13:54,0
26,495,13:55,0
26,496,13:56,0
26,497,13:57,0
26,498,13:58,0
26,499,13:59,0
26,500,14:00,0
26,501,14:01,0
26,502,14:02,0
26,503,14:03,0
26,504,14:04,0
26,505,14:05,0
26,506,14:06,0
26,507,14:07,0
26,508,14:08,0
26,509,14:09,0
26,510,14:10,1
26,511,14:11,1
26,512,14:12,1
26,513,14:13,4
26,514,14:14,4
26,515,14:15,4
26,516,14:16,4
26,517,14:17,4
26,518,14:18,4
26,519,14:19,4
26,520,14:20,4
26,521,14:21,4
26,522,14:22,4
26,523,14:23,3
26,524,14:24,3
26,525,14:25,3
26,526,14:26,0
26,527,14:27,0
26,528,14:28,0
26,529,14:29,0
26,530,14:30,0
26,531,14:31,0
26,532,14:32,0
26,533,14:33,0
26,534,14:34,0
26,535,14:35,0
26,536,14:36,0
26,537,14:37,0
26,538,14:38,0
26,539,14:39,0
26,540,14:40,0
26,541,14:41,0
26,542,14:42,0
26,543,14:43,0
26,544,14:44,0
26,545,14:45,0
26,546,14:46,0
26,547,14:47,1
26,548,14:48,1
26,549,14:49,1
26,550,14:50,1
26,551,14:51,1
26,552,14:52,1
26,553,14:53,1
26,554,14:54,1
26,555,14:55,1
26,556,14:56,1
26,557,14:57,0
26,558,14:58,0
26,559,14:59,0
26,560,15:00,0
26,561,15:01,0
26,562,15:02,0
26,563,15:03,0
26,564,15:04,0
26,565,15:05,0
26,566,15:06,0
26,567,15:07,0
26,568,15:08,0
26,569,15:09,0
26,570,15:10,0
26,571,15:11,0
26,572,15:12,0
26,573,15:13,0
26,574,15:14,0
26,575,15:15,0
26,576,15:16,0
26,577,15:17,0
26,578,15:18,0
26,579,15:19,0
26,580,15:20,1
26,581,15:21,1
26,582,15:22,1
26,583,15:23,1
26,584,15:24,1
26,585,15:25,2
26,586,15:26,2
26,587,15:27,2
26,588,15:28,2
26,589,15:29,2
26,590,15:30,2
26,591,15:31,2
26,592,15:32,2
26,593,15:33,2
26,594,15:34,2
26,595,15:35,1
26,596,15:36,1
26,597,15:37,1
26,598,15:38,1
26,599,15:39,1
26,600,15:40,1
26,601,15:41,1
26,602,15:42,0
26,603,15:43,0
26,604,15:44,0
26,605,15:45,1
26,606,15:46,1
26,607,15:47,1
26,608,15:48,1
26,609,15:49,1
26,610,15:50,1
26,611,15:51,1
26,612,15:52,1
26,613,15:53,1
26,614,15:54,0
26,615,15:55,0
26,616,15:56,0
26,617,15:57,0
26,618,15:58,0
26,619,15:59,0
26,620,16:00,0
26,621,16:01,0
26,622,16:02,0
26,623,16:03,0
26,624,16:04,0
26,625,16:05,0
26,626,16:06,0
26,627,16:07,1
26,628,16:08,1
26,629,16:09,1
26,630,16:10,1
26,631,16:11,1
26,632,16:12,1
26,633,16:13,1
26,634,16:14,1
26,635,16:15,1
26,636,16:16,1
26,637,16:17,0
26,638,16:18,0
26,639,16:19,0
26,640,16:20,1
26,641,16:21,1
26,642,16:22,1
26,643,16:23,2
26,644,16:24,2
26,645,16:25,2
26,646,16:26,2
26,647,16:27,2
26,648,16:28,2
26,649,16:29,2
26,650,16:30,2
26,651,16:31,2
26,652,16:32,2
26,653,16:33,1
26,654,16:34,1
26,655,16:35,1
26,656,16:36,2
26,657,16:37,2
26,658,16:38,2
26,659,16:39,1
26,660,16:40,1
26,661,16:41,1
26,662,16:42,1
26,663,16:43,1
26,664,16:44,1
26,665,16:45,1
26,666,16:46,1
26,667,16:47,1
26,668,16:48,0
26,669,16:49,0
26,670,16:50,0
26,671,16:51,0
26,672,16:52,0
26,673,16:53,0
26,674,16:54,0
26,675,16:55,0
26,676,16:56,0
26,677,16:57,0
26,678,16:58,0
26,679,16:59,0
26,680,17:00,0
26,681,17:01,0
26,682,17:02,0
26,683,17:03,0
26,684,17:04,0
26,685,17:05,0
26,686,17:06,0
26,687,17:07,0
26,688,17:08,2
26,689,17:09,2
26,690,17:10,2
26,691,17:11,4
26,692,17:12,4
26,693,17:13,4
26,694,17:14,4
26,695,17:15,4
26,696,17:16,4
26,697,17:17,4
26,698,17:18,4
26,699,17:19,4
26,700,17:20,2
26,701,17:21,2
26,702,17:22,2
26,703,17:23,2
26,704,17:24,2
26,705,17:25,2
26,706,17:26,2
26,707,17:27,0
26,708,17:28,0
26,709,17:29,0
26,710,17:30,2
26,711,17:31,2
26,712,17:32,2
26,713,17:33,2
26,714,17:34,2
26,715,17:35,2
26,716,17:36,2
26,717,17:37,4
26,718,17:38,4
26,719,17:39,4
26,720,17:40,4
26,721,17:41,4
26,722,17:42,4
26,723,17:43,4
26,724,17:44,4
26,725,17:45,4
26,726,17:46,4
26,727,17:47,2
26,728,17:48,2
26,729,17:49,2
26,730,17:50,0
26,731,17:51,0
26,732,17:52,0
26,733,17:53,1
26,734,17:54,1
26,735,17:55,1
26,736,17:56,3
26,737,17:57,3
26,738,17:58,3
26,739,17:59,3
26,740,18:00,3
26,741,18:01,3
26,742,18:02,3
26,743,18:03,3
26,744,18:04,3
26,745,18:05,3
26,746,18:06,2
26,747,18:07,2
26,748,18:08,2
26,749,18:09,0
26,750,18:10,0
26,751,18:11,0
26,752,18:12,0
26,753,18:13,0
26,754,18:14,0
26,755,18:15,0
26,756,18:16,0
26,757,18:17,0
26,758,18:18,0
26,759,18:19,0
26,760,18:20,2
26,761,18:21,2
26,762,18:22,2
26,763,18:23,4
26,764,18:24,4
26,765,18:25,4
26,766,18:26,4
26,767,18:27,4
26,768,18:28,4
26,769,18:29,4
26,770,18:30,4
26,771,18:31,4
26,772,18:32,4
26,773,18:33,2
26,774,18:34,2
26,775,18:35,2
26,776,18:36,0
26,777,18:37,0
26,778,18:38,0
26,779,18:39,0
26,780,18:40,0
26,781,18:41,0
26,782,18:42,0
26,783,18:43,0
26,784,18:44,0
26,785,18:45,0
26,786,18:46,1
26,787,18:47,1
26,788,18:48,1
26,789,18:49,2
26,790,18:50,2
26,791,18:51,2
26,792,18:52,2
26,793,18:53,2
26,794,18:54,2
26,795,18:55,2
26,796,18:56,2
26,797,18:57,2
26,798,18:58,1
26,799,18:59,1
26,800,19:00,1
26,801,19:01,0
26,802,19:02,0
26,803,19:03,0
26,804,19:04,0
26,805,19:05,0
26,806,19:06,0
26,807,19:07,0
26,808,19:08,0
26,809,19:09,0
26,810,19:10,0
26,811,19:11,0
26,812,19:12,0
26,813,19:13,0
26,814,19:14,0
26,815,19:15,0
26,816,19:16,0
26,817,19:17,0
26,818,19:18,0
26,819,19:19,0
26,820,19:20,0
26,821,19:21,0
26,822,19:22,0
26,823,19:23,0
26,824,19:24,0
26,825,19:25,0
26,826,19:26,0
26,827,19:27,0
26,828,19:28,0
26,829,19:29,0
26,830,19:30,0
26,831,19:31,0
26,832,19:32,0
26,833,19:33,0
26,834,19:34,0
26,835,19:35,0
27,0,05:40,0
27,1,05:41,0
27,2,05:42,0
27,3,05:43,0
27,4,05:44,0
27,5,05:45,0
27,6,05:46,0
27,7,05:47,0
27,8,05:48,0
27,9,05:49,0
27,10,05:50,0
27,11,05:51,0
27,12,05:52,0
27,13,05:53,0
27,14,05:54,0
27,15,05:55,0
27,16,05:56,0
27,17,05:57,0
27,18,05:58,0
27,19,05:59,0
27,20,06:00,0
27,21,06:01,0
27,22,06:02,0
27,23,06:03,0
27,24,06:04,0
27,25,06:05,0
27,26,06:06,0
27,27,06:07,0
27,28,06:08,0
27,29,06:09,0
27,30,06:10,0
27,31,06:11,0
27,32,06:12,0
27,33,06:13,0
27,34,06:14,0
27,35,06:15,0
27,36,06:16,0
27,37,06:17,0
27,38,06:18,0
27,39,06:19,0
27,40,06:20,0
27,41,06:21,0
27,42,06:22,0
27,43,06:23,0
27,44,06:24,0
27,45,06:25,0
27,46,06:26,0
27,47,06:27,0
27,48,06:28,0
27,49,06:29,0
27,50,06:30,0
27,51,06:31,0
27,52,06:32,0
27,53,06:33,0
27,54,06:34,0
27,55,06:35,0
27,56,06:36,0
27,57,06:37,0
27,58,06:38,0
27,59,06:39,0
27,60,06:40,0
27,61,06:41,0
27,62,06:42,0
27,63,06:43,0
27,64,06:44,0
27,65,06:45,0
27,66,06:46,0
27,67,06:47,0
27,68,06:48,0
27,69,06:49,0
27,70,06:50,0
27,71,06:51,0
27,72,06:52,0
27,73,06:53,0
27,74,06:54,0
27,75,06:55,0
27,76,06:56,0
27,77,06:57,0
27,78,06:58,0
27,79,06:59,0
27,80,07:00,0
27,81,07:01,0
27,82,07:02,0
27,83,07:03,0
27,84,07:04,0
27,85,07:05,0
27,86,07:06,0
27,87,07:07,0
27,88,07:08,0
27,89,07:09,0
27,90,07:10,0
27,91,07:11,0
27,92,07:12,0
27,93,07:13,0
27,94,07:14,0
27,95,07:15,0
27,96,07:16,0
27,97,07:17,1
27,98,07:18,1
27,99,07:19,1
27,100,07:20,1
27,101,07:21,1
27,102,07:22,1
27,103,07:23,1
27,104,07:24,1
27,105,07:25,1
27,106,07:26,1
27,107,07:27,1
27,108,07:28,1
27,109,07:29,1
27,110,07:30,1
27,111,07:31,1
27,112,07:32,1
27,113,07:33,0
27,114,07:34,0
27,115,07:35,0
27,116,07:36,0
27,117,07:37,0
27,118,07:38,0
27,119,07:39,0
27,120,07:40,0
27,121,07:41,0
27,122,07:42,0
27,123,07:43,0
27,124,07:44,0
27,125,07:45,0
27,126,07:46,0
27,127,07:47,1
27,128,07:48,1
27,129,07:49,1
27,130,07:50,2
27,131,07:51,2
27,132,07:52,2
27,133,07:53,2
27,134,07:54,2
27,135,07:55,2
27,136,07:56,2
27,137,07:57,2
27,138,07:58,2
27,139,07:59,2
27,140,08:00,2
27,141,08:01,2
27,142,08:02,2
27,143,08:03,2
27,144,08:04,2
27,145,08:05,1
27,146,08:06,1
27,147,08:07,1
27,148,08:08,0
27,149,08:09,0
27,150,08:10,0
27,151,08:11,0
27,152,08:12,0
27,153,08:13,0
27,154,08:14,0
27,155,08:15,0
27,156,08:16,0
27,157,08:17,0
27,158,08:18,0
27,159,08:19,0
27,160,08:20,2
27,161,08:21,2
27,162,08:22,2
27,163,08:23,3
27,164,08:24,3
27,165,08:25,3
27,166,08:26,3
27,167,08:27,3
27,168,08:28,3
27,169,08:29,3
27,170,08:30,3
27,171,08:31,3
27,172,08:32,3
27,173,08:33,1
27,174,08:34,1
27,175,08:35,1
27,176,08:36,0
27,177,08:37,0
27,178,08:38,0
27,179,08:39,0
27,180,08:40,0
27,181,08:41,0
27,182,08:42,0
27,183,08:43,0
27,184,08:44,0
27,185,08:45,0
27,186,08:46,0
27,187,08:47,0
27,188,08:48,0
27,189,08:49,0
27,190,08:50,0
27,191,08:51,0
27,192,08:52,0
27,193,08:53,0
27,194,08:54,1
27,195,08:55,1
27,196,08:56,1
27,197,08:57,1
27,198,08:58,1
27,199,08:59,1
27,200,09:00,1
27,201,09:01,1
27,202,09:02,1
27,203,09:03,1
27,204,09:04,1
27,205,09:05,1
27,206,09:06,1
27,207,09:07,1
27,208,09:08,1
27,209,09:09,1
27,210,09:10,1
27,211,09:11,1
27,212,09:12,1
27,213,09:13,1
27,214,09:14,1
27,215,09:15,1
27,216,09:16,0
27,217,09:17,0
27,218,09:18,0
27,219,09:19,0
27,220,09:20,0
27,221,09:21,0
27,222,09:22,0
27,223,09:23,0
27,224,09:24,0
27,225,09:25,0
27,226,09:26,0
27,227,09:27,0
27,228,09:28,0
27,229,09:29,0
27,230,09:30,0
27,231,09:31,0
27,232,09:32,0
27,233,09:33,0
27,234,09:34,0
27,235,09:35,0
27,236,09:36,0
27,237,09:37,0
27,238,09:38,0
27,239,09:39,0
27,240,09:40,0
27,241,09:41,0
27,242,09:42,0
27,243,09:43,0
27,244,09:44,0
27,245,09:45,0
27,246,09:46,0
27,247,09:47,0
27,248,09:48,0
27,249,09:49,0
27,250,09:50,0
27,251,09:51,0
27,252,09:52,0
27,253,09:53,0
27,254,09:54,0
27,255,09:55,0
27,256,09:56,0
27,257,09:57,0
27,258,09:58,0
27,259,09:59,0
27,260,10:00,0
27,261,10:01,0
27,262,10:02,0
27,263,10:03,0
27,264,10:04,0
27,265,10:05,0
27,266,10:06,0
27,267,10:07,0
27,268,10:08,0
27,269,10:09,0
27,270,10:10,1
27,271,10:11,1
27,272,10:12,1
27,273,10:13,1
27,274,10:14,1
27,275,10:15,1
27,276,10:16,2
27,277,10:17,2
27,278,10:18,2
27,279,10:19,2
27,280,10:20,2
27,281,10:21,2
27,282,10:22,2
27,283,10:23,2
27,284,10:24,2
27,285,10:25,2
27,286,10:26,1
27,287,10:27,1
27,288,10:28,1
27,289,10:29,0
27,290,10:30,0
27,291,10:31,0
27,292,10:32,1
27,293,10:33,1
27,294,10:34,1
27,295,10:35,1
27,296,10:36,1
27,297,10:37,1
27,298,10:38,1
27,299,10:39,1
27,300,10:40,1
27,301,10:41,0
27,302,10:42,0
27,303,10:43,0
27,304,10:44,1
27,305,10:45,1
27,306,10:46,1
27,307,10:47,1
27,308,10:48,1
27,309,10:49,1
27,310,10:50,2
27,311,10:51,2
27,312,10:52,2
27,313,10:53,2
27,314,10:54,2
27,315,10:55,2
27,316,10:56,2
27,317,10:57,2
27,318,10:58,2
27,319,10:59,2
27,320,11:00,2
27,321,11:01,1
27,322,11:02,1
27,323,11:03,1
27,324,11:04,0
27,325,11:05,0
27,326,11:06,0
27,327,11:07,1
27,328,11:08,1
27,329,11:09,1
27,330,11:10,1
27,331,11:11,2
27,332,11:12,2
27,333,11:13,2
27,334,11:14,2
27,335,11:15,2
27,336,11:16,2
27,337,11:17,2
27,338,11:18,2
27,339,11:19,2
27,340,11:20,2
27,341,11:21,2
27,342,11:22,1
27,343,11:23,1
27,344,11:24,1
27,345,11:25,1
27,346,11:26,1
27,347,11:27,1
27,348,11:28,0
27,349,11:29,0
27,350,11:30,0
27,351,11:31,0
27,352,11:32,0
27,353,11:33,0
27,354,11:34,0
27,355,11:35,0
27,356,11:36,0
27,357,11:37,0
27,358,11:38,0
27,359,11:39,0
27,360,11:40,1
27,361,11:41,1
27,362,11:42,1
27,363,11:43,1
27,364,11:44,1
27,365,11:45,1
27,366,11:46,1
27,367,11:47,1
27,368,11:48,1
27,369,11:49,1
27,370,11:50,1
27,371,11:51,2
27,372,11:52,2
27,373,11:53,2
27,374,11:54,1
27,375,11:55,1
27,376,11:56,1
27,377,11:57,1
27,378,11:58,1
27,379,11:59,1
27,380,12:00,1
27,381,12:01,1
27,382,12:02,1
27,383,12:03,1
27,384,12:04,1
27,385,12:05,1
27,386,12:06,1
27,387,12:07,1
27,388,12:08,1
27,389,12:09,1
27,390,12:10,1
27,391,12:11,1
27,392,12:12,1
27,393,12:13,1
27,394,12:14,0
27,395,12:15,0
27,396,12:16,0
27,397,12:17,1
27,398,12:18,1
27,399,12:19,1
27,400,12:20,1
27,401,12:21,1
27,402,12:22,1
27,403,12:23,1
27,404,12:24,1
27,405,12:25,1
27,406,12:26,1
27,407,12:27,1
27,408,12:28,1
27,409,12:29,1
27,410,12:30,1
27,411,12:31,1
27,412,12:32,1
27,413,12:33,1
27,414,12:34,1
27,415,12:35,1
27,416,12:36,1
27,417,12:37,1
27,418,12:38,1
27,419,12:39,1
27,420,12:40,1
27,421,12:41,1
27,422,12:42,1
27,423,12:43,1
27,424,12:44,1
27,425,12:45,1
27,426,12:46,1
27,427,12:47,1
27,428,12:48,0
27,429,12:49,0
27,430,12:50,0
27,431,12:51,0
27,432,12:52,0
27,433,12:53,0
27,434,12:54,0
27,435,12:55,0
27,436,12:56,0
27,437,12:57,0
27,438,12:58,0
27,439,12:59,0
27,440,13:00,0
27,441,13:01,0
27,442,13:02,0
27,443,13:03,0
27,444,13:04,0
27,445,13:05,0
27,446,13:06,0
27,447,13:07,0
27,448,13:08,0
27,449,13:09,0
27,450,13:10,0
27,451,13:11,0
27,452,13:12,0
27,453,13:13,0
27,454,13:14,0
27,455,13:15,0
27,456,13:16,0
27,457,13:17,0
27,458,13:18,0
27,459,13:19,0
27,460,13:20,0
27,461,13:21,0
27,462,13:22,0
27,463,13:23,0
27,464,13:24,0
27,465,13:25,0
27,466,13:26,0
27,467,13:27,0
27,468,13:28,0
27,469,13:29,0
27,470,13:30,0
27,471,13:31,1
27,472,13:32,1
27,473,13:33,1
27,474,13:34,1
27,475,13:35,1
27,476,13:36,1
27,477,13:37,2
27,478,13:38,2
27,479,13:39,2
27,480,13:40,2
27,481,13:41,2
27,482,13:42,2
27,483,13:43,2
27,484,13:44,2
27,485,13:45,2
27,486,13:46,2
27,487,13:47,2
27,488,13:48,2
27,489,13:49,2
27,490,13:50,2
27,491,13:51,2
27,492,13:52,2
27,493,13:53,2
27,494,13:54,2
27,495,13:55,1
27,496,13:56,1
27,497,13:57,1
27,498,13:58,0
27,499,13:59,0
27,500,14:00,0
27,501,14:01,2
27,502,14:02,2
27,503,14:03,2
27,504,14:04,4
27,505,14:05,4
27,506,14:06,4
27,507,14:07,4
27,508,14:08,4
27,509,14:09,4
27,510,14:10,4
27,511,14:11,4
27,512,14:12,4
27,513,14:13,4
27,514,14:14,4
27,515,14:15,4
27,516,14:16,4
27,517,14:17,4
27,518,14:18,4
27,519,14:19,2
27,520,14:20,2
27,521,14:21,2
27,522,14:22,0
27,523,14:23,0
27,524,14:24,0
27,525,14:25,2
27,526,14:26,2
27,527,14:27,2
27,528,14:28,2
27,529,14:29,2
27,530,14:30,2
27,531,14:31,2
27,532,14:32,2
27,533,14:33,2
27,534,14:34,2
27,535,14:35,2
27,536,14:36,2
27,537,14:37,2
27,538,14:38,2
27,539,14:39,2
27,540,14:40,2
27,541,14:41,2
27,542,14:42,2
27,543,14:43,0
27,544,14:44,0
27,545,14:45,0
27,546,14:46,0
27,547,14:47,0
27,548,14:48,0
27,549,14:49,0
27,550,14:50,0
27,551,14:51,0
27,552,14:52,0
27,553,14:53,0
27,554,14:54,0
27,555,14:55,0
27,556,14:56,0
27,557,14:57,0
27,558,14:58,0
27,559,14:59,0
27,560,15:00,0
27,561,15:01,0
27,562,15:02,0
27,563,15:03,0
27,564,15:04,0
27,565,15:05,0
27,566,15:06,0
27,567,15:07,0
27,568,15:08,0
27,569,15:09,0
27,570,15:10,0
27,571,15:11,0
27,572,15:12,0
27,573,15:13,0
27,574,15:14,0
27,575,15:15,0
27,576,15:16,0
27,577,15:17,0
27,578,15:18,0
27,579,15:19,0
27,580,15:20,0
27,581,15:21,0
27,582,15:22,0
27,583,15:23,0
27,584,15:24,0
27,585,15:25,0
27,586,15:26,1
27,587,15:27,1
27,588,15:28,1
27,589,15:29,1
27,590,15:30,1
27,591,15:31,1
27,592,15:32,1
27,593,15:33,1
27,594,15:34,1
27,595,15:35,1
27,596,15:36,1
27,597,15:37,1
27,598,15:38,1
27,599,15:39,1
27,600,15:40,1
27,601,15:41,1
27,602,15:42,1
27,603,15:43,0
27,604,15:44,0
27,605,15:45,0
27,606,15:46,1
27,607,15:47,1
27,608,15:48,1
27,609,15:49,1
27,610,15:50,1
27,611,15:51,1
27,612,15:52,1
27,613,15:53,1
27,614,15:54,1
27,615,15:55,0
27,616,15:56,0
27,617,15:57,0
27,618,15:58,0
27,619,15:59,0
27,620,16:00,0
27,621,16:01,0
27,622,16:02,0
27,623,16:03,0
27,624,16:04,0
27,625,16:05,0
27,626,16:06,0
27,627,16:07,0
27,628,16:08,0
27,629,16:09,0
27,630,16:10,0
27,631,16:11,0
27,632,16:12,1
27,633,16:13,1
27,634,16:14,1
27,635,16:15,2
27,636,16:16,2
27,637,16:17,2
27,638,16:18,2
27,639,16:19,2
27,640,16:20,2
27,641,16:21,2
27,642,16:22,2
27,643,16:23,2
27,644,16:24,1
27,645,16:25,1
27,646,16:26,1
27,647,16:27,0
27,648,16:28,0
27,649,16:29,0
27,650,16:30,0
27,651,16:31,0
27,652,16:32,0
27,653,16:33,0
27,654,16:34,0
27,655,16:35,0
27,656,16:36,0
27,657,16:37,0
27,658,16:38,0
27,659,16:39,1
27,660,16:40,1
27,661,16:41,1
27,662,16:42,1
27,663,16:43,1
27,664,16:44,1
27,665,16:45,1
27,666,16:46,1
27,667,16:47,1
27,668,16:48,1
27,669,16:49,1
27,670,16:50,1
27,671,16:51,0
27,672,16:52,0
27,673,16:53,0
27,674,16:54,0
27,675,16:55,0
27,676,16:56,0
27,677,16:57,0
27,678,16:58,0
27,679,16:59,0
27,680,17:00,0
27,681,17:01,0
27,682,17:02,1
27,683,17:03,1
27,684,17:04,1
27,685,17:05,1
27,686,17:06,1
27,687,17:07,1
27,688,17:08,1
27,689,17:09,1
27,690,17:10,1
27,691,17:11,1
27,692,17:12,4
27,693,17:13,4
27,694,17:14,4
27,695,17:15,4
27,696,17:16,4
27,697,17:17,4
27,698,17:18,4
27,699,17:19,4
27,700,17:20,4
27,701,17:21,3
27,702,17:22,3
27,703,17:23,3
27,704,17:24,3
27,705,17:25,3
27,706,17:26,3
27,707,17:27,0
27,708,17:28,0
27,709,17:29,0
27,710,17:30,1
27,711,17:31,1
27,712,17:32,1
27,713,17:33,4
27,714,17:34,4
27,715,17:35,4
27,716,17:36,4
27,717,17:37,4
27,718,17:38,4
27,719,17:39,4
27,720,17:40,4
27,721,17:41,4
27,722,17:42,4
27,723,17:43,3
27,724,17:44,3
27,725,17:45,3
27,726,17:46,0
27,727,17:47,0
27,728,17:48,0
27,729,17:49,0
27,730,17:50,0
27,731,17:51,0
27,732,17:52,0
27,733,17:53,0
27,734,17:54,0
27,735,17:55,0
27,736,17:56,0
27,737,17:57,0
27,738,17:58,0
27,739,17:59,0
27,740,18:00,0
27,741,18:01,0
27,742,18:02,0
27,743,18:03,0
27,744,18:04,0
27,745,18:05,2
27,746,18:06,2
27,747,18:07,2
27,748,18:08,4
27,749,18:09,4
27,750,18:10,4
27,751,18:11,4
27,752,18:12,4
27,753,18:13,4
27,754,18:14,4
27,755,18:15,4
27,756,18:16,4
27,757,18:17,4
27,758,18:18,2
27,759,18:19,2
27,760,18:20,2
27,761,18:21,0
27,762,18:22,0
27,763,18:23,0
27,764,18:24,0
27,765,18:25,0
27,766,18:26,0
27,767,18:27,0
27,768,18:28,0
27,769,18:29,0
27,770,18:30,0
27,771,18:31,1
27,772,18:32,1
27,773,18:33,1
27,774,18:34,1
27,775,18:35,1
27,776,18:36,1
27,777,18:37,1
27,778,18:38,1
27,779,18:39,1
27,780,18:40,1
27,781,18:41,0
27,782,18:42,0
27,783,18:43,0
27,784,18:44,0
27,785,18:45,0
27,786,18:46,1
27,787,18:47,1
27,788,18:48,1
27,789,18:49,2
27,790,18:50,2
27,791,18:51,2
27,792,18:52,2
27,793,18:53,3
27,794,18:54,3
27,795,18:55,3
27,796,18:56,3
27,797,18:57,3
27,798,18:58,3
27,799,18:59,3
27,800,19:00,3
27,801,19:01,3
27,802,19:02,3
27,803,19:03,3
27,804,19:04,3
27,805,19:05,3
27,806,19:06,3
27,807,19:07,3
27,808,19:08,2
27,809,19:09,2
27,810,19:10,2
27,811,19:11,1
27,812,19:12,1
27,813,19:13,1
27,814,19:14,0
27,815,19:15,0
27,816,19:16,0
27,817,19:17,0
27,818,19:18,0
27,819,19:19,0
27,820,19:20,0
27,821,19:21,0
27,822,19:22,0
27,823,19:23,0
27,824,19:24,0
27,825,19:25,0
27,826,19:26,0
27,827,19:27,0
27,828,19:28,0
27,829,19:29,0
27,830,19:30,0
27,831,19:31,0
27,832,19:32,0
27,833,19:33,0
27,834,19:34,0
27,835,19:35,0
28,0,05:40,0
28,1,05:41,0
28,2,05:42,0
28,3,05:43,0
28,4,05:44,0
28,5,05:45,0
28,6,05:46,0
28,7,05:47,0
28,8,05:48,0
28,9,05:49,0
28,10,05:50,0
28,11,05:51,0
28,12,05:52,0
28,13,05:53,0
28,14,05:54,0
28,15,05:55,0
28,16,05:56,0
28,17,05:57,0
28,18,05:58,0
28,19,05:59,0
28,20,06:00,0
28,21,06:01,0
28,22,06:02,0
28,23,06:03,0
28,24,06:04,0
28,25,06:05,0
28,26,06:06,0
28,27,06:07,0
28,28,06:08,0
28,29,06:09,0
28,30,06:10,0
28,31,06:11,0
28,32,06:12,0
28,33,06:13,0
28,34,06:14,0
28,35,06:15,0
28,36,06:16,0
28,37,06:17,0
28,38,06:18,0
28,39,06:19,0
28,40,06:20,0
28,41,06:21,0
28,42,06:22,0
28,43,06:23,0
28,44,06:24,0
28,45,06:25,0
28,46,06:26,0
28,47,06:27,0
28,48,06:28,0
28,49,06:29,0
28,50,06:30,0
28,51,06:31,0
28,52,06:32,0
28,53,06:33,0
28,54,06:34,0
28,55,06:35,0
28,56,06:36,0
28,57,06:37,0
28,58,06:38,0
28,59,06:39,0
28,60,06:40,0
28,61,06:41,0
28,62,06:42,0
28,63,06:43,0
28,64,06:44,0
28,65,06:45,0
28,66,06:46,0
28,67,06:47,0
28,68,06:48,0
28,69,06:49,0
28,70,06:50,0
28,71,06:51,0
28,72,06:52,0
28,73,06:53,0
28,74,06:54,0
28,75,06:55,0
28,76,06:56,0
28,77,06:57,0
28,78,06:58,0
28,79,06:59,0
28,80,07:00,0
28,81,07:01,0
28,82,07:02,0
28,83,07:03,0
28,84,07:04,0
28,85,07:05,0
28,86,07:06,0
28,87,07:07,0
28,88,07:08,0
28,89,07:09,0
28,90,07:10,0
28,91,07:11,0
28,92,07:12,0
28,93,07:13,0
28,94,07:14,0
28,95,07:15,0
28,96,07:16,0
28,97,07:17,0
28,98,07:18,0
28,99,07:19,0
28,100,07:20,0
28,101,07:21,0
28,102,07:22,0
28,103,07:23,0
28,104,07:24,0
28,105,07:25,0
28,106,07:26,0
28,107,07:27,0
28,108,07:28,0
28,109,07:29,0
28,110,07:30,0
28,111,07:31,0
28,112,07:32,0
28,113,07:33,0
28,114,07:34,0
28,115,07:35,0
28,116,07:36,0
28,117,07:37,0
28,118,07:38,0
28,119,07:39,0
28,120,07:40,0
28,121,07:41,0
28,122,07:42,0
28,123,07:43,0
28,124,07:44,0
28,125,07:45,0
28,126,07:46,0
28,127,07:47,0
28,128,07:48,0
28,129,07:49,0
28,130,07:50,0
28,131,07:51,0
28,132,07:52,0
28,133,07:53,0
28,134,07:54,0
28,135,07:55,0
28,136,07:56,0
28,137,07:57,0
28,138,07:58,0
28,139,07:59,0
28,140,08:00,0
28,141,08:01,0
28,142,08:02,0
28,143,08:03,0
28,144,08:04,0
28,145,08:05,0
28,146,08:06,0
28,147,08:07,0
28,148,08:08,0
28,149,08:09,0
28,150,08:10,0
28,151,08:11,0
28,152,08:12,0
28,153,08:13,0
28,154,08:14,0
28,155,08:15,0
28,156,08:16,0
28,157,08:17,0
28,158,08:18,0
28,159,08:19,0
28,160,08:20,0
28,161,08:21,0
28,162,08:22,0
28,163,08:23,0
28,164,08:24,0
28,165,08:25,0
28,166,08:26,0
28,167,08:27,0
28,168,08:28,0
28,169,08:29,0
28,170,08:30,0
28,171,08:31,0
28,172,08:32,0
28,173,08:33,0
28,174,08:34,0
28,175,08:35,0
28,176,08:36,0
28,177,08:37,0
28,178,08:38,0
28,179,08:39,0
28,180,08:40,0
28,181,08:41,0
28,182,08:42,0
28,183,08:43,0
28,184,08:44,0
28,185,08:45,0
28,186,08:46,0
28,187,08:47,0
28,188,08:48,0
28,189,08:49,1
28,190,08:50,1
28,191,08:51,1
28,192,08:52,2
28,193,08:53,2
28,194,08:54,2
28,195,08:55,2
28,196,08:56,2
28,197,08:57,2
28,198,08:58,2
28,199,08:59,2
28,200,09:00,2
28,201,09:01,2
28,202,09:02,2
28,203,09:03,2
28,204,09:04,2
28,205,09:05,2
28,206,09:06,2
28,207,09:07,1
28,208,09:08,1
28,209,09:09,1
28,210,09:10,0
28,211,09:11,0
28,212,09:12,0
28,213,09:13,0
28,214,09:14,0
28,215,09:15,0
28,216,09:16,0
28,217,09:17,0
28,218,09:18,0
28,219,09:19,0
28,220,09:20,0
28,221,09:21,0
28,222,09:22,0
28,223,09:23,0
28,224,09:24,0
28,225,09:25,0
28,226,09:26,0
28,227,09:27,0
28,228,09:28,0
28,229,09:29,0
28,230,09:30,0
28,231,09:31,0
28,232,09:32,0
28,233,09:33,0
28,234,09:34,0
28,235,09:35,0
28,236,09:36,0
28,237,09:37,0
28,238,09:38,0
28,239,09:39,0
28,240,09:40,0
28,241,09:41,0
28,242,09:42,0
28,243,09:43,0
28,244,09:44,0
28,245,09:45,0
28,246,09:46,0
28,247,09:47,0
28,248,09:48,0
28,249,09:49,0
28,250,09:50,0
28,251,09:51,0
28,252,09:52,0
28,253,09:53,0
28,254,09:54,0
28,255,09:55,0
28,256,09:56,0
28,257,09:57,0
28,258,09:58,0
28,259,09:59,0
28,260,10:00,0
28,261,10:01,0
28,262,10:02,0
28,263,10:03,0
28,264,10:04,0
28,265,10:05,0
28,266,10:06,0
28,267,10:07,1
28,268,10:08,1
28,269,10:09,1
28,270,10:10,1
28,271,10:11,1
28,272,10:12,1
28,273,10:13,2
28,274,10:14,2
28,275,10:15,2
28,276,10:16,2
28,277,10:17,2
28,278,10:18,2
28,279,10:19,2
28,280,10:20,2
28,281,10:21,2
28,282,10:22,2
28,283,10:23,2
28,284,10:24,2
28,285,10:25,2
28,286,10:26,1
28,287,10:27,1
28,288,10:28,1
28,289,10:29,0
28,290,10:30,0
28,291,10:31,0
28,292,10:32,2
28,293,10:33,2
28,294,10:34,2
28,295,10:35,2
28,296,10:36,2
28,297,10:37,4
28,298,10:38,4
28,299,10:39,4
28,300,10:40,4
28,301,10:41,4
28,302,10:42,4
28,303,10:43,4
28,304,10:44,4
28,305,10:45,4
28,306,10:46,4
28,307,10:47,4
28,308,10:48,4
28,309,10:49,4
28,310,10:50,4
28,311,10:51,4
28,312,10:52,2
28,313,10:53,2
28,314,10:54,2
28,315,10:55,0
28,316,10:56,0
28,317,10:57,0
28,318,10:58,0
28,319,10:59,0
28,320,11:00,0
28,321,11:01,0
28,322,11:02,0
28,323,11:03,0
28,324,11:04,0
28,325,11:05,0
28,326,11:06,0
28,327,11:07,0
28,328,11:08,0
28,329,11:09,0
28,330,11:10,0
28,331,11:11,1
28,332,11:12,1
28,333,11:13,1
28,334,11:14,1
28,335,11:15,1
28,336,11:16,1
28,337,11:17,1
28,338,11:18,1
28,339,11:19,1
28,340,11:20,1
28,341,11:21,1
28,342,11:22,1
28,343,11:23,1
28,344,11:24,0
28,345,11:25,0
28,346,11:26,0
28,347,11:27,1
28,348,11:28,1
28,349,11:29,1
28,350,11:30,2
28,351,11:31,2
28,352,11:32,2
28,353,11:33,3
28,354,11:34,3
28,355,11:35,3
28,356,11:36,3
28,357,11:37,3
28,358,11:38,3
28,359,11:39,3
28,360,11:40,3
28,361,11:41,3
28,362,11:42,2
28,363,11:43,2
28,364,11:44,2
28,365,11:45,1
28,366,11:46,1
28,367,11:47,1
28,368,11:48,0
28,369,11:49,0
28,370,11:50,0
28,371,11:51,0
28,372,11:52,0
28,373,11:53,0
28,374,11:54,0
28,375,11:55,0
28,376,11:56,0
28,377,11:57,0
28,378,11:58,0
28,379,11:59,0
28,380,12:00,0
28,381,12:01,0
28,382,12:02,0
28,383,12:03,0
28,384,12:04,0
28,385,12:05,0
28,386,12:06,0
28,387,12:07,0
28,388,12:08,0
28,389,12:09,0
28,390,12:10,0
28,391,12:11,0
28,392,12:12,0
28,393,12:13,0
28,394,12:14,0
28,395,12:15,0
28,396,12:16,0
28,397,12:17,0
28,398,12:18,0
28,399,12:19,0
28,400,12:20,0
28,401,12:21,0
28,402,12:22,0
28,403,12:23,0
28,404,12:24,0
28,405,12:25,0
28,406,12:26,1
28,407,12:27,1
28,408,12:28,1
28,409,12:29,2
28,410,12:30,2
28,411,12:31,2
28,412,12:32,2
28,413,12:33,2
28,414,12:34,2
28,415,12:35,2
28,416,12:36,2
28,417,12:37,2
28,418,12:38,2
28,419,12:39,2
28,420,12:40,2
28,421,12:41,2
28,422,12:42,1
28,423,12:43,1
28,424,12:44,1
28,425,12:45,1
28,426,12:46,1
28,427,12:47,1
28,428,12:48,0
28,429,12:49,0
28,430,12:50,0
28,431,12:51,1
28,432,12:52,1
28,433,12:53,1
28,434,12:54,1
28,435,12:55,1
28,436,12:56,1
28,437,12:57,1
28,438,12:58,1
28,439,12:59,1
28,440,13:00,1
28,441,13:01,1
28,442,13:02,1
28,443,13:03,1
28,444,13:04,0
28,445,13:05,0
28,446,13:06,0
28,447,13:07,0
28,448,13:08,0
28,449,13:09,0
28,450,13:10,0
28,451,13:11,0
28,452,13:12,0
28,453,13:13,0
28,454,13:14,0
28,455,13:15,0
28,456,13:16,0
28,457,13:17,0
28,458,13:18,0
28,459,13:19,0
28,460,13:20,0
28,461,13:21,0
28,462,13:22,0
28,463,13:23,0
28,464,13:24,0
28,465,13:25,0
28,466,13:26,0
28,467,13:27,0
28,468,13:28,0
28,469,13:29,0
28,470,13:30,0
28,471,13:31,0
28,472,13:32,0
28,473,13:33,0
28,474,13:34,0
28,475,13:35,0
28,476,13:36,0
28,477,13:37,0
28,478,13:38,0
28,479,13:39,0
28,480,13:40,0
28,481,13:41,0
28,482,13:42,0
28,483,13:43,0
28,484,13:44,0
28,485,13:45,0
28,486,13:46,0
28,487,13:47,0
28,488,13:48,0
28,489,13:49,0
28,490,13:50,0
28,491,13:51,0
28,492,13:52,0
28,493,13:53,0
28,494,13:54,0
28,495,13:55,0
28,496,13:56,0
28,497,13:57,0
28,498,13:58,0
28,499,13:59,0
28,500,14:00,0
28,501,14:01,0
28,502,14:02,0
28,503,14:03,0
28,504,14:04,0
28,505,14:05,0
28,506,14:06,0
28,507,14:07,0
28,508,14:08,0
28,509,14:09,0
28,510,14:10,0
28,511,14:11,0
28,512,14:12,0
28,513,14:13,0
28,514,14:14,0
28,515,14:15,0
28,516,14:16,0
28,517,14:17,0
28,518,14:18,0
28,519,14:19,0
28,520,14:20,0
28,521,14:21,0
28,522,14:22,0
28,523,14:23,0
28,524,14:24,0
28,525,14:25,0
28,526,14:26,0
28,527,14:27,0
28,528,14:28,0
28,529,14:29,1
28,530,14:30,1
28,531,14:31,1
28,532,14:32,2
28,533,14:33,2
28,534,14:34,2
28,535,14:35,2
28,536,14:36,2
28,537,14:37,2
28,538,14:38,2
28,539,14:39,2
28,540,14:40,2
28,541,14:41,2
28,542,14:42,2
28,543,14:43,2
28,544,14:44,2
28,545,14:45,1
28,546,14:46,1
28,547,14:47,1
28,548,14:48,1
28,549,14:49,1
28,550,14:50,1
28,551,14:51,1
28,552,14:52,1
28,553,14:53,1
28,554,14:54,0
28,555,14:55,0
28,556,14:56,0
28,557,14:57,0
28,558,14:58,0
28,559,14:59,1
28,560,15:00,1
28,561,15:01,1
28,562,15:02,1
28,563,15:03,1
28,564,15:04,1
28,565,15:05,1
28,566,15:06,1
28,567,15:07,1
28,568,15:08,1
28,569,15:09,1
28,570,15:10,1
28,571,15:11,1
28,572,15:12,1
28,573,15:13,1
28,574,15:14,0
28,575,15:15,0
28,576,15:16,0
28,577,15:17,0
28,578,15:18,0
28,579,15:19,0
28,580,15:20,0
28,581,15:21,0
28,582,15:22,0
28,583,15:23,0
28,584,15:24,0
28,585,15:25,0
28,586,15:26,1
28,587,15:27,1
28,588,15:28,1
28,589,15:29,1
28,590,15:30,1
28,591,15:31,1
28,592,15:32,1
28,593,15:33,1
28,594,15:34,1
28,595,15:35,1
28,596,15:36,0
28,597,15:37,0
28,598,15:38,0
28,599,15:39,0
28,600,15:40,0
28,601,15:41,0
28,602,15:42,0
28,603,15:43,0
28,604,15:44,0
28,605,15:45,0
28,606,15:46,0
28,607,15:47,0
28,608,15:48,0
28,609,15:49,0
28,610,15:50,0
28,611,15:51,0
28,612,15:52,0
28,613,15:53,0
28,614,15:54,0
28,615,15:55,0
28,616,15:56,0
28,617,15:57,0
28,618,15:58,0
28,619,15:59,0
28,620,16:00,0
28,621,16:01,0
28,622,16:02,0
28,623,16:03,0
28,624,16:04,0
28,625,16:05,0
28,626,16:06,0
28,627,16:07,0
28,628,16:08,0
28,629,16:09,0
28,630,16:10,0
28,631,16:11,0
28,632,16:12,0
28,633,16:13,0
28,634,16:14,1
28,635,16:15,1
28,636,16:16,1
28,637,16:17,1
28,638,16:18,1
28,639,16:19,2
28,640,16:20,2
28,641,16:21,2
28,642,16:22,2
28,643,16:23,2
28,644,16:24,2
28,645,16:25,2
28,646,16:26,2
28,647,16:27,2
28,648,16:28,2
28,649,16:29,2
28,650,16:30,2
28,651,16:31,2
28,652,16:32,2
28,653,16:33,2
28,654,16:34,1
28,655,16:35,1
28,656,16:36,1
28,657,16:37,0
28,658,16:38,0
28,659,16:39,0
28,660,16:40,0
28,661,16:41,0
28,662,16:42,0
28,663,16:43,0
28,664,16:44,0
28,665,16:45,0
28,666,16:46,0
28,667,16:47,1
28,668,16:48,1
28,669,16:49,1
28,670,16:50,1
28,671,16:51,1
28,672,16:52,1
28,673,16:53,1
28,674,16:54,1
28,675,16:55,1
28,676,16:56,1
28,677,16:57,0
28,678,16:58,0
28,679,16:59,0
28,680,17:00,1
28,681,17:01,1
28,682,17:02,1
28,683,17:03,1
28,684,17:04,1
28,685,17:05,1
28,686,17:06,1
28,687,17:07,1
28,688,17:08,1
28,689,17:09,0
28,690,17:10,0
28,691,17:11,0
28,692,17:12,0
28,693,17:13,0
28,694,17:14,0
28,695,17:15,0
28,696,17:16,0
28,697,17:17,0
28,698,17:18,1
28,699,17:19,1
28,700,17:20,1
28,701,17:21,1
28,702,17:22,1
28,703,17:23,1
28,704,17:24,1
28,705,17:25,1
28,706,17:26,1
28,707,17:27,1
28,708,17:28,1
28,709,17:29,1
28,710,17:30,1
28,711,17:31,1
28,712,17:32,1
28,713,17:33,1
28,714,17:34,1
28,715,17:35,0
28,716,17:36,0
28,717,17:37,0
28,718,17:38,1
28,719,17:39,1
28,720,17:40,1
28,721,17:41,1
28,722,17:42,1
28,723,17:43,1
28,724,17:44,1
28,725,17:45,1
28,726,17:46,1
28,727,17:47,1
28,728,17:48,1
28,729,17:49,1
28,730,17:50,1
28,731,17:51,1
28,732,17:52,1
28,733,17:53,1
28,734,17:54,1
28,735,17:55,1
28,736,17:56,0
28,737,17:57,0
28,738,17:58,0
28,739,17:59,2
28,740,18:00,2
28,741,18:01,2
28,742,18:02,2
28,743,18:03,2
28,744,18:04,2
28,745,18:05,2
28,746,18:06,2
28,747,18:07,2
28,748,18:08,2
28,749,18:09,2
28,750,18:10,2
28,751,18:11,2
28,752,18:12,2
28,753,18:13,2
28,754,18:14,0
28,755,18:15,0
28,756,18:16,0
28,757,18:17,2
28,758,18:18,2
28,759,18:19,2
28,760,18:20,2
28,761,18:21,2
28,762,18:22,2
28,763,18:23,2
28,764,18:24,2
28,765,18:25,2
28,766,18:26,2
28,767,18:27,2
28,768,18:28,2
28,769,18:29,2
28,770,18:30,2
28,771,18:31,2
28,772,18:32,2
28,773,18:33,2
28,774,18:34,0
28,775,18:35,0
28,776,18:36,0
28,777,18:37,0
28,778,18:38,0
28,779,18:39,0
28,780,18:40,0
28,781,18:41,0
28,782,18:42,0
28,783,18:43,0
28,784,18:44,0
28,785,18:45,0
28,786,18:46,1
28,787,18:47,1
28,788,18:48,1
28,789,18:49,2
28,790,18:50,2
28,791,18:51,2
28,792,18:52,2
28,793,18:53,2
28,794,18:54,2
28,795,18:55,2
28,796,18:56,2
28,797,18:57,2
28,798,18:58,2
28,799,18:59,1
28,800,19:00,1
28,801,19:01,1
28,802,19:02,0
28,803,19:03,0
28,804,19:04,0
28,805,19:05,0
28,806,19:06,0
28,807,19:07,0
28,808,19:08,0
28,809,19:09,0
28,810,19:10,0
28,811,19:11,0
28,812,19:12,0
28,813,19:13,0
28,814,19:14,0
28,815,19:15,0
28,816,19:16,0
28,817,19:17,0
28,818,19:18,0
28,819,19:19,0
28,820,19:20,0
28,821,19:21,0
28,822,19:22,0
28,823,19:23,0
28,824,19:24,0
28,825,19:25,0
28,826,19:26,0
28,827,19:27,0
28,828,19:28,0
28,829,19:29,0
28,830,19:30,0
28,831,19:31,0
28,832,19:32,0
28,833,19:33,0
28,834,19:34,0
28,835,19:35,0
29,0,05:40,0
29,1,05:41,0
29,2,05:42,0
29,3,05:43,0
29,4,05:44,0
29,5,05:45,0
29,6,05:46,0
29,7,05:47,0
29,8,05:48,0
29,9,05:49,0
29,10,05:50,0
29,11,05:51,0
29,12,05:52,0
29,13,05:53,0
29,14,05:54,0
29,15,05:55,0
29,16,05:56,0
29,17,05:57,0
29,18,05:58,0
29,19,05:59,0
29,20,06:00,0
29,21,06:01,0
29,22,06:02,0
29,23,06:03,0
29,24,06:04,0
29,25,06:05,0
29,26,06:06,0
29,27,06:07,0
29,28,06:08,0
29,29,06:09,0
29,30,06:10,0
29,31,06:11,0
29,32,06:12,0
29,33,06:13,0
29,34,06:14,0
29,35,06:15,0
29,36,06:16,0
29,37,06:17,0
29,38,06:18,0
29,39,06:19,0
29,40,06:20,0
29,41,06:21,0
29,42,06:22,0
29,43,06:23,0
29,44,06:24,0
29,45,06:25,0
29,46,06:26,0
29,47,06:27,0
29,48,06:28,0
29,49,06:29,0
29,50,06:30,0
29,51,06:31,0
29,52,06:32,0
29,53,06:33,0
29,54,06:34,0
29,55,06:35,0
29,56,06:36,0
29,57,06:37,0
29,58,06:38,0
29,59,06:39,0
29,60,06:40,1
29,61,06:41,1
29,62,06:42,1
29,63,06:43,2
29,64,06:44,2
29,65,06:45,2
29,66,06:46,3
29,67,06:47,3
29,68,06:48,3
29,69,06:49,4
29,70,06:50,4
29,71,06:51,4
29,72,06:52,4
29,73,06:53,4
29,74,06:54,4
29,75,06:55,4
29,76,06:56,4
29,77,06:57,4
29,78,06:58,4
29,79,06:59,4
29,80,07:00,4
29,81,07:01,4
29,82,07:02,4
29,83,07:03,4
29,84,07:04,4
29,85,07:05,4
29,86,07:06,4
29,87,07:07,3
29,88,07:08,3
29,89,07:09,3
29,90,07:10,2
29,91,07:11,2
29,92,07:12,2
29,93,07:13,1
29,94,07:14,1
29,95,07:15,1
29,96,07:16,0
29,97,07:17,0
29,98,07:18,0
29,99,07:19,0
29,100,07:20,0
29,101,07:21,0
29,102,07:22,0
29,103,07:23,0
29,104,07:24,0
29,105,07:25,0
29,106,07:26,0
29,107,07:27,0
29,108,07:28,0
29,109,07:29,0
29,110,07:30,0
29,111,07:31,0
29,112,07:32,0
29,113,07:33,0
29,114,07:34,0
29,115,07:35,0
29,116,07:36,0
29,117,07:37,0
29,118,07:38,0
29,119,07:39,0
29,120,07:40,0
29,121,07:41,0
29,122,07:42,0
29,123,07:43,0
29,124,07:44,0
29,125,07:45,0
29,126,07:46,0
29,127,07:47,0
29,128,07:48,0
29,129,07:49,0
29,130,07:50,0
29,131,07:51,0
29,132,07:52,0
29,133,07:53,0
29,134,07:54,0
29,135,07:55,0
29,136,07:56,0
29,137,07:57,0
29,138,07:58,0
29,139,07:59,0
29,140,08:00,0
29,141,08:01,0
29,142,08:02,0
29,143,08:03,0
29,144,08:04,0
29,145,08:05,0
29,146,08:06,0
29,147,08:07,0
29,148,08:08,0
29,149,08:09,0
29,150,08:10,1
29,151,08:11,1
29,152,08:12,1
29,153,08:13,2
29,154,08:14,2
29,155,08:15,2
29,156,08:16,3
29,157,08:17,3
29,158,08:18,3
29,159,08:19,3
29,160,08:20,3
29,161,08:21,3
29,162,08:22,3
29,163,08:23,3
29,164,08:24,3
29,165,08:25,3
29,166,08:26,2
29,167,08:27,2
29,168,08:28,2
29,169,08:29,1
29,170,08:30,1
29,171,08:31,1
29,172,08:32,0
29,173,08:33,0
29,174,08:34,0
29,175,08:35,0
29,176,08:36,0
29,177,08:37,0
29,178,08:38,0
29,179,08:39,0
29,180,08:40,0
29,181,08:41,0
29,182,08:42,0
29,183,08:43,0
29,184,08:44,0
29,185,08:45,0
29,186,08:46,0
29,187,08:47,0
29,188,08:48,0
29,189,08:49,0
29,190,08:50,0
29,191,08:51,0
29,192,08:52,0
29,193,08:53,0
29,194,08:54,0
29,195,08:55,0
29,196,08:56,0
29,197,08:57,0
29,198,08:58,0
29,199,08:59,0
29,200,09:00,0
29,201,09:01,0
29,202,09:02,0
29,203,09:03,0
29,204,09:04,0
29,205,09:05,0
29,206,09:06,0
29,207,09:07,1
29,208,09:08,1
29,209,09:09,1
29,210,09:10,1
29,211,09:11,1
29,212,09:12,1
29,213,09:13,1
29,214,09:14,1
29,215,09:15,1
29,216,09:16,1
29,217,09:17,1
29,218,09:18,1
29,219,09:19,1
29,220,09:20,1
29,221,09:21,1
29,222,09:22,1
29,223,09:23,1
29,224,09:24,1
29,225,09:25,1
29,226,09:26,1
29,227,09:27,1
29,228,09:28,1
29,229,09:29,1
29,230,09:30,0
29,231,09:31,0
29,232,09:32,0
29,233,09:33,0
29,234,09:34,0
29,235,09:35,0
29,236,09:36,0
29,237,09:37,0
29,238,09:38,0
29,239,09:39,1
29,240,09:40,1
29,241,09:41,1
29,242,09:42,1
29,243,09:43,1
29,244,09:44,1
29,245,09:45,1
29,246,09:46,1
29,247,09:47,1
29,248,09:48,1
29,249,09:49,1
29,250,09:50,1
29,251,09:51,1
29,252,09:52,1
29,253,09:53,1
29,254,09:54,1
29,255,09:55,1
29,256,09:56,1
29,257,09:57,0
29,258,09:58,0
29,259,09:59,0
29,260,10:00,0
29,261,10:01,0
29,262,10:02,0
29,263,10:03,0
29,264,10:04,1
29,265,10:05,1
29,266,10:06,1
29,267,10:07,1
29,268,10:08,1
29,269,10:09,1
29,270,10:10,1
29,271,10:11,1
29,272,10:12,1
29,273,10:13,1
29,274,10:14,1
29,275,10:15,1
29,276,10:16,1
29,277,10:17,2
29,278,10:18,2
29,279,10:19,2
29,280,10:20,1
29,281,10:21,1
29,282,10:22,1
29,283,10:23,1
29,284,10:24,1
29,285,10:25,1
29,286,10:26,1
29,287,10:27,1
29,288,10:28,1
29,289,10:29,1
29,290,10:30,1
29,291,10:31,1
29,292,10:32,1
29,293,10:33,0
29,294,10:34,0
29,295,10:35,0
29,296,10:36,1
29,297,10:37,1
29,298,10:38,1
29,299,10:39,2
29,300,10:40,2
29,301,10:41,2
29,302,10:42,2
29,303,10:43,2
29,304,10:44,2
29,305,10:45,2
29,306,10:46,2
29,307,10:47,2
29,308,10:48,2
29,309,10:49,2
29,310,10:50,1
29,311,10:51,1
29,312,10:52,1
29,313,10:53,0
29,314,10:54,0
29,315,10:55,0
29,316,10:56,0
29,317,10:57,0
29,318,10:58,0
29,319,10:59,0
29,320,11:00,0
29,321,11:01,1
29,322,11:02,1
29,323,11:03,1
29,324,11:04,1
29,325,11:05,1
29,326,11:06,1
29,327,11:07,1
29,328,11:08,1
29,329,11:09,1
29,330,11:10,1
29,331,11:11,1
29,332,11:12,0
29,333,11:13,0
29,334,11:14,0
29,335,11:15,0
29,336,11:16,0
29,337,11:17,0
29,338,11:18,0
29,339,11:19,0
29,340,11:20,0
29,341,11:21,0
29,342,11:22,0
29,343,11:23,0
29,344,11:24,0
29,345,11:25,0
29,346,11:26,0
29,347,11:27,0
29,348,11:28,0
29,349,11:29,0
29,350,11:30,0
29,351,11:31,0
29,352,11:32,0
29,353,11:33,0
29,354,11:34,0
29,355,11:35,0
29,356,11:36,0
29,357,11:37,0
29,358,11:38,0
29,359,11:39,0
29,360,11:40,0
29,361,11:41,0
29,362,11:42,0
29,363,11:43,0
29,364,11:44,1
29,365,11:45,1
29,366,11:46,1
29,367,11:47,1
29,368,11:48,1
29,369,11:49,1
29,370,11:50,2
29,371,11:51,2
29,372,11:52,2
29,373,11:53,2
29,374,11:54,2
29,375,11:55,2
29,376,11:56,2
29,377,11:57,2
29,378,11:58,2
29,379,11:59,2
29,380,12:00,2
29,381,12:01,1
29,382,12:02,1
29,383,12:03,1
29,384,12:04,0
29,385,12:05,0
29,386,12:06,0
29,387,12:07,0
29,388,12:08,0
29,389,12:09,0
29,390,12:10,0
29,391,12:11,0
29,392,12:12,0
29,393,12:13,0
29,394,12:14,0
29,395,12:15,0
29,396,12:16,0
29,397,12:17,0
29,398,12:18,0
29,399,12:19,0
29,400,12:20,0
29,401,12:21,0
29,402,12:22,0
29,403,12:23,0
29,404,12:24,0
29,405,12:25,0
29,406,12:26,0
29,407,12:27,0
29,408,12:28,0
29,409,12:29,0
29,410,12:30,0
29,411,12:31,1
29,412,12:32,1
29,413,12:33,1
29,414,12:34,1
29,415,12:35,1
29,416,12:36,1
29,417,12:37,1
29,418,12:38,1
29,419,12:39,1
29,420,12:40,1
29,421,12:41,1
29,422,12:42,1
29,423,12:43,1
29,424,12:44,1
29,425,12:45,1
29,426,12:46,1
29,427,12:47,1
29,428,12:48,1
29,429,12:49,1
29,430,12:50,1
29,431,12:51,1
29,432,12:52,1
29,433,12:53,1
29,434,12:54,1
29,435,12:55,1
29,436,12:56,1
29,437,12:57,1
29,438,12:58,1
29,439,12:59,1
29,440,13:00,1
29,441,13:01,0
29,442,13:02,0
29,443,13:03,0
29,444,13:04,0
29,445,13:05,0
29,446,13:06,0
29,447,13:07,0
29,448,13:08,0
29,449,13:09,0
29,450,13:10,0
29,451,13:11,0
29,452,13:12,0
29,453,13:13,0
29,454,13:14,0
29,455,13:15,0
29,456,13:16,0
29,457,13:17,0
29,458,13:18,0
29,459,13:19,0
29,460,13:20,0
29,461,13:21,0
29,462,13:22,0
29,463,13:23,0
29,464,13:24,0
29,465,13:25,0
29,466,13:26,0
29,467,13:27,0
29,468,13:28,0
29,469,13:29,0
29,470,13:30,0
29,471,13:31,0
29,472,13:32,0
29,473,13:33,0
29,474,13:34,0
29,475,13:35,0
29,476,13:36,0
29,477,13:37,0
29,478,13:38,0
29,479,13:39,0
29,480,13:40,0
29,481,13:41,0
29,482,13:42,0
29,483,13:43,0
29,484,13:44,0
29,485,13:45,0
29,486,13:46,1
29,487,13:47,1
29,488,13:48,1
29,489,13:49,2
29,490,13:50,2
29,491,13:51,2
29,492,13:52,2
29,493,13:53,2
29,494,13:54,2
29,495,13:55,2
29,496,13:56,2
29,497,13:57,2
29,498,13:58,2
29,499,13:59,2
29,500,14:00,2
29,501,14:01,2
29,502,14:02,2
29,503,14:03,2
29,504,14:04,2
29,505,14:05,2
29,506,14:06,2
29,507,14:07,1
29,508,14:08,1
29,509,14:09,1
29,510,14:10,1
29,511,14:11,1
29,512,14:12,1
29,513,14:13,1
29,514,14:14,1
29,515,14:15,1
29,516,14:16,1
29,517,14:17,0
29,518,14:18,0
29,519,14:19,0
29,520,14:20,1
29,521,14:21,1
29,522,14:22,1
29,523,14:23,1
29,524,14:24,1
29,525,14:25,1
29,526,14:26,1
29,527,14:27,1
29,528,14:28,1
29,529,14:29,1
29,530,14:30,1
29,531,14:31,1
29,532,14:32,1
29,533,14:33,1
29,534,14:34,1
29,535,14:35,0
29,536,14:36,0
29,537,14:37,0
29,538,14:38,0
29,539,14:39,0
29,540,14:40,0
29,541,14:41,0
29,542,14:42,0
29,543,14:43,0
29,544,14:44,0
29,545,14:45,0
29,546,14:46,0
29,547,14:47,1
29,548,14:48,1
29,549,14:49,1
29,550,14:50,1
29,551,14:51,1
29,552,14:52,1
29,553,14:53,1
29,554,14:54,1
29,555,14:55,1
29,556,14:56,1
29,557,14:57,0
29,558,14:58,0
29,559,14:59,0
29,560,15:00,1
29,561,15:01,1
29,562,15:02,1
29,563,15:03,1
29,564,15:04,1
29,565,15:05,1
29,566,15:06,1
29,567,15:07,1
29,568,15:08,1
29,569,15:09,1
29,570,15:10,1
29,571,15:11,1
29,572,15:12,1
29,573,15:13,1
29,574,15:14,1
29,575,15:15,1
29,576,15:16,1
29,577,15:17,1
29,578,15:18,0
29,579,15:19,0
29,580,15:20,0
29,581,15:21,0
29,582,15:22,0
29,583,15:23,0
29,584,15:24,0
29,585,15:25,0
29,586,15:26,0
29,587,15:27,0
29,588,15:28,0
29,589,15:29,0
29,590,15:30,0
29,591,15:31,0
29,592,15:32,0
29,593,15:33,0
29,594,15:34,0
29,595,15:35,0
29,596,15:36,0
29,597,15:37,0
29,598,15:38,1
29,599,15:39,1
29,600,15:40,1
29,601,15:41,1
29,602,15:42,1
29,603,15:43,1
29,604,15:44,1
29,605,15:45,1
29,606,15:46,1
29,607,15:47,1
29,608,15:48,1
29,609,15:49,1
29,610,15:50,1
29,611,15:51,1
29,612,15:52,1
29,613,15:53,1
29,614,15:54,1
29,615,15:55,1
29,616,15:56,1
29,617,15:57,1
29,618,15:58,1
29,619,15:59,1
29,620,16:00,1
29,621,16:01,1
29,622,16:02,1
29,623,16:03,0
29,624,16:04,0
29,625,16:05,0
29,626,16:06,1
29,627,16:07,1
29,628,16:08,1
29,629,16:09,3
29,630,16:10,3
29,631,16:11,3
29,632,16:12,3
29,633,16:13,3
29,634,16:14,3
29,635,16:15,3
29,636,16:16,3
29,637,16:17,3
29,638,16:18,3
29,639,16:19,3
29,640,16:20,2
29,641,16:21,2
29,642,16:22,2
29,643,16:23,0
29,644,16:24,0
29,645,16:25,0
29,646,16:26,1
29,647,16:27,1
29,648,16:28,1
29,649,16:29,1
29,650,16:30,1
29,651,16:31,1
29,652,16:32,2
29,653,16:33,2
29,654,16:34,2
29,655,16:35,2
29,656,16:36,2
29,657,16:37,2
29,658,16:38,2
29,659,16:39,2
29,660,16:40,2
29,661,16:41,2
29,662,16:42,2
29,663,16:43,2
29,664,16:44,2
29,665,16:45,2
29,666,16:46,2
29,667,16:47,2
29,668,16:48,2
29,669,16:49,2
29,670,16:50,2
29,671,16:51,2
29,672,16:52,1
29,673,16:53,1
29,674,16:54,1
29,675,16:55,0
29,676,16:56,0
29,677,16:57,0
29,678,16:58,0
29,679,16:59,0
29,680,17:00,0
29,681,17:01,0
29,682,17:02,0
29,683,17:03,0
29,684,17:04,0
29,685,17:05,0
29,686,17:06,0
29,687,17:07,0
29,688,17:08,2
29,689,17:09,2
29,690,17:10,2
29,691,17:11,2
29,692,17:12,2
29,693,17:13,2
29,694,17:14,2
29,695,17:15,2
29,696,17:16,2
29,697,17:17,3
29,698,17:18,3
29,699,17:19,3
29,700,17:20,3
29,701,17:21,3
29,702,17:22,3
29,703,17:23,3
29,704,17:24,3
29,705,17:25,3
29,706,17:26,3
29,707,17:27,3
29,708,17:28,3
29,709,17:29,3
29,710,17:30,2
29,711,17:31,2
29,712,17:32,2
29,713,17:33,0
29,714,17:34,0
29,715,17:35,0
29,716,17:36,0
29,717,17:37,0
29,718,17:38,0
29,719,17:39,0
29,720,17:40,0
29,721,17:41,0
29,722,17:42,0
29,723,17:43,0
29,724,17:44,0
29,725,17:45,0
29,726,17:46,0
29,727,17:47,0
29,728,17:48,0
29,729,17:49,1
29,730,17:50,1
29,731,17:51,1
29,732,17:52,1
29,733,17:53,1
29,734,17:54,1
29,735,17:55,1
29,736,17:56,1
29,737,17:57,1
29,738,17:58,4
29,739,17:59,4
29,740,18:00,4
29,741,18:01,4
29,742,18:02,4
29,743,18:03,4
29,744,18:04,4
29,745,18:05,4
29,746,18:06,4
29,747,18:07,4
29,748,18:08,3
29,749,18:09,3
29,750,18:10,3
29,751,18:11,0
29,752,18:12,0
29,753,18:13,0
29,754,18:14,1
29,755,18:15,1
29,756,18:16,1
29,757,18:17,1
29,758,18:18,1
29,759,18:19,1
29,760,18:20,1
29,761,18:21,1
29,762,18:22,1
29,763,18:23,0
29,764,18:24,0
29,765,18:25,0
29,766,18:26,0
29,767,18:27,0
29,768,18:28,0
29,769,18:29,0
29,770,18:30,0
29,771,18:31,0
29,772,18:32,0
29,773,18:33,0
29,774,18:34,1
29,775,18:35,1
29,776,18:36,1
29,777,18:37,1
29,778,18:38,1
29,779,18:39,1
29,780,18:40,1
29,781,18:41,1
29,782,18:42,1
29,783,18:43,1
29,784,18:44,1
29,785,18:45,1
29,786,18:46,1
29,787,18:47,1
29,788,18:48,1
29,789,18:49,1
29,790,18:50,1
29,791,18:51,1
29,792,18:52,1
29,793,18:53,0
29,794,18:54,0
29,795,18:55,0
29,796,18:56,0
29,797,18:57,0
29,798,18:58,0
29,799,18:59,0
29,800,19:00,0
29,801,19:01,0
29,802,19:02,0
29,803,19:03,0
29,804,19:04,0
29,805,19:05,0
29,806,19:06,0
29,807,19:07,0
29,808,19:08,0
29,809,19:09,0
29,810,19:10,0
29,811,19:11,0
29,812,19:12,0
29,813,19:13,0
29,814,19:14,0
29,815,19:15,0
29,816,19:16,0
29,817,19:17,0
29,818,19:18,0
29,819,19:19,0
29,820,19:20,0
29,821,19:21,0
29,822,19:22,0
29,823,19:23,0
29,824,19:24,0
29,825,19:25,0
29,826,19:26,0
29,827,19:27,0
29,828,19:28,0
29,829,19:29,0
29,830,19:30,0
29,831,19:31,0
29,832,19:32,0
29,833,19:33,0
29,834,19:34,0
29,835,19:35,0
30,0,05:40,0
30,1,05:41,0
30,2,05:42,0
30,3,05:43,0
30,4,05:44,0
30,5,05:45,0
30,6,05:46,0
30,7,05:47,0
30,8,05:48,0
30,9,05:49,0
30,10,05:50,0
30,11,05:51,0
30,12,05:52,0
30,13,05:53,0
30,14,05:54,0
30,15,05:55,0
30,16,05:56,0
30,17,05:57,0
30,18,05:58,0
30,19,05:59,0
30,20,06:00,0
30,21,06:01,0
30,22,06:02,0
30,23,06:03,0
30,24,06:04,0
30,25,06:05,0
30,26,06:06,0
30,27,06:07,0
30,28,06:08,0
30,29,06:09,0
30,30,06:10,0
30,31,06:11,0
30,32,06:12,0
30,33,06:13,0
30,34,06:14,0
30,35,06:15,0
30,36,06:16,0
30,37,06:17,0
30,38,06:18,0
30,39,06:19,0
30,40,06:20,0
30,41,06:21,0
30,42,06:22,0
30,43,06:23,0
30,44,06:24,0
30,45,06:25,0
30,46,06:26,0
30,47,06:27,0
30,48,06:28,0
30,49,06:29,0
30,50,06:30,0
30,51,06:31,0
30,52,06:32,0
30,53,06:33,0
30,54,06:34,0
30,55,06:35,0
30,56,06:36,0
30,57,06:37,0
30,58,06:38,0
30,59,06:39,0
30,60,06:40,0
30,61,06:41,0
30,62,06:42,0
30,63,06:43,0
30,64,06:44,0
30,65,06:45,0
30,66,06:46,0
30,67,06:47,0
30,68,06:48,0
30,69,06:49,0
30,70,06:50,0
30,71,06:51,0
30,72,06:52,0
30,73,06:53,0
30,74,06:54,0
30,75,06:55,0
30,76,06:56,0
30,77,06:57,0
30,78,06:58,0
30,79,06:59,0
30,80,07:00,0
30,81,07:01,0
30,82,07:02,0
30,83,07:03,0
30,84,07:04,0
30,85,07:05,0
30,86,07:06,0
30,87,07:07,0
30,88,07:08,0
30,89,07:09,0
30,90,07:10,0
30,91,07:11,0
30,92,07:12,0
30,93,07:13,0
30,94,07:14,0
30,95,07:15,0
30,96,07:16,0
30,97,07:17,0
30,98,07:18,0
30,99,07:19,0
30,100,07:20,0
30,101,07:21,0
30,102,07:22,0
30,103,07:23,0
30,104,07:24,0
30,105,07:25,0
30,106,07:26,0
30,107,07:27,0
30,108,07:28,0
30,109,07:29,0
30,110,07:30,0
30,111,07:31,0
30,112,07:32,0
30,113,07:33,0
30,114,07:34,0
30,115,07:35,0
30,116,07:36,0
30,117,07:37,0
30,118,07:38,0
30,119,07:39,0
30,120,07:40,0
30,121,07:41,0
30,122,07:42,0
30,123,07:43,0
30,124,07:44,0
30,125,07:45,0
30,126,07:46,0
30,127,07:47,0
30,128,07:48,0
30,129,07:49,0
30,130,07:50,0
30,131,07:51,0
30,132,07:52,0
30,133,07:53,0
30,134,07:54,0
30,135,07:55,0
30,136,07:56,0
30,137,07:57,0
30,138,07:58,0
30,139,07:59,0
30,140,08:00,0
30,141,08:01,0
30,142,08:02,0
30,143,08:03,0
30,144,08:04,0
30,145,08:05,0
30,146,08:06,0
30,147,08:07,0
30,148,08:08,0
30,149,08:09,0
30,150,08:10,0
30,151,08:11,0
30,152,08:12,0
30,153,08:13,0
30,154,08:14,0
30,155,08:15,0
30,156,08:16,0
30,157,08:17,0
30,158,08:18,0
30,159,08:19,0
30,160,08:20,0
30,161,08:21,0
30,162,08:22,0
30,163,08:23,0
30,164,08:24,0
30,165,08:25,0
30,166,08:26,0
30,167,08:27,1
30,168,08:28,1
30,169,08:29,1
30,170,08:30,1
30,171,08:31,1
30,172,08:32,1
30,173,08:33,1
30,174,08:34,1
30,175,08:35,1
30,176,08:36,1
30,177,08:37,1
30,178,08:38,1
30,179,08:39,1
30,180,08:40,1
30,181,08:41,0
30,182,08:42,0
30,183,08:43,0
30,184,08:44,1
30,185,08:45,1
30,186,08:46,1
30,187,08:47,1
30,188,08:48,1
30,189,08:49,1
30,190,08:50,1
30,191,08:51,1
30,192,08:52,1
30,193,08:53,1
30,194,08:54,1
30,195,08:55,1
30,196,08:56,1
30,197,08:57,1
30,198,08:58,1
30,199,08:59,1
30,200,09:00,1
30,201,09:01,1
30,202,09:02,1
30,203,09:03,1
30,204,09:04,1
30,205,09:05,1
30,206,09:06,0
30,207,09:07,0
30,208,09:08,0
30,209,09:09,0
30,210,09:10,0
30,211,09:11,0
30,212,09:12,0
30,213,09:13,0
30,214,09:14,0
30,215,09:15,0
30,216,09:16,1
30,217,09:17,1
30,218,09:18,1
30,219,09:19,1
30,220,09:20,1
30,221,09:21,1
30,222,09:22,1
30,223,09:23,1
30,224,09:24,1
30,225,09:25,1
30,226,09:26,1
30,227,09:27,1
30,228,09:28,1
30,229,09:29,1
30,230,09:30,1
30,231,09:31,1
30,232,09:32,1
30,233,09:33,1
30,234,09:34,1
30,235,09:35,1
30,236,09:36,1
30,237,09:37,1
30,238,09:38,1
30,239,09:39,1
30,240,09:40,1
30,241,09:41,1
30,242,09:42,0
30,243,09:43,0
30,244,09:44,0
30,245,09:45,0
30,246,09:46,0
30,247,09:47,0
30,248,09:48,0
30,249,09:49,0
30,250,09:50,0
30,251,09:51,1
30,252,09:52,1
30,253,09:53,1
30,254,09:54,1
30,255,09:55,1
30,256,09:56,1
30,257,09:57,1
30,258,09:58,1
30,259,09:59,1
30,260,10:00,1
30,261,10:01,0
30,262,10:02,0
30,263,10:03,0
30,264,10:04,0
30,265,10:05,0
30,266,10:06,0
30,267,10:07,0
30,268,10:08,0
30,269,10:09,0
30,270,10:10,0
30,271,10:11,1
30,272,10:12,1
30,273,10:13,1
30,274,10:14,1
30,275,10:15,1
30,276,10:16,1
30,277,10:17,1
30,278,10:18,1
30,279,10:19,1
30,280,10:20,1
30,281,10:21,1
30,282,10:22,1
30,283,10:23,1
30,284,10:24,0
30,285,10:25,0
30,286,10:26,0
30,287,10:27,0
30,288,10:28,0
30,289,10:29,0
30,290,10:30,0
30,291,10:31,0
30,292,10:32,0
30,293,10:33,0
30,294,10:34,0
30,295,10:35,0
30,296,10:36,0
30,297,10:37,0
30,298,10:38,0
30,299,10:39,0
30,300,10:40,1
30,301,10:41,1
30,302,10:42,1
30,303,10:43,1
30,304,10:44,1
30,305,10:45,1
30,306,10:46,1
30,307,10:47,1
30,308,10:48,1
30,309,10:49,1
30,310,10:50,1
30,311,10:51,0
30,312,10:52,0
30,313,10:53,0
30,314,10:54,0
30,315,10:55,0
30,316,10:56,0
30,317,10:57,1
30,318,10:58,1
30,319,10:59,1
30,320,11:00,1
30,321,11:01,1
30,322,11:02,1
30,323,11:03,1
30,324,11:04,1
30,325,11:05,1
30,326,11:06,1
30,327,11:07,1
30,328,11:08,0
30,329,11:09,0
30,330,11:10,0
30,331,11:11,1
30,332,11:12,1
30,333,11:13,1
30,334,11:14,1
30,335,11:15,1
30,336,11:16,1
30,337,11:17,1
30,338,11:18,1
30,339,11:19,1
30,340,11:20,1
30,341,11:21,1
30,342,11:22,1
30,343,11:23,1
30,344,11:24,1
30,345,11:25,1
30,346,11:26,1
30,347,11:27,1
30,348,11:28,0
30,349,11:29,0
30,350,11:30,0
30,351,11:31,0
30,352,11:32,0
30,353,11:33,0
30,354,11:34,0
30,355,11:35,0
30,356,11:36,1
30,357,11:37,1
30,358,11:38,1
30,359,11:39,1
30,360,11:40,1
30,361,11:41,1
30,362,11:42,1
30,363,11:43,1
30,364,11:44,1
30,365,11:45,1
30,366,11:46,1
30,367,11:47,1
30,368,11:48,1
30,369,11:49,1
30,370,11:50,1
30,371,11:51,1
30,372,11:52,1
30,373,11:53,1
30,374,11:54,1
30,375,11:55,1
30,376,11:56,1
30,377,11:57,1
30,378,11:58,1
30,379,11:59,1
30,380,12:00,1
30,381,12:01,1
30,382,12:02,1
30,383,12:03,1
30,384,12:04,1
30,385,12:05,1
30,386,12:06,0
30,387,12:07,0
30,388,12:08,0
30,389,12:09,0
30,390,12:10,0
30,391,12:11,0
30,392,12:12,0
30,393,12:13,0
30,394,12:14,0
30,395,12:15,0
30,396,12:16,1
30,397,12:17,1
30,398,12:18,1
30,399,12:19,1
30,400,12:20,1
30,401,12:21,1
30,402,12:22,1
30,403,12:23,1
30,404,12:24,1
30,405,12:25,1
30,406,12:26,1
30,407,12:27,1
30,408,12:28,1
30,409,12:29,1
30,410,12:30,1
30,411,12:31,1
30,412,12:32,1
30,413,12:33,1
30,414,12:34,1
30,415,12:35,1
30,416,12:36,1
30,417,12:37,1
30,418,12:38,1
30,419,12:39,1
30,420,12:40,1
30,421,12:41,1
30,422,12:42,1
30,423,12:43,1
30,424,12:44,1
30,425,12:45,1
30,426,12:46,0
30,427,12:47,0
30,428,12:48,0
30,429,12:49,1
30,430,12:50,1
30,431,12:51,1
30,432,12:52,1
30,433,12:53,1
30,434,12:54,1
30,435,12:55,1
30,436,12:56,1
30,437,12:57,1
30,438,12:58,1
30,439,12:59,1
30,440,13:00,1
30,441,13:01,1
30,442,13:02,1
30,443,13:03,1
30,444,13:04,1
30,445,13:05,1
30,446,13:06,1
30,447,13:07,1
30,448,13:08,1
30,449,13:09,1
30,450,13:10,1
30,451,13:11,1
30,452,13:12,1
30,453,13:13,1
30,454,13:14,1
30,455,13:15,1
30,456,13:16,1
30,457,13:17,1
30,458,13:18,1
30,459,13:19,0
30,460,13:20,0
30,461,13:21,0
30,462,13:22,0
30,463,13:23,0
30,464,13:24,0
30,465,13:25,0
30,466,13:26,0
30,467,13:27,0
30,468,13:28,1
30,469,13:29,1
30,470,13:30,1
30,471,13:31,1
30,472,13:32,1
30,473,13:33,1
30,474,13:34,1
30,475,13:35,1
30,476,13:36,1
30,477,13:37,1
30,478,13:38,1
30,479,13:39,1
30,480,13:40,1
30,481,13:41,1
30,482,13:42,1
30,483,13:43,0
30,484,13:44,0
30,485,13:45,0
30,486,13:46,1
30,487,13:47,1
30,488,13:48,1
30,489,13:49,2
30,490,13:50,2
30,491,13:51,2
30,492,13:52,2
30,493,13:53,2
30,494,13:54,2
30,495,13:55,2
30,496,13:56,2
30,497,13:57,2
30,498,13:58,2
30,499,13:59,2
30,500,14:00,2
30,501,14:01,2
30,502,14:02,2
30,503,14:03,2
30,504,14:04,2
30,505,14:05,2
30,506,14:06,2
30,507,14:07,2
30,508,14:08,2
30,509,14:09,2
30,510,14:10,2
30,511,14:11,2
30,512,14:12,2
30,513,14:13,2
30,514,14:14,2
30,515,14:15,2
30,516,14:16,2
30,517,14:17,2
30,518,14:18,2
30,519,14:19,2
30,520,14:20,2
30,521,14:21,2
30,522,14:22,2
30,523,14:23,1
30,524,14:24,1
30,525,14:25,1
30,526,14:26,0
30,527,14:27,0
30,528,14:28,0
30,529,14:29,0
30,530,14:30,0
30,531,14:31,0
30,532,14:32,0
30,533,14:33,0
30,534,14:34,0
30,535,14:35,0
30,536,14:36,0
30,537,14:37,0
30,538,14:38,0
30,539,14:39,0
30,540,14:40,0
30,541,14:41,0
30,542,14:42,0
30,543,14:43,1
30,544,14:44,1
30,545,14:45,1
30,546,14:46,2
30,547,14:47,2
30,548,14:48,2
30,549,14:49,2
30,550,14:50,2
30,551,14:51,2
30,552,14:52,2
30,553,14:53,2
30,554,14:54,2
30,555,14:55,2
30,556,14:56,2
30,557,14:57,2
30,558,14:58,2
30,559,14:59,1
30,560,15:00,1
30,561,15:01,1
30,562,15:02,1
30,563,15:03,1
30,564,15:04,1
30,565,15:05,1
30,566,15:06,1
30,567,15:07,1
30,568,15:08,1
30,569,15:09,0
30,570,15:10,0
30,571,15:11,0
30,572,15:12,0
30,573,15:13,0
30,574,15:14,0
30,575,15:15,0
30,576,15:16,0
30,577,15:17,0
30,578,15:18,0
30,579,15:19,2
30,580,15:20,2
30,581,15:21,2
30,582,15:22,2
30,583,15:23,2
30,584,15:24,2
30,585,15:25,2
30,586,15:26,2
30,587,15:27,2
30,588,15:28,2
30,589,15:29,2
30,590,15:30,2
30,591,15:31,2
30,592,15:32,2
30,593,15:33,2
30,594,15:34,2
30,595,15:35,2
30,596,15:36,2
30,597,15:37,2
30,598,15:38,0
30,599,15:39,0
30,600,15:40,0
30,601,15:41,1
30,602,15:42,1
30,603,15:43,1
30,604,15:44,1
30,605,15:45,1
30,606,15:46,1
30,607,15:47,1
30,608,15:48,2
30,609,15:49,2
30,610,15:50,2
30,611,15:51,2
30,612,15:52,2
30,613,15:53,2
30,614,15:54,2
30,615,15:55,2
30,616,15:56,2
30,617,15:57,1
30,618,15:58,1
30,619,15:59,1
30,620,16:00,1
30,621,16:01,1
30,622,16:02,1
30,623,16:03,0
30,624,16:04,0
30,625,16:05,0
30,626,16:06,0
30,627,16:07,1
30,628,16:08,1
30,629,16:09,1
30,630,16:10,1
30,631,16:11,1
30,632,16:12,1
30,633,16:13,1
30,634,16:14,1
30,635,16:15,1
30,636,16:16,0
30,637,16:17,0
30,638,16:18,0
30,639,16:19,0
30,640,16:20,1
30,641,16:21,1
30,642,16:22,1
30,643,16:23,2
30,644,16:24,2
30,645,16:25,2
30,646,16:26,2
30,647,16:27,2
30,648,16:28,2
30,649,16:29,2
30,650,16:30,2
30,651,16:31,2
30,652,16:32,1
30,653,16:33,1
30,654,16:34,1
30,655,16:35,0
30,656,16:36,0
30,657,16:37,0
30,658,16:38,0
30,659,16:39,0
30,660,16:40,1
30,661,16:41,1
30,662,16:42,1
30,663,16:43,1
30,664,16:44,1
30,665,16:45,1
30,666,16:46,1
30,667,16:47,1
30,668,16:48,1
30,669,16:49,1
30,670,16:50,1
30,671,16:51,0
30,672,16:52,0
30,673,16:53,0
30,674,16:54,0
30,675,16:55,0
30,676,16:56,0
30,677,16:57,0
30,678,16:58,0
30,679,16:59,0
30,680,17:00,0
30,681,17:01,0
30,682,17:02,0
30,683,17:03,0
30,684,17:04,0
30,685,17:05,0
30,686,17:06,1
30,687,17:07,1
30,688,17:08,1
30,689,17:09,1
30,690,17:10,1
30,691,17:11,1
30,692,17:12,1
30,693,17:13,1
30,694,17:14,1
30,695,17:15,1
30,696,17:16,2
30,697,17:17,2
30,698,17:18,2
30,699,17:19,1
30,700,17:20,1
30,701,17:21,1
30,702,17:22,1
30,703,17:23,1
30,704,17:24,1
30,705,17:25,1
30,706,17:26,1
30,707,17:27,1
30,708,17:28,1
30,709,17:29,0
30,710,17:30,0
30,711,17:31,0
30,712,17:32,0
30,713,17:33,0
30,714,17:34,0
30,715,17:35,0
30,716,17:36,0
30,717,17:37,0
30,718,17:38,0
30,719,17:39,0
30,720,17:40,2
30,721,17:41,2
30,722,17:42,2
30,723,17:43,2
30,724,17:44,2
30,725,17:45,2
30,726,17:46,2
30,727,17:47,2
30,728,17:48,2
30,729,17:49,2
30,730,17:50,0
30,731,17:51,0
30,732,17:52,0
30,733,17:53,1
30,734,17:54,1
30,735,17:55,1
30,736,17:56,2
30,737,17:57,2
30,738,17:58,2
30,739,17:59,2
30,740,18:00,2
30,741,18:01,2
30,742,18:02,2
30,743,18:03,2
30,744,18:04,2
30,745,18:05,2
30,746,18:06,1
30,747,18:07,1
30,748,18:08,1
30,749,18:09,0
30,750,18:10,0
30,751,18:11,0
30,752,18:12,1
30,753,18:13,1
30,754,18:14,1
30,755,18:15,1
30,756,18:16,1
30,757,18:17,1
30,758,18:18,1
30,759,18:19,1
30,760,18:20,1
30,761,18:21,0
30,762,18:22,0
30,763,18:23,0
30,764,18:24,1
30,765,18:25,1
30,766,18:26,1
30,767,18:27,3
30,768,18:28,3
30,769,18:29,3
30,770,18:30,3
30,771,18:31,3
30,772,18:32,3
30,773,18:33,3
30,774,18:34,3
30,775,18:35,3
30,776,18:36,3
30,777,18:37,2
30,778,18:38,2
30,779,18:39,2
30,780,18:40,0
30,781,18:41,0
30,782,18:42,0
30,783,18:43,0
30,784,18:44,0
30,785,18:45,0
30,786,18:46,1
30,787,18:47,1
30,788,18:48,1
30,789,18:49,1
30,790,18:50,3
30,791,18:51,3
30,792,18:52,3
30,793,18:53,3
30,794,18:54,3
30,795,18:55,3
30,796,18:56,3
30,797,18:57,3
30,798,18:58,3
30,799,18:59,2
30,800,19:00,2
30,801,19:01,2
30,802,19:02,2
30,803,19:03,2
30,804,19:04,2
30,805,19:05,2
30,806,19:06,2
30,807,19:07,2
30,808,19:08,2
30,809,19:09,0
30,810,19:10,0
30,811,19:11,0
30,812,19:12,0
30,813,19:13,0
30,814,19:14,0
30,815,19:15,0
30,816,19:16,0
30,817,19:17,0
30,818,19:18,0
30,819,19:19,0
30,820,19:20,0
30,821,19:21,0
30,822,19:22,0
30,823,19:23,0
30,824,19:24,0
30,825,19:25,0
30,826,19:26,0
30,827,19:27,0
30,828,19:28,0
30,829,19:29,0
30,830,19:30,0
30,831,19:31,0
30,832,19:32,0
30,833,19:33,0
30,834,19:34,0
30,835,19:35,0
31,0,05:40,0
31,1,05:41,0
31,2,05:42,0
31,3,05:43,0
31,4,05:44,0
31,5,05:45,0
31,6,05:46,0
31,7,05:47,0
31,8,05:48,0
31,9,05:49,0
31,10,05:50,0
31,11,05:51,0
31,12,05:52,0
31,13,05:53,0
31,14,05:54,0
31,15,05:55,0
31,16,05:56,0
31,17,05:57,0
31,18,05:58,0
31,19,05:59,0
31,20,06:00,0
31,21,06:01,0
31,22,06:02,0
31,23,06:03,0
31,24,06:04,0
31,25,06:05,0
31,26,06:06,0
31,27,06:07,0
31,28,06:08,0
31,29,06:09,0
31,30,06:10,0
31,31,06:11,0
31,32,06:12,0
31,33,06:13,0
31,34,06:14,0
31,35,06:15,0
31,36,06:16,0
31,37,06:17,0
31,38,06:18,0
31,39,06:19,0
31,40,06:20,0
31,41,06:21,0
31,42,06:22,0
31,43,06:23,0
31,44,06:24,0
31,45,06:25,0
31,46,06:26,0
31,47,06:27,0
31,48,06:28,0
31,49,06:29,0
31,50,06:30,0
31,51,06:31,0
31,52,06:32,0
31,53,06:33,0
31,54,06:34,0
31,55,06:35,0
31,56,06:36,0
31,57,06:37,0
31,58,06:38,0
31,59,06:39,0
31,60,06:40,0
31,61,06:41,0
31,62,06:42,0
31,63,06:43,0
31,64,06:44,0
31,65,06:45,0
31,66,06:46,0
31,67,06:47,0
31,68,06:48,0
31,69,06:49,0
31,70,06:50,0
31,71,06:51,0
31,72,06:52,0
31,73,06:53,0
31,74,06:54,0
31,75,06:55,0
31,76,06:56,0
31,77,06:57,0
31,78,06:58,0
31,79,06:59,0
31,80,07:00,0
31,81,07:01,0
31,82,07:02,0
31,83,07:03,0
31,84,07:04,0
31,85,07:05,0
31,86,07:06,0
31,87,07:07,0
31,88,07:08,0
31,89,07:09,0
31,90,07:10,0
31,91,07:11,0
31,92,07:12,0
31,93,07:13,0
31,94,07:14,0
31,95,07:15,0
31,96,07:16,0
31,97,07:17,0
31,98,07:18,0
31,99,07:19,0
31,100,07:20,0
31,101,07:21,0
31,102,07:22,0
31,103,07:23,0
31,104,07:24,0
31,105,07:25,0
31,106,07:26,0
31,107,07:27,0
31,108,07:28,0
31,109,07:29,0
31,110,07:30,0
31,111,07:31,0
31,112,07:32,0
31,113,07:33,0
31,114,07:34,0
31,115,07:35,0
31,116,07:36,0
31,117,07:37,0
31,118,07:38,0
31,119,07:39,0
31,120,07:40,0
31,121,07:41,0
31,122,07:42,0
31,123,07:43,0
31,124,07:44,0
31,125,07:45,0
31,126,07:46,0
31,127,07:47,0
31,128,07:48,0
31,129,07:49,0
31,130,07:50,0
31,131,07:51,0
31,132,07:52,0
31,133,07:53,0
31,134,07:54,0
31,135,07:55,0
31,136,07:56,0
31,137,07:57,0
31,138,07:58,0
31,139,07:59,0
31,140,08:00,0
31,141,08:01,0
31,142,08:02,0
31,143,08:03,0
31,144,08:04,0
31,145,08:05,1
31,146,08:06,1
31,147,08:07,1
31,148,08:08,1
31,149,08:09,1
31,150,08:10,1
31,151,08:11,1
31,152,08:12,1
31,153,08:13,1
31,154,08:14,0
31,155,08:15,0
31,156,08:16,0
31,157,08:17,0
31,158,08:18,0
31,159,08:19,0
31,160,08:20,0
31,161,08:21,0
31,162,08:22,0
31,163,08:23,0
31,164,08:24,0
31,165,08:25,0
31,166,08:26,0
31,167,08:27,1
31,168,08:28,1
31,169,08:29,1
31,170,08:30,2
31,171,08:31,2
31,172,08:32,2
31,173,08:33,2
31,174,08:34,2
31,175,08:35,2
31,176,08:36,2
31,177,08:37,2
31,178,08:38,2
31,179,08:39,2
31,180,08:40,2
31,181,08:41,2
31,182,08:42,2
31,183,08:43,2
31,184,08:44,2
31,185,08:45,1
31,186,08:46,1
31,187,08:47,1
31,188,08:48,0
31,189,08:49,0
31,190,08:50,0
31,191,08:51,0
31,192,08:52,0
31,193,08:53,0
31,194,08:54,0
31,195,08:55,0
31,196,08:56,0
31,197,08:57,0
31,198,08:58,0
31,199,08:59,0
31,200,09:00,0
31,201,09:01,0
31,202,09:02,1
31,203,09:03,1
31,204,09:04,1
31,205,09:05,1
31,206,09:06,1
31,207,09:07,2
31,208,09:08,2
31,209,09:09,2
31,210,09:10,2
31,211,09:11,2
31,212,09:12,2
31,213,09:13,2
31,214,09:14,2
31,215,09:15,2
31,216,09:16,2
31,217,09:17,1
31,218,09:18,1
31,219,09:19,1
31,220,09:20,0
31,221,09:21,0
31,222,09:22,0
31,223,09:23,1
31,224,09:24,1
31,225,09:25,1
31,226,09:26,2
31,227,09:27,2
31,228,09:28,2
31,229,09:29,2
31,230,09:30,2
31,231,09:31,2
31,232,09:32,2
31,233,09:33,2
31,234,09:34,2
31,235,09:35,2
31,236,09:36,1
31,237,09:37,1
31,238,09:38,1
31,239,09:39,1
31,240,09:40,1
31,241,09:41,1
31,242,09:42,1
31,243,09:43,1
31,244,09:44,1
31,245,09:45,1
31,246,09:46,1
31,247,09:47,1
31,248,09:48,1
31,249,09:49,1
31,250,09:50,1
31,251,09:51,0
31,252,09:52,0
31,253,09:53,0
31,254,09:54,0
31,255,09:55,0
31,256,09:56,0
31,257,09:57,0
31,258,09:58,0
31,259,09:59,0
31,260,10:00,0
31,261,10:01,0
31,262,10:02,0
31,263,10:03,0
31,264,10:04,0
31,265,10:05,1
31,266,10:06,1
31,267,10:07,1
31,268,10:08,2
31,269,10:09,2
31,270,10:10,2
31,271,10:11,2
31,272,10:12,2
31,273,10:13,2
31,274,10:14,2
31,275,10:15,2
31,276,10:16,2
31,277,10:17,2
31,278,10:18,2
31,279,10:19,2
31,280,10:20,2
31,281,10:21,2
31,282,10:22,2
31,283,10:23,2
31,284,10:24,2
31,285,10:25,2
31,286,10:26,1
31,287,10:27,1
31,288,10:28,1
31,289,10:29,0
31,290,10:30,0
31,291,10:31,0
31,292,10:32,1
31,293,10:33,1
31,294,10:34,1
31,295,10:35,2
31,296,10:36,2
31,297,10:37,2
31,298,10:38,2
31,299,10:39,2
31,300,10:40,2
31,301,10:41,2
31,302,10:42,2
31,303,10:43,2
31,304,10:44,2
31,305,10:45,1
31,306,10:46,1
31,307,10:47,1
31,308,10:48,0
31,309,10:49,0
31,310,10:50,0
31,311,10:51,1
31,312,10:52,1
31,313,10:53,1
31,314,10:54,2
31,315,10:55,2
31,316,10:56,2
31,317,10:57,2
31,318,10:58,2
31,319,10:59,2
31,320,11:00,2
31,321,11:01,2
31,322,11:02,2
31,323,11:03,2
31,324,11:04,2
31,325,11:05,1
31,326,11:06,1
31,327,11:07,1
31,328,11:08,0
31,329,11:09,0
31,330,11:10,0
31,331,11:11,0
31,332,11:12,0
31,333,11:13,0
31,334,11:14,0
31,335,11:15,0
31,336,11:16,0
31,337,11:17,0
31,338,11:18,0
31,339,11:19,0
31,340,11:20,0
31,341,11:21,0
31,342,11:22,1
31,343,11:23,1
31,344,11:24,1
31,345,11:25,2
31,346,11:26,2
31,347,11:27,2
31,348,11:28,3
31,349,11:29,3
31,350,11:30,3
31,351,11:31,3
31,352,11:32,3
31,353,11:33,3
31,354,11:34,3
31,355,11:35,3
31,356,11:36,3
31,357,11:37,3
31,358,11:38,3
31,359,11:39,2
31,360,11:40,2
31,361,11:41,2
31,362,11:42,1
31,363,11:43,1
31,364,11:44,1
31,365,11:45,0
31,366,11:46,0
31,367,11:47,0
31,368,11:48,0
31,369,11:49,0
31,370,11:50,0
31,371,11:51,0
31,372,11:52,0
31,373,11:53,0
31,374,11:54,0
31,375,11:55,0
31,376,11:56,0
31,377,11:57,0
31,378,11:58,0
31,379,11:59,0
31,380,12:00,0
31,381,12:01,0
31,382,12:02,0
31,383,12:03,0
31,384,12:04,0
31,385,12:05,0
31,386,12:06,0
31,387,12:07,0
31,388,12:08,0
31,389,12:09,0
31,390,12:10,0
31,391,12:11,0
31,392,12:12,0
31,393,12:13,0
31,394,12:14,0
31,395,12:15,0
31,396,12:16,0
31,397,12:17,0
31,398,12:18,0
31,399,12:19,0
31,400,12:20,0
31,401,12:21,0
31,402,12:22,0
31,403,12:23,0
31,404,12:24,0
31,405,12:25,0
31,406,12:26,0
31,407,12:27,0
31,408,12:28,0
31,409,12:29,0
31,410,12:30,0
31,411,12:31,0
31,412,12:32,0
31,413,12:33,0
31,414,12:34,0
31,415,12:35,0
31,416,12:36,0
31,417,12:37,0
31,418,12:38,0
31,419,12:39,0
31,420,12:40,0
31,421,12:41,0
31,422,12:42,0
31,423,12:43,0
31,424,12:44,0
31,425,12:45,0
31,426,12:46,0
31,427,12:47,0
31,428,12:48,0
31,429,12:49,0
31,430,12:50,0
31,431,12:51,0
31,432,12:52,0
31,433,12:53,0
31,434,12:54,0
31,435,12:55,0
31,436,12:56,0
31,437,12:57,0
31,438,12:58,0
31,439,12:59,0
31,440,13:00,0
31,441,13:01,0
31,442,13:02,0
31,443,13:03,1
31,444,13:04,1
31,445,13:05,1
31,446,13:06,2
31,447,13:07,2
31,448,13:08,2
31,449,13:09,2
31,450,13:10,2
31,451,13:11,2
31,452,13:12,2
31,453,13:13,2
31,454,13:14,2
31,455,13:15,2
31,456,13:16,2
31,457,13:17,1
31,458,13:18,1
31,459,13:19,1
31,460,13:20,0
31,461,13:21,0
31,462,13:22,0
31,463,13:23,0
31,464,13:24,0
31,465,13:25,0
31,466,13:26,0
31,467,13:27,0
31,468,13:28,0
31,469,13:29,0
31,470,13:30,0
31,471,13:31,1
31,472,13:32,1
31,473,13:33,1
31,474,13:34,1
31,475,13:35,1
31,476,13:36,1
31,477,13:37,1
31,478,13:38,1
31,479,13:39,1
31,480,13:40,0
31,481,13:41,0
31,482,13:42,0
31,483,13:43,0
31,484,13:44,0
31,485,13:45,0
31,486,13:46,0
31,487,13:47,0
31,488,13:48,0
31,489,13:49,0
31,490,13:50,0
31,491,13:51,1
31,492,13:52,1
31,493,13:53,1
31,494,13:54,1
31,495,13:55,1
31,496,13:56,1
31,497,13:57,1
31,498,13:58,1
31,499,13:59,1
31,500,14:00,0
31,501,14:01,0
31,502,14:02,0
31,503,14:03,0
31,504,14:04,0
31,505,14:05,0
31,506,14:06,0
31,507,14:07,0
31,508,14:08,0
31,509,14:09,1
31,510,14:10,1
31,511,14:11,1
31,512,14:12,1
31,513,14:13,1
31,514,14:14,1
31,515,14:15,1
31,516,14:16,1
31,517,14:17,1
31,518,14:18,0
31,519,14:19,0
31,520,14:20,0
31,521,14:21,1
31,522,14:22,1
31,523,14:23,1
31,524,14:24,1
31,525,14:25,1
31,526,14:26,1
31,527,14:27,1
31,528,14:28,1
31,529,14:29,1
31,530,14:30,2
31,531,14:31,2
31,532,14:32,2
31,533,14:33,2
31,534,14:34,2
31,535,14:35,2
31,536,14:36,2
31,537,14:37,2
31,538,14:38,2
31,539,14:39,2
31,540,14:40,1
31,541,14:41,1
31,542,14:42,1
31,543,14:43,0
31,544,14:44,0
31,545,14:45,0
31,546,14:46,0
31,547,14:47,0
31,548,14:48,0
31,549,14:49,0
31,550,14:50,0
31,551,14:51,0
31,552,14:52,0
31,553,14:53,0
31,554,14:54,0
31,555,14:55,0
31,556,14:56,0
31,557,14:57,0
31,558,14:58,0
31,559,14:59,0
31,560,15:00,1
31,561,15:01,1
31,562,15:02,1
31,563,15:03,1
31,564,15:04,1
31,565,15:05,1
31,566,15:06,1
31,567,15:07,1
31,568,15:08,1
31,569,15:09,1
31,570,15:10,0
31,571,15:11,0
31,572,15:12,0
31,573,15:13,0
31,574,15:14,0
31,575,15:15,0
31,576,15:16,0
31,577,15:17,0
31,578,15:18,0
31,579,15:19,0
31,580,15:20,0
31,581,15:21,0
31,582,15:22,0
31,583,15:23,0
31,584,15:24,0
31,585,15:25,0
31,586,15:26,0
31,587,15:27,0
31,588,15:28,0
31,589,15:29,0
31,590,15:30,0
31,591,15:31,1
31,592,15:32,1
31,593,15:33,1
31,594,15:34,1
31,595,15:35,1
31,596,15:36,1
31,597,15:37,2
31,598,15:38,2
31,599,15:39,2
31,600,15:40,2
31,601,15:41,2
31,602,15:42,2
31,603,15:43,2
31,604,15:44,2
31,605,15:45,2
31,606,15:46,2
31,607,15:47,2
31,608,15:48,2
31,609,15:49,2
31,610,15:50,2
31,611,15:51,2
31,612,15:52,2
31,613,15:53,2
31,614,15:54,2
31,615,15:55,1
31,616,15:56,1
31,617,15:57,1
31,618,15:58,0
31,619,15:59,0
31,620,16:00,0
31,621,16:01,0
31,622,16:02,0
31,623,16:03,0
31,624,16:04,0
31,625,16:05,0
31,626,16:06,0
31,627,16:07,0
31,628,16:08,0
31,629,16:09,0
31,630,16:10,0
31,631,16:11,0
31,632,16:12,0
31,633,16:13,0
31,634,16:14,0
31,635,16:15,0
31,636,16:16,0
31,637,16:17,0
31,638,16:18,0
31,639,16:19,0
31,640,16:20,0
31,641,16:21,0
31,642,16:22,1
31,643,16:23,1
31,644,16:24,1
31,645,16:25,1
31,646,16:26,1
31,647,16:27,1
31,648,16:28,2
31,649,16:29,2
31,650,16:30,2
31,651,16:31,2
31,652,16:32,2
31,653,16:33,2
31,654,16:34,2
31,655,16:35,2
31,656,16:36,2
31,657,16:37,2
31,658,16:38,2
31,659,16:39,2
31,660,16:40,2
31,661,16:41,2
31,662,16:42,2
31,663,16:43,1
31,664,16:44,1
31,665,16:45,1
31,666,16:46,1
31,667,16:47,1
31,668,16:48,1
31,669,16:49,1
31,670,16:50,1
31,671,16:51,1
31,672,16:52,1
31,673,16:53,0
31,674,16:54,0
31,675,16:55,0
31,676,16:56,0
31,677,16:57,0
31,678,16:58,0
31,679,16:59,0
31,680,17:00,0
31,681,17:01,0
31,682,17:02,0
31,683,17:03,2
31,684,17:04,2
31,685,17:05,2
31,686,17:06,4
31,687,17:07,4
31,688,17:08,4
31,689,17:09,4
31,690,17:10,4
31,691,17:11,4
31,692,17:12,4
31,693,17:13,4
31,694,17:14,4
31,695,17:15,2
31,696,17:16,2
31,697,17:17,2
31,698,17:18,0
31,699,17:19,0
31,700,17:20,0
31,701,17:21,2
31,702,17:22,2
31,703,17:23,2
31,704,17:24,2
31,705,17:25,2
31,706,17:26,2
31,707,17:27,2
31,708,17:28,2
31,709,17:29,2
31,710,17:30,2
31,711,17:31,2
31,712,17:32,0
31,713,17:33,0
31,714,17:34,0
31,715,17:35,0
31,716,17:36,0
31,717,17:37,0
31,718,17:38,0
31,719,17:39,0
31,720,17:40,0
31,721,17:41,0
31,722,17:42,0
31,723,17:43,0
31,724,17:44,0
31,725,17:45,0
31,726,17:46,0
31,727,17:47,0
31,728,17:48,0
31,729,17:49,0
31,730,17:50,0
31,731,17:51,1
31,732,17:52,1
31,733,17:53,1
31,734,17:54,1
31,735,17:55,1
31,736,17:56,1
31,737,17:57,1
31,738,17:58,1
31,739,17:59,1
31,740,18:00,1
31,741,18:01,1
31,742,18:02,1
31,743,18:03,1
31,744,18:04,1
31,745,18:05,0
31,746,18:06,0
31,747,18:07,0
31,748,18:08,0
31,749,18:09,0
31,750,18:10,0
31,751,18:11,0
31,752,18:12,0
31,753,18:13,0
31,754,18:14,0
31,755,18:15,0
31,756,18:16,0
31,757,18:17,0
31,758,18:18,0
31,759,18:19,0
31,760,18:20,2
31,761,18:21,2
31,762,18:22,2
31,763,18:23,2
31,764,18:24,2
31,765,18:25,2
31,766,18:26,2
31,767,18:27,2
31,768,18:28,2
31,769,18:29,2
31,770,18:30,2
31,771,18:31,0
31,772,18:32,0
31,773,18:33,0
31,774,18:34,0
31,775,18:35,0
31,776,18:36,0
31,777,18:37,0
31,778,18:38,0
31,779,18:39,0
31,780,18:40,0
31,781,18:41,0
31,782,18:42,0
31,783,18:43,0
31,784,18:44,0
31,785,18:45,0
31,786,18:46,0
31,787,18:47,0
31,788,18:48,1
31,789,18:49,1
31,790,18:50,1
31,791,18:51,1
31,792,18:52,1
31,793,18:53,1
31,794,18:54,1
31,795,18:55,1
31,796,18:56,1
31,797,18:57,0
31,798,18:58,0
31,799,18:59,0
31,800,19:00,1
31,801,19:01,1
31,802,19:02,1
31,803,19:03,1
31,804,19:04,1
31,805,19:05,1
31,806,19:06,1
31,807,19:07,1
31,808,19:08,1
31,809,19:09,0
31,810,19:10,0
31,811,19:11,0
31,812,19:12,0
31,813,19:13,0
31,814,19:14,0
31,815,19:15,0
31,816,19:16,0
31,817,19:17,0
31,818,19:18,0
31,819,19:19,0
31,820,19:20,0
31,821,19:21,0
31,822,19:22,0
31,823,19:23,0
31,824,19:24,0
31,825,19:25,0
31,826,19:26,0
31,827,19:27,0
31,828,19:28,0
31,829,19:29,0
31,830,19:30,0
31,831,19:31,0
31,832,19:32,0
31,833,19:33,0
31,834,19:34,0
31,835,19:35,0
32,0,05:40,0
32,1,05:41,0
32,2,05:42,0
32,3,05:43,0
32,4,05:44,0
32,5,05:45,0
32,6,05:46,0
32,7,05:47,0
32,8,05:48,0
32,9,05:49,0
32,10,05:50,0
32,11,05:51,0
32,12,05:52,0
32,13,05:53,0
32,14,05:54,0
32,15,05:55,0
32,16,05:56,0
32,17,05:57,0
32,18,05:58,0
32,19,05:59,0
32,20,06:00,0
32,21,06:01,0
32,22,06:02,0
32,23,06:03,0
32,24,06:04,0
32,25,06:05,0
32,26,06:06,0
32,27,06:07,0
32,28,06:08,0
32,29,06:09,0
32,30,06:10,0
32,31,06:11,0
32,32,06:12,0
32,33,06:13,0
32,34,06:14,0
32,35,06:15,0
32,36,06:16,0
32,37,06:17,0
32,38,06:18,0
32,39,06:19,0
32,40,06:20,0
32,41,06:21,0
32,42,06:22,0
32,43,06:23,0
32,44,06:24,0
32,45,06:25,0
32,46,06:26,0
32,47,06:27,0
32,48,06:28,0
32,49,06:29,0
32,50,06:30,0
32,51,06:31,0
32,52,06:32,0
32,53,06:33,0
32,54,06:34,0
32,55,06:35,0
32,56,06:36,0
32,57,06:37,0
32,58,06:38,0
32,59,06:39,0
32,60,06:40,0
32,61,06:41,0
32,62,06:42,0
32,63,06:43,0
32,64,06:44,0
32,65,06:45,0
32,66,06:46,0
32,67,06:47,0
32,68,06:48,0
32,69,06:49,0
32,70,06:50,0
32,71,06:51,0
32,72,06:52,0
32,73,06:53,0
32,74,06:54,0
32,75,06:55,0
32,76,06:56,0
32,77,06:57,0
32,78,06:58,0
32,79,06:59,0
32,80,07:00,0
32,81,07:01,0
32,82,07:02,0
32,83,07:03,0
32,84,07:04,0
32,85,07:05,0
32,86,07:06,0
32,87,07:07,0
32,88,07:08,0
32,89,07:09,0
32,90,07:10,0
32,91,07:11,0
32,92,07:12,0
32,93,07:13,0
32,94,07:14,0
32,95,07:15,0
32,96,07:16,0
32,97,07:17,0
32,98,07:18,0
32,99,07:19,0
32,100,07:20,0
32,101,07:21,0
32,102,07:22,0
32,103,07:23,0
32,104,07:24,0
32,105,07:25,0
32,106,07:26,0
32,107,07:27,0
32,108,07:28,0
32,109,07:29,0
32,110,07:30,0
32,111,07:31,0
32,112,07:32,0
32,113,07:33,0
32,114,07:34,0
32,115,07:35,0
32,116,07:36,0
32,117,07:37,0
32,118,07:38,0
32,119,07:39,0
32,120,07:40,0
32,121,07:41,0
32,122,07:42,0
32,123,07:43,0
32,124,07:44,0
32,125,07:45,0
32,126,07:46,0
32,127,07:47,1
32,128,07:48,1
32,129,07:49,1
32,130,07:50,1
32,131,07:51,1
32,132,07:52,1
32,133,07:53,1
32,134,07:54,1
32,135,07:55,1
32,136,07:56,1
32,137,07:57,0
32,138,07:58,0
32,139,07:59,0
32,140,08:00,0
32,141,08:01,0
32,142,08:02,0
32,143,08:03,0
32,144,08:04,0
32,145,08:05,0
32,146,08:06,0
32,147,08:07,1
32,148,08:08,1
32,149,08:09,1
32,150,08:10,1
32,151,08:11,1
32,152,08:12,1
32,153,08:13,1
32,154,08:14,1
32,155,08:15,1
32,156,08:16,1
32,157,08:17,0
32,158,08:18,0
32,159,08:19,0
32,160,08:20,0
32,161,08:21,0
32,162,08:22,0
32,163,08:23,0
32,164,08:24,0
32,165,08:25,0
32,166,08:26,1
32,167,08:27,1
32,168,08:28,1
32,169,08:29,4
32,170,08:30,4
32,171,08:31,4
32,172,08:32,4
32,173,08:33,4
32,174,08:34,4
32,175,08:35,4
32,176,08:36,4
32,177,08:37,4
32,178,08:38,4
32,179,08:39,4
32,180,08:40,3
32,181,08:41,3
32,182,08:42,3
32,183,08:43,0
32,184,08:44,0
32,185,08:45,0
32,186,08:46,0
32,187,08:47,0
32,188,08:48,1
32,189,08:49,1
32,190,08:50,1
32,191,08:51,1
32,192,08:52,1
32,193,08:53,1
32,194,08:54,2
32,195,08:55,2
32,196,08:56,2
32,197,08:57,2
32,198,08:58,2
32,199,08:59,2
32,200,09:00,2
32,201,09:01,2
32,202,09:02,2
32,203,09:03,1
32,204,09:04,1
32,205,09:05,1
32,206,09:06,0
32,207,09:07,0
32,208,09:08,0
32,209,09:09,0
32,210,09:10,0
32,211,09:11,0
32,212,09:12,0
32,213,09:13,0
32,214,09:14,0
32,215,09:15,0
32,216,09:16,0
32,217,09:17,0
32,218,09:18,0
32,219,09:19,0
32,220,09:20,0
32,221,09:21,0
32,222,09:22,0
32,223,09:23,0
32,224,09:24,0
32,225,09:25,0
32,226,09:26,0
32,227,09:27,0
32,228,09:28,0
32,229,09:29,0
32,230,09:30,0
32,231,09:31,0
32,232,09:32,0
32,233,09:33,0
32,234,09:34,0
32,235,09:35,0
32,236,09:36,0
32,237,09:37,0
32,238,09:38,0
32,239,09:39,0
32,240,09:40,0
32,241,09:41,0
32,242,09:42,0
32,243,09:43,0
32,244,09:44,0
32,245,09:45,0
32,246,09:46,0
32,247,09:47,0
32,248,09:48,1
32,249,09:49,1
32,250,09:50,1
32,251,09:51,1
32,252,09:52,1
32,253,09:53,1
32,254,09:54,1
32,255,09:55,1
32,256,09:56,1
32,257,09:57,1
32,258,09:58,1
32,259,09:59,2
32,260,10:00,2
32,261,10:01,2
32,262,10:02,2
32,263,10:03,2
32,264,10:04,2
32,265,10:05,1
32,266,10:06,1
32,267,10:07,1
32,268,10:08,1
32,269,10:09,1
32,270,10:10,1
32,271,10:11,1
32,272,10:12,1
32,273,10:13,1
32,274,10:14,0
32,275,10:15,0
32,276,10:16,0
32,277,10:17,0
32,278,10:18,0
32,279,10:19,0
32,280,10:20,0
32,281,10:21,0
32,282,10:22,0
32,283,10:23,0
32,284,10:24,0
32,285,10:25,0
32,286,10:26,0
32,287,10:27,1
32,288,10:28,1
32,289,10:29,1
32,290,10:30,1
32,291,10:31,1
32,292,10:32,1
32,293,10:33,1
32,294,10:34,1
32,295,10:35,1
32,296,10:36,1
32,297,10:37,1
32,298,10:38,1
32,299,10:39,1
32,300,10:40,1
32,301,10:41,1
32,302,10:42,0
32,303,10:43,0
32,304,10:44,0
32,305,10:45,0
32,306,10:46,0
32,307,10:47,0
32,308,10:48,0
32,309,10:49,0
32,310,10:50,0
32,311,10:51,0
32,312,10:52,1
32,313,10:53,1
32,314,10:54,1
32,315,10:55,1
32,316,10:56,1
32,317,10:57,1
32,318,10:58,1
32,319,10:59,1
32,320,11:00,1
32,321,11:01,1
32,322,11:02,0
32,323,11:03,0
32,324,11:04,0
32,325,11:05,1
32,326,11:06,1
32,327,11:07,1
32,328,11:08,1
32,329,11:09,1
32,330,11:10,1
32,331,11:11,1
32,332,11:12,1
32,333,11:13,1
32,334,11:14,1
32,335,11:15,0
32,336,11:16,0
32,337,11:17,0
32,338,11:18,0
32,339,11:19,0
32,340,11:20,0
32,341,11:21,0
32,342,11:22,0
32,343,11:23,0
32,344,11:24,0
32,345,11:25,0
32,346,11:26,0
32,347,11:27,1
32,348,11:28,1
32,349,11:29,1
32,350,11:30,1
32,351,11:31,1
32,352,11:32,1
32,353,11:33,1
32,354,11:34,1
32,355,11:35,1
32,356,11:36,1
32,357,11:37,1
32,358,11:38,1
32,359,11:39,1
32,360,11:40,0
32,361,11:41,0
32,362,11:42,0
32,363,11:43,1
32,364,11:44,1
32,365,11:45,1
32,366,11:46,1
32,367,11:47,1
32,368,11:48,1
32,369,11:49,1
32,370,11:50,1
32,371,11:51,1
32,372,11:52,1
32,373,11:53,1
32,374,11:54,1
32,375,11:55,1
32,376,11:56,3
32,377,11:57,3
32,378,11:58,3
32,379,11:59,2
32,380,12:00,2
32,381,12:01,2
32,382,12:02,2
32,383,12:03,2
32,384,12:04,2
32,385,12:05,2
32,386,12:06,2
32,387,12:07,2
32,388,12:08,2
32,389,12:09,2
32,390,12:10,2
32,391,12:11,2
32,392,12:12,2
32,393,12:13,2
32,394,12:14,2
32,395,12:15,2
32,396,12:16,2
32,397,12:17,2
32,398,12:18,2
32,399,12:19,2
32,400,12:20,2
32,401,12:21,2
32,402,12:22,2
32,403,12:23,2
32,404,12:24,2
32,405,12:25,2
32,406,12:26,2
32,407,12:27,2
32,408,12:28,2
32,409,12:29,2
32,410,12:30,0
32,411,12:31,0
32,412,12:32,0
32,413,12:33,0
32,414,12:34,0
32,415,12:35,1
32,416,12:36,1
32,417,12:37,1
32,418,12:38,2
32,419,12:39,2
32,420,12:40,2
32,421,12:41,2
32,422,12:42,2
32,423,12:43,2
32,424,12:44,2
32,425,12:45,2
32,426,12:46,2
32,427,12:47,2
32,428,12:48,1
32,429,12:49,1
32,430,12:50,1
32,431,12:51,0
32,432,12:52,0
32,433,12:53,0
32,434,12:54,1
32,435,12:55,1
32,436,12:56,1
32,437,12:57,1
32,438,12:58,1
32,439,12:59,1
32,440,13:00,1
32,441,13:01,1
32,442,13:02,1
32,443,13:03,1
32,444,13:04,0
32,445,13:05,0
32,446,13:06,0
32,447,13:07,1
32,448,13:08,1
32,449,13:09,1
32,450,13:10,1
32,451,13:11,1
32,452,13:12,1
32,453,13:13,1
32,454,13:14,1
32,455,13:15,1
32,456,13:16,1
32,457,13:17,0
32,458,13:18,0
32,459,13:19,0
32,460,13:20,0
32,461,13:21,0
32,462,13:22,0
32,463,13:23,0
32,464,13:24,0
32,465,13:25,0
32,466,13:26,0
32,467,13:27,0
32,468,13:28,0
32,469,13:29,0
32,470,13:30,0
32,471,13:31,0
32,472,13:32,0
32,473,13:33,0
32,474,13:34,0
32,475,13:35,0
32,476,13:36,0
32,477,13:37,0
32,478,13:38,0
32,479,13:39,0
32,480,13:40,0
32,481,13:41,0
32,482,13:42,0
32,483,13:43,0
32,484,13:44,0
32,485,13:45,0
32,486,13:46,0
32,487,13:47,0
32,488,13:48,0
32,489,13:49,0
32,490,13:50,0
32,491,13:51,0
32,492,13:52,0
32,493,13:53,0
32,494,13:54,0
32,495,13:55,0
32,496,13:56,0
32,497,13:57,0
32,498,13:58,0
32,499,13:59,0
32,500,14:00,0
32,501,14:01,0
32,502,14:02,0
32,503,14:03,0
32,504,14:04,0
32,505,14:05,0
32,506,14:06,0
32,507,14:07,0
32,508,14:08,0
32,509,14:09,0
32,510,14:10,0
32,511,14:11,0
32,512,14:12,0
32,513,14:13,0
32,514,14:14,0
32,515,14:15,0
32,516,14:16,0
32,517,14:17,1
32,518,14:18,1
32,519,14:19,1
32,520,14:20,1
32,521,14:21,1
32,522,14:22,1
32,523,14:23,1
32,524,14:24,1
32,525,14:25,1
32,526,14:26,1
32,527,14:27,1
32,528,14:28,1
32,529,14:29,1
32,530,14:30,1
32,531,14:31,1
32,532,14:32,1
32,533,14:33,1
32,534,14:34,0
32,535,14:35,0
32,536,14:36,0
32,537,14:37,0
32,538,14:38,0
32,539,14:39,0
32,540,14:40,0
32,541,14:41,0
32,542,14:42,0
32,543,14:43,0
32,544,14:44,0
32,545,14:45,0
32,546,14:46,0
32,547,14:47,0
32,548,14:48,1
32,549,14:49,1
32,550,14:50,1
32,551,14:51,1
32,552,14:52,1
32,553,14:53,2
32,554,14:54,2
32,555,14:55,2
32,556,14:56,2
32,557,14:57,2
32,558,14:58,2
32,559,14:59,2
32,560,15:00,2
32,561,15:01,2
32,562,15:02,1
32,563,15:03,1
32,564,15:04,1
32,565,15:05,1
32,566,15:06,1
32,567,15:07,1
32,568,15:08,1
32,569,15:09,1
32,570,15:10,1
32,571,15:11,1
32,572,15:12,0
32,573,15:13,0
32,574,15:14,0
32,575,15:15,1
32,576,15:16,1
32,577,15:17,1
32,578,15:18,1
32,579,15:19,1
32,580,15:20,1
32,581,15:21,1
32,582,15:22,1
32,583,15:23,1
32,584,15:24,1
32,585,15:25,1
32,586,15:26,1
32,587,15:27,1
32,588,15:28,0
32,589,15:29,0
32,590,15:30,0
32,591,15:31,1
32,592,15:32,1
32,593,15:33,1
32,594,15:34,1
32,595,15:35,1
32,596,15:36,1
32,597,15:37,1
32,598,15:38,1
32,599,15:39,1
32,600,15:40,1
32,601,15:41,1
32,602,15:42,1
32,603,15:43,1
32,604,15:44,0
32,605,15:45,0
32,606,15:46,0
32,607,15:47,0
32,608,15:48,0
32,609,15:49,0
32,610,15:50,0
32,611,15:51,0
32,612,15:52,0
32,613,15:53,0
32,614,15:54,0
32,615,15:55,0
32,616,15:56,0
32,617,15:57,0
32,618,15:58,0
32,619,15:59,0
32,620,16:00,0
32,621,16:01,0
32,622,16:02,0
32,623,16:03,0
32,624,16:04,0
32,625,16:05,0
32,626,16:06,1
32,627,16:07,1
32,628,16:08,1
32,629,16:09,1
32,630,16:10,1
32,631,16:11,1
32,632,16:12,1
32,633,16:13,1
32,634,16:14,1
32,635,16:15,0
32,636,16:16,0
32,637,16:17,0
32,638,16:18,1
32,639,16:19,1
32,640,16:20,1
32,641,16:21,1
32,642,16:22,1
32,643,16:23,1
32,644,16:24,1
32,645,16:25,1
32,646,16:26,1
32,647,16:27,1
32,648,16:28,1
32,649,16:29,1
32,650,16:30,0
32,651,16:31,0
32,652,16:32,0
32,653,16:33,0
32,654,16:34,0
32,655,16:35,0
32,656,16:36,0
32,657,16:37,0
32,658,16:38,0
32,659,16:39,1
32,660,16:40,1
32,661,16:41,1
32,662,16:42,1
32,663,16:43,1
32,664,16:44,1
32,665,16:45,1
32,666,16:46,1
32,667,16:47,1
32,668,16:48,1
32,669,16:49,1
32,670,16:50,1
32,671,16:51,1
32,672,16:52,1
32,673,16:53,1
32,674,16:54,1
32,675,16:55,1
32,676,16:56,1
32,677,16:57,1
32,678,16:58,1
32,679,16:59,0
32,680,17:00,0
32,681,17:01,0
32,682,17:02,0
32,683,17:03,0
32,684,17:04,0
32,685,17:05,2
32,686,17:06,2
32,687,17:07,2
32,688,17:08,2
32,689,17:09,2
32,690,17:10,2
32,691,17:11,2
32,692,17:12,2
32,693,17:13,4
32,694,17:14,4
32,695,17:15,4
32,696,17:16,4
32,697,17:17,4
32,698,17:18,4
32,699,17:19,4
32,700,17:20,4
32,701,17:21,4
32,702,17:22,4
32,703,17:23,2
32,704,17:24,2
32,705,17:25,2
32,706,17:26,2
32,707,17:27,2
32,708,17:28,2
32,709,17:29,0
32,710,17:30,0
32,711,17:31,0
32,712,17:32,2
32,713,17:33,2
32,714,17:34,2
32,715,17:35,2
32,716,17:36,2
32,717,17:37,2
32,718,17:38,2
32,719,17:39,2
32,720,17:40,2
32,721,17:41,0
32,722,17:42,0
32,723,17:43,0
32,724,17:44,0
32,725,17:45,0
32,726,17:46,0
32,727,17:47,0
32,728,17:48,0
32,729,17:49,0
32,730,17:50,0
32,731,17:51,2
32,732,17:52,2
32,733,17:53,2
32,734,17:54,4
32,735,17:55,4
32,736,17:56,4
32,737,17:57,4
32,738,17:58,4
32,739,17:59,4
32,740,18:00,4
32,741,18:01,4
32,742,18:02,4
32,743,18:03,2
32,744,18:04,2
32,745,18:05,2
32,746,18:06,2
32,747,18:07,2
32,748,18:08,2
32,749,18:09,0
32,750,18:10,0
32,751,18:11,0
32,752,18:12,0
32,753,18:13,0
32,754,18:14,0
32,755,18:15,0
32,756,18:16,0
32,757,18:17,2
32,758,18:18,2
32,759,18:19,2
32,760,18:20,2
32,761,18:21,2
32,762,18:22,2
32,763,18:23,2
32,764,18:24,2
32,765,18:25,2
32,766,18:26,2
32,767,18:27,2
32,768,18:28,2
32,769,18:29,2
32,770,18:30,2
32,771,18:31,0
32,772,18:32,0
32,773,18:33,0
32,774,18:34,0
32,775,18:35,0
32,776,18:36,0
32,777,18:37,0
32,778,18:38,0
32,779,18:39,0
32,780,18:40,0
32,781,18:41,0
32,782,18:42,0
32,783,18:43,0
32,784,18:44,0
32,785,18:45,0
32,786,18:46,0
32,787,18:47,0
32,788,18:48,0
32,789,18:49,0
32,790,18:50,0
32,791,18:51,0
32,792,18:52,0
32,793,18:53,0
32,794,18:54,0
32,795,18:55,0
32,796,18:56,0
32,797,18:57,0
32,798,18:58,0
32,799,18:59,0
32,800,19:00,0
32,801,19:01,0
32,802,19:02,0
32,803,19:03,0
32,804,19:04,0
32,805,19:05,0
32,806,19:06,1
32,807,19:07,1
32,808,19:08,1
32,809,19:09,1
32,810,19:10,1
32,811,19:11,1
32,812,19:12,1
32,813,19:13,1
32,814,19:14,1
32,815,19:15,1
32,816,19:16,0
32,817,19:17,0
32,818,19:18,0
32,819,19:19,0
32,820,19:20,0
32,821,19:21,0
32,822,19:22,0
32,823,19:23,0
32,824,19:24,0
32,825,19:25,0
32,826,19:26,0
32,827,19:27,0
32,828,19:28,0
32,829,19:29,0
32,830,19:30,0
32,831,19:31,0
32,832,19:32,0
32,833,19:33,0
32,834,19:34,0
32,835,19:35,0
33,0,05:40,0
33,1,05:41,0
33,2,05:42,0
33,3,05:43,0
33,4,05:44,0
33,5,05:45,0
33,6,05:46,0
33,7,05:47,0
33,8,05:48,0
33,9,05:49,0
33,10,05:50,0
33,11,05:51,0
33,12,05:52,0
33,13,05:53,0
33,14,05:54,0
33,15,05:55,0
33,16,05:56,0
33,17,05:57,0
33,18,05:58,0
33,19,05:59,0
33,20,06:00,0
33,21,06:01,0
33,22,06:02,0
33,23,06:03,0
33,24,06:04,0
33,25,06:05,0
33,26,06:06,0
33,27,06:07,0
33,28,06:08,0
33,29,06:09,0
33,30,06:10,0
33,31,06:11,0
33,32,06:12,0
33,33,06:13,0
33,34,06:14,0
33,35,06:15,0
33,36,06:16,0
33,37,06:17,0
33,38,06:18,0
33,39,06:19,0
33,40,06:20,0
33,41,06:21,0
33,42,06:22,0
33,43,06:23,0
33,44,06:24,1
33,45,06:25,1
33,46,06:26,1
33,47,06:27,2
33,48,06:28,2
33,49,06:29,2
33,50,06:30,2
33,51,06:31,2
33,52,06:32,2
33,53,06:33,2
33,54,06:34,2
33,55,06:35,2
33,56,06:36,2
33,57,06:37,2
33,58,06:38,2
33,59,06:39,2
33,60,06:40,2
33,61,06:41,2
33,62,06:42,2
33,63,06:43,1
33,64,06:44,1
33,65,06:45,1
33,66,06:46,0
33,67,06:47,0
33,68,06:48,0
33,69,06:49,0
33,70,06:50,1
33,71,06:51,1
33,72,06:52,1
33,73,06:53,1
33,74,06:54,1
33,75,06:55,1
33,76,06:56,1
33,77,06:57,1
33,78,06:58,1
33,79,06:59,1
33,80,07:00,1
33,81,07:01,1
33,82,07:02,1
33,83,07:03,1
33,84,07:04,1
33,85,07:05,1
33,86,07:06,1
33,87,07:07,1
33,88,07:08,1
33,89,07:09,1
33,90,07:10,1
33,91,07:11,1
33,92,07:12,1
33,93,07:13,1
33,94,07:14,1
33,95,07:15,1
33,96,07:16,1
33,97,07:17,0
33,98,07:18,0
33,99,07:19,0
33,100,07:20,0
33,101,07:21,0
33,102,07:22,0
33,103,07:23,0
33,104,07:24,0
33,105,07:25,0
33,106,07:26,0
33,107,07:27,0
33,108,07:28,0
33,109,07:29,0
33,110,07:30,0
33,111,07:31,0
33,112,07:32,0
33,113,07:33,0
33,114,07:34,0
33,115,07:35,0
33,116,07:36,0
33,117,07:37,0
33,118,07:38,0
33,119,07:39,0
33,120,07:40,0
33,121,07:41,0
33,122,07:42,0
33,123,07:43,0
33,124,07:44,0
33,125,07:45,0
33,126,07:46,0
33,127,07:47,0
33,128,07:48,0
33,129,07:49,0
33,130,07:50,0
33,131,07:51,0
33,132,07:52,0
33,133,07:53,0
33,134,07:54,0
33,135,07:55,0
33,136,07:56,0
33,137,07:57,0
33,138,07:58,0
33,139,07:59,0
33,140,08:00,0
33,141,08:01,0
33,142,08:02,0
33,143,08:03,0
33,144,08:04,0
33,145,08:05,0
33,146,08:06,0
33,147,08:07,0
33,148,08:08,0
33,149,08:09,0
33,150,08:10,0
33,151,08:11,0
33,152,08:12,0
33,153,08:13,0
33,154,08:14,0
33,155,08:15,0
33,156,08:16,0
33,157,08:17,0
33,158,08:18,0
33,159,08:19,0
33,160,08:20,0
33,161,08:21,0
33,162,08:22,0
33,163,08:23,0
33,164,08:24,0
33,165,08:25,0
33,166,08:26,0
33,167,08:27,0
33,168,08:28,0
33,169,08:29,0
33,170,08:30,0
33,171,08:31,0
33,172,08:32,0
33,173,08:33,0
33,174,08:34,0
33,175,08:35,0
33,176,08:36,0
33,177,08:37,0
33,178,08:38,0
33,179,08:39,0
33,180,08:40,0
33,181,08:41,0
33,182,08:42,0
33,183,08:43,0
33,184,08:44,1
33,185,08:45,1
33,186,08:46,1
33,187,08:47,2
33,188,08:48,2
33,189,08:49,2
33,190,08:50,2
33,191,08:51,2
33,192,08:52,2
33,193,08:53,2
33,194,08:54,2
33,195,08:55,2
33,196,08:56,2
33,197,08:57,1
33,198,08:58,1
33,199,08:59,1
33,200,09:00,0
33,201,09:01,0
33,202,09:02,0
33,203,09:03,0
33,204,09:04,0
33,205,09:05,0
33,206,09:06,0
33,207,09:07,0
33,208,09:08,0
33,209,09:09,0
33,210,09:10,1
33,211,09:11,1
33,212,09:12,1
33,213,09:13,2
33,214,09:14,2
33,215,09:15,2
33,216,09:16,2
33,217,09:17,2
33,218,09:18,2
33,219,09:19,2
33,220,09:20,2
33,221,09:21,2
33,222,09:22,2
33,223,09:23,1
33,224,09:24,1
33,225,09:25,1
33,226,09:26,0
33,227,09:27,0
33,228,09:28,0
33,229,09:29,0
33,230,09:30,0
33,231,09:31,0
33,232,09:32,0
33,233,09:33,0
33,234,09:34,0
33,235,09:35,0
33,236,09:36,0
33,237,09:37,0
33,238,09:38,0
33,239,09:39,0
33,240,09:40,0
33,241,09:41,0
33,242,09:42,0
33,243,09:43,0
33,244,09:44,0
33,245,09:45,0
33,246,09:46,1
33,247,09:47,1
33,248,09:48,1
33,249,09:49,1
33,250,09:50,1
33,251,09:51,1
33,252,09:52,1
33,253,09:53,1
33,254,09:54,1
33,255,09:55,1
33,256,09:56,0
33,257,09:57,0
33,258,09:58,0
33,259,09:59,0
33,260,10:00,0
33,261,10:01,0
33,262,10:02,0
33,263,10:03,0
33,264,10:04,0
33,265,10:05,0
33,266,10:06,0
33,267,10:07,0
33,268,10:08,0
33,269,10:09,0
33,270,10:10,0
33,271,10:11,0
33,272,10:12,0
33,273,10:13,0
33,274,10:14,1
33,275,10:15,1
33,276,10:16,1
33,277,10:17,1
33,278,10:18,1
33,279,10:19,1
33,280,10:20,1
33,281,10:21,1
33,282,10:22,1
33,283,10:23,1
33,284,10:24,1
33,285,10:25,1
33,286,10:26,1
33,287,10:27,1
33,288,10:28,1
33,289,10:29,1
33,290,10:30,1
33,291,10:31,1
33,292,10:32,1
33,293,10:33,1
33,294,10:34,0
33,295,10:35,0
33,296,10:36,0
33,297,10:37,0
33,298,10:38,0
33,299,10:39,0
33,300,10:40,0
33,301,10:41,0
33,302,10:42,0
33,303,10:43,0
33,304,10:44,0
33,305,10:45,0
33,306,10:46,0
33,307,10:47,0
33,308,10:48,0
33,309,10:49,0
33,310,10:50,0
33,311,10:51,1
33,312,10:52,1
33,313,10:53,1
33,314,10:54,1
33,315,10:55,1
33,316,10:56,1
33,317,10:57,1
33,318,10:58,1
33,319,10:59,1
33,320,11:00,1
33,321,11:01,1
33,322,11:02,1
33,323,11:03,1
33,324,11:04,1
33,325,11:05,1
33,326,11:06,1
33,327,11:07,0
33,328,11:08,0
33,329,11:09,0
33,330,11:10,1
33,331,11:11,1
33,332,11:12,1
33,333,11:13,1
33,334,11:14,1
33,335,11:15,1
33,336,11:16,1
33,337,11:17,1
33,338,11:18,1
33,339,11:19,1
33,340,11:20,1
33,341,11:21,1
33,342,11:22,1
33,343,11:23,0
33,344,11:24,0
33,345,11:25,0
33,346,11:26,1
33,347,11:27,1
33,348,11:28,1
33,349,11:29,2
33,350,11:30,2
33,351,11:31,2
33,352,11:32,2
33,353,11:33,2
33,354,11:34,2
33,355,11:35,2
33,356,11:36,2
33,357,11:37,2
33,358,11:38,2
33,359,11:39,1
33,360,11:40,1
33,361,11:41,1
33,362,11:42,0
33,363,11:43,0
33,364,11:44,0
33,365,11:45,0
33,366,11:46,0
33,367,11:47,0
33,368,11:48,0
33,369,11:49,0
33,370,11:50,0
33,371,11:51,0
33,372,11:52,0
33,373,11:53,2
33,374,11:54,2
33,375,11:55,2
33,376,11:56,2
33,377,11:57,2
33,378,11:58,2
33,379,11:59,2
33,380,12:00,2
33,381,12:01,2
33,382,12:02,2
33,383,12:03,0
33,384,12:04,0
33,385,12:05,0
33,386,12:06,0
33,387,12:07,0
33,388,12:08,0
33,389,12:09,0
33,390,12:10,0
33,391,12:11,0
33,392,12:12,0
33,393,12:13,1
33,394,12:14,1
33,395,12:15,1
33,396,12:16,1
33,397,12:17,1
33,398,12:18,1
33,399,12:19,1
33,400,12:20,1
33,401,12:21,1
33,402,12:22,1
33,403,12:23,1
33,404,12:24,1
33,405,12:25,1
33,406,12:26,1
33,407,12:27,1
33,408,12:28,1
33,409,12:29,1
33,410,12:30,1
33,411,12:31,1
33,412,12:32,1
33,413,12:33,1
33,414,12:34,1
33,415,12:35,1
33,416,12:36,1
33,417,12:37,1
33,418,12:38,1
33,419,12:39,1
33,420,12:40,1
33,421,12:41,0
33,422,12:42,0
33,423,12:43,0
33,424,12:44,0
33,425,12:45,0
33,426,12:46,0
33,427,12:47,0
33,428,12:48,0
33,429,12:49,0
33,430,12:50,0
33,431,12:51,0
33,432,12:52,0
33,433,12:53,0
33,434,12:54,0
33,435,12:55,0
33,436,12:56,0
33,437,12:57,0
33,438,12:58,0
33,439,12:59,0
33,440,13:00,0
33,441,13:01,0
33,442,13:02,0
33,443,13:03,0
33,444,13:04,0
33,445,13:05,0
33,446,13:06,0
33,447,13:07,0
33,448,13:08,0
33,449,13:09,0
33,450,13:10,0
33,451,13:11,0
33,452,13:12,0
33,453,13:13,0
33,454,13:14,0
33,455,13:15,0
33,456,13:16,0
33,457,13:17,0
33,458,13:18,0
33,459,13:19,0
33,460,13:20,0
33,461,13:21,0
33,462,13:22,0
33,463,13:23,0
33,464,13:24,0
33,465,13:25,0
33,466,13:26,0
33,467,13:27,0
33,468,13:28,0
33,469,13:29,0
33,470,13:30,0
33,471,13:31,0
33,472,13:32,0
33,473,13:33,0
33,474,13:34,0
33,475,13:35,0
33,476,13:36,0
33,477,13:37,0
33,478,13:38,0
33,479,13:39,0
33,480,13:40,0
33,481,13:41,0
33,482,13:42,0
33,483,13:43,0
33,484,13:44,0
33,485,13:45,0
33,486,13:46,0
33,487,13:47,0
33,488,13:48,0
33,489,13:49,0
33,490,13:50,0
33,491,13:51,0
33,492,13:52,0
33,493,13:53,0
33,494,13:54,0
33,495,13:55,0
33,496,13:56,0
33,497,13:57,0
33,498,13:58,0
33,499,13:59,0
33,500,14:00,0
33,501,14:01,0
33,502,14:02,0
33,503,14:03,0
33,504,14:04,0
33,505,14:05,0
33,506,14:06,0
33,507,14:07,0
33,508,14:08,0
33,509,14:09,0
33,510,14:10,0
33,511,14:11,0
33,512,14:12,0
33,513,14:13,0
33,514,14:14,0
33,515,14:15,0
33,516,14:16,0
33,517,14:17,0
33,518,14:18,0
33,519,14:19,0
33,520,14:20,0
33,521,14:21,0
33,522,14:22,0
33,523,14:23,0
33,524,14:24,0
33,525,14:25,0
33,526,14:26,0
33,527,14:27,0
33,528,14:28,0
33,529,14:29,0
33,530,14:30,0
33,531,14:31,0
33,532,14:32,0
33,533,14:33,1
33,534,14:34,1
33,535,14:35,1
33,536,14:36,2
33,537,14:37,2
33,538,14:38,2
33,539,14:39,2
33,540,14:40,2
33,541,14:41,2
33,542,14:42,2
33,543,14:43,2
33,544,14:44,2
33,545,14:45,2
33,546,14:46,2
33,547,14:47,2
33,548,14:48,2
33,549,14:49,2
33,550,14:50,2
33,551,14:51,1
33,552,14:52,1
33,553,14:53,1
33,554,14:54,0
33,555,14:55,0
33,556,14:56,0
33,557,14:57,0
33,558,14:58,0
33,559,14:59,0
33,560,15:00,0
33,561,15:01,0
33,562,15:02,0
33,563,15:03,0
33,564,15:04,0
33,565,15:05,0
33,566,15:06,0
33,567,15:07,0
33,568,15:08,1
33,569,15:09,1
33,570,15:10,1
33,571,15:11,1
33,572,15:12,1
33,573,15:13,1
33,574,15:14,1
33,575,15:15,1
33,576,15:16,2
33,577,15:17,2
33,578,15:18,2
33,579,15:19,2
33,580,15:20,2
33,581,15:21,2
33,582,15:22,2
33,583,15:23,2
33,584,15:24,2
33,585,15:25,2
33,586,15:26,1
33,587,15:27,1
33,588,15:28,1
33,589,15:29,1
33,590,15:30,1
33,591,15:31,1
33,592,15:32,0
33,593,15:33,0
33,594,15:34,0
33,595,15:35,1
33,596,15:36,1
33,597,15:37,1
33,598,15:38,2
33,599,15:39,2
33,600,15:40,2
33,601,15:41,2
33,602,15:42,2
33,603,15:43,2
33,604,15:44,2
33,605,15:45,2
33,606,15:46,2
33,607,15:47,2
33,608,15:48,1
33,609,15:49,1
33,610,15:50,1
33,611,15:51,1
33,612,15:52,1
33,613,15:53,1
33,614,15:54,1
33,615,15:55,1
33,616,15:56,1
33,617,15:57,0
33,618,15:58,0
33,619,15:59,0
33,620,16:00,0
33,621,16:01,0
33,622,16:02,0
33,623,16:03,0
33,624,16:04,0
33,625,16:05,0
33,626,16:06,0
33,627,16:07,1
33,628,16:08,1
33,629,16:09,1
33,630,16:10,1
33,631,16:11,1
33,632,16:12,1
33,633,16:13,1
33,634,16:14,1
33,635,16:15,1
33,636,16:16,1
33,637,16:17,1
33,638,16:18,1
33,639,16:19,1
33,640,16:20,1
33,641,16:21,1
33,642,16:22,0
33,643,16:23,0
33,644,16:24,0
33,645,16:25,2
33,646,16:26,2
33,647,16:27,2
33,648,16:28,2
33,649,16:29,3
33,650,16:30,3
33,651,16:31,3
33,652,16:32,3
33,653,16:33,3
33,654,16:34,3
33,655,16:35,3
33,656,16:36,3
33,657,16:37,3
33,658,16:38,3
33,659,16:39,1
33,660,16:40,1
33,661,16:41,1
33,662,16:42,0
33,663,16:43,0
33,664,16:44,0
33,665,16:45,0
33,666,16:46,0
33,667,16:47,0
33,668,16:48,0
33,669,16:49,0
33,670,16:50,0
33,671,16:51,0
33,672,16:52,0
33,673,16:53,0
33,674,16:54,0
33,675,16:55,0
33,676,16:56,0
33,677,16:57,0
33,678,16:58,0
33,679,16:59,2
33,680,17:00,2
33,681,17:01,2
33,682,17:02,2
33,683,17:03,2
33,684,17:04,2
33,685,17:05,2
33,686,17:06,2
33,687,17:07,2
33,688,17:08,2
33,689,17:09,2
33,690,17:10,2
33,691,17:11,2
33,692,17:12,2
33,693,17:13,0
33,694,17:14,0
33,695,17:15,0
33,696,17:16,0
33,697,17:17,0
33,698,17:18,0
33,699,17:19,0
33,700,17:20,0
33,701,17:21,0
33,702,17:22,0
33,703,17:23,0
33,704,17:24,0
33,705,17:25,0
33,706,17:26,0
33,707,17:27,0
33,708,17:28,0
33,709,17:29,0
33,710,17:30,0
33,711,17:31,0
33,712,17:32,0
33,713,17:33,1
33,714,17:34,1
33,715,17:35,1
33,716,17:36,1
33,717,17:37,1
33,718,17:38,1
33,719,17:39,1
33,720,17:40,1
33,721,17:41,1
33,722,17:42,1
33,723,17:43,1
33,724,17:44,1
33,725,17:45,1
33,726,17:46,1
33,727,17:47,1
33,728,17:48,1
33,729,17:49,1
33,730,17:50,0
33,731,17:51,0
33,732,17:52,0
33,733,17:53,1
33,734,17:54,1
33,735,17:55,1
33,736,17:56,3
33,737,17:57,3
33,738,17:58,3
33,739,17:59,3
33,740,18:00,3
33,741,18:01,3
33,742,18:02,3
33,743,18:03,3
33,744,18:04,3
33,745,18:05,3
33,746,18:06,3
33,747,18:07,3
33,748,18:08,3
33,749,18:09,3
33,750,18:10,3
33,751,18:11,3
33,752,18:12,2
33,753,18:13,2
33,754,18:14,2
33,755,18:15,0
33,756,18:16,0
33,757,18:17,0
33,758,18:18,0
33,759,18:19,0
33,760,18:20,0
33,761,18:21,1
33,762,18:22,1
33,763,18:23,1
33,764,18:24,1
33,765,18:25,1
33,766,18:26,1
33,767,18:27,1
33,768,18:28,2
33,769,18:29,2
33,770,18:30,2
33,771,18:31,2
33,772,18:32,2
33,773,18:33,2
33,774,18:34,2
33,775,18:35,2
33,776,18:36,2
33,777,18:37,2
33,778,18:38,2
33,779,18:39,2
33,780,18:40,2
33,781,18:41,2
33,782,18:42,2
33,783,18:43,1
33,784,18:44,1
33,785,18:45,1
33,786,18:46,1
33,787,18:47,1
33,788,18:48,1
33,789,18:49,1
33,790,18:50,0
33,791,18:51,0
33,792,18:52,0
33,793,18:53,0
33,794,18:54,2
33,795,18:55,2
33,796,18:56,2
33,797,18:57,2
33,798,18:58,2
33,799,18:59,2
33,800,19:00,2
33,801,19:01,2
33,802,19:02,2
33,803,19:03,2
33,804,19:04,2
33,805,19:05,2
33,806,19:06,2
33,807,19:07,2
33,808,19:08,2
33,809,19:09,2
33,810,19:10,2
33,811,19:11,0
33,812,19:12,0
33,813,19:13,0
33,814,19:14,0
33,815,19:15,0
33,816,19:16,0
33,817,19:17,0
33,818,19:18,0
33,819,19:19,0
33,820,19:20,0
33,821,19:21,0
33,822,19:22,0
33,823,19:23,0
33,824,19:24,0
33,825,19:25,0
33,826,19:26,0
33,827,19:27,0
33,828,19:28,0
33,829,19:29,0
33,830,19:30,0
33,831,19:31,0
33,832,19:32,0
33,833,19:33,0
33,834,19:34,0
33,835,19:35,0
34,0,05:40,0
34,1,05:41,0
34,2,05:42,0
34,3,05:43,0
34,4,05:44,0
34,5,05:45,0
34,6,05:46,0
34,7,05:47,0
34,8,05:48,0
34,9,05:49,0
34,10,05:50,0
34,11,05:51,0
34,12,05:52,0
34,13,05:53,0
34,14,05:54,0
34,15,05:55,0
34,16,05:56,0
34,17,05:57,0
34,18,05:58,0
34,19,05:59,0
34,20,06:00,0
34,21,06:01,0
34,22,06:02,0
34,23,06:03,0
34,24,06:04,0
34,25,06:05,0
34,26,06:06,0
34,27,06:07,0
34,28,06:08,0
34,29,06:09,0
34,30,06:10,0
34,31,06:11,0
34,32,06:12,0
34,33,06:13,0
34,34,06:14,0
34,35,06:15,0
34,36,06:16,0
34,37,06:17,0
34,38,06:18,0
34,39,06:19,0
34,40,06:20,0
34,41,06:21,0
34,42,06:22,0
34,43,06:23,0
34,44,06:24,0
34,45,06:25,0
34,46,06:26,0
34,47,06:27,0
34,48,06:28,0
34,49,06:29,0
34,50,06:30,0
34,51,06:31,0
34,52,06:32,0
34,53,06:33,0
34,54,06:34,0
34,55,06:35,0
34,56,06:36,0
34,57,06:37,0
34,58,06:38,0
34,59,06:39,0
34,60,06:40,0
34,61,06:41,0
34,62,06:42,0
34,63,06:43,0
34,64,06:44,0
34,65,06:45,0
34,66,06:46,0
34,67,06:47,0
34,68,06:48,0
34,69,06:49,0
34,70,06:50,0
34,71,06:51,0
34,72,06:52,0
34,73,06:53,0
34,74,06:54,0
34,75,06:55,0
34,76,06:56,0
34,77,06:57,0
34,78,06:58,0
34,79,06:59,0
34,80,07:00,0
34,81,07:01,0
34,82,07:02,0
34,83,07:03,0
34,84,07:04,0
34,85,07:05,0
34,86,07:06,0
34,87,07:07,0
34,88,07:08,0
34,89,07:09,0
34,90,07:10,0
34,91,07:11,0
34,92,07:12,0
34,93,07:13,0
34,94,07:14,0
34,95,07:15,0
34,96,07:16,0
34,97,07:17,0
34,98,07:18,0
34,99,07:19,0
34,100,07:20,0
34,101,07:21,0
34,102,07:22,0
34,103,07:23,0
34,104,07:24,0
34,105,07:25,0
34,106,07:26,0
34,107,07:27,0
34,108,07:28,0
34,109,07:29,0
34,110,07:30,0
34,111,07:31,0
34,112,07:32,0
34,113,07:33,0
34,114,07:34,0
34,115,07:35,0
34,116,07:36,0
34,117,07:37,0
34,118,07:38,0
34,119,07:39,0
34,120,07:40,0
34,121,07:41,0
34,122,07:42,0
34,123,07:43,0
34,124,07:44,0
34,125,07:45,0
34,126,07:46,0
34,127,07:47,2
34,128,07:48,2
34,129,07:49,2
34,130,07:50,2
34,131,07:51,2
34,132,07:52,2
34,133,07:53,2
34,134,07:54,2
34,135,07:55,2
34,136,07:56,2
34,137,07:57,0
34,138,07:58,0
34,139,07:59,0
34,140,08:00,0
34,141,08:01,0
34,142,08:02,0
34,143,08:03,0
34,144,08:04,0
34,145,08:05,0
34,146,08:06,0
34,147,08:07,1
34,148,08:08,1
34,149,08:09,1
34,150,08:10,1
34,151,08:11,1
34,152,08:12,1
34,153,08:13,1
34,154,08:14,2
34,155,08:15,2
34,156,08:16,2
34,157,08:17,2
34,158,08:18,2
34,159,08:19,2
34,160,08:20,2
34,161,08:21,2
34,162,08:22,2
34,163,08:23,2
34,164,08:24,2
34,165,08:25,2
34,166,08:26,2
34,167,08:27,2
34,168,08:28,2
34,169,08:29,1
34,170,08:30,1
34,171,08:31,1
34,172,08:32,0
34,173,08:33,0
34,174,08:34,0
34,175,08:35,1
34,176,08:36,1
34,177,08:37,1
34,178,08:38,3
34,179,08:39,3
34,180,08:40,3
34,181,08:41,3
34,182,08:42,3
34,183,08:43,3
34,184,08:44,3
34,185,08:45,3
34,186,08:46,3
34,187,08:47,3
34,188,08:48,1
34,189,08:49,1
34,190,08:50,1
34,191,08:51,1
34,192,08:52,1
34,193,08:53,1
34,194,08:54,1
34,195,08:55,1
34,196,08:56,1
34,197,08:57,0
34,198,08:58,0
34,199,08:59,0
34,200,09:00,1
34,201,09:01,1
34,202,09:02,1
34,203,09:03,1
34,204,09:04,1
34,205,09:05,1
34,206,09:06,1
34,207,09:07,1
34,208,09:08,1
34,209,09:09,1
34,210,09:10,1
34,211,09:11,0
34,212,09:12,0
34,213,09:13,0
34,214,09:14,1
34,215,09:15,1
34,216,09:16,1
34,217,09:17,1
34,218,09:18,1
34,219,09:19,1
34,220,09:20,1
34,221,09:21,1
34,222,09:22,1
34,223,09:23,1
34,224,09:24,1
34,225,09:25,1
34,226,09:26,1
34,227,09:27,1
34,228,09:28,1
34,229,09:29,1
34,230,09:30,1
34,231,09:31,1
34,232,09:32,1
34,233,09:33,1
34,234,09:34,0
34,235,09:35,0
34,236,09:36,0
34,237,09:37,0
34,238,09:38,0
34,239,09:39,0
34,240,09:40,0
34,241,09:41,0
34,242,09:42,0
34,243,09:43,0
34,244,09:44,0
34,245,09:45,0
34,246,09:46,0
34,247,09:47,0
34,248,09:48,0
34,249,09:49,0
34,250,09:50,0
34,251,09:51,0
34,252,09:52,0
34,253,09:53,0
34,254,09:54,0
34,255,09:55,0
34,256,09:56,0
34,257,09:57,0
34,258,09:58,0
34,259,09:59,0
34,260,10:00,0
34,261,10:01,0
34,262,10:02,1
34,263,10:03,1
34,264,10:04,1
34,265,10:05,1
34,266,10:06,1
34,267,10:07,1
34,268,10:08,1
34,269,10:09,1
34,270,10:10,2
34,271,10:11,2
34,272,10:12,2
34,273,10:13,2
34,274,10:14,2
34,275,10:15,2
34,276,10:16,2
34,277,10:17,2
34,278,10:18,2
34,279,10:19,2
34,280,10:20,2
34,281,10:21,2
34,282,10:22,2
34,283,10:23,2
34,284,10:24,2
34,285,10:25,2
34,286,10:26,2
34,287,10:27,1
34,288,10:28,1
34,289,10:29,1
34,290,10:30,1
34,291,10:31,1
34,292,10:32,1
34,293,10:33,0
34,294,10:34,0
34,295,10:35,0
34,296,10:36,0
34,297,10:37,0
34,298,10:38,0
34,299,10:39,0
34,300,10:40,1
34,301,10:41,1
34,302,10:42,1
34,303,10:43,3
34,304,10:44,3
34,305,10:45,3
34,306,10:46,3
34,307,10:47,3
34,308,10:48,3
34,309,10:49,3
34,310,10:50,3
34,311,10:51,3
34,312,10:52,3
34,313,10:53,3
34,314,10:54,3
34,315,10:55,3
34,316,10:56,3
34,317,10:57,3
34,318,10:58,3
34,319,10:59,3
34,320,11:00,3
34,321,11:01,1
34,322,11:02,1
34,323,11:03,1
34,324,11:04,0
34,325,11:05,0
34,326,11:06,0
34,327,11:07,1
34,328,11:08,1
34,329,11:09,1
34,330,11:10,2
34,331,11:11,2
34,332,11:12,2
34,333,11:13,2
34,334,11:14,2
34,335,11:15,2
34,336,11:16,2
34,337,11:17,2
34,338,11:18,2
34,339,11:19,1
34,340,11:20,1
34,341,11:21,1
34,342,11:22,0
34,343,11:23,0
34,344,11:24,0
34,345,11:25,0
34,346,11:26,0
34,347,11:27,0
34,348,11:28,0
34,349,11:29,0
34,350,11:30,0
34,351,11:31,0
34,352,11:32,0
34,353,11:33,1
34,354,11:34,1
34,355,11:35,1
34,356,11:36,2
34,357,11:37,2
34,358,11:38,2
34,359,11:39,2
34,360,11:40,2
34,361,11:41,2
34,362,11:42,2
34,363,11:43,2
34,364,11:44,2
34,365,11:45,2
34,366,11:46,2
34,367,11:47,2
34,368,11:48,2
34,369,11:49,1
34,370,11:50,1
34,371,11:51,1
34,372,11:52,1
34,373,11:53,1
34,374,11:54,1
34,375,11:55,1
34,376,11:56,1
34,377,11:57,1
34,378,11:58,1
34,379,11:59,0
34,380,12:00,0
34,381,12:01,0
34,382,12:02,0
34,383,12:03,0
34,384,12:04,0
34,385,12:05,0
34,386,12:06,0
34,387,12:07,0
34,388,12:08,0
34,389,12:09,1
34,390,12:10,1
34,391,12:11,1
34,392,12:12,1
34,393,12:13,1
34,394,12:14,1
34,395,12:15,1
34,396,12:16,1
34,397,12:17,1
34,398,12:18,1
34,399,12:19,0
34,400,12:20,0
34,401,12:21,0
34,402,12:22,0
34,403,12:23,0
34,404,12:24,0
34,405,12:25,0
34,406,12:26,0
34,407,12:27,0
34,408,12:28,0
34,409,12:29,0
34,410,12:30,0
34,411,12:31,0
34,412,12:32,0
34,413,12:33,1
34,414,12:34,1
34,415,12:35,1
34,416,12:36,2
34,417,12:37,2
34,418,12:38,2
34,419,12:39,3
34,420,12:40,3
34,421,12:41,3
34,422,12:42,3
34,423,12:43,3
34,424,12:44,3
34,425,12:45,3
34,426,12:46,3
34,427,12:47,3
34,428,12:48,3
34,429,12:49,2
34,430,12:50,2
34,431,12:51,2
34,432,12:52,1
34,433,12:53,1
34,434,12:54,1
34,435,12:55,0
34,436,12:56,0
34,437,12:57,0
34,438,12:58,0
34,439,12:59,0
34,440,13:00,0
34,441,13:01,0
34,442,13:02,0
34,443,13:03,0
34,444,13:04,0
34,445,13:05,0
34,446,13:06,0
34,447,13:07,0
34,448,13:08,0
34,449,13:09,0
34,450,13:10,0
34,451,13:11,0
34,452,13:12,0
34,453,13:13,0
34,454,13:14,0
34,455,13:15,0
34,456,13:16,0
34,457,13:17,0
34,458,13:18,0
34,459,13:19,0
34,460,13:20,1
34,461,13:21,1
34,462,13:22,1
34,463,13:23,2
34,464,13:24,2
34,465,13:25,2
34,466,13:26,2
34,467,13:27,2
34,468,13:28,2
34,469,13:29,2
34,470,13:30,2
34,471,13:31,2
34,472,13:32,2
34,473,13:33,1
34,474,13:34,1
34,475,13:35,1
34,476,13:36,1
34,477,13:37,1
34,478,13:38,1
34,479,13:39,1
34,480,13:40,1
34,481,13:41,1
34,482,13:42,1
34,483,13:43,1
34,484,13:44,1
34,485,13:45,1
34,486,13:46,1
34,487,13:47,1
34,488,13:48,0
34,489,13:49,0
34,490,13:50,0
34,491,13:51,1
34,492,13:52,1
34,493,13:53,1
34,494,13:54,1
34,495,13:55,1
34,496,13:56,1
34,497,13:57,1
34,498,13:58,1
34,499,13:59,1
34,500,14:00,1
34,501,14:01,1
34,502,14:02,1
34,503,14:03,1
34,504,14:04,1
34,505,14:05,1
34,506,14:06,1
34,507,14:07,1
34,508,14:08,0
34,509,14:09,0
34,510,14:10,0
34,511,14:11,1
34,512,14:12,1
34,513,14:13,1
34,514,14:14,2
34,515,14:15,2
34,516,14:16,2
34,517,14:17,2
34,518,14:18,2
34,519,14:19,2
34,520,14:20,2
34,521,14:21,2
34,522,14:22,2
34,523,14:23,2
34,524,14:24,2
34,525,14:25,1
34,526,14:26,1
34,527,14:27,1
34,528,14:28,0
34,529,14:29,0
34,530,14:30,0
34,531,14:31,0
34,532,14:32,0
34,533,14:33,0
34,534,14:34,0
34,535,14:35,0
34,536,14:36,0
34,537,14:37,0
34,538,14:38,0
34,539,14:39,0
34,540,14:40,0
34,541,14:41,0
34,542,14:42,0
34,543,14:43,0
34,544,14:44,0
34,545,14:45,0
34,546,14:46,0
34,547,14:47,0
34,548,14:48,0
34,549,14:49,0
34,550,14:50,0
34,551,14:51,0
34,552,14:52,0
34,553,14:53,0
34,554,14:54,0
34,555,14:55,0
34,556,14:56,0
34,557,14:57,0
34,558,14:58,0
34,559,14:59,0
34,560,15:00,0
34,561,15:01,0
34,562,15:02,0
34,563,15:03,0
34,564,15:04,0
34,565,15:05,0
34,566,15:06,0
34,567,15:07,0
34,568,15:08,1
34,569,15:09,1
34,570,15:10,1
34,571,15:11,1
34,572,15:12,1
34,573,15:13,1
34,574,15:14,1
34,575,15:15,1
34,576,15:16,1
34,577,15:17,1
34,578,15:18,1
34,579,15:19,0
34,580,15:20,0
34,581,15:21,0
34,582,15:22,0
34,583,15:23,0
34,584,15:24,0
34,585,15:25,0
34,586,15:26,0
34,587,15:27,0
34,588,15:28,0
34,589,15:29,1
34,590,15:30,1
34,591,15:31,1
34,592,15:32,2
34,593,15:33,2
34,594,15:34,2
34,595,15:35,2
34,596,15:36,2
34,597,15:37,2
34,598,15:38,2
34,599,15:39,2
34,600,15:40,2
34,601,15:41,2
34,602,15:42,2
34,603,15:43,2
34,604,15:44,2
34,605,15:45,2
34,606,15:46,2
34,607,15:47,1
34,608,15:48,1
34,609,15:49,1
34,610,15:50,1
34,611,15:51,1
34,612,15:52,1
34,613,15:53,0
34,614,15:54,0
34,615,15:55,0
34,616,15:56,0
34,617,15:57,0
34,618,15:58,0
34,619,15:59,0
34,620,16:00,0
34,621,16:01,0
34,622,16:02,0
34,623,16:03,0
34,624,16:04,0
34,625,16:05,0
34,626,16:06,0
34,627,16:07,0
34,628,16:08,0
34,629,16:09,0
34,630,16:10,0
34,631,16:11,0
34,632,16:12,0
34,633,16:13,1
34,634,16:14,1
34,635,16:15,1
34,636,16:16,2
34,637,16:17,2
34,638,16:18,2
34,639,16:19,2
34,640,16:20,2
34,641,16:21,2
34,642,16:22,2
34,643,16:23,2
34,644,16:24,2
34,645,16:25,2
34,646,16:26,1
34,647,16:27,1
34,648,16:28,1
34,649,16:29,0
34,650,16:30,0
34,651,16:31,0
34,652,16:32,0
34,653,16:33,0
34,654,16:34,1
34,655,16:35,1
34,656,16:36,1
34,657,16:37,1
34,658,16:38,1
34,659,16:39,1
34,660,16:40,1
34,661,16:41,1
34,662,16:42,1
34,663,16:43,1
34,664,16:44,1
34,665,16:45,1
34,666,16:46,1
34,667,16:47,1
34,668,16:48,1
34,669,16:49,1
34,670,16:50,1
34,671,16:51,1
34,672,16:52,1
34,673,16:53,1
34,674,16:54,0
34,675,16:55,0
34,676,16:56,0
34,677,16:57,0
34,678,16:58,0
34,679,16:59,0
34,680,17:00,0
34,681,17:01,0
34,682,17:02,0
34,683,17:03,0
34,684,17:04,0
34,685,17:05,0
34,686,17:06,0
34,687,17:07,0
34,688,17:08,0
34,689,17:09,0
34,690,17:10,0
34,691,17:11,0
34,692,17:12,2
34,693,17:13,2
34,694,17:14,2
34,695,17:15,4
34,696,17:16,4
34,697,17:17,4
34,698,17:18,4
34,699,17:19,4
34,700,17:20,4
34,701,17:21,4
34,702,17:22,4
34,703,17:23,4
34,704,17:24,2
34,705,17:25,2
34,706,17:26,2
34,707,17:27,2
34,708,17:28,2
34,709,17:29,2
34,710,17:30,0
34,711,17:31,0
34,712,17:32,0
34,713,17:33,0
34,714,17:34,0
34,715,17:35,0
34,716,17:36,0
34,717,17:37,0
34,718,17:38,0
34,719,17:39,0
34,720,17:40,0
34,721,17:41,0
34,722,17:42,0
34,723,17:43,0
34,724,17:44,0
34,725,17:45,0
34,726,17:46,0
34,727,17:47,0
34,728,17:48,2
34,729,17:49,2
34,730,17:50,2
34,731,17:51,4
34,732,17:52,4
34,733,17:53,4
34,734,17:54,4
34,735,17:55,4
34,736,17:56,4
34,737,17:57,4
34,738,17:58,4
34,739,17:59,4
34,740,18:00,4
34,741,18:01,2
34,742,18:02,2
34,743,18:03,2
34,744,18:04,2
34,745,18:05,2
34,746,18:06,2
34,747,18:07,0
34,748,18:08,0
34,749,18:09,0
34,750,18:10,1
34,751,18:11,1
34,752,18:12,1
34,753,18:13,1
34,754,18:14,1
34,755,18:15,1
34,756,18:16,1
34,757,18:17,1
34,758,18:18,1
34,759,18:19,1
34,760,18:20,0
34,761,18:21,0
34,762,18:22,0
34,763,18:23,1
34,764,18:24,1
34,765,18:25,1
34,766,18:26,1
34,767,18:27,1
34,768,18:28,1
34,769,18:29,1
34,770,18:30,1
34,771,18:31,1
34,772,18:32,1
34,773,18:33,0
34,774,18:34,0
34,775,18:35,0
34,776,18:36,0
34,777,18:37,0
34,778,18:38,0
34,779,18:39,0
34,780,18:40,2
34,781,18:41,2
34,782,18:42,2
34,783,18:43,2
34,784,18:44,2
34,785,18:45,2
34,786,18:46,2
34,787,18:47,2
34,788,18:48,2
34,789,18:49,2
34,790,18:50,0
34,791,18:51,0
34,792,18:52,0
34,793,18:53,2
34,794,18:54,2
34,795,18:55,2
34,796,18:56,2
34,797,18:57,2
34,798,18:58,2
34,799,18:59,2
34,800,19:00,2
34,801,19:01,2
34,802,19:02,2
34,803,19:03,2
34,804,19:04,2
34,805,19:05,2
34,806,19:06,2
34,807,19:07,2
34,808,19:08,2
34,809,19:09,0
34,810,19:10,0
34,811,19:11,0
34,812,19:12,0
34,813,19:13,0
34,814,19:14,0
34,815,19:15,0
34,816,19:16,0
34,817,19:17,0
34,818,19:18,0
34,819,19:19,0
34,820,19:20,0
34,821,19:21,0
34,822,19:22,0
34,823,19:23,0
34,824,19:24,0
34,825,19:25,0
34,826,19:26,0
34,827,19:27,0
34,828,19:28,0
34,829,19:29,0
34,830,19:30,0
34,831,19:31,0
34,832,19:32,0
34,833,19:33,0
34,834,19:34,0
34,835,19:35,0
35,0,05:40,0
35,1,05:41,0
35,2,05:42,0
35,3,05:43,0
35,4,05:44,0
35,5,05:45,0
35,6,05:46,0
35,7,05:47,0
35,8,05:48,0
35,9,05:49,0
35,10,05:50,0
35,11,05:51,0
35,12,05:52,0
35,13,05:53,0
35,14,05:54,0
35,15,05:55,0
35,16,05:56,0
35,17,05:57,0
35,18,05:58,0
35,19,05:59,0
35,20,06:00,0
35,21,06:01,0
35,22,06:02,0
35,23,06:03,0
35,24,06:04,0
35,25,06:05,0
35,26,06:06,0
35,27,06:07,0
35,28,06:08,0
35,29,06:09,0
35,30,06:10,0
35,31,06:11,0
35,32,06:12,0
35,33,06:13,0
35,34,06:14,0
35,35,06:15,0
35,36,06:16,0
35,37,06:17,0
35,38,06:18,0
35,39,06:19,0
35,40,06:20,0
35,41,06:21,0
35,42,06:22,0
35,43,06:23,0
35,44,06:24,0
35,45,06:25,0
35,46,06:26,0
35,47,06:27,0
35,48,06:28,0
35,49,06:29,0
35,50,06:30,0
35,51,06:31,0
35,52,06:32,0
35,53,06:33,0
35,54,06:34,0
35,55,06:35,0
35,56,06:36,0
35,57,06:37,0
35,58,06:38,0
35,59,06:39,0
35,60,06:40,0
35,61,06:41,0
35,62,06:42,0
35,63,06:43,0
35,64,06:44,0
35,65,06:45,0
35,66,06:46,0
35,67,06:47,0
35,68,06:48,0
35,69,06:49,0
35,70,06:50,0
35,71,06:51,2
35,72,06:52,2
35,73,06:53,2
35,74,06:54,2
35,75,06:55,2
35,76,06:56,2
35,77,06:57,2
35,78,06:58,2
35,79,06:59,2
35,80,07:00,2
35,81,07:01,2
35,82,07:02,2
35,83,07:03,2
35,84,07:04,2
35,85,07:05,2
35,86,07:06,2
35,87,07:07,2
35,88,07:08,2
35,89,07:09,2
35,90,07:10,2
35,91,07:11,2
35,92,07:12,2
35,93,07:13,0
35,94,07:14,0
35,95,07:15,0
35,96,07:16,0
35,97,07:17,0
35,98,07:18,0
35,99,07:19,0
35,100,07:20,0
35,101,07:21,0
35,102,07:22,0
35,103,07:23,0
35,104,07:24,0
35,105,07:25,0
35,106,07:26,0
35,107,07:27,0
35,108,07:28,0
35,109,07:29,0
35,110,07:30,0
35,111,07:31,0
35,112,07:32,0
35,113,07:33,0
35,114,07:34,0
35,115,07:35,0
35,116,07:36,0
35,117,07:37,0
35,118,07:38,0
35,119,07:39,0
35,120,07:40,0
35,121,07:41,0
35,122,07:42,0
35,123,07:43,0
35,124,07:44,0
35,125,07:45,0
35,126,07:46,0
35,127,07:47,0
35,128,07:48,0
35,129,07:49,0
35,130,07:50,0
35,131,07:51,1
35,132,07:52,1
35,133,07:53,1
35,134,07:54,1
35,135,07:55,1
35,136,07:56,1
35,137,07:57,1
35,138,07:58,1
35,139,07:59,1
35,140,08:00,1
35,141,08:01,1
35,142,08:02,1
35,143,08:03,1
35,144,08:04,0
35,145,08:05,0
35,146,08:06,0
35,147,08:07,0
35,148,08:08,0
35,149,08:09,0
35,150,08:10,0
35,151,08:11,0
35,152,08:12,0
35,153,08:13,0
35,154,08:14,0
35,155,08:15,0
35,156,08:16,0
35,157,08:17,0
35,158,08:18,0
35,159,08:19,1
35,160,08:20,1
35,161,08:21,1
35,162,08:22,1
35,163,08:23,1
35,164,08:24,1
35,165,08:25,1
35,166,08:26,1
35,167,08:27,1
35,168,08:28,1
35,169,08:29,1
35,170,08:30,1
35,171,08:31,1
35,172,08:32,1
35,173,08:33,1
35,174,08:34,1
35,175,08:35,1
35,176,08:36,1
35,177,08:37,1
35,178,08:38,1
35,179,08:39,0
35,180,08:40,0
35,181,08:41,0
35,182,08:42,1
35,183,08:43,1
35,184,08:44,1
35,185,08:45,1
35,186,08:46,1
35,187,08:47,1
35,188,08:48,1
35,189,08:49,1
35,190,08:50,1
35,191,08:51,1
35,192,08:52,1
35,193,08:53,1
35,194,08:54,1
35,195,08:55,1
35,196,08:56,1
35,197,08:57,1
35,198,08:58,1
35,199,08:59,1
35,200,09:00,1
35,201,09:01,0
35,202,09:02,0
35,203,09:03,0
35,204,09:04,0
35,205,09:05,0
35,206,09:06,0
35,207,09:07,0
35,208,09:08,0
35,209,09:09,0
35,210,09:10,1
35,211,09:11,1
35,212,09:12,1
35,213,09:13,1
35,214,09:14,1
35,215,09:15,1
35,216,09:16,1
35,217,09:17,1
35,218,09:18,1
35,219,09:19,1
35,220,09:20,1
35,221,09:21,1
35,222,09:22,1
35,223,09:23,1
35,224,09:24,1
35,225,09:25,0
35,226,09:26,0
35,227,09:27,0
35,228,09:28,0
35,229,09:29,0
35,230,09:30,0
35,231,09:31,0
35,232,09:32,0
35,233,09:33,0
35,234,09:34,0
35,235,09:35,0
35,236,09:36,0
35,237,09:37,0
35,238,09:38,0
35,239,09:39,0
35,240,09:40,0
35,241,09:41,0
35,242,09:42,0
35,243,09:43,0
35,244,09:44,0
35,245,09:45,0
35,246,09:46,0
35,247,09:47,1
35,248,09:48,1
35,249,09:49,1
35,250,09:50,1
35,251,09:51,1
35,252,09:52,1
35,253,09:53,1
35,254,09:54,1
35,255,09:55,1
35,256,09:56,1
35,257,09:57,1
35,258,09:58,1
35,259,09:59,1
35,260,10:00,0
35,261,10:01,0
35,262,10:02,0
35,263,10:03,0
35,264,10:04,0
35,265,10:05,0
35,266,10:06,0
35,267,10:07,0
35,268,10:08,0
35,269,10:09,0
35,270,10:10,0
35,271,10:11,1
35,272,10:12,1
35,273,10:13,1
35,274,10:14,2
35,275,10:15,2
35,276,10:16,2
35,277,10:17,3
35,278,10:18,3
35,279,10:19,3
35,280,10:20,3
35,281,10:21,3
35,282,10:22,3
35,283,10:23,3
35,284,10:24,3
35,285,10:25,3
35,286,10:26,2
35,287,10:27,2
35,288,10:28,2
35,289,10:29,1
35,290,10:30,1
35,291,10:31,1
35,292,10:32,0
35,293,10:33,0
35,294,10:34,0
35,295,10:35,0
35,296,10:36,0
35,297,10:37,0
35,298,10:38,0
35,299,10:39,0
35,300,10:40,0
35,301,10:41,0
35,302,10:42,0
35,303,10:43,0
35,304,10:44,0
35,305,10:45,0
35,306,10:46,0
35,307,10:47,0
35,308,10:48,0
35,309,10:49,0
35,310,10:50,0
35,311,10:51,0
35,312,10:52,0
35,313,10:53,0
35,314,10:54,0
35,315,10:55,0
35,316,10:56,1
35,317,10:57,1
35,318,10:58,1
35,319,10:59,1
35,320,11:00,1
35,321,11:01,1
35,322,11:02,1
35,323,11:03,1
35,324,11:04,1
35,325,11:05,1
35,326,11:06,1
35,327,11:07,1
35,328,11:08,1
35,329,11:09,1
35,330,11:10,1
35,331,11:11,1
35,332,11:12,1
35,333,11:13,1
35,334,11:14,1
35,335,11:15,1
35,336,11:16,1
35,337,11:17,1
35,338,11:18,1
35,339,11:19,1
35,340,11:20,1
35,341,11:21,1
35,342,11:22,1
35,343,11:23,1
35,344,11:24,1
35,345,11:25,1
35,346,11:26,0
35,347,11:27,0
35,348,11:28,0
35,349,11:29,0
35,350,11:30,0
35,351,11:31,0
35,352,11:32,0
35,353,11:33,0
35,354,11:34,0
35,355,11:35,0
35,356,11:36,0
35,357,11:37,0
35,358,11:38,0
35,359,11:39,0
35,360,11:40,0
35,361,11:41,0
35,362,11:42,1
35,363,11:43,1
35,364,11:44,1
35,365,11:45,1
35,366,11:46,2
35,367,11:47,2
35,368,11:48,2
35,369,11:49,2
35,370,11:50,2
35,371,11:51,2
35,372,11:52,2
35,373,11:53,2
35,374,11:54,2
35,375,11:55,2
35,376,11:56,2
35,377,11:57,2
35,378,11:58,2
35,379,11:59,2
35,380,12:00,2
35,381,12:01,2
35,382,12:02,2
35,383,12:03,2
35,384,12:04,1
35,385,12:05,1
35,386,12:06,1
35,387,12:07,1
35,388,12:08,1
35,389,12:09,1
35,390,12:10,1
35,391,12:11,1
35,392,12:12,1
35,393,12:13,0
35,394,12:14,0
35,395,12:15,0
35,396,12:16,1
35,397,12:17,1
35,398,12:18,1
35,399,12:19,1
35,400,12:20,1
35,401,12:21,1
35,402,12:22,1
35,403,12:23,1
35,404,12:24,1
35,405,12:25,1
35,406,12:26,1
35,407,12:27,1
35,408,12:28,1
35,409,12:29,1
35,410,12:30,1
35,411,12:31,1
35,412,12:32,1
35,413,12:33,0
35,414,12:34,0
35,415,12:35,0
35,416,12:36,0
35,417,12:37,0
35,418,12:38,0
35,419,12:39,0
35,420,12:40,0
35,421,12:41,0
35,422,12:42,0
35,423,12:43,1
35,424,12:44,1
35,425,12:45,1
35,426,12:46,2
35,427,12:47,2
35,428,12:48,2
35,429,12:49,3
35,430,12:50,3
35,431,12:51,3
35,432,12:52,3
35,433,12:53,3
35,434,12:54,3
35,435,12:55,3
35,436,12:56,3
35,437,12:57,3
35,438,12:58,3
35,439,12:59,3
35,440,13:00,2
35,441,13:01,2
35,442,13:02,2
35,443,13:03,1
35,444,13:04,1
35,445,13:05,1
35,446,13:06,0
35,447,13:07,0
35,448,13:08,0
35,449,13:09,0
35,450,13:10,0
35,451,13:11,0
35,452,13:12,0
35,453,13:13,0
35,454,13:14,0
35,455,13:15,0
35,456,13:16,0
35,457,13:17,0
35,458,13:18,0
35,459,13:19,0
35,460,13:20,0
35,461,13:21,0
35,462,13:22,0
35,463,13:23,0
35,464,13:24,0
35,465,13:25,0
35,466,13:26,0
35,467,13:27,0
35,468,13:28,0
35,469,13:29,0
35,470,13:30,0
35,471,13:31,0
35,472,13:32,0
35,473,13:33,0
35,474,13:34,0
35,475,13:35,0
35,476,13:36,0
35,477,13:37,0
35,478,13:38,0
35,479,13:39,0
35,480,13:40,0
35,481,13:41,0
35,482,13:42,0
35,483,13:43,0
35,484,13:44,0
35,485,13:45,0
35,486,13:46,0
35,487,13:47,0
35,488,13:48,0
35,489,13:49,0
35,490,13:50,1
35,491,13:51,1
35,492,13:52,1
35,493,13:53,3
35,494,13:54,3
35,495,13:55,3
35,496,13:56,4
35,497,13:57,4
35,498,13:58,4
35,499,13:59,4
35,500,14:00,4
35,501,14:01,4
35,502,14:02,4
35,503,14:03,4
35,504,14:04,4
35,505,14:05,4
35,506,14:06,4
35,507,14:07,4
35,508,14:08,4
35,509,14:09,4
35,510,14:10,4
35,511,14:11,4
35,512,14:12,4
35,513,14:13,4
35,514,14:14,3
35,515,14:15,3
35,516,14:16,3
35,517,14:17,2
35,518,14:18,2
35,519,14:19,2
35,520,14:20,0
35,521,14:21,0
35,522,14:22,0
35,523,14:23,1
35,524,14:24,1
35,525,14:25,1
35,526,14:26,2
35,527,14:27,2
35,528,14:28,2
35,529,14:29,2
35,530,14:30,2
35,531,14:31,2
35,532,14:32,2
35,533,14:33,2
35,534,14:34,2
35,535,14:35,2
35,536,14:36,2
35,537,14:37,1
35,538,14:38,1
35,539,14:39,1
35,540,14:40,0
35,541,14:41,0
35,542,14:42,0
35,543,14:43,0
35,544,14:44,0
35,545,14:45,0
35,546,14:46,0
35,547,14:47,0
35,548,14:48,0
35,549,14:49,0
35,550,14:50,0
35,551,14:51,0
35,552,14:52,0
35,553,14:53,0
35,554,14:54,0
35,555,14:55,0
35,556,14:56,0
35,557,14:57,0
35,558,14:58,0
35,559,14:59,0
35,560,15:00,0
35,561,15:01,0
35,562,15:02,0
35,563,15:03,0
35,564,15:04,0
35,565,15:05,0
35,566,15:06,0
35,567,15:07,0
35,568,15:08,2
35,569,15:09,2
35,570,15:10,2
35,571,15:11,2
35,572,15:12,2
35,573,15:13,2
35,574,15:14,2
35,575,15:15,2
35,576,15:16,2
35,577,15:17,2
35,578,15:18,2
35,579,15:19,0
35,580,15:20,0
35,581,15:21,0
35,582,15:22,0
35,583,15:23,0
35,584,15:24,0
35,585,15:25,0
35,586,15:26,0
35,587,15:27,0
35,588,15:28,0
35,589,15:29,1
35,590,15:30,1
35,591,15:31,1
35,592,15:32,2
35,593,15:33,2
35,594,15:34,2
35,595,15:35,2
35,596,15:36,2
35,597,15:37,2
35,598,15:38,2
35,599,15:39,2
35,600,15:40,2
35,601,15:41,2
35,602,15:42,2
35,603,15:43,2
35,604,15:44,2
35,605,15:45,2
35,606,15:46,2
35,607,15:47,1
35,608,15:48,1
35,609,15:49,1
35,610,15:50,0
35,611,15:51,0
35,612,15:52,0
35,613,15:53,1
35,614,15:54,1
35,615,15:55,1
35,616,15:56,2
35,617,15:57,2
35,618,15:58,2
35,619,15:59,2
35,620,16:00,2
35,621,16:01,2
35,622,16:02,2
35,623,16:03,2
35,624,16:04,2
35,625,16:05,2
35,626,16:06,1
35,627,16:07,1
35,628,16:08,1
35,629,16:09,1
35,630,16:10,1
35,631,16:11,1
35,632,16:12,1
35,633,16:13,1
35,634,16:14,1
35,635,16:15,1
35,636,16:16,1
35,637,16:17,1
35,638,16:18,1
35,639,16:19,0
35,640,16:20,0
35,641,16:21,0
35,642,16:22,1
35,643,16:23,1
35,644,16:24,1
35,645,16:25,2
35,646,16:26,2
35,647,16:27,2
35,648,16:28,2
35,649,16:29,2
35,650,16:30,2
35,651,16:31,2
35,652,16:32,2
35,653,16:33,2
35,654,16:34,2
35,655,16:35,2
35,656,16:36,2
35,657,16:37,2
35,658,16:38,1
35,659,16:39,1
35,660,16:40,1
35,661,16:41,1
35,662,16:42,1
35,663,16:43,1
35,664,16:44,1
35,665,16:45,1
35,666,16:46,1
35,667,16:47,1
35,668,16:48,0
35,669,16:49,0
35,670,16:50,0
35,671,16:51,3
35,672,16:52,3
35,673,16:53,3
35,674,16:54,3
35,675,16:55,3
35,676,16:56,3
35,677,16:57,3
35,678,16:58,3
35,679,16:59,3
35,680,17:00,3
35,681,17:01,0
35,682,17:02,0
35,683,17:03,0
35,684,17:04,0
35,685,17:05,0
35,686,17:06,0
35,687,17:07,0
35,688,17:08,0
35,689,17:09,0
35,690,17:10,0
35,691,17:11,0
35,692,17:12,0
35,693,17:13,0
35,694,17:14,0
35,695,17:15,0
35,696,17:16,0
35,697,17:17,0
35,698,17:18,2
35,699,17:19,2
35,700,17:20,2
35,701,17:21,2
35,702,17:22,2
35,703,17:23,2
35,704,17:24,2
35,705,17:25,2
35,706,17:26,2
35,707,17:27,2
35,708,17:28,2
35,709,17:29,2
35,710,17:30,0
35,711,17:31,0
35,712,17:32,0
35,713,17:33,2
35,714,17:34,2
35,715,17:35,2
35,716,17:36,4
35,717,17:37,4
35,718,17:38,4
35,719,17:39,4
35,720,17:40,4
35,721,17:41,4
35,722,17:42,4
35,723,17:43,4
35,724,17:44,4
35,725,17:45,2
35,726,17:46,2
35,727,17:47,2
35,728,17:48,0
35,729,17:49,0
35,730,17:50,0
35,731,17:51,2
35,732,17:52,2
35,733,17:53,2
35,734,17:54,4
35,735,17:55,4
35,736,17:56,4
35,737,17:57,4
35,738,17:58,4
35,739,17:59,4
35,740,18:00,4
35,741,18:01,4
35,742,18:02,4
35,743,18:03,4
35,744,18:04,2
35,745,18:05,2
35,746,18:06,2
35,747,18:07,0
35,748,18:08,0
35,749,18:09,0
35,750,18:10,1
35,751,18:11,1
35,752,18:12,1
35,753,18:13,3
35,754,18:14,3
35,755,18:15,3
35,756,18:16,3
35,757,18:17,3
35,758,18:18,3
35,759,18:19,3
35,760,18:20,3
35,761,18:21,3
35,762,18:22,3
35,763,18:23,3
35,764,18:24,3
35,765,18:25,3
35,766,18:26,3
35,767,18:27,3
35,768,18:28,2
35,769,18:29,2
35,770,18:30,2
35,771,18:31,0
35,772,18:32,0
35,773,18:33,0
35,774,18:34,0
35,775,18:35,0
35,776,18:36,0
35,777,18:37,0
35,778,18:38,0
35,779,18:39,0
35,780,18:40,0
35,781,18:41,0
35,782,18:42,0
35,783,18:43,0
35,784,18:44,0
35,785,18:45,0
35,786,18:46,0
35,787,18:47,1
35,788,18:48,1
35,789,18:49,1
35,790,18:50,1
35,791,18:51,2
35,792,18:52,2
35,793,18:53,2
35,794,18:54,2
35,795,18:55,2
35,796,18:56,2
35,797,18:57,2
35,798,18:58,2
35,799,18:59,2
35,800,19:00,2
35,801,19:01,2
35,802,19:02,1
35,803,19:03,1
35,804,19:04,1
35,805,19:05,0
35,806,19:06,0
35,807,19:07,0
35,808,19:08,0
35,809,19:09,0
35,810,19:10,0
35,811,19:11,0
35,812,19:12,0
35,813,19:13,0
35,814,19:14,0
35,815,19:15,0
35,816,19:16,0
35,817,19:17,0
35,818,19:18,0
35,819,19:19,0
35,820,19:20,0
35,821,19:21,0
35,822,19:22,0
35,823,19:23,0
35,824,19:24,0
35,825,19:25,0
35,826,19:26,0
35,827,19:27,0
35,828,19:28,0
35,829,19:29,0
35,830,19:30,0
35,831,19:31,0
35,832,19:32,0
35,833,19:33,0
35,834,19:34,0
35,835,19:35,0
36,0,05:40,0
36,1,05:41,0
36,2,05:42,0
36,3,05:43,0
36,4,05:44,0
36,5,05:45,0
36,6,05:46,0
36,7,05:47,0
36,8,05:48,0
36,9,05:49,0
36,10,05:50,0
36,11,05:51,0
36,12,05:52,0
36,13,05:53,0
36,14,05:54,0
36,15,05:55,0
36,16,05:56,0
36,17,05:57,0
36,18,05:58,0
36,19,05:59,0
36,20,06:00,0
36,21,06:01,0
36,22,06:02,0
36,23,06:03,0
36,24,06:04,0
36,25,06:05,0
36,26,06:06,0
36,27,06:07,0
36,28,06:08,0
36,29,06:09,0
36,30,06:10,0
36,31,06:11,0
36,32,06:12,0
36,33,06:13,0
36,34,06:14,0
36,35,06:15,0
36,36,06:16,0
36,37,06:17,0
36,38,06:18,0
36,39,06:19,0
36,40,06:20,0
36,41,06:21,0
36,42,06:22,0
36,43,06:23,0
36,44,06:24,0
36,45,06:25,0
36,46,06:26,0
36,47,06:27,0
36,48,06:28,0
36,49,06:29,0
36,50,06:30,0
36,51,06:31,0
36,52,06:32,0
36,53,06:33,0
36,54,06:34,0
36,55,06:35,0
36,56,06:36,0
36,57,06:37,0
36,58,06:38,0
36,59,06:39,0
36,60,06:40,0
36,61,06:41,0
36,62,06:42,0
36,63,06:43,0
36,64,06:44,0
36,65,06:45,0
36,66,06:46,0
36,67,06:47,0
36,68,06:48,0
36,69,06:49,0
36,70,06:50,0
36,71,06:51,0
36,72,06:52,0
36,73,06:53,0
36,74,06:54,0
36,75,06:55,0
36,76,06:56,0
36,77,06:57,0
36,78,06:58,0
36,79,06:59,0
36,80,07:00,0
36,81,07:01,0
36,82,07:02,0
36,83,07:03,0
36,84,07:04,0
36,85,07:05,0
36,86,07:06,0
36,87,07:07,0
36,88,07:08,0
36,89,07:09,0
36,90,07:10,0
36,91,07:11,0
36,92,07:12,0
36,93,07:13,0
36,94,07:14,0
36,95,07:15,0
36,96,07:16,0
36,97,07:17,0
36,98,07:18,0
36,99,07:19,0
36,100,07:20,0
36,101,07:21,0
36,102,07:22,0
36,103,07:23,0
36,104,07:24,0
36,105,07:25,0
36,106,07:26,0
36,107,07:27,0
36,108,07:28,0
36,109,07:29,0
36,110,07:30,0
36,111,07:31,0
36,112,07:32,0
36,113,07:33,0
36,114,07:34,0
36,115,07:35,0
36,116,07:36,0
36,117,07:37,0
36,118,07:38,0
36,119,07:39,0
36,120,07:40,0
36,121,07:41,0
36,122,07:42,0
36,123,07:43,0
36,124,07:44,0
36,125,07:45,0
36,126,07:46,0
36,127,07:47,0
36,128,07:48,0
36,129,07:49,0
36,130,07:50,0
36,131,07:51,0
36,132,07:52,0
36,133,07:53,0
36,134,07:54,0
36,135,07:55,0
36,136,07:56,0
36,137,07:57,0
36,138,07:58,0
36,139,07:59,0
36,140,08:00,0
36,141,08:01,0
36,142,08:02,0
36,143,08:03,0
36,144,08:04,1
36,145,08:05,1
36,146,08:06,1
36,147,08:07,1
36,148,08:08,1
36,149,08:09,1
36,150,08:10,1
36,151,08:11,1
36,152,08:12,1
36,153,08:13,1
36,154,08:14,0
36,155,08:15,0
36,156,08:16,0
36,157,08:17,0
36,158,08:18,0
36,159,08:19,0
36,160,08:20,0
36,161,08:21,0
36,162,08:22,0
36,163,08:23,0
36,164,08:24,0
36,165,08:25,0
36,166,08:26,0
36,167,08:27,0
36,168,08:28,0
36,169,08:29,0
36,170,08:30,0
36,171,08:31,0
36,172,08:32,0
36,173,08:33,0
36,174,08:34,0
36,175,08:35,0
36,176,08:36,0
36,177,08:37,0
36,178,08:38,0
36,179,08:39,0
36,180,08:40,0
36,181,08:41,0
36,182,08:42,0
36,183,08:43,0
36,184,08:44,0
36,185,08:45,0
36,186,08:46,0
36,187,08:47,0
36,188,08:48,0
36,189,08:49,0
36,190,08:50,0
36,191,08:51,0
36,192,08:52,0
36,193,08:53,0
36,194,08:54,0
36,195,08:55,0
36,196,08:56,0
36,197,08:57,0
36,198,08:58,0
36,199,08:59,0
36,200,09:00,0
36,201,09:01,0
36,202,09:02,0
36,203,09:03,0
36,204,09:04,0
36,205,09:05,0
36,206,09:06,0
36,207,09:07,0
36,208,09:08,0
36,209,09:09,0
36,210,09:10,0
36,211,09:11,0
36,212,09:12,0
36,213,09:13,0
36,214,09:14,0
36,215,09:15,0
36,216,09:16,0
36,217,09:17,0
36,218,09:18,0
36,219,09:19,0
36,220,09:20,0
36,221,09:21,0
36,222,09:22,0
36,223,09:23,0
36,224,09:24,0
36,225,09:25,0
36,226,09:26,0
36,227,09:27,0
36,228,09:28,0
36,229,09:29,0
36,230,09:30,0
36,231,09:31,0
36,232,09:32,0
36,233,09:33,0
36,234,09:34,0
36,235,09:35,0
36,236,09:36,0
36,237,09:37,0
36,238,09:38,0
36,239,09:39,0
36,240,09:40,0
36,241,09:41,0
36,242,09:42,0
36,243,09:43,0
36,244,09:44,0
36,245,09:45,0
36,246,09:46,0
36,247,09:47,1
36,248,09:48,1
36,249,09:49,1
36,250,09:50,1
36,251,09:51,1
36,252,09:52,1
36,253,09:53,1
36,254,09:54,1
36,255,09:55,1
36,256,09:56,1
36,257,09:57,1
36,258,09:58,1
36,259,09:59,1
36,260,10:00,0
36,261,10:01,0
36,262,10:02,0
36,263,10:03,0
36,264,10:04,0
36,265,10:05,0
36,266,10:06,0
36,267,10:07,0
36,268,10:08,0
36,269,10:09,0
36,270,10:10,0
36,271,10:11,0
36,272,10:12,0
36,273,10:13,0
36,274,10:14,0
36,275,10:15,0
36,276,10:16,0
36,277,10:17,0
36,278,10:18,0
36,279,10:19,0
36,280,10:20,0
36,281,10:21,0
36,282,10:22,1
36,283,10:23,1
36,284,10:24,1
36,285,10:25,1
36,286,10:26,1
36,287,10:27,1
36,288,10:28,1
36,289,10:29,1
36,290,10:30,2
36,291,10:31,2
36,292,10:32,2
36,293,10:33,2
36,294,10:34,2
36,295,10:35,2
36,296,10:36,2
36,297,10:37,2
36,298,10:38,2
36,299,10:39,2
36,300,10:40,1
36,301,10:41,1
36,302,10:42,1
36,303,10:43,1
36,304,10:44,1
36,305,10:45,1
36,306,10:46,1
36,307,10:47,1
36,308,10:48,1
36,309,10:49,0
36,310,10:50,0
36,311,10:51,0
36,312,10:52,0
36,313,10:53,0
36,314,10:54,0
36,315,10:55,0
36,316,10:56,0
36,317,10:57,1
36,318,10:58,1
36,319,10:59,1
36,320,11:00,1
36,321,11:01,1
36,322,11:02,1
36,323,11:03,1
36,324,11:04,1
36,325,11:05,1
36,326,11:06,1
36,327,11:07,1
36,328,11:08,1
36,329,11:09,1
36,330,11:10,1
36,331,11:11,1
36,332,11:12,1
36,333,11:13,1
36,334,11:14,1
36,335,11:15,1
36,336,11:16,0
36,337,11:17,0
36,338,11:18,0
36,339,11:19,1
36,340,11:20,1
36,341,11:21,1
36,342,11:22,1
36,343,11:23,1
36,344,11:24,1
36,345,11:25,1
36,346,11:26,1
36,347,11:27,1
36,348,11:28,1
36,349,11:29,1
36,350,11:30,1
36,351,11:31,1
36,352,11:32,1
36,353,11:33,1
36,354,11:34,1
36,355,11:35,1
36,356,11:36,1
36,357,11:37,1
36,358,11:38,1
36,359,11:39,1
36,360,11:40,1
36,361,11:41,1
36,362,11:42,0
36,363,11:43,0
36,364,11:44,0
36,365,11:45,0
36,366,11:46,0
36,367,11:47,0
36,368,11:48,0
36,369,11:49,0
36,370,11:50,0
36,371,11:51,0
36,372,11:52,0
36,373,11:53,0
36,374,11:54,0
36,375,11:55,0
36,376,11:56,0
36,377,11:57,0
36,378,11:58,0
36,379,11:59,0
36,380,12:00,1
36,381,12:01,1
36,382,12:02,1
36,383,12:03,1
36,384,12:04,1
36,385,12:05,1
36,386,12:06,1
36,387,12:07,1
36,388,12:08,1
36,389,12:09,1
36,390,12:10,1
36,391,12:11,1
36,392,12:12,1
36,393,12:13,1
36,394,12:14,1
36,395,12:15,2
36,396,12:16,2
36,397,12:17,2
36,398,12:18,2
36,399,12:19,2
36,400,12:20,2
36,401,12:21,2
36,402,12:22,2
36,403,12:23,2
36,404,12:24,2
36,405,12:25,1
36,406,12:26,1
36,407,12:27,1
36,408,12:28,1
36,409,12:29,1
36,410,12:30,1
36,411,12:31,1
36,412,12:32,1
36,413,12:33,1
36,414,12:34,1
36,415,12:35,0
36,416,12:36,0
36,417,12:37,0
36,418,12:38,0
36,419,12:39,0
36,420,12:40,0
36,421,12:41,0
36,422,12:42,0
36,423,12:43,0
36,424,12:44,0
36,425,12:45,0
36,426,12:46,0
36,427,12:47,0
36,428,12:48,0
36,429,12:49,0
36,430,12:50,0
36,431,12:51,0
36,432,12:52,0
36,433,12:53,0
36,434,12:54,0
36,435,12:55,0
36,436,12:56,0
36,437,12:57,0
36,438,12:58,0
36,439,12:59,0
36,440,13:00,0
36,441,13:01,0
36,442,13:02,0
36,443,13:03,0
36,444,13:04,0
36,445,13:05,0
36,446,13:06,0
36,447,13:07,0
36,448,13:08,0
36,449,13:09,0
36,450,13:10,0
36,451,13:11,0
36,452,13:12,0
36,453,13:13,0
36,454,13:14,0
36,455,13:15,0
36,456,13:16,0
36,457,13:17,0
36,458,13:18,0
36,459,13:19,0
36,460,13:20,0
36,461,13:21,0
36,462,13:22,0
36,463,13:23,0
36,464,13:24,0
36,465,13:25,0
36,466,13:26,0
36,467,13:27,1
36,468,13:28,1
36,469,13:29,1
36,470,13:30,1
36,471,13:31,1
36,472,13:32,1
36,473,13:33,1
36,474,13:34,1
36,475,13:35,1
36,476,13:36,1
36,477,13:37,2
36,478,13:38,2
36,479,13:39,2
36,480,13:40,2
36,481,13:41,2
36,482,13:42,2
36,483,13:43,2
36,484,13:44,2
36,485,13:45,2
36,486,13:46,2
36,487,13:47,2
36,488,13:48,2
36,489,13:49,2
36,490,13:50,2
36,491,13:51,2
36,492,13:52,1
36,493,13:53,1
36,494,13:54,1
36,495,13:55,0
36,496,13:56,0
36,497,13:57,0
36,498,13:58,1
36,499,13:59,1
36,500,14:00,1
36,501,14:01,1
36,502,14:02,1
36,503,14:03,1
36,504,14:04,1
36,505,14:05,1
36,506,14:06,1
36,507,14:07,1
36,508,14:08,1
36,509,14:09,1
36,510,14:10,1
36,511,14:11,1
36,512,14:12,1
36,513,14:13,1
36,514,14:14,1
36,515,14:15,1
36,516,14:16,0
36,517,14:17,0
36,518,14:18,0
36,519,14:19,1
36,520,14:20,1
36,521,14:21,1
36,522,14:22,1
36,523,14:23,1
36,524,14:24,1
36,525,14:25,1
36,526,14:26,1
36,527,14:27,1
36,528,14:28,0
36,529,14:29,0
36,530,14:30,0
36,531,14:31,1
36,532,14:32,1
36,533,14:33,1
36,534,14:34,2
36,535,14:35,2
36,536,14:36,2
36,537,14:37,2
36,538,14:38,2
36,539,14:39,2
36,540,14:40,2
36,541,14:41,2
36,542,14:42,2
36,543,14:43,2
36,544,14:44,1
36,545,14:45,1
36,546,14:46,1
36,547,14:47,1
36,548,14:48,1
36,549,14:49,1
36,550,14:50,1
36,551,14:51,1
36,552,14:52,1
36,553,14:53,1
36,554,14:54,0
36,555,14:55,0
36,556,14:56,0
36,557,14:57,1
36,558,14:58,1
36,559,14:59,1
36,560,15:00,1
36,561,15:01,1
36,562,15:02,1
36,563,15:03,1
36,564,15:04,1
36,565,15:05,1
36,566,15:06,1
36,567,15:07,1
36,568,15:08,1
36,569,15:09,1
36,570,15:10,1
36,571,15:11,1
36,572,15:12,1
36,573,15:13,1
36,574,15:14,1
36,575,15:15,0
36,576,15:16,0
36,577,15:17,0
36,578,15:18,0
36,579,15:19,0
36,580,15:20,0
36,581,15:21,0
36,582,15:22,0
36,583,15:23,0
36,584,15:24,0
36,585,15:25,0
36,586,15:26,0
36,587,15:27,0
36,588,15:28,0
36,589,15:29,0
36,590,15:30,1
36,591,15:31,1
36,592,15:32,1
36,593,15:33,2
36,594,15:34,2
36,595,15:35,2
36,596,15:36,2
36,597,15:37,2
36,598,15:38,2
36,599,15:39,2
36,600,15:40,2
36,601,15:41,2
36,602,15:42,2
36,603,15:43,1
36,604,15:44,1
36,605,15:45,1
36,606,15:46,1
36,607,15:47,0
36,608,15:48,0
36,609,15:49,0
36,610,15:50,0
36,611,15:51,0
36,612,15:52,0
36,613,15:53,1
36,614,15:54,1
36,615,15:55,1
36,616,15:56,1
36,617,15:57,1
36,618,15:58,1
36,619,15:59,1
36,620,16:00,1
36,621,16:01,1
36,622,16:02,1
36,623,16:03,1
36,624,16:04,1
36,625,16:05,1
36,626,16:06,1
36,627,16:07,1
36,628,16:08,1
36,629,16:09,1
36,630,16:10,1
36,631,16:11,1
36,632,16:12,1
36,633,16:13,1
36,634,16:14,1
36,635,16:15,1
36,636,16:16,1
36,637,16:17,1
36,638,16:18,1
36,639,16:19,0
36,640,16:20,0
36,641,16:21,0
36,642,16:22,0
36,643,16:23,1
36,644,16:24,1
36,645,16:25,1
36,646,16:26,1
36,647,16:27,1
36,648,16:28,2
36,649,16:29,2
36,650,16:30,2
36,651,16:31,2
36,652,16:32,2
36,653,16:33,2
36,654,16:34,2
36,655,16:35,2
36,656,16:36,2
36,657,16:37,3
36,658,16:38,3
36,659,16:39,3
36,660,16:40,3
36,661,16:41,3
36,662,16:42,3
36,663,16:43,3
36,664,16:44,3
36,665,16:45,3
36,666,16:46,3
36,667,16:47,3
36,668,16:48,3
36,669,16:49,3
36,670,16:50,3
36,671,16:51,2
36,672,16:52,2
36,673,16:53,2
36,674,16:54,1
36,675,16:55,1
36,676,16:56,1
36,677,16:57,0
36,678,16:58,0
36,679,16:59,0
36,680,17:00,0
36,681,17:01,0
36,682,17:02,0
36,683,17:03,0
36,684,17:04,0
36,685,17:05,0
36,686,17:06,1
36,687,17:07,1
36,688,17:08,1
36,689,17:09,2
36,690,17:10,2
36,691,17:11,2
36,692,17:12,2
36,693,17:13,2
36,694,17:14,2
36,695,17:15,2
36,696,17:16,2
36,697,17:17,2
36,698,17:18,1
36,699,17:19,1
36,700,17:20,1
36,701,17:21,0
36,702,17:22,0
36,703,17:23,0
36,704,17:24,1
36,705,17:25,1
36,706,17:26,1
36,707,17:27,1
36,708,17:28,1
36,709,17:29,1
36,710,17:30,1
36,711,17:31,1
36,712,17:32,1
36,713,17:33,0
36,714,17:34,0
36,715,17:35,0
36,716,17:36,1
36,717,17:37,1
36,718,17:38,1
36,719,17:39,2
36,720,17:40,2
36,721,17:41,2
36,722,17:42,2
36,723,17:43,2
36,724,17:44,2
36,725,17:45,2
36,726,17:46,2
36,727,17:47,2
36,728,17:48,1
36,729,17:49,1
36,730,17:50,1
36,731,17:51,0
36,732,17:52,0
36,733,17:53,0
36,734,17:54,0
36,735,17:55,0
36,736,17:56,0
36,737,17:57,0
36,738,17:58,0
36,739,17:59,0
36,740,18:00,1
36,741,18:01,1
36,742,18:02,1
36,743,18:03,1
36,744,18:04,1
36,745,18:05,1
36,746,18:06,1
36,747,18:07,1
36,748,18:08,1
36,749,18:09,1
36,750,18:10,0
36,751,18:11,0
36,752,18:12,0
36,753,18:13,0
36,754,18:14,0
36,755,18:15,0
36,756,18:16,0
36,757,18:17,0
36,758,18:18,0
36,759,18:19,0
36,760,18:20,1
36,761,18:21,1
36,762,18:22,1
36,763,18:23,1
36,764,18:24,1
36,765,18:25,1
36,766,18:26,1
36,767,18:27,1
36,768,18:28,1
36,769,18:29,1
36,770,18:30,2
36,771,18:31,2
36,772,18:32,2
36,773,18:33,1
36,774,18:34,1
36,775,18:35,1
36,776,18:36,1
36,777,18:37,1
36,778,18:38,1
36,779,18:39,1
36,780,18:40,1
36,781,18:41,1
36,782,18:42,1
36,783,18:43,0
36,784,18:44,0
36,785,18:45,0
36,786,18:46,0
36,787,18:47,0
36,788,18:48,0
36,789,18:49,0
36,790,18:50,0
36,791,18:51,0
36,792,18:52,0
36,793,18:53,0
36,794,18:54,1
36,795,18:55,1
36,796,18:56,1
36,797,18:57,2
36,798,18:58,2
36,799,18:59,2
36,800,19:00,2
36,801,19:01,2
36,802,19:02,2
36,803,19:03,2
36,804,19:04,2
36,805,19:05,2
36,806,19:06,2
36,807,19:07,2
36,808,19:08,2
36,809,19:09,2
36,810,19:10,2
36,811,19:11,2
36,812,19:12,1
36,813,19:13,1
36,814,19:14,1
36,815,19:15,0
36,816,19:16,0
36,817,19:17,0
36,818,19:18,0
36,819,19:19,0
36,820,19:20,0
36,821,19:21,0
36,822,19:22,0
36,823,19:23,0
36,824,19:24,0
36,825,19:25,0
36,826,19:26,0
36,827,19:27,0
36,828,19:28,0
36,829,19:29,0
36,830,19:30,0
36,831,19:31,0
36,832,19:32,0
36,833,19:33,0
36,834,19:34,0
36,835,19:35,0
37,0,05:40,0
37,1,05:41,0
37,2,05:42,0
37,3,05:43,0
37,4,05:44,0
37,5,05:45,0
37,6,05:46,0
37,7,05:47,0
37,8,05:48,0
37,9,05:49,0
37,10,05:50,0
37,11,05:51,0
37,12,05:52,0
37,13,05:53,0
37,14,05:54,0
37,15,05:55,0
37,16,05:56,0
37,17,05:57,0
37,18,05:58,0
37,19,05:59,0
37,20,06:00,0
37,21,06:01,0
37,22,06:02,0
37,23,06:03,0
37,24,06:04,0
37,25,06:05,0
37,26,06:06,0
37,27,06:07,0
37,28,06:08,0
37,29,06:09,0
37,30,06:10,0
37,31,06:11,0
37,32,06:12,0
37,33,06:13,0
37,34,06:14,0
37,35,06:15,0
37,36,06:16,0
37,37,06:17,0
37,38,06:18,0
37,39,06:19,0
37,40,06:20,0
37,41,06:21,0
37,42,06:22,0
37,43,06:23,0
37,44,06:24,0
37,45,06:25,0
37,46,06:26,0
37,47,06:27,0
37,48,06:28,0
37,49,06:29,0
37,50,06:30,0
37,51,06:31,0
37,52,06:32,0
37,53,06:33,0
37,54,06:34,0
37,55,06:35,0
37,56,06:36,0
37,57,06:37,0
37,58,06:38,0
37,59,06:39,0
37,60,06:40,0
37,61,06:41,0
37,62,06:42,0
37,63,06:43,0
37,64,06:44,0
37,65,06:45,0
37,66,06:46,0
37,67,06:47,0
37,68,06:48,0
37,69,06:49,0
37,70,06:50,0
37,71,06:51,0
37,72,06:52,0
37,73,06:53,0
37,74,06:54,0
37,75,06:55,0
37,76,06:56,0
37,77,06:57,0
37,78,06:58,0
37,79,06:59,0
37,80,07:00,0
37,81,07:01,0
37,82,07:02,1
37,83,07:03,1
37,84,07:04,1
37,85,07:05,1
37,86,07:06,1
37,87,07:07,1
37,88,07:08,1
37,89,07:09,1
37,90,07:10,1
37,91,07:11,1
37,92,07:12,1
37,93,07:13,1
37,94,07:14,1
37,95,07:15,2
37,96,07:16,2
37,97,07:17,2
37,98,07:18,1
37,99,07:19,1
37,100,07:20,1
37,101,07:21,1
37,102,07:22,1
37,103,07:23,1
37,104,07:24,1
37,105,07:25,1
37,106,07:26,1
37,107,07:27,1
37,108,07:28,1
37,109,07:29,1
37,110,07:30,1
37,111,07:31,1
37,112,07:32,0
37,113,07:33,0
37,114,07:34,0
37,115,07:35,0
37,116,07:36,0
37,117,07:37,0
37,118,07:38,0
37,119,07:39,0
37,120,07:40,0
37,121,07:41,0
37,122,07:42,0
37,123,07:43,0
37,124,07:44,0
37,125,07:45,0
37,126,07:46,0
37,127,07:47,0
37,128,07:48,0
37,129,07:49,0
37,130,07:50,0
37,131,07:51,1
37,132,07:52,1
37,133,07:53,1
37,134,07:54,1
37,135,07:55,1
37,136,07:56,1
37,137,07:57,1
37,138,07:58,1
37,139,07:59,1
37,140,08:00,1
37,141,08:01,1
37,142,08:02,1
37,143,08:03,1
37,144,08:04,1
37,145,08:05,1
37,146,08:06,1
37,147,08:07,1
37,148,08:08,1
37,149,08:09,1
37,150,08:10,1
37,151,08:11,1
37,152,08:12,1
37,153,08:13,1
37,154,08:14,1
37,155,08:15,0
37,156,08:16,0
37,157,08:17,0
37,158,08:18,1
37,159,08:19,1
37,160,08:20,1
37,161,08:21,1
37,162,08:22,1
37,163,08:23,1
37,164,08:24,1
37,165,08:25,1
37,166,08:26,1
37,167,08:27,1
37,168,08:28,1
37,169,08:29,1
37,170,08:30,1
37,171,08:31,1
37,172,08:32,1
37,173,08:33,1
37,174,08:34,0
37,175,08:35,0
37,176,08:36,0
37,177,08:37,0
37,178,08:38,0
37,179,08:39,0
37,180,08:40,0
37,181,08:41,0
37,182,08:42,0
37,183,08:43,0
37,184,08:44,0
37,185,08:45,0
37,186,08:46,0
37,187,08:47,1
37,188,08:48,1
37,189,08:49,1
37,190,08:50,1
37,191,08:51,1
37,192,08:52,1
37,193,08:53,2
37,194,08:54,2
37,195,08:55,2
37,196,08:56,2
37,197,08:57,2
37,198,08:58,2
37,199,08:59,2
37,200,09:00,2
37,201,09:01,2
37,202,09:02,2
37,203,09:03,2
37,204,09:04,2
37,205,09:05,2
37,206,09:06,2
37,207,09:07,2
37,208,09:08,1
37,209,09:09,1
37,210,09:10,1
37,211,09:11,0
37,212,09:12,0
37,213,09:13,0
37,214,09:14,0
37,215,09:15,0
37,216,09:16,0
37,217,09:17,0
37,218,09:18,0
37,219,09:19,0
37,220,09:20,1
37,221,09:21,1
37,222,09:22,1
37,223,09:23,1
37,224,09:24,1
37,225,09:25,1
37,226,09:26,1
37,227,09:27,1
37,228,09:28,1
37,229,09:29,1
37,230,09:30,0
37,231,09:31,0
37,232,09:32,0
37,233,09:33,0
37,234,09:34,0
37,235,09:35,0
37,236,09:36,0
37,237,09:37,0
37,238,09:38,0
37,239,09:39,0
37,240,09:40,0
37,241,09:41,0
37,242,09:42,0
37,243,09:43,0
37,244,09:44,0
37,245,09:45,0
37,246,09:46,0
37,247,09:47,1
37,248,09:48,1
37,249,09:49,1
37,250,09:50,1
37,251,09:51,1
37,252,09:52,1
37,253,09:53,1
37,254,09:54,1
37,255,09:55,1
37,256,09:56,1
37,257,09:57,0
37,258,09:58,0
37,259,09:59,0
37,260,10:00,0
37,261,10:01,0
37,262,10:02,0
37,263,10:03,0
37,264,10:04,0
37,265,10:05,0
37,266,10:06,0
37,267,10:07,1
37,268,10:08,1
37,269,10:09,1
37,270,10:10,2
37,271,10:11,2
37,272,10:12,2
37,273,10:13,2
37,274,10:14,2
37,275,10:15,2
37,276,10:16,2
37,277,10:17,2
37,278,10:18,2
37,279,10:19,2
37,280,10:20,2
37,281,10:21,2
37,282,10:22,2
37,283,10:23,1
37,284,10:24,1
37,285,10:25,1
37,286,10:26,0
37,287,10:27,0
37,288,10:28,0
37,289,10:29,1
37,290,10:30,1
37,291,10:31,1
37,292,10:32,1
37,293,10:33,1
37,294,10:34,1
37,295,10:35,1
37,296,10:36,1
37,297,10:37,1
37,298,10:38,0
37,299,10:39,0
37,300,10:40,0
37,301,10:41,0
37,302,10:42,0
37,303,10:43,0
37,304,10:44,0
37,305,10:45,0
37,306,10:46,0
37,307,10:47,0
37,308,10:48,1
37,309,10:49,1
37,310,10:50,1
37,311,10:51,2
37,312,10:52,2
37,313,10:53,2
37,314,10:54,2
37,315,10:55,2
37,316,10:56,2
37,317,10:57,2
37,318,10:58,2
37,319,10:59,2
37,320,11:00,2
37,321,11:01,2
37,322,11:02,2
37,323,11:03,2
37,324,11:04,2
37,325,11:05,2
37,326,11:06,1
37,327,11:07,1
37,328,11:08,1
37,329,11:09,0
37,330,11:10,0
37,331,11:11,0
37,332,11:12,0
37,333,11:13,0
37,334,11:14,0
37,335,11:15,0
37,336,11:16,0
37,337,11:17,0
37,338,11:18,0
37,339,11:19,0
37,340,11:20,1
37,341,11:21,1
37,342,11:22,1
37,343,11:23,1
37,344,11:24,1
37,345,11:25,2
37,346,11:26,2
37,347,11:27,2
37,348,11:28,2
37,349,11:29,2
37,350,11:30,2
37,351,11:31,2
37,352,11:32,2
37,353,11:33,2
37,354,11:34,2
37,355,11:35,1
37,356,11:36,1
37,357,11:37,1
37,358,11:38,1
37,359,11:39,0
37,360,11:40,0
37,361,11:41,0
37,362,11:42,0
37,363,11:43,0
37,364,11:44,0
37,365,11:45,0
37,366,11:46,0
37,367,11:47,0
37,368,11:48,1
37,369,11:49,1
37,370,11:50,1
37,371,11:51,2
37,372,11:52,2
37,373,11:53,2
37,374,11:54,2
37,375,11:55,2
37,376,11:56,2
37,377,11:57,2
37,378,11:58,2
37,379,11:59,2
37,380,12:00,2
37,381,12:01,1
37,382,12:02,1
37,383,12:03,1
37,384,12:04,0
37,385,12:05,0
37,386,12:06,0
37,387,12:07,0
37,388,12:08,0
37,389,12:09,1
37,390,12:10,1
37,391,12:11,1
37,392,12:12,1
37,393,12:13,1
37,394,12:14,1
37,395,12:15,1
37,396,12:16,1
37,397,12:17,1
37,398,12:18,1
37,399,12:19,1
37,400,12:20,1
37,401,12:21,1
37,402,12:22,1
37,403,12:23,1
37,404,12:24,1
37,405,12:25,1
37,406,12:26,1
37,407,12:27,1
37,408,12:28,1
37,409,12:29,1
37,410,12:30,1
37,411,12:31,1
37,412,12:32,1
37,413,12:33,1
37,414,12:34,1
37,415,12:35,1
37,416,12:36,0
37,417,12:37,0
37,418,12:38,0
37,419,12:39,2
37,420,12:40,2
37,421,12:41,2
37,422,12:42,2
37,423,12:43,2
37,424,12:44,2
37,425,12:45,2
37,426,12:46,2
37,427,12:47,2
37,428,12:48,2
37,429,12:49,2
37,430,12:50,2
37,431,12:51,2
37,432,12:52,2
37,433,12:53,2
37,434,12:54,0
37,435,12:55,0
37,436,12:56,0
37,437,12:57,0
37,438,12:58,0
37,439,12:59,0
37,440,13:00,0
37,441,13:01,0
37,442,13:02,0
37,443,13:03,0
37,444,13:04,0
37,445,13:05,0
37,446,13:06,0
37,447,13:07,0
37,448,13:08,0
37,449,13:09,0
37,450,13:10,0
37,451,13:11,0
37,452,13:12,0
37,453,13:13,0
37,454,13:14,0
37,455,13:15,0
37,456,13:16,0
37,457,13:17,0
37,458,13:18,0
37,459,13:19,0
37,460,13:20,1
37,461,13:21,1
37,462,13:22,1
37,463,13:23,1
37,464,13:24,1
37,465,13:25,1
37,466,13:26,1
37,467,13:27,1
37,468,13:28,1
37,469,13:29,0
37,470,13:30,0
37,471,13:31,0
37,472,13:32,0
37,473,13:33,0
37,474,13:34,0
37,475,13:35,0
37,476,13:36,0
37,477,13:37,0
37,478,13:38,0
37,479,13:39,0
37,480,13:40,0
37,481,13:41,0
37,482,13:42,0
37,483,13:43,0
37,484,13:44,0
37,485,13:45,0
37,486,13:46,0
37,487,13:47,0
37,488,13:48,0
37,489,13:49,0
37,490,13:50,0
37,491,13:51,0
37,492,13:52,0
37,493,13:53,0
37,494,13:54,0
37,495,13:55,1
37,496,13:56,1
37,497,13:57,1
37,498,13:58,1
37,499,13:59,1
37,500,14:00,1
37,501,14:01,1
37,502,14:02,1
37,503,14:03,1
37,504,14:04,0
37,505,14:05,0
37,506,14:06,0
37,507,14:07,0
37,508,14:08,0
37,509,14:09,0
37,510,14:10,0
37,511,14:11,0
37,512,14:12,0
37,513,14:13,0
37,514,14:14,0
37,515,14:15,0
37,516,14:16,0
37,517,14:17,0
37,518,14:18,0
37,519,14:19,0
37,520,14:20,0
37,521,14:21,0
37,522,14:22,1
37,523,14:23,1
37,524,14:24,1
37,525,14:25,1
37,526,14:26,1
37,527,14:27,1
37,528,14:28,1
37,529,14:29,2
37,530,14:30,2
37,531,14:31,2
37,532,14:32,3
37,533,14:33,3
37,534,14:34,3
37,535,14:35,3
37,536,14:36,3
37,537,14:37,3
37,538,14:38,3
37,539,14:39,3
37,540,14:40,3
37,541,14:41,3
37,542,14:42,3
37,543,14:43,2
37,544,14:44,2
37,545,14:45,2
37,546,14:46,1
37,547,14:47,1
37,548,14:48,1
37,549,14:49,0
37,550,14:50,0
37,551,14:51,0
37,552,14:52,0
37,553,14:53,0
37,554,14:54,0
37,555,14:55,0
37,556,14:56,0
37,557,14:57,0
37,558,14:58,0
37,559,14:59,0
37,560,15:00,0
37,561,15:01,0
37,562,15:02,0
37,563,15:03,0
37,564,15:04,0
37,565,15:05,0
37,566,15:06,0
37,567,15:07,1
37,568,15:08,1
37,569,15:09,1
37,570,15:10,1
37,571,15:11,2
37,572,15:12,2
37,573,15:13,2
37,574,15:14,3
37,575,15:15,3
37,576,15:16,3
37,577,15:17,3
37,578,15:18,3
37,579,15:19,3
37,580,15:20,3
37,581,15:21,3
37,582,15:22,3
37,583,15:23,3
37,584,15:24,3
37,585,15:25,3
37,586,15:26,3
37,587,15:27,3
37,588,15:28,3
37,589,15:29,2
37,590,15:30,2
37,591,15:31,2
37,592,15:32,1
37,593,15:33,1
37,594,15:34,1
37,595,15:35,1
37,596,15:36,1
37,597,15:37,1
37,598,15:38,1
37,599,15:39,1
37,600,15:40,1
37,601,15:41,1
37,602,15:42,0
37,603,15:43,0
37,604,15:44,0
37,605,15:45,0
37,606,15:46,0
37,607,15:47,0
37,608,15:48,0
37,609,15:49,0
37,610,15:50,1
37,611,15:51,1
37,612,15:52,1
37,613,15:53,1
37,614,15:54,1
37,615,15:55,1
37,616,15:56,1
37,617,15:57,1
37,618,15:58,1
37,619,15:59,1
37,620,16:00,1
37,621,16:01,1
37,622,16:02,1
37,623,16:03,1
37,624,16:04,1
37,625,16:05,1
37,626,16:06,1
37,627,16:07,1
37,628,16:08,1
37,629,16:09,1
37,630,16:10,1
37,631,16:11,1
37,632,16:12,1
37,633,16:13,1
37,634,16:14,1
37,635,16:15,0
37,636,16:16,0
37,637,16:17,0
37,638,16:18,1
37,639,16:19,1
37,640,16:20,1
37,641,16:21,1
37,642,16:22,1
37,643,16:23,1
37,644,16:24,1
37,645,16:25,1
37,646,16:26,1
37,647,16:27,1
37,648,16:28,1
37,649,16:29,1
37,650,16:30,1
37,651,16:31,1
37,652,16:32,1
37,653,16:33,0
37,654,16:34,0
37,655,16:35,0
37,656,16:36,0
37,657,16:37,0
37,658,16:38,0
37,659,16:39,0
37,660,16:40,1
37,661,16:41,1
37,662,16:42,1
37,663,16:43,1
37,664,16:44,1
37,665,16:45,1
37,666,16:46,2
37,667,16:47,2
37,668,16:48,2
37,669,16:49,2
37,670,16:50,2
37,671,16:51,2
37,672,16:52,2
37,673,16:53,2
37,674,16:54,2
37,675,16:55,1
37,676,16:56,1
37,677,16:57,1
37,678,16:58,1
37,679,16:59,1
37,680,17:00,1
37,681,17:01,1
37,682,17:02,0
37,683,17:03,0
37,684,17:04,0
37,685,17:05,0
37,686,17:06,1
37,687,17:07,1
37,688,17:08,1
37,689,17:09,1
37,690,17:10,4
37,691,17:11,4
37,692,17:12,4
37,693,17:13,4
37,694,17:14,4
37,695,17:15,4
37,696,17:16,4
37,697,17:17,4
37,698,17:18,4
37,699,17:19,4
37,700,17:20,3
37,701,17:21,3
37,702,17:22,3
37,703,17:23,3
37,704,17:24,3
37,705,17:25,3
37,706,17:26,0
37,707,17:27,0
37,708,17:28,0
37,709,17:29,3
37,710,17:30,3
37,711,17:31,3
37,712,17:32,3
37,713,17:33,3
37,714,17:34,3
37,715,17:35,3
37,716,17:36,3
37,717,17:37,3
37,718,17:38,3
37,719,17:39,0
37,720,17:40,0
37,721,17:41,0
37,722,17:42,0
37,723,17:43,0
37,724,17:44,0
37,725,17:45,0
37,726,17:46,0
37,727,17:47,0
37,728,17:48,0
37,729,17:49,0
37,730,17:50,0
37,731,17:51,2
37,732,17:52,2
37,733,17:53,2
37,734,17:54,2
37,735,17:55,2
37,736,17:56,2
37,737,17:57,2
37,738,17:58,2
37,739,17:59,2
37,740,18:00,0
37,741,18:01,0
37,742,18:02,0
37,743,18:03,1
37,744,18:04,1
37,745,18:05,1
37,746,18:06,2
37,747,18:07,2
37,748,18:08,2
37,749,18:09,2
37,750,18:10,2
37,751,18:11,2
37,752,18:12,2
37,753,18:13,2
37,754,18:14,2
37,755,18:15,1
37,756,18:16,1
37,757,18:17,1
37,758,18:18,1
37,759,18:19,1
37,760,18:20,1
37,761,18:21,0
37,762,18:22,0
37,763,18:23,0
37,764,18:24,0
37,765,18:25,0
37,766,18:26,0
37,767,18:27,1
37,768,18:28,1
37,769,18:29,1
37,770,18:30,2
37,771,18:31,2
37,772,18:32,2
37,773,18:33,2
37,774,18:34,2
37,775,18:35,2
37,776,18:36,2
37,777,18:37,2
37,778,18:38,2
37,779,18:39,1
37,780,18:40,1
37,781,18:41,1
37,782,18:42,0
37,783,18:43,0
37,784,18:44,0
37,785,18:45,0
37,786,18:46,0
37,787,18:47,0
37,788,18:48,0
37,789,18:49,0
37,790,18:50,2
37,791,18:51,2
37,792,18:52,2
37,793,18:53,2
37,794,18:54,2
37,795,18:55,2
37,796,18:56,2
37,797,18:57,4
37,798,18:58,4
37,799,18:59,4
37,800,19:00,4
37,801,19:01,4
37,802,19:02,4
37,803,19:03,4
37,804,19:04,4
37,805,19:05,4
37,806,19:06,4
37,807,19:07,4
37,808,19:08,4
37,809,19:09,4
37,810,19:10,4
37,811,19:11,2
37,812,19:12,2
37,813,19:13,2
37,814,19:14,0
37,815,19:15,0
37,816,19:16,0
37,817,19:17,0
37,818,19:18,0
37,819,19:19,0
37,820,19:20,0
37,821,19:21,0
37,822,19:22,0
37,823,19:23,0
37,824,19:24,0
37,825,19:25,0
37,826,19:26,0
37,827,19:27,0
37,828,19:28,0
37,829,19:29,0
37,830,19:30,0
37,831,19:31,0
37,832,19:32,0
37,833,19:33,0
37,834,19:34,0
37,835,19:35,0
38,0,05:40,0
38,1,05:41,0
38,2,05:42,0
38,3,05:43,0
38,4,05:44,0
38,5,05:45,0
38,6,05:46,0
38,7,05:47,0
38,8,05:48,0
38,9,05:49,0
38,10,05:50,0
38,11,05:51,0
38,12,05:52,0
38,13,05:53,0
38,14,05:54,0
38,15,05:55,0
38,16,05:56,0
38,17,05:57,0
38,18,05:58,0
38,19,05:59,0
38,20,06:00,0
38,21,06:01,0
38,22,06:02,0
38,23,06:03,0
38,24,06:04,0
38,25,06:05,0
38,26,06:06,0
38,27,06:07,0
38,28,06:08,0
38,29,06:09,0
38,30,06:10,0
38,31,06:11,0
38,32,06:12,0
38,33,06:13,0
38,34,06:14,0
38,35,06:15,0
38,36,06:16,0
38,37,06:17,0
38,38,06:18,0
38,39,06:19,0
38,40,06:20,0
38,41,06:21,0
38,42,06:22,0
38,43,06:23,0
38,44,06:24,0
38,45,06:25,0
38,46,06:26,0
38,47,06:27,0
38,48,06:28,0
38,49,06:29,0
38,50,06:30,0
38,51,06:31,0
38,52,06:32,0
38,53,06:33,0
38,54,06:34,0
38,55,06:35,0
38,56,06:36,0
38,57,06:37,0
38,58,06:38,0
38,59,06:39,0
38,60,06:40,0
38,61,06:41,0
38,62,06:42,0
38,63,06:43,0
38,64,06:44,0
38,65,06:45,0
38,66,06:46,0
38,67,06:47,0
38,68,06:48,0
38,69,06:49,0
38,70,06:50,0
38,71,06:51,0
38,72,06:52,0
38,73,06:53,0
38,74,06:54,0
38,75,06:55,0
38,76,06:56,0
38,77,06:57,0
38,78,06:58,0
38,79,06:59,0
38,80,07:00,0
38,81,07:01,0
38,82,07:02,0
38,83,07:03,0
38,84,07:04,0
38,85,07:05,0
38,86,07:06,0
38,87,07:07,0
38,88,07:08,0
38,89,07:09,0
38,90,07:10,0
38,91,07:11,0
38,92,07:12,0
38,93,07:13,0
38,94,07:14,0
38,95,07:15,0
38,96,07:16,0
38,97,07:17,0
38,98,07:18,0
38,99,07:19,0
38,100,07:20,0
38,101,07:21,0
38,102,07:22,0
38,103,07:23,0
38,104,07:24,0
38,105,07:25,0
38,106,07:26,0
38,107,07:27,0
38,108,07:28,0
38,109,07:29,0
38,110,07:30,0
38,111,07:31,0
38,112,07:32,0
38,113,07:33,0
38,114,07:34,0
38,115,07:35,0
38,116,07:36,0
38,117,07:37,0
38,118,07:38,0
38,119,07:39,0
38,120,07:40,0
38,121,07:41,0
38,122,07:42,0
38,123,07:43,0
38,124,07:44,0
38,125,07:45,0
38,126,07:46,0
38,127,07:47,0
38,128,07:48,0
38,129,07:49,0
38,130,07:50,0
38,131,07:51,0
38,132,07:52,0
38,133,07:53,0
38,134,07:54,0
38,135,07:55,0
38,136,07:56,0
38,137,07:57,0
38,138,07:58,0
38,139,07:59,0
38,140,08:00,0
38,141,08:01,0
38,142,08:02,0
38,143,08:03,0
38,144,08:04,0
38,145,08:05,0
38,146,08:06,0
38,147,08:07,0
38,148,08:08,0
38,149,08:09,0
38,150,08:10,0
38,151,08:11,0
38,152,08:12,0
38,153,08:13,0
38,154,08:14,0
38,155,08:15,0
38,156,08:16,0
38,157,08:17,0
38,158,08:18,0
38,159,08:19,0
38,160,08:20,0
38,161,08:21,0
38,162,08:22,0
38,163,08:23,0
38,164,08:24,0
38,165,08:25,0
38,166,08:26,0
38,167,08:27,0
38,168,08:28,0
38,169,08:29,0
38,170,08:30,0
38,171,08:31,0
38,172,08:32,0
38,173,08:33,0
38,174,08:34,0
38,175,08:35,0
38,176,08:36,0
38,177,08:37,0
38,178,08:38,0
38,179,08:39,0
38,180,08:40,0
38,181,08:41,0
38,182,08:42,0
38,183,08:43,0
38,184,08:44,0
38,185,08:45,0
38,186,08:46,0
38,187,08:47,0
38,188,08:48,0
38,189,08:49,0
38,190,08:50,0
38,191,08:51,0
38,192,08:52,0
38,193,08:53,1
38,194,08:54,1
38,195,08:55,1
38,196,08:56,1
38,197,08:57,1
38,198,08:58,1
38,199,08:59,1
38,200,09:00,1
38,201,09:01,1
38,202,09:02,1
38,203,09:03,1
38,204,09:04,1
38,205,09:05,1
38,206,09:06,1
38,207,09:07,1
38,208,09:08,1
38,209,09:09,1
38,210,09:10,1
38,211,09:11,1
38,212,09:12,1
38,213,09:13,1
38,214,09:14,1
38,215,09:15,1
38,216,09:16,1
38,217,09:17,1
38,218,09:18,1
38,219,09:19,1
38,220,09:20,1
38,221,09:21,1
38,222,09:22,1
38,223,09:23,1
38,224,09:24,1
38,225,09:25,1
38,226,09:26,1
38,227,09:27,0
38,228,09:28,0
38,229,09:29,0
38,230,09:30,1
38,231,09:31,1
38,232,09:32,1
38,233,09:33,1
38,234,09:34,1
38,235,09:35,1
38,236,09:36,1
38,237,09:37,1
38,238,09:38,1
38,239,09:39,1
38,240,09:40,0
38,241,09:41,0
38,242,09:42,0
38,243,09:43,0
38,244,09:44,0
38,245,09:45,0
38,246,09:46,0
38,247,09:47,0
38,248,09:48,0
38,249,09:49,0
38,250,09:50,1
38,251,09:51,1
38,252,09:52,1
38,253,09:53,1
38,254,09:54,1
38,255,09:55,1
38,256,09:56,1
38,257,09:57,1
38,258,09:58,1
38,259,09:59,1
38,260,10:00,1
38,261,10:01,1
38,262,10:02,1
38,263,10:03,1
38,264,10:04,1
38,265,10:05,1
38,266,10:06,1
38,267,10:07,1
38,268,10:08,1
38,269,10:09,1
38,270,10:10,1
38,271,10:11,1
38,272,10:12,1
38,273,10:13,1
38,274,10:14,1
38,275,10:15,1
38,276,10:16,1
38,277,10:17,1
38,278,10:18,1
38,279,10:19,1
38,280,10:20,1
38,281,10:21,1
38,282,10:22,1
38,283,10:23,1
38,284,10:24,0
38,285,10:25,0
38,286,10:26,0
38,287,10:27,0
38,288,10:28,0
38,289,10:29,0
38,290,10:30,0
38,291,10:31,0
38,292,10:32,0
38,293,10:33,1
38,294,10:34,1
38,295,10:35,1
38,296,10:36,2
38,297,10:37,2
38,298,10:38,2
38,299,10:39,3
38,300,10:40,3
38,301,10:41,3
38,302,10:42,3
38,303,10:43,3
38,304,10:44,3
38,305,10:45,3
38,306,10:46,3
38,307,10:47,3
38,308,10:48,3
38,309,10:49,3
38,310,10:50,3
38,311,10:51,3
38,312,10:52,3
38,313,10:53,3
38,314,10:54,3
38,315,10:55,3
38,316,10:56,3
38,317,10:57,2
38,318,10:58,2
38,319,10:59,2
38,320,11:00,1
38,321,11:01,1
38,322,11:02,1
38,323,11:03,1
38,324,11:04,1
38,325,11:05,1
38,326,11:06,1
38,327,11:07,0
38,328,11:08,0
38,329,11:09,0
38,330,11:10,0
38,331,11:11,0
38,332,11:12,0
38,333,11:13,0
38,334,11:14,0
38,335,11:15,0
38,336,11:16,0
38,337,11:17,0
38,338,11:18,0
38,339,11:19,0
38,340,11:20,0
38,341,11:21,0
38,342,11:22,0
38,343,11:23,0
38,344,11:24,0
38,345,11:25,0
38,346,11:26,0
38,347,11:27,1
38,348,11:28,1
38,349,11:29,1
38,350,11:30,1
38,351,11:31,1
38,352,11:32,1
38,353,11:33,1
38,354,11:34,1
38,355,11:35,1
38,356,11:36,1
38,357,11:37,2
38,358,11:38,2
38,359,11:39,2
38,360,11:40,2
38,361,11:41,2
38,362,11:42,2
38,363,11:43,2
38,364,11:44,2
38,365,11:45,2
38,366,11:46,1
38,367,11:47,1
38,368,11:48,1
38,369,11:49,0
38,370,11:50,0
38,371,11:51,0
38,372,11:52,1
38,373,11:53,1
38,374,11:54,1
38,375,11:55,2
38,376,11:56,2
38,377,11:57,2
38,378,11:58,2
38,379,11:59,2
38,380,12:00,2
38,381,12:01,2
38,382,12:02,2
38,383,12:03,2
38,384,12:04,2
38,385,12:05,2
38,386,12:06,2
38,387,12:07,2
38,388,12:08,2
38,389,12:09,2
38,390,12:10,2
38,391,12:11,1
38,392,12:12,1
38,393,12:13,1
38,394,12:14,0
38,395,12:15,0
38,396,12:16,0
38,397,12:17,1
38,398,12:18,1
38,399,12:19,1
38,400,12:20,1
38,401,12:21,1
38,402,12:22,1
38,403,12:23,1
38,404,12:24,1
38,405,12:25,1
38,406,12:26,1
38,407,12:27,1
38,408,12:28,0
38,409,12:29,0
38,410,12:30,0
38,411,12:31,0
38,412,12:32,0
38,413,12:33,0
38,414,12:34,0
38,415,12:35,0
38,416,12:36,0
38,417,12:37,0
38,418,12:38,0
38,419,12:39,0
38,420,12:40,0
38,421,12:41,0
38,422,12:42,0
38,423,12:43,0
38,424,12:44,1
38,425,12:45,1
38,426,12:46,1
38,427,12:47,2
38,428,12:48,2
38,429,12:49,2
38,430,12:50,2
38,431,12:51,2
38,432,12:52,2
38,433,12:53,2
38,434,12:54,2
38,435,12:55,2
38,436,12:56,2
38,437,12:57,2
38,438,12:58,2
38,439,12:59,2
38,440,13:00,2
38,441,13:01,2
38,442,13:02,2
38,443,13:03,2
38,444,13:04,2
38,445,13:05,1
38,446,13:06,1
38,447,13:07,1
38,448,13:08,0
38,449,13:09,0
38,450,13:10,0
38,451,13:11,1
38,452,13:12,1
38,453,13:13,1
38,454,13:14,1
38,455,13:15,1
38,456,13:16,1
38,457,13:17,1
38,458,13:18,1
38,459,13:19,1
38,460,13:20,1
38,461,13:21,1
38,462,13:22,1
38,463,13:23,1
38,464,13:24,1
38,465,13:25,1
38,466,13:26,1
38,467,13:27,1
38,468,13:28,1
38,469,13:29,1
38,470,13:30,0
38,471,13:31,0
38,472,13:32,0
38,473,13:33,0
38,474,13:34,0
38,475,13:35,0
38,476,13:36,0
38,477,13:37,0
38,478,13:38,0
38,479,13:39,0
38,480,13:40,0
38,481,13:41,0
38,482,13:42,0
38,483,13:43,0
38,484,13:44,0
38,485,13:45,0
38,486,13:46,0
38,487,13:47,0
38,488,13:48,0
38,489,13:49,0
38,490,13:50,0
38,491,13:51,0
38,492,13:52,0
38,493,13:53,0
38,494,13:54,0
38,495,13:55,0
38,496,13:56,0
38,497,13:57,0
38,498,13:58,0
38,499,13:59,0
38,500,14:00,0
38,501,14:01,0
38,502,14:02,0
38,503,14:03,0
38,504,14:04,0
38,505,14:05,0
38,506,14:06,0
38,507,14:07,0
38,508,14:08,0
38,509,14:09,0
38,510,14:10,0
38,511,14:11,0
38,512,14:12,1
38,513,14:13,1
38,514,14:14,1
38,515,14:15,1
38,516,14:16,1
38,517,14:17,1
38,518,14:18,2
38,519,14:19,2
38,520,14:20,2
38,521,14:21,2
38,522,14:22,2
38,523,14:23,2
38,524,14:24,2
38,525,14:25,2
38,526,14:26,2
38,527,14:27,2
38,528,14:28,2
38,529,14:29,2
38,530,14:30,2
38,531,14:31,1
38,532,14:32,1
38,533,14:33,1
38,534,14:34,1
38,535,14:35,1
38,536,14:36,1
38,537,14:37,0
38,538,14:38,0
38,539,14:39,0
38,540,14:40,0
38,541,14:41,0
38,542,14:42,0
38,543,14:43,0
38,544,14:44,0
38,545,14:45,0
38,546,14:46,0
38,547,14:47,3
38,548,14:48,3
38,549,14:49,3
38,550,14:50,3
38,551,14:51,3
38,552,14:52,4
38,553,14:53,4
38,554,14:54,4
38,555,14:55,4
38,556,14:56,4
38,557,14:57,4
38,558,14:58,4
38,559,14:59,4
38,560,15:00,4
38,561,15:01,4
38,562,15:02,4
38,563,15:03,3
38,564,15:04,3
38,565,15:05,3
38,566,15:06,0
38,567,15:07,0
38,568,15:08,0
38,569,15:09,0
38,570,15:10,0
38,571,15:11,0
38,572,15:12,0
38,573,15:13,0
38,574,15:14,0
38,575,15:15,0
38,576,15:16,0
38,577,15:17,0
38,578,15:18,0
38,579,15:19,1
38,580,15:20,1
38,581,15:21,1
38,582,15:22,1
38,583,15:23,1
38,584,15:24,1
38,585,15:25,1
38,586,15:26,1
38,587,15:27,1
38,588,15:28,1
38,589,15:29,1
38,590,15:30,1
38,591,15:31,1
38,592,15:32,1
38,593,15:33,1
38,594,15:34,1
38,595,15:35,1
38,596,15:36,1
38,597,15:37,1
38,598,15:38,1
38,599,15:39,1
38,600,15:40,1
38,601,15:41,1
38,602,15:42,0
38,603,15:43,0
38,604,15:44,0
38,605,15:45,2
38,606,15:46,2
38,607,15:47,2
38,608,15:48,2
38,609,15:49,2
38,610,15:50,2
38,611,15:51,2
38,612,15:52,2
38,613,15:53,2
38,614,15:54,2
38,615,15:55,0
38,616,15:56,0
38,617,15:57,0
38,618,15:58,1
38,619,15:59,1
38,620,16:00,1
38,621,16:01,1
38,622,16:02,1
38,623,16:03,1
38,624,16:04,1
38,625,16:05,1
38,626,16:06,1
38,627,16:07,1
38,628,16:08,1
38,629,16:09,1
38,630,16:10,1
38,631,16:11,1
38,632,16:12,1
38,633,16:13,1
38,634,16:14,0
38,635,16:15,0
38,636,16:16,0
38,637,16:17,1
38,638,16:18,1
38,639,16:19,1
38,640,16:20,1
38,641,16:21,1
38,642,16:22,1
38,643,16:23,1
38,644,16:24,1
38,645,16:25,1
38,646,16:26,1
38,647,16:27,1
38,648,16:28,1
38,649,16:29,1
38,650,16:30,1
38,651,16:31,1
38,652,16:32,1
38,653,16:33,1
38,654,16:34,1
38,655,16:35,0
38,656,16:36,0
38,657,16:37,0
38,658,16:38,0
38,659,16:39,0
38,660,16:40,1
38,661,16:41,1
38,662,16:42,1
38,663,16:43,1
38,664,16:44,1
38,665,16:45,1
38,666,16:46,1
38,667,16:47,1
38,668,16:48,1
38,669,16:49,1
38,670,16:50,0
38,671,16:51,0
38,672,16:52,0
38,673,16:53,0
38,674,16:54,0
38,675,16:55,0
38,676,16:56,0
38,677,16:57,0
38,678,16:58,0
38,679,16:59,0
38,680,17:00,1
38,681,17:01,1
38,682,17:02,1
38,683,17:03,2
38,684,17:04,2
38,685,17:05,2
38,686,17:06,2
38,687,17:07,2
38,688,17:08,2
38,689,17:09,2
38,690,17:10,2
38,691,17:11,2
38,692,17:12,2
38,693,17:13,2
38,694,17:14,2
38,695,17:15,2
38,696,17:16,1
38,697,17:17,1
38,698,17:18,1
38,699,17:19,2
38,700,17:20,2
38,701,17:21,2
38,702,17:22,1
38,703,17:23,1
38,704,17:24,1
38,705,17:25,1
38,706,17:26,1
38,707,17:27,1
38,708,17:28,1
38,709,17:29,1
38,710,17:30,1
38,711,17:31,1
38,712,17:32,1
38,713,17:33,1
38,714,17:34,0
38,715,17:35,0
38,716,17:36,0
38,717,17:37,1
38,718,17:38,1
38,719,17:39,1
38,720,17:40,1
38,721,17:41,1
38,722,17:42,1
38,723,17:43,1
38,724,17:44,1
38,725,17:45,1
38,726,17:46,0
38,727,17:47,0
38,728,17:48,0
38,729,17:49,2
38,730,17:50,2
38,731,17:51,2
38,732,17:52,4
38,733,17:53,4
38,734,17:54,4
38,735,17:55,4
38,736,17:56,4
38,737,17:57,4
38,738,17:58,4
38,739,17:59,4
38,740,18:00,4
38,741,18:01,2
38,742,18:02,2
38,743,18:03,2
38,744,18:04,2
38,745,18:05,2
38,746,18:06,2
38,747,18:07,0
38,748,18:08,0
38,749,18:09,0
38,750,18:10,0
38,751,18:11,0
38,752,18:12,0
38,753,18:13,0
38,754,18:14,0
38,755,18:15,0
38,756,18:16,0
38,757,18:17,0
38,758,18:18,0
38,759,18:19,1
38,760,18:20,1
38,761,18:21,1
38,762,18:22,1
38,763,18:23,1
38,764,18:24,1
38,765,18:25,1
38,766,18:26,1
38,767,18:27,1
38,768,18:28,1
38,769,18:29,1
38,770,18:30,1
38,771,18:31,1
38,772,18:32,1
38,773,18:33,1
38,774,18:34,1
38,775,18:35,1
38,776,18:36,1
38,777,18:37,1
38,778,18:38,1
38,779,18:39,0
38,780,18:40,0
38,781,18:41,0
38,782,18:42,1
38,783,18:43,1
38,784,18:44,1
38,785,18:45,1
38,786,18:46,1
38,787,18:47,1
38,788,18:48,1
38,789,18:49,1
38,790,18:50,1
38,791,18:51,2
38,792,18:52,2
38,793,18:53,2
38,794,18:54,2
38,795,18:55,2
38,796,18:56,2
38,797,18:57,2
38,798,18:58,2
38,799,18:59,2
38,800,19:00,2
38,801,19:01,1
38,802,19:02,1
38,803,19:03,1
38,804,19:04,0
38,805,19:05,0
38,806,19:06,0
38,807,19:07,0
38,808,19:08,0
38,809,19:09,0
38,810,19:10,0
38,811,19:11,0
38,812,19:12,0
38,813,19:13,0
38,814,19:14,0
38,815,19:15,0
38,816,19:16,0
38,817,19:17,0
38,818,19:18,0
38,819,19:19,0
38,820,19:20,0
38,821,19:21,0
38,822,19:22,0
38,823,19:23,0
38,824,19:24,0
38,825,19:25,0
38,826,19:26,0
38,827,19:27,0
38,828,19:28,0
38,829,19:29,0
38,830,19:30,0
38,831,19:31,0
38,832,19:32,0
38,833,19:33,0
38,834,19:34,0
38,835,19:35,0
39,0,05:40,0
39,1,05:41,0
39,2,05:42,0
39,3,05:43,0
39,4,05:44,0
39,5,05:45,0
39,6,05:46,0
39,7,05:47,0
39,8,05:48,0
39,9,05:49,0
39,10,05:50,0
39,11,05:51,0
39,12,05:52,0
39,13,05:53,0
39,14,05:54,0
39,15,05:55,0
39,16,05:56,0
39,17,05:57,0
39,18,05:58,0
39,19,05:59,0
39,20,06:00,0
39,21,06:01,0
39,22,06:02,0
39,23,06:03,0
39,24,06:04,0
39,25,06:05,0
39,26,06:06,0
39,27,06:07,0
39,28,06:08,0
39,29,06:09,0
39,30,06:10,0
39,31,06:11,0
39,32,06:12,0
39,33,06:13,0
39,34,06:14,0
39,35,06:15,0
39,36,06:16,0
39,37,06:17,0
39,38,06:18,0
39,39,06:19,0
39,40,06:20,0
39,41,06:21,0
39,42,06:22,0
39,43,06:23,0
39,44,06:24,0
39,45,06:25,0
39,46,06:26,0
39,47,06:27,0
39,48,06:28,0
39,49,06:29,0
39,50,06:30,0
39,51,06:31,0
39,52,06:32,0
39,53,06:33,0
39,54,06:34,0
39,55,06:35,0
39,56,06:36,0
39,57,06:37,0
39,58,06:38,0
39,59,06:39,0
39,60,06:40,0
39,61,06:41,0
39,62,06:42,0
39,63,06:43,0
39,64,06:44,0
39,65,06:45,0
39,66,06:46,0
39,67,06:47,0
39,68,06:48,0
39,69,06:49,0
39,70,06:50,0
39,71,06:51,0
39,72,06:52,0
39,73,06:53,0
39,74,06:54,0
39,75,06:55,0
39,76,06:56,0
39,77,06:57,0
39,78,06:58,0
39,79,06:59,0
39,80,07:00,0
39,81,07:01,0
39,82,07:02,0
39,83,07:03,0
39,84,07:04,0
39,85,07:05,0
39,86,07:06,0
39,87,07:07,0
39,88,07:08,0
39,89,07:09,0
39,90,07:10,0
39,91,07:11,0
39,92,07:12,0
39,93,07:13,0
39,94,07:14,0
39,95,07:15,0
39,96,07:16,0
39,97,07:17,0
39,98,07:18,0
39,99,07:19,0
39,100,07:20,0
39,101,07:21,0
39,102,07:22,0
39,103,07:23,0
39,104,07:24,0
39,105,07:25,0
39,106,07:26,0
39,107,07:27,0
39,108,07:28,0
39,109,07:29,0
39,110,07:30,0
39,111,07:31,0
39,112,07:32,0
39,113,07:33,0
39,114,07:34,0
39,115,07:35,0
39,116,07:36,0
39,117,07:37,0
39,118,07:38,0
39,119,07:39,0
39,120,07:40,1
39,121,07:41,1
39,122,07:42,1
39,123,07:43,1
39,124,07:44,1
39,125,07:45,1
39,126,07:46,1
39,127,07:47,1
39,128,07:48,1
39,129,07:49,1
39,130,07:50,1
39,131,07:51,1
39,132,07:52,1
39,133,07:53,1
39,134,07:54,1
39,135,07:55,1
39,136,07:56,1
39,137,07:57,1
39,138,07:58,1
39,139,07:59,1
39,140,08:00,1
39,141,08:01,1
39,142,08:02,0
39,143,08:03,0
39,144,08:04,0
39,145,08:05,0
39,146,08:06,0
39,147,08:07,0
39,148,08:08,0
39,149,08:09,0
39,150,08:10,0
39,151,08:11,0
39,152,08:12,0
39,153,08:13,0
39,154,08:14,0
39,155,08:15,0
39,156,08:16,0
39,157,08:17,0
39,158,08:18,0
39,159,08:19,0
39,160,08:20,0
39,161,08:21,0
39,162,08:22,0
39,163,08:23,0
39,164,08:24,0
39,165,08:25,0
39,166,08:26,0
39,167,08:27,0
39,168,08:28,0
39,169,08:29,0
39,170,08:30,0
39,171,08:31,0
39,172,08:32,0
39,173,08:33,0
39,174,08:34,0
39,175,08:35,0
39,176,08:36,0
39,177,08:37,0
39,178,08:38,0
39,179,08:39,0
39,180,08:40,0
39,181,08:41,0
39,182,08:42,0
39,183,08:43,0
39,184,08:44,0
39,185,08:45,0
39,186,08:46,0
39,187,08:47,0
39,188,08:48,0
39,189,08:49,0
39,190,08:50,0
39,191,08:51,1
39,192,08:52,1
39,193,08:53,1
39,194,08:54,1
39,195,08:55,1
39,196,08:56,1
39,197,08:57,1
39,198,08:58,1
39,199,08:59,2
39,200,09:00,2
39,201,09:01,2
39,202,09:02,2
39,203,09:03,2
39,204,09:04,2
39,205,09:05,2
39,206,09:06,2
39,207,09:07,2
39,208,09:08,2
39,209,09:09,2
39,210,09:10,2
39,211,09:11,2
39,212,09:12,2
39,213,09:13,1
39,214,09:14,1
39,215,09:15,1
39,216,09:16,1
39,217,09:17,1
39,218,09:18,1
39,219,09:19,1
39,220,09:20,1
39,221,09:21,1
39,222,09:22,0
39,223,09:23,0
39,224,09:24,0
39,225,09:25,1
39,226,09:26,1
39,227,09:27,1
39,228,09:28,1
39,229,09:29,1
39,230,09:30,1
39,231,09:31,1
39,232,09:32,1
39,233,09:33,1
39,234,09:34,1
39,235,09:35,1
39,236,09:36,1
39,237,09:37,1
39,238,09:38,0
39,239,09:39,0
39,240,09:40,0
39,241,09:41,0
39,242,09:42,0
39,243,09:43,0
39,244,09:44,0
39,245,09:45,0
39,246,09:46,0
39,247,09:47,0
39,248,09:48,0
39,249,09:49,0
39,250,09:50,0
39,251,09:51,1
39,252,09:52,1
39,253,09:53,1
39,254,09:54,1
39,255,09:55,1
39,256,09:56,1
39,257,09:57,1
39,258,09:58,1
39,259,09:59,1
39,260,10:00,1
39,261,10:01,1
39,262,10:02,1
39,263,10:03,1
39,264,10:04,0
39,265,10:05,0
39,266,10:06,0
39,267,10:07,0
39,268,10:08,0
39,269,10:09,0
39,270,10:10,0
39,271,10:11,0
39,272,10:12,0
39,273,10:13,0
39,274,10:14,0
39,275,10:15,0
39,276,10:16,0
39,277,10:17,0
39,278,10:18,1
39,279,10:19,1
39,280,10:20,1
39,281,10:21,1
39,282,10:22,1
39,283,10:23,1
39,284,10:24,1
39,285,10:25,1
39,286,10:26,1
39,287,10:27,1
39,288,10:28,1
39,289,10:29,1
39,290,10:30,1
39,291,10:31,1
39,292,10:32,1
39,293,10:33,1
39,294,10:34,1
39,295,10:35,1
39,296,10:36,1
39,297,10:37,0
39,298,10:38,0
39,299,10:39,0
39,300,10:40,0
39,301,10:41,0
39,302,10:42,0
39,303,10:43,0
39,304,10:44,0
39,305,10:45,0
39,306,10:46,0
39,307,10:47,0
39,308,10:48,0
39,309,10:49,0
39,310,10:50,0
39,311,10:51,0
39,312,10:52,0
39,313,10:53,0
39,314,10:54,0
39,315,10:55,0
39,316,10:56,0
39,317,10:57,0
39,318,10:58,0
39,319,10:59,0
39,320,11:00,1
39,321,11:01,1
39,322,11:02,1
39,323,11:03,1
39,324,11:04,2
39,325,11:05,2
39,326,11:06,2
39,327,11:07,2
39,328,11:08,2
39,329,11:09,2
39,330,11:10,2
39,331,11:11,2
39,332,11:12,2
39,333,11:13,2
39,334,11:14,1
39,335,11:15,1
39,336,11:16,1
39,337,11:17,1
39,338,11:18,1
39,339,11:19,1
39,340,11:20,1
39,341,11:21,1
39,342,11:22,1
39,343,11:23,1
39,344,11:24,1
39,345,11:25,1
39,346,11:26,1
39,347,11:27,1
39,348,11:28,1
39,349,11:29,1
39,350,11:30,1
39,351,11:31,1
39,352,11:32,0
39,353,11:33,0
39,354,11:34,0
39,355,11:35,0
39,356,11:36,0
39,357,11:37,0
39,358,11:38,0
39,359,11:39,0
39,360,11:40,0
39,361,11:41,0
39,362,11:42,0
39,363,11:43,0
39,364,11:44,0
39,365,11:45,0
39,366,11:46,0
39,367,11:47,0
39,368,11:48,0
39,369,11:49,0
39,370,11:50,0
39,371,11:51,0
39,372,11:52,0
39,373,11:53,0
39,374,11:54,0
39,375,11:55,0
39,376,11:56,0
39,377,11:57,0
39,378,11:58,0
39,379,11:59,0
39,380,12:00,0
39,381,12:01,0
39,382,12:02,0
39,383,12:03,0
39,384,12:04,0
39,385,12:05,0
39,386,12:06,0
39,387,12:07,0
39,388,12:08,0
39,389,12:09,0
39,390,12:10,0
39,391,12:11,0
39,392,12:12,0
39,393,12:13,0
39,394,12:14,0
39,395,12:15,0
39,396,12:16,0
39,397,12:17,0
39,398,12:18,0
39,399,12:19,0
39,400,12:20,0
39,401,12:21,0
39,402,12:22,0
39,403,12:23,0
39,404,12:24,0
39,405,12:25,0
39,406,12:26,0
39,407,12:27,0
39,408,12:28,0
39,409,12:29,0
39,410,12:30,0
39,411,12:31,0
39,412,12:32,0
39,413,12:33,0
39,414,12:34,0
39,415,12:35,0
39,416,12:36,0
39,417,12:37,0
39,418,12:38,0
39,419,12:39,0
39,420,12:40,0
39,421,12:41,0
39,422,12:42,0
39,423,12:43,0
39,424,12:44,0
39,425,12:45,0
39,426,12:46,0
39,427,12:47,0
39,428,12:48,0
39,429,12:49,0
39,430,12:50,0
39,431,12:51,0
39,432,12:52,0
39,433,12:53,0
39,434,12:54,0
39,435,12:55,0
39,436,12:56,0
39,437,12:57,0
39,438,12:58,0
39,439,12:59,0
39,440,13:00,1
39,441,13:01,1
39,442,13:02,1
39,443,13:03,1
39,444,13:04,1
39,445,13:05,1
39,446,13:06,1
39,447,13:07,1
39,448,13:08,1
39,449,13:09,1
39,450,13:10,1
39,451,13:11,1
39,452,13:12,1
39,453,13:13,1
39,454,13:14,1
39,455,13:15,1
39,456,13:16,1
39,457,13:17,1
39,458,13:18,1
39,459,13:19,1
39,460,13:20,1
39,461,13:21,1
39,462,13:22,0
39,463,13:23,0
39,464,13:24,0
39,465,13:25,0
39,466,13:26,0
39,467,13:27,2
39,468,13:28,2
39,469,13:29,2
39,470,13:30,4
39,471,13:31,4
39,472,13:32,4
39,473,13:33,4
39,474,13:34,4
39,475,13:35,4
39,476,13:36,4
39,477,13:37,4
39,478,13:38,4
39,479,13:39,4
39,480,13:40,4
39,481,13:41,4
39,482,13:42,4
39,483,13:43,4
39,484,13:44,4
39,485,13:45,4
39,486,13:46,2
39,487,13:47,2
39,488,13:48,2
39,489,13:49,2
39,490,13:50,2
39,491,13:51,2
39,492,13:52,2
39,493,13:53,2
39,494,13:54,2
39,495,13:55,2
39,496,13:56,2
39,497,13:57,2
39,498,13:58,2
39,499,13:59,0
39,500,14:00,0
39,501,14:01,0
39,502,14:02,0
39,503,14:03,0
39,504,14:04,0
39,505,14:05,0
39,506,14:06,0
39,507,14:07,0
39,508,14:08,1
39,509,14:09,1
39,510,14:10,1
39,511,14:11,2
39,512,14:12,2
39,513,14:13,2
39,514,14:14,2
39,515,14:15,2
39,516,14:16,2
39,517,14:17,2
39,518,14:18,2
39,519,14:19,2
39,520,14:20,1
39,521,14:21,1
39,522,14:22,1
39,523,14:23,1
39,524,14:24,1
39,525,14:25,1
39,526,14:26,1
39,527,14:27,0
39,528,14:28,0
39,529,14:29,0
39,530,14:30,0
39,531,14:31,0
39,532,14:32,0
39,533,14:33,1
39,534,14:34,1
39,535,14:35,1
39,536,14:36,2
39,537,14:37,2
39,538,14:38,2
39,539,14:39,2
39,540,14:40,2
39,541,14:41,2
39,542,14:42,2
39,543,14:43,2
39,544,14:44,2
39,545,14:45,1
39,546,14:46,1
39,547,14:47,1
39,548,14:48,0
39,549,14:49,0
39,550,14:50,0
39,551,14:51,2
39,552,14:52,2
39,553,14:53,2
39,554,14:54,2
39,555,14:55,2
39,556,14:56,2
39,557,14:57,3
39,558,14:58,3
39,559,14:59,3
39,560,15:00,3
39,561,15:01,3
39,562,15:02,3
39,563,15:03,3
39,564,15:04,3
39,565,15:05,3
39,566,15:06,1
39,567,15:07,1
39,568,15:08,1
39,569,15:09,1
39,570,15:10,1
39,571,15:11,1
39,572,15:12,1
39,573,15:13,1
39,574,15:14,1
39,575,15:15,1
39,576,15:16,0
39,577,15:17,0
39,578,15:18,0
39,579,15:19,0
39,580,15:20,0
39,581,15:21,0
39,582,15:22,0
39,583,15:23,0
39,584,15:24,0
39,585,15:25,1
39,586,15:26,1
39,587,15:27,1
39,588,15:28,2
39,589,15:29,2
39,590,15:30,2
39,591,15:31,3
39,592,15:32,3
39,593,15:33,3
39,594,15:34,3
39,595,15:35,3
39,596,15:36,3
39,597,15:37,3
39,598,15:38,3
39,599,15:39,3
39,600,15:40,3
39,601,15:41,2
39,602,15:42,2
39,603,15:43,2
39,604,15:44,1
39,605,15:45,1
39,606,15:46,1
39,607,15:47,0
39,608,15:48,0
39,609,15:49,0
39,610,15:50,1
39,611,15:51,1
39,612,15:52,1
39,613,15:53,1
39,614,15:54,1
39,615,15:55,1
39,616,15:56,1
39,617,15:57,1
39,618,15:58,1
39,619,15:59,1
39,620,16:00,0
39,621,16:01,0
39,622,16:02,0
39,623,16:03,1
39,624,16:04,1
39,625,16:05,1
39,626,16:06,1
39,627,16:07,1
39,628,16:08,1
39,629,16:09,1
39,630,16:10,1
39,631,16:11,1
39,632,16:12,1
39,633,16:13,0
39,634,16:14,0
39,635,16:15,0
39,636,16:16,0
39,637,16:17,0
39,638,16:18,0
39,639,16:19,0
39,640,16:20,0
39,641,16:21,0
39,642,16:22,0
39,643,16:23,0
39,644,16:24,0
39,645,16:25,0
39,646,16:26,0
39,647,16:27,0
39,648,16:28,0
39,649,16:29,0
39,650,16:30,0
39,651,16:31,0
39,652,16:32,0
39,653,16:33,1
39,654,16:34,1
39,655,16:35,1
39,656,16:36,2
39,657,16:37,2
39,658,16:38,2
39,659,16:39,3
39,660,16:40,3
39,661,16:41,3
39,662,16:42,3
39,663,16:43,3
39,664,16:44,3
39,665,16:45,3
39,666,16:46,3
39,667,16:47,3
39,668,16:48,3
39,669,16:49,3
39,670,16:50,2
39,671,16:51,2
39,672,16:52,2
39,673,16:53,1
39,674,16:54,1
39,675,16:55,1
39,676,16:56,1
39,677,16:57,1
39,678,16:58,1
39,679,16:59,1
39,680,17:00,1
39,681,17:01,1
39,682,17:02,1
39,683,17:03,1
39,684,17:04,1
39,685,17:05,1
39,686,17:06,0
39,687,17:07,0
39,688,17:08,0
39,689,17:09,0
39,690,17:10,0
39,691,17:11,0
39,692,17:12,0
39,693,17:13,0
39,694,17:14,0
39,695,17:15,0
39,696,17:16,0
39,697,17:17,0
39,698,17:18,0
39,699,17:19,0
39,700,17:20,0
39,701,17:21,0
39,702,17:22,0
39,703,17:23,0
39,704,17:24,0
39,705,17:25,0
39,706,17:26,0
39,707,17:27,0
39,708,17:28,0
39,709,17:29,0
39,710,17:30,0
39,711,17:31,0
39,712,17:32,0
39,713,17:33,0
39,714,17:34,0
39,715,17:35,0
39,716,17:36,0
39,717,17:37,0
39,718,17:38,0
39,719,17:39,0
39,720,17:40,0
39,721,17:41,0
39,722,17:42,0
39,723,17:43,0
39,724,17:44,0
39,725,17:45,0
39,726,17:46,0
39,727,17:47,0
39,728,17:48,0
39,729,17:49,0
39,730,17:50,0
39,731,17:51,0
39,732,17:52,0
39,733,17:53,0
39,734,17:54,0
39,735,17:55,0
39,736,17:56,0
39,737,17:57,0
39,738,17:58,0
39,739,17:59,0
39,740,18:00,1
39,741,18:01,1
39,742,18:02,1
39,743,18:03,1
39,744,18:04,1
39,745,18:05,1
39,746,18:06,1
39,747,18:07,1
39,748,18:08,1
39,749,18:09,1
39,750,18:10,1
39,751,18:11,1
39,752,18:12,1
39,753,18:13,1
39,754,18:14,1
39,755,18:15,0
39,756,18:16,0
39,757,18:17,0
39,758,18:18,1
39,759,18:19,1
39,760,18:20,1
39,761,18:21,1
39,762,18:22,1
39,763,18:23,1
39,764,18:24,1
39,765,18:25,1
39,766,18:26,1
39,767,18:27,1
39,768,18:28,1
39,769,18:29,1
39,770,18:30,1
39,771,18:31,1
39,772,18:32,1
39,773,18:33,1
39,774,18:34,1
39,775,18:35,1
39,776,18:36,1
39,777,18:37,1
39,778,18:38,1
39,779,18:39,1
39,780,18:40,1
39,781,18:41,1
39,782,18:42,1
39,783,18:43,1
39,784,18:44,0
39,785,18:45,0
39,786,18:46,0
39,787,18:47,1
39,788,18:48,1
39,789,18:49,1
39,790,18:50,1
39,791,18:51,1
39,792,18:52,1
39,793,18:53,1
39,794,18:54,1
39,795,18:55,1
39,796,18:56,1
39,797,18:57,1
39,798,18:58,1
39,799,18:59,1
39,800,19:00,1
39,801,19:01,1
39,802,19:02,1
39,803,19:03,1
39,804,19:04,1
39,805,19:05,0
39,806,19:06,0
39,807,19:07,0
39,808,19:08,0
39,809,19:09,0
39,810,19:10,0
39,811,19:11,0
39,812,19:12,0
39,813,19:13,0
39,814,19:14,0
39,815,19:15,0
39,816,19:16,0
39,817,19:17,0
39,818,19:18,0
39,819,19:19,0
39,820,19:20,0
39,821,19:21,0
39,822,19:22,0
39,823,19:23,0
39,824,19:24,0
39,825,19:25,0
39,826,19:26,0
39,827,19:27,0
39,828,19:28,0
39,829,19:29,0
39,830,19:30,0
39,831,19:31,0
39,832,19:32,0
39,833,19:33,0
39,834,19:34,0
39,835,19:35,0
40,0,05:40,0
40,1,05:41,0
40,2,05:42,0
40,3,05:43,0
40,4,05:44,0
40,5,05:45,0
40,6,05:46,0
40,7,05:47,0
40,8,05:48,0
40,9,05:49,0
40,10,05:50,0
40,11,05:51,0
40,12,05:52,0
40,13,05:53,0
40,14,05:54,0
40,15,05:55,0
40,16,05:56,0
40,17,05:57,0
40,18,05:58,0
40,19,05:59,0
40,20,06:00,0
40,21,06:01,0
40,22,06:02,0
40,23,06:03,0
40,24,06:04,0
40,25,06:05,0
40,26,06:06,0
40,27,06:07,0
40,28,06:08,0
40,29,06:09,0
40,30,06:10,0
40,31,06:11,0
40,32,06:12,0
40,33,06:13,0
40,34,06:14,0
40,35,06:15,0
40,36,06:16,0
40,37,06:17,0
40,38,06:18,0
40,39,06:19,0
40,40,06:20,1
40,41,06:21,1
40,42,06:22,1
40,43,06:23,1
40,44,06:24,1
40,45,06:25,1
40,46,06:26,1
40,47,06:27,1
40,48,06:28,1
40,49,06:29,1
40,50,06:30,1
40,51,06:31,1
40,52,06:32,1
40,53,06:33,1
40,54,06:34,1
40,55,06:35,1
40,56,06:36,1
40,57,06:37,1
40,58,06:38,1
40,59,06:39,0
40,60,06:40,0
40,61,06:41,0
40,62,06:42,0
40,63,06:43,0
40,64,06:44,0
40,65,06:45,0
40,66,06:46,0
40,67,06:47,0
40,68,06:48,0
40,69,06:49,0
40,70,06:50,0
40,71,06:51,0
40,72,06:52,0
40,73,06:53,0
40,74,06:54,0
40,75,06:55,0
40,76,06:56,0
40,77,06:57,0
40,78,06:58,0
40,79,06:59,0
40,80,07:00,0
40,81,07:01,0
40,82,07:02,0
40,83,07:03,0
40,84,07:04,0
40,85,07:05,0
40,86,07:06,0
40,87,07:07,0
40,88,07:08,0
40,89,07:09,0
40,90,07:10,0
40,91,07:11,0
40,92,07:12,0
40,93,07:13,0
40,94,07:14,0
40,95,07:15,0
40,96,07:16,0
40,97,07:17,0
40,98,07:18,0
40,99,07:19,0
40,100,07:20,0
40,101,07:21,0
40,102,07:22,0
40,103,07:23,0
40,104,07:24,0
40,105,07:25,0
40,106,07:26,0
40,107,07:27,0
40,108,07:28,0
40,109,07:29,0
40,110,07:30,0
40,111,07:31,0
40,112,07:32,0
40,113,07:33,0
40,114,07:34,0
40,115,07:35,0
40,116,07:36,0
40,117,07:37,0
40,118,07:38,0
40,119,07:39,0
40,120,07:40,0
40,121,07:41,0
40,122,07:42,0
40,123,07:43,0
40,124,07:44,0
40,125,07:45,0
40,126,07:46,0
40,127,07:47,0
40,128,07:48,0
40,129,07:49,0
40,130,07:50,0
40,131,07:51,0
40,132,07:52,0
40,133,07:53,0
40,134,07:54,0
40,135,07:55,0
40,136,07:56,0
40,137,07:57,0
40,138,07:58,0
40,139,07:59,0
40,140,08:00,0
40,141,08:01,0
40,142,08:02,0
40,143,08:03,0
40,144,08:04,0
40,145,08:05,0
40,146,08:06,0
40,147,08:07,0
40,148,08:08,0
40,149,08:09,0
40,150,08:10,0
40,151,08:11,0
40,152,08:12,0
40,153,08:13,0
40,154,08:14,0
40,155,08:15,0
40,156,08:16,0
40,157,08:17,0
40,158,08:18,0
40,159,08:19,0
40,160,08:20,0
40,161,08:21,0
40,162,08:22,0
40,163,08:23,0
40,164,08:24,0
40,165,08:25,0
40,166,08:26,0
40,167,08:27,0
40,168,08:28,0
40,169,08:29,0
40,170,08:30,0
40,171,08:31,0
40,172,08:32,0
40,173,08:33,0
40,174,08:34,0
40,175,08:35,0
40,176,08:36,0
40,177,08:37,0
40,178,08:38,0
40,179,08:39,0
40,180,08:40,0
40,181,08:41,0
40,182,08:42,0
40,183,08:43,0
40,184,08:44,0
40,185,08:45,0
40,186,08:46,0
40,187,08:47,0
40,188,08:48,0
40,189,08:49,0
40,190,08:50,0
40,191,08:51,0
40,192,08:52,0
40,193,08:53,0
40,194,08:54,0
40,195,08:55,0
40,196,08:56,0
40,197,08:57,0
40,198,08:58,0
40,199,08:59,0
40,200,09:00,0
40,201,09:01,0
40,202,09:02,0
40,203,09:03,0
40,204,09:04,0
40,205,09:05,0
40,206,09:06,0
40,207,09:07,0
40,208,09:08,0
40,209,09:09,0
40,210,09:10,0
40,211,09:11,0
40,212,09:12,0
40,213,09:13,0
40,214,09:14,0
40,215,09:15,0
40,216,09:16,0
40,217,09:17,0
40,218,09:18,0
40,219,09:19,0
40,220,09:20,0
40,221,09:21,0
40,222,09:22,0
40,223,09:23,0
40,224,09:24,0
40,225,09:25,0
40,226,09:26,0
40,227,09:27,0
40,228,09:28,0
40,229,09:29,0
40,230,09:30,0
40,231,09:31,0
40,232,09:32,0
40,233,09:33,0
40,234,09:34,0
40,235,09:35,0
40,236,09:36,0
40,237,09:37,0
40,238,09:38,0
40,239,09:39,0
40,240,09:40,0
40,241,09:41,0
40,242,09:42,0
40,243,09:43,0
40,244,09:44,0
40,245,09:45,0
40,246,09:46,1
40,247,09:47,1
40,248,09:48,1
40,249,09:49,1
40,250,09:50,1
40,251,09:51,1
40,252,09:52,1
40,253,09:53,2
40,254,09:54,2
40,255,09:55,2
40,256,09:56,2
40,257,09:57,2
40,258,09:58,2
40,259,09:59,2
40,260,10:00,2
40,261,10:01,2
40,262,10:02,2
40,263,10:03,2
40,264,10:04,2
40,265,10:05,2
40,266,10:06,1
40,267,10:07,1
40,268,10:08,1
40,269,10:09,0
40,270,10:10,0
40,271,10:11,0
40,272,10:12,0
40,273,10:13,0
40,274,10:14,0
40,275,10:15,0
40,276,10:16,0
40,277,10:17,0
40,278,10:18,0
40,279,10:19,0
40,280,10:20,0
40,281,10:21,0
40,282,10:22,0
40,283,10:23,0
40,284,10:24,0
40,285,10:25,0
40,286,10:26,0
40,287,10:27,0
40,288,10:28,0
40,289,10:29,0
40,290,10:30,0
40,291,10:31,0
40,292,10:32,0
40,293,10:33,0
40,294,10:34,0
40,295,10:35,0
40,296,10:36,1
40,297,10:37,1
40,298,10:38,1
40,299,10:39,1
40,300,10:40,1
40,301,10:41,1
40,302,10:42,1
40,303,10:43,1
40,304,10:44,1
40,305,10:45,1
40,306,10:46,1
40,307,10:47,1
40,308,10:48,1
40,309,10:49,1
40,310,10:50,1
40,311,10:51,1
40,312,10:52,1
40,313,10:53,1
40,314,10:54,1
40,315,10:55,0
40,316,10:56,0
40,317,10:57,0
40,318,10:58,0
40,319,10:59,0
40,320,11:00,0
40,321,11:01,0
40,322,11:02,0
40,323,11:03,0
40,324,11:04,0
40,325,11:05,0
40,326,11:06,0
40,327,11:07,1
40,328,11:08,1
40,329,11:09,1
40,330,11:10,2
40,331,11:11,2
40,332,11:12,2
40,333,11:13,2
40,334,11:14,2
40,335,11:15,2
40,336,11:16,2
40,337,11:17,2
40,338,11:18,2
40,339,11:19,2
40,340,11:20,2
40,341,11:21,2
40,342,11:22,2
40,343,11:23,2
40,344,11:24,2
40,345,11:25,1
40,346,11:26,1
40,347,11:27,1
40,348,11:28,0
40,349,11:29,0
40,350,11:30,0
40,351,11:31,1
40,352,11:32,1
40,353,11:33,1
40,354,11:34,2
40,355,11:35,2
40,356,11:36,2
40,357,11:37,3
40,358,11:38,3
40,359,11:39,3
40,360,11:40,3
40,361,11:41,3
40,362,11:42,3
40,363,11:43,3
40,364,11:44,3
40,365,11:45,3
40,366,11:46,3
40,367,11:47,2
40,368,11:48,2
40,369,11:49,2
40,370,11:50,1
40,371,11:51,1
40,372,11:52,1
40,373,11:53,0
40,374,11:54,0
40,375,11:55,0
40,376,11:56,0
40,377,11:57,0
40,378,11:58,0
40,379,11:59,0
40,380,12:00,0
40,381,12:01,0
40,382,12:02,0
40,383,12:03,0
40,384,12:04,0
40,385,12:05,0
40,386,12:06,0
40,387,12:07,0
40,388,12:08,0
40,389,12:09,0
40,390,12:10,0
40,391,12:11,0
40,392,12:12,0
40,393,12:13,0
40,394,12:14,0
40,395,12:15,0
40,396,12:16,0
40,397,12:17,0
40,398,12:18,0
40,399,12:19,0
40,400,12:20,0
40,401,12:21,1
40,402,12:22,1
40,403,12:23,1
40,404,12:24,1
40,405,12:25,1
40,406,12:26,1
40,407,12:27,1
40,408,12:28,1
40,409,12:29,1
40,410,12:30,1
40,411,12:31,2
40,412,12:32,2
40,413,12:33,2
40,414,12:34,2
40,415,12:35,2
40,416,12:36,2
40,417,12:37,2
40,418,12:38,2
40,419,12:39,2
40,420,12:40,2
40,421,12:41,2
40,422,12:42,2
40,423,12:43,2
40,424,12:44,2
40,425,12:45,1
40,426,12:46,1
40,427,12:47,1
40,428,12:48,0
40,429,12:49,0
40,430,12:50,0
40,431,12:51,2
40,432,12:52,2
40,433,12:53,2
40,434,12:54,3
40,435,12:55,3
40,436,12:56,3
40,437,12:57,4
40,438,12:58,4
40,439,12:59,4
40,440,13:00,4
40,441,13:01,4
40,442,13:02,4
40,443,13:03,4
40,444,13:04,4
40,445,13:05,4
40,446,13:06,4
40,447,13:07,4
40,448,13:08,4
40,449,13:09,4
40,450,13:10,4
40,451,13:11,4
40,452,13:12,3
40,453,13:13,3
40,454,13:14,3
40,455,13:15,1
40,456,13:16,1
40,457,13:17,1
40,458,13:18,0
40,459,13:19,0
40,460,13:20,0
40,461,13:21,0
40,462,13:22,0
40,463,13:23,0
40,464,13:24,0
40,465,13:25,0
40,466,13:26,0
40,467,13:27,0
40,468,13:28,1
40,469,13:29,1
40,470,13:30,1
40,471,13:31,2
40,472,13:32,2
40,473,13:33,2
40,474,13:34,2
40,475,13:35,2
40,476,13:36,2
40,477,13:37,2
40,478,13:38,2
40,479,13:39,2
40,480,13:40,2
40,481,13:41,2
40,482,13:42,2
40,483,13:43,2
40,484,13:44,2
40,485,13:45,2
40,486,13:46,1
40,487,13:47,1
40,488,13:48,1
40,489,13:49,0
40,490,13:50,0
40,491,13:51,0
40,492,13:52,0
40,493,13:53,0
40,494,13:54,0
40,495,13:55,0
40,496,13:56,0
40,497,13:57,0
40,498,13:58,0
40,499,13:59,0
40,500,14:00,0
40,501,14:01,0
40,502,14:02,0
40,503,14:03,0
40,504,14:04,0
40,505,14:05,0
40,506,14:06,0
40,507,14:07,0
40,508,14:08,0
40,509,14:09,0
40,510,14:10,0
40,511,14:11,0
40,512,14:12,0
40,513,14:13,0
40,514,14:14,0
40,515,14:15,0
40,516,14:16,0
40,517,14:17,0
40,518,14:18,0
40,519,14:19,0
40,520,14:20,0
40,521,14:21,0
40,522,14:22,0
40,523,14:23,0
40,524,14:24,0
40,525,14:25,0
40,526,14:26,0
40,527,14:27,0
40,528,14:28,0
40,529,14:29,0
40,530,14:30,0
40,531,14:31,0
40,532,14:32,0
40,533,14:33,0
40,534,14:34,0
40,535,14:35,0
40,536,14:36,0
40,537,14:37,0
40,538,14:38,0
40,539,14:39,0
40,540,14:40,0
40,541,14:41,0
40,542,14:42,0
40,543,14:43,0
40,544,14:44,0
40,545,14:45,0
40,546,14:46,0
40,547,14:47,0
40,548,14:48,0
40,549,14:49,0
40,550,14:50,0
40,551,14:51,0
40,552,14:52,0
40,553,14:53,0
40,554,14:54,0
40,555,14:55,0
40,556,14:56,0
40,557,14:57,0
40,558,14:58,0
40,559,14:59,0
40,560,15:00,0
40,561,15:01,0
40,562,15:02,0
40,563,15:03,0
40,564,15:04,0
40,565,15:05,0
40,566,15:06,0
40,567,15:07,1
40,568,15:08,1
40,569,15:09,1
40,570,15:10,2
40,571,15:11,2
40,572,15:12,2
40,573,15:13,2
40,574,15:14,2
40,575,15:15,2
40,576,15:16,2
40,577,15:17,2
40,578,15:18,2
40,579,15:19,1
40,580,15:20,1
40,581,15:21,1
40,582,15:22,0
40,583,15:23,0
40,584,15:24,0
40,585,15:25,0
40,586,15:26,0
40,587,15:27,0
40,588,15:28,1
40,589,15:29,1
40,590,15:30,1
40,591,15:31,1
40,592,15:32,1
40,593,15:33,1
40,594,15:34,1
40,595,15:35,1
40,596,15:36,1
40,597,15:37,1
40,598,15:38,1
40,599,15:39,1
40,600,15:40,1
40,601,15:41,0
40,602,15:42,0
40,603,15:43,0
40,604,15:44,1
40,605,15:45,1
40,606,15:46,1
40,607,15:47,1
40,608,15:48,1
40,609,15:49,1
40,610,15:50,1
40,611,15:51,1
40,612,15:52,1
40,613,15:53,1
40,614,15:54,1
40,615,15:55,1
40,616,15:56,1
40,617,15:57,1
40,618,15:58,1
40,619,15:59,0
40,620,16:00,0
40,621,16:01,0
40,622,16:02,0
40,623,16:03,0
40,624,16:04,0
40,625,16:05,0
40,626,16:06,0
40,627,16:07,1
40,628,16:08,1
40,629,16:09,1
40,630,16:10,2
40,631,16:11,2
40,632,16:12,2
40,633,16:13,2
40,634,16:14,2
40,635,16:15,2
40,636,16:16,2
40,637,16:17,2
40,638,16:18,2
40,639,16:19,2
40,640,16:20,1
40,641,16:21,1
40,642,16:22,1
40,643,16:23,0
40,644,16:24,0
40,645,16:25,0
40,646,16:26,1
40,647,16:27,1
40,648,16:28,1
40,649,16:29,2
40,650,16:30,2
40,651,16:31,2
40,652,16:32,2
40,653,16:33,2
40,654,16:34,2
40,655,16:35,2
40,656,16:36,2
40,657,16:37,2
40,658,16:38,1
40,659,16:39,1
40,660,16:40,1
40,661,16:41,1
40,662,16:42,1
40,663,16:43,1
40,664,16:44,1
40,665,16:45,1
40,666,16:46,1
40,667,16:47,1
40,668,16:48,1
40,669,16:49,1
40,670,16:50,1
40,671,16:51,0
40,672,16:52,0
40,673,16:53,0
40,674,16:54,0
40,675,16:55,0
40,676,16:56,0
40,677,16:57,0
40,678,16:58,0
40,679,16:59,0
40,680,17:00,1
40,681,17:01,1
40,682,17:02,1
40,683,17:03,1
40,684,17:04,1
40,685,17:05,1
40,686,17:06,1
40,687,17:07,1
40,688,17:08,1
40,689,17:09,1
40,690,17:10,1
40,691,17:11,1
40,692,17:12,1
40,693,17:13,2
40,694,17:14,2
40,695,17:15,2
40,696,17:16,1
40,697,17:17,1
40,698,17:18,1
40,699,17:19,1
40,700,17:20,1
40,701,17:21,1
40,702,17:22,1
40,703,17:23,1
40,704,17:24,1
40,705,17:25,0
40,706,17:26,0
40,707,17:27,0
40,708,17:28,1
40,709,17:29,1
40,710,17:30,1
40,711,17:31,3
40,712,17:32,3
40,713,17:33,3
40,714,17:34,3
40,715,17:35,3
40,716,17:36,3
40,717,17:37,3
40,718,17:38,3
40,719,17:39,3
40,720,17:40,3
40,721,17:41,3
40,722,17:42,3
40,723,17:43,3
40,724,17:44,3
40,725,17:45,3
40,726,17:46,3
40,727,17:47,1
40,728,17:48,1
40,729,17:49,1
40,730,17:50,0
40,731,17:51,0
40,732,17:52,0
40,733,17:53,0
40,734,17:54,0
40,735,17:55,0
40,736,17:56,0
40,737,17:57,0
40,738,17:58,0
40,739,17:59,0
40,740,18:00,0
40,741,18:01,1
40,742,18:02,1
40,743,18:03,1
40,744,18:04,1
40,745,18:05,1
40,746,18:06,1
40,747,18:07,1
40,748,18:08,1
40,749,18:09,1
40,750,18:10,1
40,751,18:11,1
40,752,18:12,1
40,753,18:13,1
40,754,18:14,1
40,755,18:15,1
40,756,18:16,1
40,757,18:17,2
40,758,18:18,2
40,759,18:19,2
40,760,18:20,2
40,761,18:21,2
40,762,18:22,2
40,763,18:23,2
40,764,18:24,2
40,765,18:25,2
40,766,18:26,2
40,767,18:27,1
40,768,18:28,1
40,769,18:29,1
40,770,18:30,1
40,771,18:31,1
40,772,18:32,1
40,773,18:33,1
40,774,18:34,1
40,775,18:35,1
40,776,18:36,1
40,777,18:37,0
40,778,18:38,0
40,779,18:39,0
40,780,18:40,0
40,781,18:41,0
40,782,18:42,0
40,783,18:43,0
40,784,18:44,0
40,785,18:45,0
40,786,18:46,0
40,787,18:47,0
40,788,18:48,0
40,789,18:49,0
40,790,18:50,0
40,791,18:51,0
40,792,18:52,0
40,793,18:53,0
40,794,18:54,0
40,795,18:55,0
40,796,18:56,0
40,797,18:57,0
40,798,18:58,0
40,799,18:59,0
40,800,19:00,2
40,801,19:01,2
40,802,19:02,2
40,803,19:03,2
40,804,19:04,2
40,805,19:05,2
40,806,19:06,2
40,807,19:07,2
40,808,19:08,2
40,809,19:09,2
40,810,19:10,2
40,811,19:11,2
40,812,19:12,2
40,813,19:13,2
40,814,19:14,2
40,815,19:15,0
40,816,19:16,0
40,817,19:17,0
40,818,19:18,0
40,819,19:19,0
40,820,19:20,0
40,821,19:21,0
40,822,19:22,0
40,823,19:23,0
40,824,19:24,0
40,825,19:25,0
40,826,19:26,0
40,827,19:27,0
40,828,19:28,0
40,829,19:29,0
40,830,19:30,0
40,831,19:31,0
40,832,19:32,0
40,833,19:33,0
40,834,19:34,0
40,835,19:35,0
41,0,05:40,0
41,1,05:41,0
41,2,05:42,0
41,3,05:43,0
41,4,05:44,0
41,5,05:45,0
41,6,05:46,0
41,7,05:47,0
41,8,05:48,0
41,9,05:49,0
41,10,05:50,0
41,11,05:51,0
41,12,05:52,0
41,13,05:53,0
41,14,05:54,0
41,15,05:55,0
41,16,05:56,0
41,17,05:57,0
41,18,05:58,0
41,19,05:59,0
41,20,06:00,0
41,21,06:01,0
41,22,06:02,0
41,23,06:03,0
41,24,06:04,0
41,25,06:05,0
41,26,06:06,0
41,27,06:07,0
41,28,06:08,0
41,29,06:09,0
41,30,06:10,0
41,31,06:11,0
41,32,06:12,0
41,33,06:13,0
41,34,06:14,0
41,35,06:15,0
41,36,06:16,0
41,37,06:17,0
41,38,06:18,0
41,39,06:19,0
41,40,06:20,0
41,41,06:21,0
41,42,06:22,0
41,43,06:23,0
41,44,06:24,0
41,45,06:25,0
41,46,06:26,0
41,47,06:27,0
41,48,06:28,0
41,49,06:29,0
41,50,06:30,0
41,51,06:31,0
41,52,06:32,0
41,53,06:33,0
41,54,06:34,0
41,55,06:35,0
41,56,06:36,0
41,57,06:37,0
41,58,06:38,0
41,59,06:39,0
41,60,06:40,0
41,61,06:41,0
41,62,06:42,0
41,63,06:43,0
41,64,06:44,0
41,65,06:45,0
41,66,06:46,0
41,67,06:47,0
41,68,06:48,0
41,69,06:49,0
41,70,06:50,0
41,71,06:51,0
41,72,06:52,0
41,73,06:53,0
41,74,06:54,0
41,75,06:55,0
41,76,06:56,0
41,77,06:57,0
41,78,06:58,0
41,79,06:59,0
41,80,07:00,0
41,81,07:01,0
41,82,07:02,0
41,83,07:03,0
41,84,07:04,0
41,85,07:05,0
41,86,07:06,0
41,87,07:07,0
41,88,07:08,0
41,89,07:09,0
41,90,07:10,0
41,91,07:11,0
41,92,07:12,0
41,93,07:13,0
41,94,07:14,0
41,95,07:15,0
41,96,07:16,0
41,97,07:17,0
41,98,07:18,0
41,99,07:19,0
41,100,07:20,0
41,101,07:21,0
41,102,07:22,0
41,103,07:23,0
41,104,07:24,0
41,105,07:25,0
41,106,07:26,0
41,107,07:27,0
41,108,07:28,0
41,109,07:29,0
41,110,07:30,0
41,111,07:31,0
41,112,07:32,0
41,113,07:33,0
41,114,07:34,0
41,115,07:35,0
41,116,07:36,0
41,117,07:37,0
41,118,07:38,0
41,119,07:39,0
41,120,07:40,0
41,121,07:41,0
41,122,07:42,0
41,123,07:43,0
41,124,07:44,0
41,125,07:45,0
41,126,07:46,1
41,127,07:47,1
41,128,07:48,1
41,129,07:49,1
41,130,07:50,1
41,131,07:51,1
41,132,07:52,1
41,133,07:53,1
41,134,07:54,1
41,135,07:55,1
41,136,07:56,0
41,137,07:57,0
41,138,07:58,0
41,139,07:59,0
41,140,08:00,0
41,141,08:01,0
41,142,08:02,0
41,143,08:03,0
41,144,08:04,0
41,145,08:05,0
41,146,08:06,0
41,147,08:07,0
41,148,08:08,0
41,149,08:09,0
41,150,08:10,0
41,151,08:11,0
41,152,08:12,0
41,153,08:13,0
41,154,08:14,0
41,155,08:15,0
41,156,08:16,1
41,157,08:17,1
41,158,08:18,1
41,159,08:19,1
41,160,08:20,1
41,161,08:21,1
41,162,08:22,1
41,163,08:23,1
41,164,08:24,1
41,165,08:25,1
41,166,08:26,1
41,167,08:27,1
41,168,08:28,1
41,169,08:29,1
41,170,08:30,1
41,171,08:31,1
41,172,08:32,1
41,173,08:33,1
41,174,08:34,1
41,175,08:35,1
41,176,08:36,1
41,177,08:37,1
41,178,08:38,1
41,179,08:39,1
41,180,08:40,1
41,181,08:41,1
41,182,08:42,0
41,183,08:43,0
41,184,08:44,0
41,185,08:45,0
41,186,08:46,0
41,187,08:47,0
41,188,08:48,0
41,189,08:49,0
41,190,08:50,0
41,191,08:51,0
41,192,08:52,0
41,193,08:53,0
41,194,08:54,0
41,195,08:55,0
41,196,08:56,0
41,197,08:57,0
41,198,08:58,0
41,199,08:59,0
41,200,09:00,0
41,201,09:01,0
41,202,09:02,0
41,203,09:03,0
41,204,09:04,0
41,205,09:05,0
41,206,09:06,0
41,207,09:07,0
41,208,09:08,0
41,209,09:09,0
41,210,09:10,0
41,211,09:11,0
41,212,09:12,0
41,213,09:13,0
41,214,09:14,0
41,215,09:15,0
41,216,09:16,0
41,217,09:17,0
41,218,09:18,0
41,219,09:19,0
41,220,09:20,0
41,221,09:21,0
41,222,09:22,0
41,223,09:23,0
41,224,09:24,0
41,225,09:25,0
41,226,09:26,0
41,227,09:27,0
41,228,09:28,0
41,229,09:29,0
41,230,09:30,0
41,231,09:31,0
41,232,09:32,0
41,233,09:33,0
41,234,09:34,0
41,235,09:35,0
41,236,09:36,0
41,237,09:37,0
41,238,09:38,0
41,239,09:39,0
41,240,09:40,0
41,241,09:41,0
41,242,09:42,0
41,243,09:43,0
41,244,09:44,0
41,245,09:45,0
41,246,09:46,0
41,247,09:47,0
41,248,09:48,0
41,249,09:49,0
41,250,09:50,0
41,251,09:51,0
41,252,09:52,0
41,253,09:53,0
41,254,09:54,0
41,255,09:55,0
41,256,09:56,0
41,257,09:57,0
41,258,09:58,0
41,259,09:59,0
41,260,10:00,0
41,261,10:01,0
41,262,10:02,0
41,263,10:03,0
41,264,10:04,0
41,265,10:05,0
41,266,10:06,0
41,267,10:07,1
41,268,10:08,1
41,269,10:09,1
41,270,10:10,1
41,271,10:11,1
41,272,10:12,1
41,273,10:13,1
41,274,10:14,1
41,275,10:15,1
41,276,10:16,1
41,277,10:17,0
41,278,10:18,0
41,279,10:19,0
41,280,10:20,1
41,281,10:21,1
41,282,10:22,1
41,283,10:23,1
41,284,10:24,2
41,285,10:25,2
41,286,10:26,2
41,287,10:27,2
41,288,10:28,2
41,289,10:29,2
41,290,10:30,2
41,291,10:31,2
41,292,10:32,2
41,293,10:33,2
41,294,10:34,1
41,295,10:35,1
41,296,10:36,1
41,297,10:37,2
41,298,10:38,2
41,299,10:39,2
41,300,10:40,2
41,301,10:41,2
41,302,10:42,2
41,303,10:43,2
41,304,10:44,1
41,305,10:45,1
41,306,10:46,1
41,307,10:47,1
41,308,10:48,1
41,309,10:49,1
41,310,10:50,1
41,311,10:51,1
41,312,10:52,1
41,313,10:53,0
41,314,10:54,0
41,315,10:55,0
41,316,10:56,1
41,317,10:57,1
41,318,10:58,1
41,319,10:59,2
41,320,11:00,2
41,321,11:01,2
41,322,11:02,2
41,323,11:03,2
41,324,11:04,2
41,325,11:05,2
41,326,11:06,2
41,327,11:07,2
41,328,11:08,2
41,329,11:09,2
41,330,11:10,1
41,331,11:11,1
41,332,11:12,1
41,333,11:13,0
41,334,11:14,0
41,335,11:15,0
41,336,11:16,1
41,337,11:17,1
41,338,11:18,1
41,339,11:19,1
41,340,11:20,1
41,341,11:21,1
41,342,11:22,1
41,343,11:23,1
41,344,11:24,1
41,345,11:25,1
41,346,11:26,1
41,347,11:27,1
41,348,11:28,1
41,349,11:29,1
41,350,11:30,1
41,351,11:31,1
41,352,11:32,1
41,353,11:33,1
41,354,11:34,1
41,355,11:35,1
41,356,11:36,0
41,357,11:37,0
41,358,11:38,0
41,359,11:39,0
41,360,11:40,0
41,361,11:41,0
41,362,11:42,0
41,363,11:43,0
41,364,11:44,0
41,365,11:45,0
41,366,11:46,0
41,367,11:47,0
41,368,11:48,0
41,369,11:49,0
41,370,11:50,0
41,371,11:51,0
41,372,11:52,0
41,373,11:53,0
41,374,11:54,0
41,375,11:55,0
41,376,11:56,0
41,377,11:57,0
41,378,11:58,0
41,379,11:59,0
41,380,12:00,1
41,381,12:01,1
41,382,12:02,1
41,383,12:03,1
41,384,12:04,1
41,385,12:05,1
41,386,12:06,1
41,387,12:07,1
41,388,12:08,1
41,389,12:09,1
41,390,12:10,1
41,391,12:11,1
41,392,12:12,1
41,393,12:13,1
41,394,12:14,1
41,395,12:15,1
41,396,12:16,1
41,397,12:17,1
41,398,12:18,1
41,399,12:19,1
41,400,12:20,1
41,401,12:21,1
41,402,12:22,1
41,403,12:23,1
41,404,12:24,1
41,405,12:25,0
41,406,12:26,0
41,407,12:27,0
41,408,12:28,1
41,409,12:29,1
41,410,12:30,1
41,411,12:31,1
41,412,12:32,1
41,413,12:33,1
41,414,12:34,1
41,415,12:35,1
41,416,12:36,1
41,417,12:37,1
41,418,12:38,1
41,419,12:39,1
41,420,12:40,1
41,421,12:41,1
41,422,12:42,1
41,423,12:43,0
41,424,12:44,0
41,425,12:45,0
41,426,12:46,1
41,427,12:47,1
41,428,12:48,1
41,429,12:49,1
41,430,12:50,1
41,431,12:51,1
41,432,12:52,1
41,433,12:53,1
41,434,12:54,1
41,435,12:55,0
41,436,12:56,0
41,437,12:57,0
41,438,12:58,0
41,439,12:59,1
41,440,13:00,1
41,441,13:01,1
41,442,13:02,1
41,443,13:03,1
41,444,13:04,1
41,445,13:05,1
41,446,13:06,1
41,447,13:07,1
41,448,13:08,1
41,449,13:09,1
41,450,13:10,1
41,451,13:11,1
41,452,13:12,1
41,453,13:13,1
41,454,13:14,1
41,455,13:15,1
41,456,13:16,0
41,457,13:17,0
41,458,13:18,0
41,459,13:19,0
41,460,13:20,0
41,461,13:21,0
41,462,13:22,0
41,463,13:23,0
41,464,13:24,0
41,465,13:25,0
41,466,13:26,0
41,467,13:27,0
41,468,13:28,0
41,469,13:29,0
41,470,13:30,0
41,471,13:31,0
41,472,13:32,0
41,473,13:33,0
41,474,13:34,0
41,475,13:35,0
41,476,13:36,0
41,477,13:37,0
41,478,13:38,0
41,479,13:39,0
41,480,13:40,0
41,481,13:41,0
41,482,13:42,0
41,483,13:43,0
41,484,13:44,0
41,485,13:45,0
41,486,13:46,0
41,487,13:47,0
41,488,13:48,0
41,489,13:49,0
41,490,13:50,0
41,491,13:51,0
41,492,13:52,0
41,493,13:53,0
41,494,13:54,0
41,495,13:55,0
41,496,13:56,0
41,497,13:57,0
41,498,13:58,0
41,499,13:59,0
41,500,14:00,0
41,501,14:01,0
41,502,14:02,0
41,503,14:03,0
41,504,14:04,0
41,505,14:05,0
41,506,14:06,0
41,507,14:07,0
41,508,14:08,0
41,509,14:09,0
41,510,14:10,0
41,511,14:11,0
41,512,14:12,0
41,513,14:13,0
41,514,14:14,0
41,515,14:15,0
41,516,14:16,0
41,517,14:17,0
41,518,14:18,0
41,519,14:19,0
41,520,14:20,0
41,521,14:21,0
41,522,14:22,0
41,523,14:23,0
41,524,14:24,0
41,525,14:25,0
41,526,14:26,0
41,527,14:27,0
41,528,14:28,0
41,529,14:29,0
41,530,14:30,0
41,531,14:31,0
41,532,14:32,0
41,533,14:33,0
41,534,14:34,0
41,535,14:35,0
41,536,14:36,0
41,537,14:37,0
41,538,14:38,0
41,539,14:39,0
41,540,14:40,0
41,541,14:41,0
41,542,14:42,0
41,543,14:43,0
41,544,14:44,0
41,545,14:45,0
41,546,14:46,0
41,547,14:47,0
41,548,14:48,0
41,549,14:49,0
41,550,14:50,0
41,551,14:51,0
41,552,14:52,0
41,553,14:53,0
41,554,14:54,0
41,555,14:55,0
41,556,14:56,0
41,557,14:57,0
41,558,14:58,0
41,559,14:59,0
41,560,15:00,0
41,561,15:01,0
41,562,15:02,0
41,563,15:03,0
41,564,15:04,0
41,565,15:05,0
41,566,15:06,0
41,567,15:07,0
41,568,15:08,0
41,569,15:09,0
41,570,15:10,0
41,571,15:11,0
41,572,15:12,0
41,573,15:13,0
41,574,15:14,0
41,575,15:15,0
41,576,15:16,0
41,577,15:17,0
41,578,15:18,0
41,579,15:19,0
41,580,15:20,0
41,581,15:21,0
41,582,15:22,0
41,583,15:23,0
41,584,15:24,0
41,585,15:25,0
41,586,15:26,0
41,587,15:27,1
41,588,15:28,1
41,589,15:29,1
41,590,15:30,1
41,591,15:31,1
41,592,15:32,1
41,593,15:33,1
41,594,15:34,1
41,595,15:35,1
41,596,15:36,1
41,597,15:37,1
41,598,15:38,1
41,599,15:39,1
41,600,15:40,1
41,601,15:41,1
41,602,15:42,0
41,603,15:43,0
41,604,15:44,0
41,605,15:45,0
41,606,15:46,0
41,607,15:47,0
41,608,15:48,0
41,609,15:49,0
41,610,15:50,0
41,611,15:51,0
41,612,15:52,0
41,613,15:53,0
41,614,15:54,0
41,615,15:55,0
41,616,15:56,0
41,617,15:57,0
41,618,15:58,0
41,619,15:59,0
41,620,16:00,0
41,621,16:01,0
41,622,16:02,0
41,623,16:03,0
41,624,16:04,0
41,625,16:05,0
41,626,16:06,0
41,627,16:07,0
41,628,16:08,0
41,629,16:09,0
41,630,16:10,0
41,631,16:11,0
41,632,16:12,0
41,633,16:13,0
41,634,16:14,0
41,635,16:15,0
41,636,16:16,0
41,637,16:17,0
41,638,16:18,0
41,639,16:19,0
41,640,16:20,2
41,641,16:21,2
41,642,16:22,2
41,643,16:23,2
41,644,16:24,2
41,645,16:25,2
41,646,16:26,2
41,647,16:27,2
41,648,16:28,2
41,649,16:29,2
41,650,16:30,0
41,651,16:31,0
41,652,16:32,0
41,653,16:33,0
41,654,16:34,0
41,655,16:35,0
41,656,16:36,0
41,657,16:37,0
41,658,16:38,0
41,659,16:39,0
41,660,16:40,1
41,661,16:41,1
41,662,16:42,1
41,663,16:43,1
41,664,16:44,1
41,665,16:45,1
41,666,16:46,1
41,667,16:47,1
41,668,16:48,1
41,669,16:49,1
41,670,16:50,0
41,671,16:51,0
41,672,16:52,0
41,673,16:53,1
41,674,16:54,1
41,675,16:55,1
41,676,16:56,1
41,677,16:57,1
41,678,16:58,1
41,679,16:59,1
41,680,17:00,1
41,681,17:01,1
41,682,17:02,1
41,683,17:03,0
41,684,17:04,0
41,685,17:05,0
41,686,17:06,1
41,687,17:07,1
41,688,17:08,1
41,689,17:09,1
41,690,17:10,1
41,691,17:11,3
41,692,17:12,3
41,693,17:13,3
41,694,17:14,3
41,695,17:15,3
41,696,17:16,3
41,697,17:17,3
41,698,17:18,3
41,699,17:19,3
41,700,17:20,3
41,701,17:21,2
41,702,17:22,2
41,703,17:23,2
41,704,17:24,2
41,705,17:25,2
41,706,17:26,2
41,707,17:27,0
41,708,17:28,0
41,709,17:29,0
41,710,17:30,1
41,711,17:31,1
41,712,17:32,1
41,713,17:33,4
41,714,17:34,4
41,715,17:35,4
41,716,17:36,4
41,717,17:37,4
41,718,17:38,4
41,719,17:39,4
41,720,17:40,4
41,721,17:41,4
41,722,17:42,4
41,723,17:43,3
41,724,17:44,3
41,725,17:45,3
41,726,17:46,0
41,727,17:47,0
41,728,17:48,0
41,729,17:49,0
41,730,17:50,0
41,731,17:51,0
41,732,17:52,0
41,733,17:53,0
41,734,17:54,0
41,735,17:55,0
41,736,17:56,0
41,737,17:57,0
41,738,17:58,2
41,739,17:59,2
41,740,18:00,2
41,741,18:01,2
41,742,18:02,2
41,743,18:03,2
41,744,18:04,2
41,745,18:05,2
41,746,18:06,2
41,747,18:07,2
41,748,18:08,2
41,749,18:09,2
41,750,18:10,2
41,751,18:11,2
41,752,18:12,2
41,753,18:13,2
41,754,18:14,0
41,755,18:15,0
41,756,18:16,0
41,757,18:17,0
41,758,18:18,0
41,759,18:19,0
41,760,18:20,0
41,761,18:21,0
41,762,18:22,0
41,763,18:23,0
41,764,18:24,0
41,765,18:25,0
41,766,18:26,0
41,767,18:27,0
41,768,18:28,0
41,769,18:29,0
41,770,18:30,0
41,771,18:31,1
41,772,18:32,1
41,773,18:33,1
41,774,18:34,1
41,775,18:35,1
41,776,18:36,1
41,777,18:37,1
41,778,18:38,1
41,779,18:39,1
41,780,18:40,1
41,781,18:41,1
41,782,18:42,1
41,783,18:43,1
41,784,18:44,1
41,785,18:45,1
41,786,18:46,1
41,787,18:47,1
41,788,18:48,1
41,789,18:49,1
41,790,18:50,1
41,791,18:51,1
41,792,18:52,1
41,793,18:53,1
41,794,18:54,0
41,795,18:55,0
41,796,18:56,0
41,797,18:57,0
41,798,18:58,0
41,799,18:59,0
41,800,19:00,0
41,801,19:01,0
41,802,19:02,0
41,803,19:03,0
41,804,19:04,0
41,805,19:05,0
41,806,19:06,1
41,807,19:07,1
41,808,19:08,1
41,809,19:09,1
41,810,19:10,1
41,811,19:11,1
41,812,19:12,1
41,813,19:13,1
41,814,19:14,1
41,815,19:15,0
41,816,19:16,0
41,817,19:17,0
41,818,19:18,0
41,819,19:19,0
41,820,19:20,0
41,821,19:21,0
41,822,19:22,0
41,823,19:23,0
41,824,19:24,0
41,825,19:25,0
41,826,19:26,0
41,827,19:27,0
41,828,19:28,0
41,829,19:29,0
41,830,19:30,0
41,831,19:31,0
41,832,19:32,0
41,833,19:33,0
41,834,19:34,0
41,835,19:35,0
42,0,05:40,0
42,1,05:41,0
42,2,05:42,0
42,3,05:43,0
42,4,05:44,0
42,5,05:45,0
42,6,05:46,0
42,7,05:47,0
42,8,05:48,0
42,9,05:49,0
42,10,05:50,0
42,11,05:51,0
42,12,05:52,0
42,13,05:53,0
42,14,05:54,0
42,15,05:55,0
42,16,05:56,0
42,17,05:57,0
42,18,05:58,0
42,19,05:59,0
42,20,06:00,0
42,21,06:01,0
42,22,06:02,0
42,23,06:03,0
42,24,06:04,0
42,25,06:05,0
42,26,06:06,0
42,27,06:07,0
42,28,06:08,0
42,29,06:09,0
42,30,06:10,0
42,31,06:11,0
42,32,06:12,0
42,33,06:13,0
42,34,06:14,0
42,35,06:15,0
42,36,06:16,0
42,37,06:17,0
42,38,06:18,0
42,39,06:19,0
42,40,06:20,0
42,41,06:21,0
42,42,06:22,0
42,43,06:23,0
42,44,06:24,0
42,45,06:25,0
42,46,06:26,0
42,47,06:27,0
42,48,06:28,0
42,49,06:29,0
42,50,06:30,0
42,51,06:31,0
42,52,06:32,0
42,53,06:33,0
42,54,06:34,0
42,55,06:35,0
42,56,06:36,0
42,57,06:37,0
42,58,06:38,0
42,59,06:39,0
42,60,06:40,0
42,61,06:41,0
42,62,06:42,0
42,63,06:43,0
42,64,06:44,0
42,65,06:45,0
42,66,06:46,0
42,67,06:47,0
42,68,06:48,0
42,69,06:49,0
42,70,06:50,0
42,71,06:51,0
42,72,06:52,0
42,73,06:53,0
42,74,06:54,0
42,75,06:55,0
42,76,06:56,0
42,77,06:57,0
42,78,06:58,0
42,79,06:59,0
42,80,07:00,0
42,81,07:01,0
42,82,07:02,0
42,83,07:03,0
42,84,07:04,0
42,85,07:05,0
42,86,07:06,0
42,87,07:07,0
42,88,07:08,0
42,89,07:09,0
42,90,07:10,0
42,91,07:11,0
42,92,07:12,0
42,93,07:13,0
42,94,07:14,0
42,95,07:15,0
42,96,07:16,0
42,97,07:17,0
42,98,07:18,0
42,99,07:19,0
42,100,07:20,0
42,101,07:21,0
42,102,07:22,0
42,103,07:23,0
42,104,07:24,0
42,105,07:25,0
42,106,07:26,0
42,107,07:27,0
42,108,07:28,0
42,109,07:29,0
42,110,07:30,0
42,111,07:31,0
42,112,07:32,0
42,113,07:33,0
42,114,07:34,0
42,115,07:35,0
42,116,07:36,0
42,117,07:37,0
42,118,07:38,0
42,119,07:39,0
42,120,07:40,0
42,121,07:41,0
42,122,07:42,0
42,123,07:43,0
42,124,07:44,0
42,125,07:45,0
42,126,07:46,0
42,127,07:47,0
42,128,07:48,0
42,129,07:49,0
42,130,07:50,0
42,131,07:51,0
42,132,07:52,0
42,133,07:53,0
42,134,07:54,0
42,135,07:55,0
42,136,07:56,0
42,137,07:57,0
42,138,07:58,0
42,139,07:59,0
42,140,08:00,0
42,141,08:01,0
42,142,08:02,0
42,143,08:03,0
42,144,08:04,0
42,145,08:05,0
42,146,08:06,0
42,147,08:07,0
42,148,08:08,0
42,149,08:09,1
42,150,08:10,1
42,151,08:11,1
42,152,08:12,1
42,153,08:13,1
42,154,08:14,1
42,155,08:15,1
42,156,08:16,1
42,157,08:17,1
42,158,08:18,1
42,159,08:19,1
42,160,08:20,0
42,161,08:21,0
42,162,08:22,0
42,163,08:23,0
42,164,08:24,0
42,165,08:25,0
42,166,08:26,0
42,167,08:27,0
42,168,08:28,0
42,169,08:29,0
42,170,08:30,0
42,171,08:31,0
42,172,08:32,0
42,173,08:33,0
42,174,08:34,0
42,175,08:35,0
42,176,08:36,0
42,177,08:37,0
42,178,08:38,0
42,179,08:39,0
42,180,08:40,3
42,181,08:41,3
42,182,08:42,3
42,183,08:43,3
42,184,08:44,3
42,185,08:45,3
42,186,08:46,3
42,187,08:47,3
42,188,08:48,3
42,189,08:49,3
42,190,08:50,3
42,191,08:51,0
42,192,08:52,0
42,193,08:53,0
42,194,08:54,1
42,195,08:55,1
42,196,08:56,1
42,197,08:57,1
42,198,08:58,1
42,199,08:59,1
42,200,09:00,1
42,201,09:01,1
42,202,09:02,1
42,203,09:03,1
42,204,09:04,1
42,205,09:05,0
42,206,09:06,0
42,207,09:07,0
42,208,09:08,1
42,209,09:09,1
42,210,09:10,1
42,211,09:11,1
42,212,09:12,1
42,213,09:13,1
42,214,09:14,1
42,215,09:15,1
42,216,09:16,1
42,217,09:17,1
42,218,09:18,1
42,219,09:19,0
42,220,09:20,0
42,221,09:21,0
42,222,09:22,1
42,223,09:23,1
42,224,09:24,1
42,225,09:25,1
42,226,09:26,1
42,227,09:27,1
42,228,09:28,1
42,229,09:29,1
42,230,09:30,1
42,231,09:31,1
42,232,09:32,0
42,233,09:33,0
42,234,09:34,0
42,235,09:35,1
42,236,09:36,1
42,237,09:37,1
42,238,09:38,1
42,239,09:39,1
42,240,09:40,1
42,241,09:41,1
42,242,09:42,1
42,243,09:43,1
42,244,09:44,0
42,245,09:45,0
42,246,09:46,0
42,247,09:47,0
42,248,09:48,0
42,249,09:49,0
42,250,09:50,0
42,251,09:51,0
42,252,09:52,0
42,253,09:53,1
42,254,09:54,1
42,255,09:55,1
42,256,09:56,1
42,257,09:57,1
42,258,09:58,1
42,259,09:59,1
42,260,10:00,1
42,261,10:01,1
42,262,10:02,0
42,263,10:03,0
42,264,10:04,0
42,265,10:05,0
42,266,10:06,0
42,267,10:07,0
42,268,10:08,0
42,269,10:09,0
42,270,10:10,0
42,271,10:11,1
42,272,10:12,1
42,273,10:13,1
42,274,10:14,1
42,275,10:15,1
42,276,10:16,1
42,277,10:17,1
42,278,10:18,1
42,279,10:19,1
42,280,10:20,1
42,281,10:21,0
42,282,10:22,0
42,283,10:23,0
42,284,10:24,0
42,285,10:25,0
42,286,10:26,0
42,287,10:27,0
42,288,10:28,0
42,289,10:29,0
42,290,10:30,1
42,291,10:31,1
42,292,10:32,1
42,293,10:33,1
42,294,10:34,1
42,295,10:35,1
42,296,10:36,1
42,297,10:37,1
42,298,10:38,1
42,299,10:39,1
42,300,10:40,1
42,301,10:41,1
42,302,10:42,1
42,303,10:43,1
42,304,10:44,1
42,305,10:45,1
42,306,10:46,1
42,307,10:47,1
42,308,10:48,0
42,309,10:49,0
42,310,10:50,0
42,311,10:51,1
42,312,10:52,1
42,313,10:53,1
42,314,10:54,1
42,315,10:55,1
42,316,10:56,1
42,317,10:57,1
42,318,10:58,1
42,319,10:59,1
42,320,11:00,1
42,321,11:01,1
42,322,11:02,1
42,323,11:03,1
42,324,11:04,1
42,325,11:05,1
42,326,11:06,1
42,327,11:07,1
42,328,11:08,1
42,329,11:09,0
42,330,11:10,0
42,331,11:11,0
42,332,11:12,1
42,333,11:13,1
42,334,11:14,1
42,335,11:15,1
42,336,11:16,2
42,337,11:17,2
42,338,11:18,2
42,339,11:19,2
42,340,11:20,2
42,341,11:21,2
42,342,11:22,2
42,343,11:23,2
42,344,11:24,2
42,345,11:25,2
42,346,11:26,1
42,347,11:27,1
42,348,11:28,1
42,349,11:29,1
42,350,11:30,1
42,351,11:31,1
42,352,11:32,1
42,353,11:33,0
42,354,11:34,0
42,355,11:35,0
42,356,11:36,0
42,357,11:37,0
42,358,11:38,0
42,359,11:39,0
42,360,11:40,1
42,361,11:41,1
42,362,11:42,1
42,363,11:43,1
42,364,11:44,2
42,365,11:45,2
42,366,11:46,2
42,367,11:47,2
42,368,11:48,2
42,369,11:49,2
42,370,11:50,2
42,371,11:51,2
42,372,11:52,2
42,373,11:53,2
42,374,11:54,2
42,375,11:55,2
42,376,11:56,2
42,377,11:57,2
42,378,11:58,1
42,379,11:59,1
42,380,12:00,1
42,381,12:01,0
42,382,12:02,0
42,383,12:03,0
42,384,12:04,0
42,385,12:05,0
42,386,12:06,0
42,387,12:07,0
42,388,12:08,0
42,389,12:09,0
42,390,12:10,0
42,391,12:11,1
42,392,12:12,1
42,393,12:13,1
42,394,12:14,1
42,395,12:15,1
42,396,12:16,1
42,397,12:17,1
42,398,12:18,1
42,399,12:19,1
42,400,12:20,1
42,401,12:21,1
42,402,12:22,1
42,403,12:23,1
42,404,12:24,1
42,405,12:25,1
42,406,12:26,1
42,407,12:27,1
42,408,12:28,1
42,409,12:29,1
42,410,12:30,1
42,411,12:31,1
42,412,12:32,0
42,413,12:33,0
42,414,12:34,0
42,415,12:35,0
42,416,12:36,0
42,417,12:37,0
42,418,12:38,0
42,419,12:39,0
42,420,12:40,0
42,421,12:41,0
42,422,12:42,0
42,423,12:43,0
42,424,12:44,0
42,425,12:45,0
42,426,12:46,0
42,427,12:47,0
42,428,12:48,0
42,429,12:49,0
42,430,12:50,0
42,431,12:51,0
42,432,12:52,0
42,433,12:53,0
42,434,12:54,0
42,435,12:55,0
42,436,12:56,0
42,437,12:57,0
42,438,12:58,0
42,439,12:59,0
42,440,13:00,0
42,441,13:01,0
42,442,13:02,0
42,443,13:03,0
42,444,13:04,0
42,445,13:05,0
42,446,13:06,0
42,447,13:07,0
42,448,13:08,0
42,449,13:09,0
42,450,13:10,0
42,451,13:11,0
42,452,13:12,0
42,453,13:13,0
42,454,13:14,0
42,455,13:15,0
42,456,13:16,0
42,457,13:17,0
42,458,13:18,0
42,459,13:19,0
42,460,13:20,0
42,461,13:21,0
42,462,13:22,0
42,463,13:23,0
42,464,13:24,0
42,465,13:25,0
42,466,13:26,0
42,467,13:27,0
42,468,13:28,0
42,469,13:29,0
42,470,13:30,0
42,471,13:31,0
42,472,13:32,0
42,473,13:33,0
42,474,13:34,0
42,475,13:35,0
42,476,13:36,0
42,477,13:37,0
42,478,13:38,0
42,479,13:39,0
42,480,13:40,0
42,481,13:41,0
42,482,13:42,0
42,483,13:43,0
42,484,13:44,0
42,485,13:45,0
42,486,13:46,0
42,487,13:47,0
42,488,13:48,0
42,489,13:49,0
42,490,13:50,0
42,491,13:51,0
42,492,13:52,0
42,493,13:53,0
42,494,13:54,0
42,495,13:55,0
42,496,13:56,0
42,497,13:57,0
42,498,13:58,0
42,499,13:59,0
42,500,14:00,0
42,501,14:01,0
42,502,14:02,0
42,503,14:03,0
42,504,14:04,0
42,505,14:05,0
42,506,14:06,0
42,507,14:07,0
42,508,14:08,1
42,509,14:09,1
42,510,14:10,1
42,511,14:11,2
42,512,14:12,2
42,513,14:13,2
42,514,14:14,3
42,515,14:15,3
42,516,14:16,3
42,517,14:17,3
42,518,14:18,3
42,519,14:19,3
42,520,14:20,3
42,521,14:21,3
42,522,14:22,3
42,523,14:23,3
42,524,14:24,3
42,525,14:25,3
42,526,14:26,3
42,527,14:27,3
42,528,14:28,3
42,529,14:29,3
42,530,14:30,3
42,531,14:31,3
42,532,14:32,2
42,533,14:33,2
42,534,14:34,2
42,535,14:35,1
42,536,14:36,1
42,537,14:37,1
42,538,14:38,0
42,539,14:39,0
42,540,14:40,0
42,541,14:41,0
42,542,14:42,0
42,543,14:43,0
42,544,14:44,0
42,545,14:45,0
42,546,14:46,0
42,547,14:47,0
42,548,14:48,0
42,549,14:49,0
42,550,14:50,1
42,551,14:51,1
42,552,14:52,1
42,553,14:53,1
42,554,14:54,1
42,555,14:55,1
42,556,14:56,1
42,557,14:57,1
42,558,14:58,4
42,559,14:59,4
42,560,15:00,4
42,561,15:01,4
42,562,15:02,4
42,563,15:03,4
42,564,15:04,4
42,565,15:05,4
42,566,15:06,4
42,567,15:07,4
42,568,15:08,4
42,569,15:09,3
42,570,15:10,3
42,571,15:11,3
42,572,15:12,0
42,573,15:13,0
42,574,15:14,0
42,575,15:15,0
42,576,15:16,0
42,577,15:17,0
42,578,15:18,0
42,579,15:19,0
42,580,15:20,0
42,581,15:21,0
42,582,15:22,0
42,583,15:23,0
42,584,15:24,0
42,585,15:25,0
42,586,15:26,0
42,587,15:27,1
42,588,15:28,1
42,589,15:29,1
42,590,15:30,2
42,591,15:31,2
42,592,15:32,2
42,593,15:33,2
42,594,15:34,3
42,595,15:35,3
42,596,15:36,3
42,597,15:37,3
42,598,15:38,3
42,599,15:39,3
42,600,15:40,3
42,601,15:41,3
42,602,15:42,3
42,603,15:43,3
42,604,15:44,3
42,605,15:45,3
42,606,15:46,3
42,607,15:47,3
42,608,15:48,3
42,609,15:49,2
42,610,15:50,2
42,611,15:51,2
42,612,15:52,1
42,613,15:53,1
42,614,15:54,1
42,615,15:55,0
42,616,15:56,0
42,617,15:57,0
42,618,15:58,1
42,619,15:59,1
42,620,16:00,1
42,621,16:01,1
42,622,16:02,1
42,623,16:03,1
42,624,16:04,1
42,625,16:05,1
42,626,16:06,1
42,627,16:07,1
42,628,16:08,0
42,629,16:09,0
42,630,16:10,0
42,631,16:11,0
42,632,16:12,0
42,633,16:13,0
42,634,16:14,0
42,635,16:15,1
42,636,16:16,1
42,637,16:17,1
42,638,16:18,2
42,639,16:19,2
42,640,16:20,2
42,641,16:21,2
42,642,16:22,2
42,643,16:23,2
42,644,16:24,2
42,645,16:25,2
42,646,16:26,2
42,647,16:27,2
42,648,16:28,1
42,649,16:29,1
42,650,16:30,1
42,651,16:31,0
42,652,16:32,0
42,653,16:33,0
42,654,16:34,0
42,655,16:35,0
42,656,16:36,0
42,657,16:37,0
42,658,16:38,1
42,659,16:39,1
42,660,16:40,1
42,661,16:41,1
42,662,16:42,1
42,663,16:43,1
42,664,16:44,1
42,665,16:45,1
42,666,16:46,1
42,667,16:47,1
42,668,16:48,1
42,669,16:49,1
42,670,16:50,1
42,671,16:51,1
42,672,16:52,1
42,673,16:53,1
42,674,16:54,1
42,675,16:55,1
42,676,16:56,1
42,677,16:57,1
42,678,16:58,0
42,679,16:59,0
42,680,17:00,0
42,681,17:01,0
42,682,17:02,0
42,683,17:03,0
42,684,17:04,0
42,685,17:05,0
42,686,17:06,0
42,687,17:07,0
42,688,17:08,0
42,689,17:09,0
42,690,17:10,0
42,691,17:11,0
42,692,17:12,0
42,693,17:13,0
42,694,17:14,0
42,695,17:15,0
42,696,17:16,0
42,697,17:17,1
42,698,17:18,1
42,699,17:19,1
42,700,17:20,1
42,701,17:21,1
42,702,17:22,1
42,703,17:23,1
42,704,17:24,1
42,705,17:25,1
42,706,17:26,1
42,707,17:27,1
42,708,17:28,1
42,709,17:29,1
42,710,17:30,0
42,711,17:31,0
42,712,17:32,0
42,713,17:33,0
42,714,17:34,0
42,715,17:35,0
42,716,17:36,1
42,717,17:37,1
42,718,17:38,1
42,719,17:39,2
42,720,17:40,2
42,721,17:41,2
42,722,17:42,2
42,723,17:43,2
42,724,17:44,2
42,725,17:45,2
42,726,17:46,2
42,727,17:47,2
42,728,17:48,2
42,729,17:49,2
42,730,17:50,2
42,731,17:51,2
42,732,17:52,2
42,733,17:53,2
42,734,17:54,2
42,735,17:55,2
42,736,17:56,2
42,737,17:57,1
42,738,17:58,1
42,739,17:59,1
42,740,18:00,0
42,741,18:01,0
42,742,18:02,0
42,743,18:03,2
42,744,18:04,2
42,745,18:05,2
42,746,18:06,2
42,747,18:07,2
42,748,18:08,2
42,749,18:09,2
42,750,18:10,2
42,751,18:11,2
42,752,18:12,2
42,753,18:13,2
42,754,18:14,2
42,755,18:15,2
42,756,18:16,2
42,757,18:17,2
42,758,18:18,0
42,759,18:19,0
42,760,18:20,0
42,761,18:21,0
42,762,18:22,0
42,763,18:23,0
42,764,18:24,1
42,765,18:25,1
42,766,18:26,1
42,767,18:27,1
42,768,18:28,1
42,769,18:29,1
42,770,18:30,1
42,771,18:31,1
42,772,18:32,1
42,773,18:33,2
42,774,18:34,2
42,775,18:35,2
42,776,18:36,2
42,777,18:37,2
42,778,18:38,2
42,779,18:39,2
42,780,18:40,2
42,781,18:41,2
42,782,18:42,2
42,783,18:43,2
42,784,18:44,2
42,785,18:45,2
42,786,18:46,2
42,787,18:47,1
42,788,18:48,1
42,789,18:49,1
42,790,18:50,0
42,791,18:51,0
42,792,18:52,0
42,793,18:53,0
42,794,18:54,0
42,795,18:55,0
42,796,18:56,0
42,797,18:57,0
42,798,18:58,0
42,799,18:59,0
42,800,19:00,0
42,801,19:01,0
42,802,19:02,0
42,803,19:03,0
42,804,19:04,0
42,805,19:05,0
42,806,19:06,0
42,807,19:07,0
42,808,19:08,0
42,809,19:09,0
42,810,19:10,0
42,811,19:11,0
42,812,19:12,0
42,813,19:13,0
42,814,19:14,0
42,815,19:15,0
42,816,19:16,0
42,817,19:17,0
42,818,19:18,0
42,819,19:19,0
42,820,19:20,0
42,821,19:21,0
42,822,19:22,0
42,823,19:23,0
42,824,19:24,0
42,825,19:25,0
42,826,19:26,0
42,827,19:27,0
42,828,19:28,0
42,829,19:29,0
42,830,19:30,0
42,831,19:31,0
42,832,19:32,0
42,833,19:33,0
42,834,19:34,0
42,835,19:35,0
43,0,05:40,0
43,1,05:41,0
43,2,05:42,0
43,3,05:43,0
43,4,05:44,0
43,5,05:45,0
43,6,05:46,0
43,7,05:47,0
43,8,05:48,0
43,9,05:49,0
43,10,05:50,0
43,11,05:51,0
43,12,05:52,0
43,13,05:53,0
43,14,05:54,0
43,15,05:55,0
43,16,05:56,0
43,17,05:57,0
43,18,05:58,0
43,19,05:59,0
43,20,06:00,0
43,21,06:01,0
43,22,06:02,0
43,23,06:03,0
43,24,06:04,0
43,25,06:05,0
43,26,06:06,0
43,27,06:07,0
43,28,06:08,0
43,29,06:09,0
43,30,06:10,0
43,31,06:11,0
43,32,06:12,0
43,33,06:13,0
43,34,06:14,0
43,35,06:15,0
43,36,06:16,0
43,37,06:17,0
43,38,06:18,0
43,39,06:19,0
43,40,06:20,0
43,41,06:21,0
43,42,06:22,0
43,43,06:23,0
43,44,06:24,0
43,45,06:25,0
43,46,06:26,0
43,47,06:27,0
43,48,06:28,0
43,49,06:29,0
43,50,06:30,0
43,51,06:31,0
43,52,06:32,0
43,53,06:33,0
43,54,06:34,0
43,55,06:35,0
43,56,06:36,0
43,57,06:37,0
43,58,06:38,0
43,59,06:39,0
43,60,06:40,0
43,61,06:41,0
43,62,06:42,0
43,63,06:43,0
43,64,06:44,0
43,65,06:45,0
43,66,06:46,0
43,67,06:47,0
43,68,06:48,0
43,69,06:49,0
43,70,06:50,0
43,71,06:51,0
43,72,06:52,0
43,73,06:53,0
43,74,06:54,0
43,75,06:55,0
43,76,06:56,0
43,77,06:57,0
43,78,06:58,0
43,79,06:59,0
43,80,07:00,0
43,81,07:01,0
43,82,07:02,0
43,83,07:03,0
43,84,07:04,0
43,85,07:05,0
43,86,07:06,0
43,87,07:07,0
43,88,07:08,0
43,89,07:09,0
43,90,07:10,0
43,91,07:11,0
43,92,07:12,0
43,93,07:13,0
43,94,07:14,0
43,95,07:15,0
43,96,07:16,0
43,97,07:17,0
43,98,07:18,0
43,99,07:19,0
43,100,07:20,0
43,101,07:21,0
43,102,07:22,0
43,103,07:23,0
43,104,07:24,0
43,105,07:25,0
43,106,07:26,0
43,107,07:27,0
43,108,07:28,0
43,109,07:29,0
43,110,07:30,0
43,111,07:31,0
43,112,07:32,0
43,113,07:33,0
43,114,07:34,0
43,115,07:35,0
43,116,07:36,0
43,117,07:37,0
43,118,07:38,0
43,119,07:39,0
43,120,07:40,0
43,121,07:41,0
43,122,07:42,0
43,123,07:43,0
43,124,07:44,0
43,125,07:45,0
43,126,07:46,0
43,127,07:47,0
43,128,07:48,0
43,129,07:49,0
43,130,07:50,0
43,131,07:51,0
43,132,07:52,0
43,133,07:53,0
43,134,07:54,0
43,135,07:55,0
43,136,07:56,0
43,137,07:57,0
43,138,07:58,0
43,139,07:59,0
43,140,08:00,0
43,141,08:01,0
43,142,08:02,0
43,143,08:03,0
43,144,08:04,0
43,145,08:05,0
43,146,08:06,0
43,147,08:07,0
43,148,08:08,0
43,149,08:09,0
43,150,08:10,0
43,151,08:11,0
43,152,08:12,0
43,153,08:13,0
43,154,08:14,0
43,155,08:15,0
43,156,08:16,0
43,157,08:17,0
43,158,08:18,0
43,159,08:19,0
43,160,08:20,0
43,161,08:21,0
43,162,08:22,0
43,163,08:23,0
43,164,08:24,0
43,165,08:25,0
43,166,08:26,0
43,167,08:27,0
43,168,08:28,0
43,169,08:29,0
43,170,08:30,0
43,171,08:31,0
43,172,08:32,0
43,173,08:33,0
43,174,08:34,0
43,175,08:35,0
43,176,08:36,0
43,177,08:37,0
43,178,08:38,0
43,179,08:39,0
43,180,08:40,0
43,181,08:41,0
43,182,08:42,0
43,183,08:43,0
43,184,08:44,0
43,185,08:45,0
43,186,08:46,1
43,187,08:47,1
43,188,08:48,1
43,189,08:49,1
43,190,08:50,2
43,191,08:51,2
43,192,08:52,2
43,193,08:53,2
43,194,08:54,2
43,195,08:55,2
43,196,08:56,2
43,197,08:57,2
43,198,08:58,2
43,199,08:59,2
43,200,09:00,2
43,201,09:01,1
43,202,09:02,1
43,203,09:03,1
43,204,09:04,1
43,205,09:05,1
43,206,09:06,1
43,207,09:07,0
43,208,09:08,0
43,209,09:09,0
43,210,09:10,2
43,211,09:11,2
43,212,09:12,2
43,213,09:13,2
43,214,09:14,2
43,215,09:15,2
43,216,09:16,3
43,217,09:17,3
43,218,09:18,3
43,219,09:19,3
43,220,09:20,3
43,221,09:21,3
43,222,09:22,3
43,223,09:23,3
43,224,09:24,3
43,225,09:25,2
43,226,09:26,2
43,227,09:27,2
43,228,09:28,0
43,229,09:29,0
43,230,09:30,0
43,231,09:31,0
43,232,09:32,0
43,233,09:33,0
43,234,09:34,0
43,235,09:35,0
43,236,09:36,0
43,237,09:37,0
43,238,09:38,0
43,239,09:39,0
43,240,09:40,0
43,241,09:41,0
43,242,09:42,0
43,243,09:43,0
43,244,09:44,0
43,245,09:45,0
43,246,09:46,0
43,247,09:47,1
43,248,09:48,1
43,249,09:49,1
43,250,09:50,1
43,251,09:51,1
43,252,09:52,1
43,253,09:53,1
43,254,09:54,1
43,255,09:55,1
43,256,09:56,0
43,257,09:57,0
43,258,09:58,0
43,259,09:59,0
43,260,10:00,0
43,261,10:01,0
43,262,10:02,0
43,263,10:03,0
43,264,10:04,0
43,265,10:05,0
43,266,10:06,1
43,267,10:07,1
43,268,10:08,1
43,269,10:09,1
43,270,10:10,1
43,271,10:11,2
43,272,10:12,2
43,273,10:13,2
43,274,10:14,2
43,275,10:15,2
43,276,10:16,2
43,277,10:17,2
43,278,10:18,2
43,279,10:19,2
43,280,10:20,2
43,281,10:21,2
43,282,10:22,1
43,283,10:23,1
43,284,10:24,1
43,285,10:25,0
43,286,10:26,0
43,287,10:27,0
43,288,10:28,0
43,289,10:29,0
43,290,10:30,0
43,291,10:31,0
43,292,10:32,0
43,293,10:33,0
43,294,10:34,1
43,295,10:35,1
43,296,10:36,1
43,297,10:37,1
43,298,10:38,1
43,299,10:39,1
43,300,10:40,1
43,301,10:41,1
43,302,10:42,1
43,303,10:43,1
43,304,10:44,1
43,305,10:45,1
43,306,10:46,1
43,307,10:47,1
43,308,10:48,1
43,309,10:49,1
43,310,10:50,1
43,311,10:51,1
43,312,10:52,0
43,313,10:53,0
43,314,10:54,0
43,315,10:55,0
43,316,10:56,0
43,317,10:57,0
43,318,10:58,0
43,319,10:59,0
43,320,11:00,0
43,321,11:01,0
43,322,11:02,1
43,323,11:03,1
43,324,11:04,1
43,325,11:05,1
43,326,11:06,1
43,327,11:07,1
43,328,11:08,1
43,329,11:09,1
43,330,11:10,1
43,331,11:11,2
43,332,11:12,2
43,333,11:13,2
43,334,11:14,2
43,335,11:15,2
43,336,11:16,2
43,337,11:17,2
43,338,11:18,2
43,339,11:19,2
43,340,11:20,2
43,341,11:21,2
43,342,11:22,2
43,343,11:23,2
43,344,11:24,2
43,345,11:25,2
43,346,11:26,2
43,347,11:27,2
43,348,11:28,2
43,349,11:29,1
43,350,11:30,1
43,351,11:31,1
43,352,11:32,0
43,353,11:33,0
43,354,11:34,0
43,355,11:35,1
43,356,11:36,1
43,357,11:37,1
43,358,11:38,1
43,359,11:39,1
43,360,11:40,1
43,361,11:41,1
43,362,11:42,1
43,363,11:43,1
43,364,11:44,1
43,365,11:45,1
43,366,11:46,1
43,367,11:47,1
43,368,11:48,1
43,369,11:49,1
43,370,11:50,1
43,371,11:51,1
43,372,11:52,1
43,373,11:53,1
43,374,11:54,1
43,375,11:55,0
43,376,11:56,0
43,377,11:57,0
43,378,11:58,0
43,379,11:59,0
43,380,12:00,0
43,381,12:01,0
43,382,12:02,0
43,383,12:03,0
43,384,12:04,0
43,385,12:05,0
43,386,12:06,0
43,387,12:07,0
43,388,12:08,0
43,389,12:09,0
43,390,12:10,0
43,391,12:11,0
43,392,12:12,0
43,393,12:13,0
43,394,12:14,0
43,395,12:15,0
43,396,12:16,0
43,397,12:17,0
43,398,12:18,0
43,399,12:19,0
43,400,12:20,0
43,401,12:21,0
43,402,12:22,0
43,403,12:23,0
43,404,12:24,0
43,405,12:25,0
43,406,12:26,0
43,407,12:27,0
43,408,12:28,0
43,409,12:29,0
43,410,12:30,0
43,411,12:31,0
43,412,12:32,0
43,413,12:33,0
43,414,12:34,0
43,415,12:35,0
43,416,12:36,0
43,417,12:37,0
43,418,12:38,0
43,419,12:39,0
43,420,12:40,0
43,421,12:41,0
43,422,12:42,0
43,423,12:43,0
43,424,12:44,0
43,425,12:45,0
43,426,12:46,0
43,427,12:47,0
43,428,12:48,0
43,429,12:49,0
43,430,12:50,0
43,431,12:51,0
43,432,12:52,0
43,433,12:53,0
43,434,12:54,0
43,435,12:55,0
43,436,12:56,0
43,437,12:57,0
43,438,12:58,0
43,439,12:59,0
43,440,13:00,0
43,441,13:01,0
43,442,13:02,0
43,443,13:03,0
43,444,13:04,0
43,445,13:05,0
43,446,13:06,0
43,447,13:07,0
43,448,13:08,0
43,449,13:09,0
43,450,13:10,0
43,451,13:11,0
43,452,13:12,0
43,453,13:13,0
43,454,13:14,0
43,455,13:15,0
43,456,13:16,0
43,457,13:17,0
43,458,13:18,0
43,459,13:19,0
43,460,13:20,0
43,461,13:21,0
43,462,13:22,0
43,463,13:23,0
43,464,13:24,0
43,465,13:25,0
43,466,13:26,0
43,467,13:27,0
43,468,13:28,0
43,469,13:29,0
43,470,13:30,0
43,471,13:31,0
43,472,13:32,0
43,473,13:33,0
43,474,13:34,0
43,475,13:35,0
43,476,13:36,0
43,477,13:37,0
43,478,13:38,0
43,479,13:39,0
43,480,13:40,0
43,481,13:41,0
43,482,13:42,0
43,483,13:43,0
43,484,13:44,0
43,485,13:45,0
43,486,13:46,0
43,487,13:47,0
43,488,13:48,0
43,489,13:49,0
43,490,13:50,0
43,491,13:51,0
43,492,13:52,0
43,493,13:53,0
43,494,13:54,0
43,495,13:55,0
43,496,13:56,0
43,497,13:57,0
43,498,13:58,0
43,499,13:59,0
43,500,14:00,0
43,501,14:01,0
43,502,14:02,0
43,503,14:03,0
43,504,14:04,0
43,505,14:05,0
43,506,14:06,0
43,507,14:07,0
43,508,14:08,0
43,509,14:09,0
43,510,14:10,0
43,511,14:11,0
43,512,14:12,0
43,513,14:13,0
43,514,14:14,0
43,515,14:15,0
43,516,14:16,0
43,517,14:17,0
43,518,14:18,0
43,519,14:19,0
43,520,14:20,0
43,521,14:21,0
43,522,14:22,0
43,523,14:23,0
43,524,14:24,0
43,525,14:25,0
43,526,14:26,0
43,527,14:27,0
43,528,14:28,0
43,529,14:29,0
43,530,14:30,0
43,531,14:31,0
43,532,14:32,0
43,533,14:33,0
43,534,14:34,0
43,535,14:35,0
43,536,14:36,0
43,537,14:37,0
43,538,14:38,0
43,539,14:39,0
43,540,14:40,0
43,541,14:41,0
43,542,14:42,0
43,543,14:43,0
43,544,14:44,0
43,545,14:45,0
43,546,14:46,0
43,547,14:47,0
43,548,14:48,0
43,549,14:49,0
43,550,14:50,0
43,551,14:51,0
43,552,14:52,0
43,553,14:53,0
43,554,14:54,0
43,555,14:55,0
43,556,14:56,0
43,557,14:57,0
43,558,14:58,0
43,559,14:59,0
43,560,15:00,0
43,561,15:01,0
43,562,15:02,0
43,563,15:03,0
43,564,15:04,0
43,565,15:05,0
43,566,15:06,0
43,567,15:07,0
43,568,15:08,0
43,569,15:09,0
43,570,15:10,0
43,571,15:11,0
43,572,15:12,0
43,573,15:13,0
43,574,15:14,0
43,575,15:15,0
43,576,15:16,0
43,577,15:17,0
43,578,15:18,0
43,579,15:19,0
43,580,15:20,0
43,581,15:21,0
43,582,15:22,0
43,583,15:23,0
43,584,15:24,0
43,585,15:25,0
43,586,15:26,0
43,587,15:27,0
43,588,15:28,0
43,589,15:29,0
43,590,15:30,0
43,591,15:31,0
43,592,15:32,0
43,593,15:33,0
43,594,15:34,0
43,595,15:35,0
43,596,15:36,0
43,597,15:37,0
43,598,15:38,0
43,599,15:39,0
43,600,15:40,0
43,601,15:41,0
43,602,15:42,0
43,603,15:43,0
43,604,15:44,0
43,605,15:45,0
43,606,15:46,1
43,607,15:47,1
43,608,15:48,1
43,609,15:49,1
43,610,15:50,1
43,611,15:51,1
43,612,15:52,1
43,613,15:53,1
43,614,15:54,1
43,615,15:55,1
43,616,15:56,1
43,617,15:57,1
43,618,15:58,1
43,619,15:59,1
43,620,16:00,0
43,621,16:01,0
43,622,16:02,0
43,623,16:03,0
43,624,16:04,0
43,625,16:05,0
43,626,16:06,0
43,627,16:07,0
43,628,16:08,0
43,629,16:09,0
43,630,16:10,0
43,631,16:11,0
43,632,16:12,0
43,633,16:13,0
43,634,16:14,0
43,635,16:15,0
43,636,16:16,1
43,637,16:17,1
43,638,16:18,1
43,639,16:19,1
43,640,16:20,1
43,641,16:21,1
43,642,16:22,1
43,643,16:23,1
43,644,16:24,1
43,645,16:25,1
43,646,16:26,1
43,647,16:27,1
43,648,16:28,1
43,649,16:29,1
43,650,16:30,1
43,651,16:31,1
43,652,16:32,1
43,653,16:33,1
43,654,16:34,1
43,655,16:35,1
43,656,16:36,1
43,657,16:37,1
43,658,16:38,1
43,659,16:39,1
43,660,16:40,1
43,661,16:41,1
43,662,16:42,1
43,663,16:43,1
43,664,16:44,1
43,665,16:45,0
43,666,16:46,0
43,667,16:47,0
43,668,16:48,0
43,669,16:49,0
43,670,16:50,0
43,671,16:51,0
43,672,16:52,0
43,673,16:53,0
43,674,16:54,0
43,675,16:55,0
43,676,16:56,0
43,677,16:57,0
43,678,16:58,0
43,679,16:59,0
43,680,17:00,0
43,681,17:01,0
43,682,17:02,0
43,683,17:03,0
43,684,17:04,0
43,685,17:05,0
43,686,17:06,1
43,687,17:07,1
43,688,17:08,1
43,689,17:09,1
43,690,17:10,1
43,691,17:11,1
43,692,17:12,1
43,693,17:13,1
43,694,17:14,1
43,695,17:15,1
43,696,17:16,2
43,697,17:17,2
43,698,17:18,2
43,699,17:19,2
43,700,17:20,2
43,701,17:21,2
43,702,17:22,2
43,703,17:23,2
43,704,17:24,2
43,705,17:25,1
43,706,17:26,1
43,707,17:27,1
43,708,17:28,0
43,709,17:29,0
43,710,17:30,0
43,711,17:31,1
43,712,17:32,1
43,713,17:33,1
43,714,17:34,1
43,715,17:35,1
43,716,17:36,1
43,717,17:37,4
43,718,17:38,4
43,719,17:39,4
43,720,17:40,4
43,721,17:41,4
43,722,17:42,4
43,723,17:43,4
43,724,17:44,4
43,725,17:45,4
43,726,17:46,4
43,727,17:47,4
43,728,17:48,4
43,729,17:49,4
43,730,17:50,4
43,731,17:51,4
43,732,17:52,4
43,733,17:53,4
43,734,17:54,4
43,735,17:55,3
43,736,17:56,3
43,737,17:57,3
43,738,17:58,0
43,739,17:59,0
43,740,18:00,0
43,741,18:01,0
43,742,18:02,0
43,743,18:03,0
43,744,18:04,0
43,745,18:05,0
43,746,18:06,0
43,747,18:07,0
43,748,18:08,0
43,749,18:09,0
43,750,18:10,0
43,751,18:11,0
43,752,18:12,0
43,753,18:13,0
43,754,18:14,0
43,755,18:15,0
43,756,18:16,0
43,757,18:17,0
43,758,18:18,0
43,759,18:19,0
43,760,18:20,0
43,761,18:21,0
43,762,18:22,0
43,763,18:23,0
43,764,18:24,0
43,765,18:25,0
43,766,18:26,0
43,767,18:27,0
43,768,18:28,0
43,769,18:29,0
43,770,18:30,0
43,771,18:31,0
43,772,18:32,0
43,773,18:33,0
43,774,18:34,0
43,775,18:35,0
43,776,18:36,0
43,777,18:37,0
43,778,18:38,0
43,779,18:39,0
43,780,18:40,0
43,781,18:41,0
43,782,18:42,0
43,783,18:43,0
43,784,18:44,0
43,785,18:45,0
43,786,18:46,0
43,787,18:47,0
43,788,18:48,0
43,789,18:49,0
43,790,18:50,0
43,791,18:51,0
43,792,18:52,0
43,793,18:53,0
43,794,18:54,0
43,795,18:55,0
43,796,18:56,0
43,797,18:57,0
43,798,18:58,0
43,799,18:59,0
43,800,19:00,0
43,801,19:01,0
43,802,19:02,0
43,803,19:03,0
43,804,19:04,0
43,805,19:05,0
43,806,19:06,0
43,807,19:07,0
43,808,19:08,0
43,809,19:09,0
43,810,19:10,0
43,811,19:11,0
43,812,19:12,0
43,813,19:13,0
43,814,19:14,0
43,815,19:15,0
43,816,19:16,0
43,817,19:17,0
43,818,19:18,0
43,819,19:19,0
43,820,19:20,0
43,821,19:21,0
43,822,19:22,0
43,823,19:23,0
43,824,19:24,0
43,825,19:25,0
43,826,19:26,0
43,827,19:27,0
43,828,19:28,0
43,829,19:29,0
43,830,19:30,0
43,831,19:31,0
43,832,19:32,0
43,833,19:33,0
43,834,19:34,0
43,835,19:35,0
44,0,05:40,0
44,1,05:41,0
44,2,05:42,0
44,3,05:43,0
44,4,05:44,0
44,5,05:45,0
44,6,05:46,0
44,7,05:47,0
44,8,05:48,0
44,9,05:49,0
44,10,05:50,0
44,11,05:51,0
44,12,05:52,0
44,13,05:53,0
44,14,05:54,0
44,15,05:55,0
44,16,05:56,0
44,17,05:57,0
44,18,05:58,0
44,19,05:59,0
44,20,06:00,0
44,21,06:01,0
44,22,06:02,0
44,23,06:03,0
44,24,06:04,0
44,25,06:05,0
44,26,06:06,0
44,27,06:07,0
44,28,06:08,0
44,29,06:09,0
44,30,06:10,0
44,31,06:11,0
44,32,06:12,0
44,33,06:13,0
44,34,06:14,0
44,35,06:15,0
44,36,06:16,0
44,37,06:17,0
44,38,06:18,0
44,39,06:19,0
44,40,06:20,0
44,41,06:21,0
44,42,06:22,0
44,43,06:23,0
44,44,06:24,0
44,45,06:25,0
44,46,06:26,0
44,47,06:27,0
44,48,06:28,0
44,49,06:29,0
44,50,06:30,0
44,51,06:31,0
44,52,06:32,0
44,53,06:33,0
44,54,06:34,0
44,55,06:35,0
44,56,06:36,0
44,57,06:37,0
44,58,06:38,0
44,59,06:39,0
44,60,06:40,0
44,61,06:41,0
44,62,06:42,0
44,63,06:43,0
44,64,06:44,0
44,65,06:45,0
44,66,06:46,0
44,67,06:47,0
44,68,06:48,0
44,69,06:49,0
44,70,06:50,0
44,71,06:51,0
44,72,06:52,0
44,73,06:53,0
44,74,06:54,0
44,75,06:55,0
44,76,06:56,0
44,77,06:57,0
44,78,06:58,0
44,79,06:59,0
44,80,07:00,0
44,81,07:01,0
44,82,07:02,0
44,83,07:03,0
44,84,07:04,0
44,85,07:05,0
44,86,07:06,0
44,87,07:07,0
44,88,07:08,0
44,89,07:09,0
44,90,07:10,0
44,91,07:11,0
44,92,07:12,0
44,93,07:13,0
44,94,07:14,0
44,95,07:15,0
44,96,07:16,0
44,97,07:17,0
44,98,07:18,0
44,99,07:19,0
44,100,07:20,0
44,101,07:21,0
44,102,07:22,0
44,103,07:23,0
44,104,07:24,0
44,105,07:25,0
44,106,07:26,0
44,107,07:27,0
44,108,07:28,0
44,109,07:29,0
44,110,07:30,0
44,111,07:31,0
44,112,07:32,0
44,113,07:33,0
44,114,07:34,0
44,115,07:35,0
44,116,07:36,0
44,117,07:37,0
44,118,07:38,0
44,119,07:39,0
44,120,07:40,0
44,121,07:41,0
44,122,07:42,0
44,123,07:43,0
44,124,07:44,0
44,125,07:45,0
44,126,07:46,0
44,127,07:47,0
44,128,07:48,0
44,129,07:49,0
44,130,07:50,0
44,131,07:51,0
44,132,07:52,0
44,133,07:53,0
44,134,07:54,0
44,135,07:55,0
44,136,07:56,0
44,137,07:57,0
44,138,07:58,0
44,139,07:59,0
44,140,08:00,0
44,141,08:01,0
44,142,08:02,0
44,143,08:03,0
44,144,08:04,0
44,145,08:05,0
44,146,08:06,3
44,147,08:07,3
44,148,08:08,3
44,149,08:09,3
44,150,08:10,3
44,151,08:11,3
44,152,08:12,3
44,153,08:13,3
44,154,08:14,3
44,155,08:15,3
44,156,08:16,3
44,157,08:17,3
44,158,08:18,4
44,159,08:19,4
44,160,08:20,4
44,161,08:21,1
44,162,08:22,1
44,163,08:23,1
44,164,08:24,1
44,165,08:25,1
44,166,08:26,1
44,167,08:27,1
44,168,08:28,1
44,169,08:29,1
44,170,08:30,1
44,171,08:31,1
44,172,08:32,1
44,173,08:33,0
44,174,08:34,0
44,175,08:35,0
44,176,08:36,0
44,177,08:37,0
44,178,08:38,0
44,179,08:39,0
44,180,08:40,0
44,181,08:41,0
44,182,08:42,0
44,183,08:43,0
44,184,08:44,0
44,185,08:45,0
44,186,08:46,0
44,187,08:47,0
44,188,08:48,0
44,189,08:49,0
44,190,08:50,0
44,191,08:51,0
44,192,08:52,0
44,193,08:53,0
44,194,08:54,0
44,195,08:55,0
44,196,08:56,0
44,197,08:57,0
44,198,08:58,0
44,199,08:59,0
44,200,09:00,0
44,201,09:01,0
44,202,09:02,0
44,203,09:03,0
44,204,09:04,0
44,205,09:05,0
44,206,09:06,0
44,207,09:07,0
44,208,09:08,0
44,209,09:09,0
44,210,09:10,0
44,211,09:11,0
44,212,09:12,0
44,213,09:13,0
44,214,09:14,0
44,215,09:15,0
44,216,09:16,0
44,217,09:17,0
44,218,09:18,0
44,219,09:19,0
44,220,09:20,0
44,221,09:21,0
44,222,09:22,0
44,223,09:23,0
44,224,09:24,0
44,225,09:25,0
44,226,09:26,0
44,227,09:27,0
44,228,09:28,0
44,229,09:29,0
44,230,09:30,0
44,231,09:31,0
44,232,09:32,0
44,233,09:33,0
44,234,09:34,0
44,235,09:35,0
44,236,09:36,0
44,237,09:37,0
44,238,09:38,0
44,239,09:39,0
44,240,09:40,0
44,241,09:41,0
44,242,09:42,0
44,243,09:43,0
44,244,09:44,0
44,245,09:45,0
44,246,09:46,0
44,247,09:47,0
44,248,09:48,0
44,249,09:49,0
44,250,09:50,1
44,251,09:51,1
44,252,09:52,1
44,253,09:53,1
44,254,09:54,1
44,255,09:55,1
44,256,09:56,1
44,257,09:57,1
44,258,09:58,1
44,259,09:59,1
44,260,10:00,0
44,261,10:01,0
44,262,10:02,0
44,263,10:03,0
44,264,10:04,0
44,265,10:05,0
44,266,10:06,0
44,267,10:07,0
44,268,10:08,0
44,269,10:09,0
44,270,10:10,0
44,271,10:11,0
44,272,10:12,0
44,273,10:13,1
44,274,10:14,1
44,275,10:15,1
44,276,10:16,2
44,277,10:17,2
44,278,10:18,2
44,279,10:19,2
44,280,10:20,2
44,281,10:21,2
44,282,10:22,2
44,283,10:23,2
44,284,10:24,2
44,285,10:25,2
44,286,10:26,2
44,287,10:27,2
44,288,10:28,2
44,289,10:29,1
44,290,10:30,1
44,291,10:31,1
44,292,10:32,0
44,293,10:33,0
44,294,10:34,0
44,295,10:35,0
44,296,10:36,0
44,297,10:37,0
44,298,10:38,0
44,299,10:39,0
44,300,10:40,0
44,301,10:41,0
44,302,10:42,0
44,303,10:43,0
44,304,10:44,0
44,305,10:45,0
44,306,10:46,0
44,307,10:47,1
44,308,10:48,1
44,309,10:49,1
44,310,10:50,1
44,311,10:51,1
44,312,10:52,1
44,313,10:53,1
44,314,10:54,1
44,315,10:55,1
44,316,10:56,1
44,317,10:57,0
44,318,10:58,0
44,319,10:59,0
44,320,11:00,0
44,321,11:01,0
44,322,11:02,0
44,323,11:03,1
44,324,11:04,1
44,325,11:05,1
44,326,11:06,1
44,327,11:07,1
44,328,11:08,1
44,329,11:09,1
44,330,11:10,1
44,331,11:11,1
44,332,11:12,1
44,333,11:13,0
44,334,11:14,0
44,335,11:15,0
44,336,11:16,0
44,337,11:17,0
44,338,11:18,0
44,339,11:19,0
44,340,11:20,0
44,341,11:21,0
44,342,11:22,0
44,343,11:23,0
44,344,11:24,0
44,345,11:25,0
44,346,11:26,0
44,347,11:27,0
44,348,11:28,0
44,349,11:29,0
44,350,11:30,0
44,351,11:31,0
44,352,11:32,0
44,353,11:33,0
44,354,11:34,0
44,355,11:35,0
44,356,11:36,0
44,357,11:37,0
44,358,11:38,0
44,359,11:39,0
44,360,11:40,0
44,361,11:41,0
44,362,11:42,0
44,363,11:43,0
44,364,11:44,0
44,365,11:45,0
44,366,11:46,0
44,367,11:47,0
44,368,11:48,0
44,369,11:49,0
44,370,11:50,0
44,371,11:51,0
44,372,11:52,0
44,373,11:53,0
44,374,11:54,0
44,375,11:55,1
44,376,11:56,1
44,377,11:57,1
44,378,11:58,1
44,379,11:59,1
44,380,12:00,1
44,381,12:01,1
44,382,12:02,1
44,383,12:03,1
44,384,12:04,1
44,385,12:05,1
44,386,12:06,1
44,387,12:07,1
44,388,12:08,1
44,389,12:09,1
44,390,12:10,1
44,391,12:11,1
44,392,12:12,1
44,393,12:13,1
44,394,12:14,1
44,395,12:15,1
44,396,12:16,1
44,397,12:17,1
44,398,12:18,1
44,399,12:19,1
44,400,12:20,0
44,401,12:21,0
44,402,12:22,0
44,403,12:23,1
44,404,12:24,1
44,405,12:25,1
44,406,12:26,2
44,407,12:27,2
44,408,12:28,2
44,409,12:29,2
44,410,12:30,2
44,411,12:31,2
44,412,12:32,2
44,413,12:33,2
44,414,12:34,2
44,415,12:35,2
44,416,12:36,2
44,417,12:37,2
44,418,12:38,2
44,419,12:39,2
44,420,12:40,2
44,421,12:41,1
44,422,12:42,1
44,423,12:43,1
44,424,12:44,1
44,425,12:45,1
44,426,12:46,1
44,427,12:47,1
44,428,12:48,1
44,429,12:49,1
44,430,12:50,1
44,431,12:51,0
44,432,12:52,0
44,433,12:53,0
44,434,12:54,0
44,435,12:55,0
44,436,12:56,0
44,437,12:57,0
44,438,12:58,0
44,439,12:59,0
44,440,13:00,0
44,441,13:01,0
44,442,13:02,0
44,443,13:03,0
44,444,13:04,0
44,445,13:05,0
44,446,13:06,0
44,447,13:07,0
44,448,13:08,0
44,449,13:09,0
44,450,13:10,0
44,451,13:11,0
44,452,13:12,0
44,453,13:13,0
44,454,13:14,0
44,455,13:15,0
44,456,13:16,0
44,457,13:17,0
44,458,13:18,0
44,459,13:19,0
44,460,13:20,0
44,461,13:21,0
44,462,13:22,0
44,463,13:23,0
44,464,13:24,0
44,465,13:25,0
44,466,13:26,0
44,467,13:27,0
44,468,13:28,0
44,469,13:29,0
44,470,13:30,0
44,471,13:31,0
44,472,13:32,0
44,473,13:33,0
44,474,13:34,0
44,475,13:35,0
44,476,13:36,0
44,477,13:37,0
44,478,13:38,0
44,479,13:39,0
44,480,13:40,0
44,481,13:41,0
44,482,13:42,0
44,483,13:43,0
44,484,13:44,0
44,485,13:45,0
44,486,13:46,0
44,487,13:47,0
44,488,13:48,0
44,489,13:49,0
44,490,13:50,0
44,491,13:51,0
44,492,13:52,0
44,493,13:53,0
44,494,13:54,0
44,495,13:55,0
44,496,13:56,0
44,497,13:57,0
44,498,13:58,0
44,499,13:59,0
44,500,14:00,0
44,501,14:01,0
44,502,14:02,0
44,503,14:03,0
44,504,14:04,0
44,505,14:05,0
44,506,14:06,0
44,507,14:07,0
44,508,14:08,0
44,509,14:09,1
44,510,14:10,1
44,511,14:11,1
44,512,14:12,2
44,513,14:13,2
44,514,14:14,2
44,515,14:15,2
44,516,14:16,2
44,517,14:17,2
44,518,14:18,2
44,519,14:19,2
44,520,14:20,2
44,521,14:21,2
44,522,14:22,1
44,523,14:23,1
44,524,14:24,1
44,525,14:25,0
44,526,14:26,0
44,527,14:27,0
44,528,14:28,0
44,529,14:29,0
44,530,14:30,0
44,531,14:31,0
44,532,14:32,0
44,533,14:33,0
44,534,14:34,0
44,535,14:35,0
44,536,14:36,0
44,537,14:37,0
44,538,14:38,0
44,539,14:39,0
44,540,14:40,1
44,541,14:41,1
44,542,14:42,1
44,543,14:43,1
44,544,14:44,2
44,545,14:45,2
44,546,14:46,2
44,547,14:47,3
44,548,14:48,3
44,549,14:49,3
44,550,14:50,3
44,551,14:51,3
44,552,14:52,3
44,553,14:53,3
44,554,14:54,3
44,555,14:55,3
44,556,14:56,3
44,557,14:57,2
44,558,14:58,2
44,559,14:59,2
44,560,15:00,1
44,561,15:01,1
44,562,15:02,1
44,563,15:03,0
44,564,15:04,0
44,565,15:05,0
44,566,15:06,0
44,567,15:07,0
44,568,15:08,0
44,569,15:09,0
44,570,15:10,0
44,571,15:11,0
44,572,15:12,0
44,573,15:13,0
44,574,15:14,0
44,575,15:15,0
44,576,15:16,0
44,577,15:17,0
44,578,15:18,0
44,579,15:19,0
44,580,15:20,0
44,581,15:21,0
44,582,15:22,0
44,583,15:23,0
44,584,15:24,0
44,585,15:25,0
44,586,15:26,0
44,587,15:27,1
44,588,15:28,1
44,589,15:29,1
44,590,15:30,1
44,591,15:31,1
44,592,15:32,1
44,593,15:33,1
44,594,15:34,1
44,595,15:35,1
44,596,15:36,0
44,597,15:37,0
44,598,15:38,0
44,599,15:39,0
44,600,15:40,0
44,601,15:41,0
44,602,15:42,0
44,603,15:43,0
44,604,15:44,0
44,605,15:45,0
44,606,15:46,0
44,607,15:47,1
44,608,15:48,1
44,609,15:49,1
44,610,15:50,1
44,611,15:51,1
44,612,15:52,1
44,613,15:53,1
44,614,15:54,1
44,615,15:55,1
44,616,15:56,1
44,617,15:57,0
44,618,15:58,0
44,619,15:59,0
44,620,16:00,0
44,621,16:01,0
44,622,16:02,0
44,623,16:03,0
44,624,16:04,0
44,625,16:05,1
44,626,16:06,1
44,627,16:07,1
44,628,16:08,2
44,629,16:09,2
44,630,16:10,2
44,631,16:11,3
44,632,16:12,3
44,633,16:13,3
44,634,16:14,3
44,635,16:15,3
44,636,16:16,3
44,637,16:17,3
44,638,16:18,3
44,639,16:19,3
44,640,16:20,3
44,641,16:21,2
44,642,16:22,2
44,643,16:23,2
44,644,16:24,1
44,645,16:25,1
44,646,16:26,1
44,647,16:27,0
44,648,16:28,0
44,649,16:29,0
44,650,16:30,1
44,651,16:31,1
44,652,16:32,1
44,653,16:33,2
44,654,16:34,2
44,655,16:35,2
44,656,16:36,2
44,657,16:37,2
44,658,16:38,2
44,659,16:39,2
44,660,16:40,2
44,661,16:41,2
44,662,16:42,2
44,663,16:43,2
44,664,16:44,2
44,665,16:45,2
44,666,16:46,2
44,667,16:47,2
44,668,16:48,1
44,669,16:49,1
44,670,16:50,1
44,671,16:51,1
44,672,16:52,1
44,673,16:53,1
44,674,16:54,1
44,675,16:55,1
44,676,16:56,1
44,677,16:57,1
44,678,16:58,0
44,679,16:59,0
44,680,17:00,0
44,681,17:01,0
44,682,17:02,0
44,683,17:03,0
44,684,17:04,0
44,685,17:05,0
44,686,17:06,0
44,687,17:07,0
44,688,17:08,0
44,689,17:09,0
44,690,17:10,0
44,691,17:11,0
44,692,17:12,0
44,693,17:13,0
44,694,17:14,0
44,695,17:15,0
44,696,17:16,0
44,697,17:17,0
44,698,17:18,0
44,699,17:19,0
44,700,17:20,0
44,701,17:21,0
44,702,17:22,0
44,703,17:23,0
44,704,17:24,0
44,705,17:25,0
44,706,17:26,0
44,707,17:27,0
44,708,17:28,0
44,709,17:29,0
44,710,17:30,0
44,711,17:31,0
44,712,17:32,0
44,713,17:33,0
44,714,17:34,2
44,715,17:35,2
44,716,17:36,2
44,717,17:37,2
44,718,17:38,2
44,719,17:39,2
44,720,17:40,2
44,721,17:41,2
44,722,17:42,2
44,723,17:43,2
44,724,17:44,2
44,725,17:45,2
44,726,17:46,2
44,727,17:47,2
44,728,17:48,2
44,729,17:49,2
44,730,17:50,2
44,731,17:51,0
44,732,17:52,0
44,733,17:53,0
44,734,17:54,0
44,735,17:55,2
44,736,17:56,2
44,737,17:57,2
44,738,17:58,4
44,739,17:59,4
44,740,18:00,4
44,741,18:01,4
44,742,18:02,4
44,743,18:03,4
44,744,18:04,4
44,745,18:05,4
44,746,18:06,4
44,747,18:07,4
44,748,18:08,2
44,749,18:09,2
44,750,18:10,2
44,751,18:11,2
44,752,18:12,2
44,753,18:13,2
44,754,18:14,2
44,755,18:15,0
44,756,18:16,0
44,757,18:17,0
44,758,18:18,1
44,759,18:19,1
44,760,18:20,1
44,761,18:21,1
44,762,18:22,1
44,763,18:23,1
44,764,18:24,1
44,765,18:25,1
44,766,18:26,1
44,767,18:27,1
44,768,18:28,1
44,769,18:29,1
44,770,18:30,1
44,771,18:31,1
44,772,18:32,1
44,773,18:33,1
44,774,18:34,0
44,775,18:35,0
44,776,18:36,0
44,777,18:37,0
44,778,18:38,0
44,779,18:39,0
44,780,18:40,0
44,781,18:41,0
44,782,18:42,0
44,783,18:43,0
44,784,18:44,0
44,785,18:45,0
44,786,18:46,0
44,787,18:47,1
44,788,18:48,1
44,789,18:49,1
44,790,18:50,2
44,791,18:51,2
44,792,18:52,2
44,793,18:53,2
44,794,18:54,2
44,795,18:55,2
44,796,18:56,2
44,797,18:57,2
44,798,18:58,2
44,799,18:59,2
44,800,19:00,1
44,801,19:01,1
44,802,19:02,1
44,803,19:03,0
44,804,19:04,0
44,805,19:05,0
44,806,19:06,0
44,807,19:07,0
44,808,19:08,0
44,809,19:09,0
44,810,19:10,0
44,811,19:11,0
44,812,19:12,0
44,813,19:13,0
44,814,19:14,0
44,815,19:15,0
44,816,19:16,0
44,817,19:17,0
44,818,19:18,0
44,819,19:19,0
44,820,19:20,0
44,821,19:21,0
44,822,19:22,0
44,823,19:23,0
44,824,19:24,0
44,825,19:25,0
44,826,19:26,0
44,827,19:27,0
44,828,19:28,0
44,829,19:29,0
44,830,19:30,0
44,831,19:31,0
44,832,19:32,0
44,833,19:33,0
44,834,19:34,0
44,835,19:35,0
45,0,05:40,0
45,1,05:41,0
45,2,05:42,0
45,3,05:43,0
45,4,05:44,0
45,5,05:45,0
45,6,05:46,0
45,7,05:47,0
45,8,05:48,0
45,9,05:49,0
45,10,05:50,0
45,11,05:51,0
45,12,05:52,0
45,13,05:53,0
45,14,05:54,0
45,15,05:55,0
45,16,05:56,0
45,17,05:57,0
45,18,05:58,0
45,19,05:59,0
45,20,06:00,0
45,21,06:01,0
45,22,06:02,0
45,23,06:03,0
45,24,06:04,0
45,25,06:05,0
45,26,06:06,0
45,27,06:07,0
45,28,06:08,0
45,29,06:09,0
45,30,06:10,0
45,31,06:11,0
45,32,06:12,0
45,33,06:13,0
45,34,06:14,0
45,35,06:15,0
45,36,06:16,0
45,37,06:17,0
45,38,06:18,0
45,39,06:19,0
45,40,06:20,0
45,41,06:21,0
45,42,06:22,0
45,43,06:23,0
45,44,06:24,0
45,45,06:25,0
45,46,06:26,0
45,47,06:27,0
45,48,06:28,0
45,49,06:29,0
45,50,06:30,0
45,51,06:31,0
45,52,06:32,0
45,53,06:33,0
45,54,06:34,0
45,55,06:35,0
45,56,06:36,0
45,57,06:37,0
45,58,06:38,0
45,59,06:39,0
45,60,06:40,0
45,61,06:41,0
45,62,06:42,0
45,63,06:43,0
45,64,06:44,0
45,65,06:45,0
45,66,06:46,0
45,67,06:47,0
45,68,06:48,0
45,69,06:49,0
45,70,06:50,0
45,71,06:51,0
45,72,06:52,0
45,73,06:53,0
45,74,06:54,0
45,75,06:55,0
45,76,06:56,0
45,77,06:57,0
45,78,06:58,0
45,79,06:59,0
45,80,07:00,0
45,81,07:01,0
45,82,07:02,0
45,83,07:03,0
45,84,07:04,0
45,85,07:05,0
45,86,07:06,0
45,87,07:07,0
45,88,07:08,0
45,89,07:09,0
45,90,07:10,0
45,91,07:11,0
45,92,07:12,0
45,93,07:13,0
45,94,07:14,0
45,95,07:15,0
45,96,07:16,0
45,97,07:17,0
45,98,07:18,0
45,99,07:19,0
45,100,07:20,0
45,101,07:21,0
45,102,07:22,0
45,103,07:23,0
45,104,07:24,0
45,105,07:25,0
45,106,07:26,0
45,107,07:27,0
45,108,07:28,0
45,109,07:29,0
45,110,07:30,0
45,111,07:31,0
45,112,07:32,0
45,113,07:33,0
45,114,07:34,0
45,115,07:35,0
45,116,07:36,0
45,117,07:37,0
45,118,07:38,0
45,119,07:39,0
45,120,07:40,0
45,121,07:41,0
45,122,07:42,0
45,123,07:43,0
45,124,07:44,0
45,125,07:45,0
45,126,07:46,0
45,127,07:47,0
45,128,07:48,0
45,129,07:49,0
45,130,07:50,0
45,131,07:51,0
45,132,07:52,0
45,133,07:53,0
45,134,07:54,0
45,135,07:55,0
45,136,07:56,0
45,137,07:57,0
45,138,07:58,0
45,139,07:59,0
45,140,08:00,0
45,141,08:01,0
45,142,08:02,0
45,143,08:03,0
45,144,08:04,0
45,145,08:05,0
45,146,08:06,0
45,147,08:07,0
45,148,08:08,0
45,149,08:09,0
45,150,08:10,2
45,151,08:11,2
45,152,08:12,2
45,153,08:13,2
45,154,08:14,2
45,155,08:15,4
45,156,08:16,4
45,157,08:17,4
45,158,08:18,4
45,159,08:19,4
45,160,08:20,4
45,161,08:21,4
45,162,08:22,4
45,163,08:23,4
45,164,08:24,4
45,165,08:25,4
45,166,08:26,4
45,167,08:27,4
45,168,08:28,4
45,169,08:29,4
45,170,08:30,2
45,171,08:31,2
45,172,08:32,2
45,173,08:33,0
45,174,08:34,0
45,175,08:35,0
45,176,08:36,2
45,177,08:37,2
45,178,08:38,2
45,179,08:39,3
45,180,08:40,3
45,181,08:41,3
45,182,08:42,3
45,183,08:43,3
45,184,08:44,3
45,185,08:45,3
45,186,08:46,3
45,187,08:47,3
45,188,08:48,3
45,189,08:49,1
45,190,08:50,1
45,191,08:51,1
45,192,08:52,0
45,193,08:53,0
45,194,08:54,0
45,195,08:55,0
45,196,08:56,0
45,197,08:57,0
45,198,08:58,0
45,199,08:59,0
45,200,09:00,0
45,201,09:01,0
45,202,09:02,0
45,203,09:03,0
45,204,09:04,0
45,205,09:05,0
45,206,09:06,0
45,207,09:07,0
45,208,09:08,0
45,209,09:09,0
45,210,09:10,0
45,211,09:11,0
45,212,09:12,0
45,213,09:13,0
45,214,09:14,0
45,215,09:15,0
45,216,09:16,0
45,217,09:17,0
45,218,09:18,0
45,219,09:19,0
45,220,09:20,0
45,221,09:21,0
45,222,09:22,0
45,223,09:23,0
45,224,09:24,0
45,225,09:25,0
45,226,09:26,0
45,227,09:27,0
45,228,09:28,0
45,229,09:29,0
45,230,09:30,0
45,231,09:31,0
45,232,09:32,0
45,233,09:33,0
45,234,09:34,0
45,235,09:35,0
45,236,09:36,0
45,237,09:37,0
45,238,09:38,0
45,239,09:39,0
45,240,09:40,0
45,241,09:41,0
45,242,09:42,0
45,243,09:43,0
45,244,09:44,0
45,245,09:45,0
45,246,09:46,0
45,247,09:47,0
45,248,09:48,0
45,249,09:49,0
45,250,09:50,0
45,251,09:51,1
45,252,09:52,1
45,253,09:53,1
45,254,09:54,2
45,255,09:55,2
45,256,09:56,2
45,257,09:57,3
45,258,09:58,3
45,259,09:59,3
45,260,10:00,3
45,261,10:01,3
45,262,10:02,3
45,263,10:03,3
45,264,10:04,3
45,265,10:05,3
45,266,10:06,3
45,267,10:07,2
45,268,10:08,2
45,269,10:09,2
45,270,10:10,1
45,271,10:11,1
45,272,10:12,1
45,273,10:13,0
45,274,10:14,0
45,275,10:15,0
45,276,10:16,0
45,277,10:17,0
45,278,10:18,0
45,279,10:19,0
45,280,10:20,1
45,281,10:21,1
45,282,10:22,1
45,283,10:23,1
45,284,10:24,1
45,285,10:25,2
45,286,10:26,2
45,287,10:27,2
45,288,10:28,2
45,289,10:29,2
45,290,10:30,2
45,291,10:31,2
45,292,10:32,2
45,293,10:33,2
45,294,10:34,2
45,295,10:35,1
45,296,10:36,1
45,297,10:37,1
45,298,10:38,1
45,299,10:39,1
45,300,10:40,1
45,301,10:41,0
45,302,10:42,0
45,303,10:43,0
45,304,10:44,1
45,305,10:45,1
45,306,10:46,1
45,307,10:47,1
45,308,10:48,1
45,309,10:49,1
45,310,10:50,1
45,311,10:51,1
45,312,10:52,1
45,313,10:53,1
45,314,10:54,1
45,315,10:55,1
45,316,10:56,1
45,317,10:57,1
45,318,10:58,2
45,319,10:59,2
45,320,11:00,2
45,321,11:01,1
45,322,11:02,1
45,323,11:03,1
45,324,11:04,1
45,325,11:05,1
45,326,11:06,1
45,327,11:07,1
45,328,11:08,1
45,329,11:09,1
45,330,11:10,1
45,331,11:11,1
45,332,11:12,1
45,333,11:13,1
45,334,11:14,1
45,335,11:15,0
45,336,11:16,0
45,337,11:17,0
45,338,11:18,1
45,339,11:19,1
45,340,11:20,1
45,341,11:21,1
45,342,11:22,1
45,343,11:23,1
45,344,11:24,1
45,345,11:25,1
45,346,11:26,1
45,347,11:27,1
45,348,11:28,1
45,349,11:29,1
45,350,11:30,1
45,351,11:31,1
45,352,11:32,1
45,353,11:33,0
45,354,11:34,0
45,355,11:35,0
45,356,11:36,0
45,357,11:37,0
45,358,11:38,0
45,359,11:39,0
45,360,11:40,0
45,361,11:41,0
45,362,11:42,0
45,363,11:43,0
45,364,11:44,0
45,365,11:45,0
45,366,11:46,0
45,367,11:47,0
45,368,11:48,0
45,369,11:49,0
45,370,11:50,0
45,371,11:51,0
45,372,11:52,0
45,373,11:53,0
45,374,11:54,0
45,375,11:55,0
45,376,11:56,0
45,377,11:57,0
45,378,11:58,0
45,379,11:59,0
45,380,12:00,0
45,381,12:01,0
45,382,12:02,0
45,383,12:03,0
45,384,12:04,0
45,385,12:05,0
45,386,12:06,0
45,387,12:07,0
45,388,12:08,0
45,389,12:09,0
45,390,12:10,0
45,391,12:11,0
45,392,12:12,0
45,393,12:13,0
45,394,12:14,0
45,395,12:15,0
45,396,12:16,0
45,397,12:17,0
45,398,12:18,0
45,399,12:19,0
45,400,12:20,0
45,401,12:21,0
45,402,12:22,0
45,403,12:23,0
45,404,12:24,0
45,405,12:25,0
45,406,12:26,0
45,407,12:27,0
45,408,12:28,0
45,409,12:29,0
45,410,12:30,0
45,411,12:31,0
45,412,12:32,0
45,413,12:33,0
45,414,12:34,0
45,415,12:35,0
45,416,12:36,0
45,417,12:37,0
45,418,12:38,0
45,419,12:39,0
45,420,12:40,0
45,421,12:41,0
45,422,12:42,0
45,423,12:43,0
45,424,12:44,0
45,425,12:45,0
45,426,12:46,0
45,427,12:47,0
45,428,12:48,0
45,429,12:49,0
45,430,12:50,0
45,431,12:51,0
45,432,12:52,0
45,433,12:53,0
45,434,12:54,0
45,435,12:55,0
45,436,12:56,0
45,437,12:57,0
45,438,12:58,0
45,439,12:59,0
45,440,13:00,0
45,441,13:01,0
45,442,13:02,0
45,443,13:03,0
45,444,13:04,0
45,445,13:05,0
45,446,13:06,0
45,447,13:07,0
45,448,13:08,0
45,449,13:09,0
45,450,13:10,0
45,451,13:11,0
45,452,13:12,0
45,453,13:13,0
45,454,13:14,0
45,455,13:15,0
45,456,13:16,0
45,457,13:17,0
45,458,13:18,0
45,459,13:19,0
45,460,13:20,0
45,461,13:21,0
45,462,13:22,0
45,463,13:23,0
45,464,13:24,1
45,465,13:25,1
45,466,13:26,1
45,467,13:27,1
45,468,13:28,1
45,469,13:29,1
45,470,13:30,1
45,471,13:31,2
45,472,13:32,2
45,473,13:33,2
45,474,13:34,2
45,475,13:35,2
45,476,13:36,2
45,477,13:37,2
45,478,13:38,2
45,479,13:39,2
45,480,13:40,2
45,481,13:41,2
45,482,13:42,2
45,483,13:43,2
45,484,13:44,2
45,485,13:45,2
45,486,13:46,2
45,487,13:47,2
45,488,13:48,2
45,489,13:49,1
45,490,13:50,1
45,491,13:51,1
45,492,13:52,0
45,493,13:53,0
45,494,13:54,0
45,495,13:55,0
45,496,13:56,1
45,497,13:57,1
45,498,13:58,1
45,499,13:59,1
45,500,14:00,1
45,501,14:01,1
45,502,14:02,1
45,503,14:03,1
45,504,14:04,1
45,505,14:05,1
45,506,14:06,1
45,507,14:07,1
45,508,14:08,1
45,509,14:09,1
45,510,14:10,1
45,511,14:11,1
45,512,14:12,1
45,513,14:13,1
45,514,14:14,1
45,515,14:15,1
45,516,14:16,1
45,517,14:17,1
45,518,14:18,1
45,519,14:19,0
45,520,14:20,0
45,521,14:21,0
45,522,14:22,0
45,523,14:23,0
45,524,14:24,0
45,525,14:25,0
45,526,14:26,0
45,527,14:27,0
45,528,14:28,0
45,529,14:29,1
45,530,14:30,1
45,531,14:31,1
45,532,14:32,2
45,533,14:33,2
45,534,14:34,2
45,535,14:35,2
45,536,14:36,2
45,537,14:37,2
45,538,14:38,2
45,539,14:39,2
45,540,14:40,2
45,541,14:41,2
45,542,14:42,2
45,543,14:43,1
45,544,14:44,1
45,545,14:45,1
45,546,14:46,0
45,547,14:47,0
45,548,14:48,0
45,549,14:49,0
45,550,14:50,0
45,551,14:51,0
45,552,14:52,0
45,553,14:53,0
45,554,14:54,0
45,555,14:55,0
45,556,14:56,0
45,557,14:57,0
45,558,14:58,0
45,559,14:59,0
45,560,15:00,0
45,561,15:01,0
45,562,15:02,0
45,563,15:03,0
45,564,15:04,0
45,565,15:05,0
45,566,15:06,0
45,567,15:07,0
45,568,15:08,0
45,569,15:09,0
45,570,15:10,0
45,571,15:11,0
45,572,15:12,0
45,573,15:13,0
45,574,15:14,0
45,575,15:15,0
45,576,15:16,0
45,577,15:17,0
45,578,15:18,0
45,579,15:19,0
45,580,15:20,0
45,581,15:21,0
45,582,15:22,0
45,583,15:23,0
45,584,15:24,0
45,585,15:25,0
45,586,15:26,0
45,587,15:27,0
45,588,15:28,0
45,589,15:29,0
45,590,15:30,0
45,591,15:31,0
45,592,15:32,0
45,593,15:33,0
45,594,15:34,0
45,595,15:35,0
45,596,15:36,0
45,597,15:37,0
45,598,15:38,0
45,599,15:39,0
45,600,15:40,0
45,601,15:41,0
45,602,15:42,0
45,603,15:43,0
45,604,15:44,0
45,605,15:45,0
45,606,15:46,0
45,607,15:47,0
45,608,15:48,0
45,609,15:49,0
45,610,15:50,1
45,611,15:51,1
45,612,15:52,1
45,613,15:53,1
45,614,15:54,1
45,615,15:55,1
45,616,15:56,1
45,617,15:57,1
45,618,15:58,1
45,619,15:59,1
45,620,16:00,1
45,621,16:01,1
45,622,16:02,1
45,623,16:03,1
45,624,16:04,1
45,625,16:05,1
45,626,16:06,1
45,627,16:07,1
45,628,16:08,0
45,629,16:09,0
45,630,16:10,0
45,631,16:11,1
45,632,16:12,1
45,633,16:13,1
45,634,16:14,2
45,635,16:15,2
45,636,16:16,2
45,637,16:17,2
45,638,16:18,2
45,639,16:19,2
45,640,16:20,2
45,641,16:21,2
45,642,16:22,2
45,643,16:23,2
45,644,16:24,2
45,645,16:25,2
45,646,16:26,2
45,647,16:27,2
45,648,16:28,2
45,649,16:29,1
45,650,16:30,1
45,651,16:31,1
45,652,16:32,0
45,653,16:33,0
45,654,16:34,0
45,655,16:35,0
45,656,16:36,0
45,657,16:37,0
45,658,16:38,0
45,659,16:39,0
45,660,16:40,1
45,661,16:41,1
45,662,16:42,1
45,663,16:43,2
45,664,16:44,2
45,665,16:45,2
45,666,16:46,2
45,667,16:47,2
45,668,16:48,2
45,669,16:49,2
45,670,16:50,2
45,671,16:51,2
45,672,16:52,1
45,673,16:53,1
45,674,16:54,1
45,675,16:55,2
45,676,16:56,2
45,677,16:57,2
45,678,16:58,1
45,679,16:59,1
45,680,17:00,1
45,681,17:01,1
45,682,17:02,1
45,683,17:03,1
45,684,17:04,1
45,685,17:05,1
45,686,17:06,1
45,687,17:07,1
45,688,17:08,1
45,689,17:09,1
45,690,17:10,0
45,691,17:11,0
45,692,17:12,0
45,693,17:13,0
45,694,17:14,0
45,695,17:15,0
45,696,17:16,0
45,697,17:17,0
45,698,17:18,0
45,699,17:19,0
45,700,17:20,1
45,701,17:21,1
45,702,17:22,1
45,703,17:23,2
45,704,17:24,2
45,705,17:25,2
45,706,17:26,2
45,707,17:27,2
45,708,17:28,2
45,709,17:29,2
45,710,17:30,2
45,711,17:31,2
45,712,17:32,2
45,713,17:33,1
45,714,17:34,1
45,715,17:35,1
45,716,17:36,2
45,717,17:37,2
45,718,17:38,2
45,719,17:39,1
45,720,17:40,1
45,721,17:41,1
45,722,17:42,1
45,723,17:43,1
45,724,17:44,1
45,725,17:45,1
45,726,17:46,1
45,727,17:47,1
45,728,17:48,1
45,729,17:49,0
45,730,17:50,0
45,731,17:51,0
45,732,17:52,0
45,733,17:53,0
45,734,17:54,0
45,735,17:55,1
45,736,17:56,1
45,737,17:57,1
45,738,17:58,1
45,739,17:59,1
45,740,18:00,1
45,741,18:01,1
45,742,18:02,1
45,743,18:03,1
45,744,18:04,1
45,745,18:05,1
45,746,18:06,1
45,747,18:07,1
45,748,18:08,1
45,749,18:09,1
45,750,18:10,1
45,751,18:11,1
45,752,18:12,1
45,753,18:13,1
45,754,18:14,1
45,755,18:15,0
45,756,18:16,0
45,757,18:17,0
45,758,18:18,1
45,759,18:19,1
45,760,18:20,1
45,761,18:21,1
45,762,18:22,1
45,763,18:23,1
45,764,18:24,1
45,765,18:25,1
45,766,18:26,1
45,767,18:27,1
45,768,18:28,1
45,769,18:29,1
45,770,18:30,1
45,771,18:31,1
45,772,18:32,0
45,773,18:33,0
45,774,18:34,0
45,775,18:35,0
45,776,18:36,0
45,777,18:37,0
45,778,18:38,1
45,779,18:39,1
45,780,18:40,1
45,781,18:41,1
45,782,18:42,1
45,783,18:43,1
45,784,18:44,1
45,785,18:45,1
45,786,18:46,1
45,787,18:47,0
45,788,18:48,0
45,789,18:49,0
45,790,18:50,1
45,791,18:51,1
45,792,18:52,1
45,793,18:53,1
45,794,18:54,1
45,795,18:55,1
45,796,18:56,1
45,797,18:57,1
45,798,18:58,1
45,799,18:59,0
45,800,19:00,0
45,801,19:01,0
45,802,19:02,1
45,803,19:03,1
45,804,19:04,1
45,805,19:05,1
45,806,19:06,1
45,807,19:07,1
45,808,19:08,1
45,809,19:09,1
45,810,19:10,1
45,811,19:11,1
45,812,19:12,1
45,813,19:13,1
45,814,19:14,1
45,815,19:15,1
45,816,19:16,0
45,817,19:17,0
45,818,19:18,0
45,819,19:19,0
45,820,19:20,0
45,821,19:21,0
45,822,19:22,0
45,823,19:23,0
45,824,19:24,0
45,825,19:25,0
45,826,19:26,0
45,827,19:27,0
45,828,19:28,0
45,829,19:29,0
45,830,19:30,0
45,831,19:31,0
45,832,19:32,0
45,833,19:33,0
45,834,19:34,0
45,835,19:35,0
46,0,05:40,0
46,1,05:41,0
46,2,05:42,0
46,3,05:43,0
46,4,05:44,0
46,5,05:45,0
46,6,05:46,0
46,7,05:47,0
46,8,05:48,0
46,9,05:49,0
46,10,05:50,0
46,11,05:51,0
46,12,05:52,0
46,13,05:53,0
46,14,05:54,0
46,15,05:55,0
46,16,05:56,0
46,17,05:57,0
46,18,05:58,0
46,19,05:59,0
46,20,06:00,0
46,21,06:01,0
46,22,06:02,0
46,23,06:03,0
46,24,06:04,0
46,25,06:05,0
46,26,06:06,0
46,27,06:07,0
46,28,06:08,0
46,29,06:09,0
46,30,06:10,0
46,31,06:11,0
46,32,06:12,0
46,33,06:13,0
46,34,06:14,0
46,35,06:15,0
46,36,06:16,0
46,37,06:17,0
46,38,06:18,0
46,39,06:19,0
46,40,06:20,0
46,41,06:21,0
46,42,06:22,0
46,43,06:23,0
46,44,06:24,0
46,45,06:25,0
46,46,06:26,0
46,47,06:27,0
46,48,06:28,0
46,49,06:29,0
46,50,06:30,0
46,51,06:31,0
46,52,06:32,0
46,53,06:33,0
46,54,06:34,0
46,55,06:35,0
46,56,06:36,0
46,57,06:37,0
46,58,06:38,0
46,59,06:39,0
46,60,06:40,0
46,61,06:41,0
46,62,06:42,0
46,63,06:43,0
46,64,06:44,0
46,65,06:45,0
46,66,06:46,0
46,67,06:47,0
46,68,06:48,0
46,69,06:49,0
46,70,06:50,0
46,71,06:51,0
46,72,06:52,0
46,73,06:53,0
46,74,06:54,0
46,75,06:55,0
46,76,06:56,0
46,77,06:57,0
46,78,06:58,0
46,79,06:59,0
46,80,07:00,0
46,81,07:01,0
46,82,07:02,0
46,83,07:03,0
46,84,07:04,0
46,85,07:05,0
46,86,07:06,0
46,87,07:07,0
46,88,07:08,0
46,89,07:09,0
46,90,07:10,0
46,91,07:11,0
46,92,07:12,0
46,93,07:13,0
46,94,07:14,0
46,95,07:15,0
46,96,07:16,0
46,97,07:17,0
46,98,07:18,0
46,99,07:19,0
46,100,07:20,0
46,101,07:21,0
46,102,07:22,0
46,103,07:23,0
46,104,07:24,0
46,105,07:25,0
46,106,07:26,0
46,107,07:27,0
46,108,07:28,0
46,109,07:29,0
46,110,07:30,0
46,111,07:31,0
46,112,07:32,0
46,113,07:33,0
46,114,07:34,0
46,115,07:35,0
46,116,07:36,0
46,117,07:37,0
46,118,07:38,0
46,119,07:39,0
46,120,07:40,0
46,121,07:41,0
46,122,07:42,0
46,123,07:43,0
46,124,07:44,0
46,125,07:45,0
46,126,07:46,0
46,127,07:47,0
46,128,07:48,0
46,129,07:49,0
46,130,07:50,0
46,131,07:51,0
46,132,07:52,0
46,133,07:53,0
46,134,07:54,0
46,135,07:55,0
46,136,07:56,0
46,137,07:57,0
46,138,07:58,0
46,139,07:59,0
46,140,08:00,0
46,141,08:01,0
46,142,08:02,0
46,143,08:03,0
46,144,08:04,0
46,145,08:05,0
46,146,08:06,0
46,147,08:07,0
46,148,08:08,0
46,149,08:09,1
46,150,08:10,1
46,151,08:11,1
46,152,08:12,1
46,153,08:13,1
46,154,08:14,1
46,155,08:15,2
46,156,08:16,2
46,157,08:17,2
46,158,08:18,2
46,159,08:19,2
46,160,08:20,2
46,161,08:21,2
46,162,08:22,2
46,163,08:23,2
46,164,08:24,2
46,165,08:25,1
46,166,08:26,1
46,167,08:27,1
46,168,08:28,0
46,169,08:29,0
46,170,08:30,0
46,171,08:31,0
46,172,08:32,0
46,173,08:33,0
46,174,08:34,0
46,175,08:35,0
46,176,08:36,0
46,177,08:37,0
46,178,08:38,0
46,179,08:39,0
46,180,08:40,0
46,181,08:41,0
46,182,08:42,0
46,183,08:43,0
46,184,08:44,0
46,185,08:45,0
46,186,08:46,0
46,187,08:47,0
46,188,08:48,0
46,189,08:49,0
46,190,08:50,0
46,191,08:51,0
46,192,08:52,0
46,193,08:53,0
46,194,08:54,0
46,195,08:55,0
46,196,08:56,0
46,197,08:57,0
46,198,08:58,0
46,199,08:59,0
46,200,09:00,0
46,201,09:01,0
46,202,09:02,0
46,203,09:03,0
46,204,09:04,0
46,205,09:05,0
46,206,09:06,0
46,207,09:07,0
46,208,09:08,0
46,209,09:09,0
46,210,09:10,0
46,211,09:11,0
46,212,09:12,0
46,213,09:13,0
46,214,09:14,0
46,215,09:15,0
46,216,09:16,0
46,217,09:17,0
46,218,09:18,0
46,219,09:19,0
46,220,09:20,0
46,221,09:21,0
46,222,09:22,0
46,223,09:23,0
46,224,09:24,0
46,225,09:25,0
46,226,09:26,0
46,227,09:27,0
46,228,09:28,0
46,229,09:29,0
46,230,09:30,0
46,231,09:31,0
46,232,09:32,0
46,233,09:33,0
46,234,09:34,0
46,235,09:35,0
46,236,09:36,0
46,237,09:37,0
46,238,09:38,0
46,239,09:39,0
46,240,09:40,0
46,241,09:41,0
46,242,09:42,0
46,243,09:43,0
46,244,09:44,0
46,245,09:45,0
46,246,09:46,0
46,247,09:47,0
46,248,09:48,0
46,249,09:49,0
46,250,09:50,0
46,251,09:51,0
46,252,09:52,0
46,253,09:53,0
46,254,09:54,0
46,255,09:55,0
46,256,09:56,0
46,257,09:57,0
46,258,09:58,0
46,259,09:59,0
46,260,10:00,0
46,261,10:01,0
46,262,10:02,0
46,263,10:03,0
46,264,10:04,0
46,265,10:05,0
46,266,10:06,0
46,267,10:07,0
46,268,10:08,0
46,269,10:09,1
46,270,10:10,1
46,271,10:11,1
46,272,10:12,2
46,273,10:13,2
46,274,10:14,2
46,275,10:15,2
46,276,10:16,2
46,277,10:17,2
46,278,10:18,2
46,279,10:19,2
46,280,10:20,2
46,281,10:21,2
46,282,10:22,2
46,283,10:23,2
46,284,10:24,2
46,285,10:25,2
46,286,10:26,1
46,287,10:27,1
46,288,10:28,1
46,289,10:29,1
46,290,10:30,1
46,291,10:31,1
46,292,10:32,1
46,293,10:33,1
46,294,10:34,1
46,295,10:35,0
46,296,10:36,0
46,297,10:37,0
46,298,10:38,0
46,299,10:39,0
46,300,10:40,0
46,301,10:41,0
46,302,10:42,0
46,303,10:43,0
46,304,10:44,0
46,305,10:45,0
46,306,10:46,0
46,307,10:47,0
46,308,10:48,0
46,309,10:49,0
46,310,10:50,0
46,311,10:51,0
46,312,10:52,0
46,313,10:53,0
46,314,10:54,0
46,315,10:55,0
46,316,10:56,0
46,317,10:57,0
46,318,10:58,0
46,319,10:59,0
46,320,11:00,0
46,321,11:01,0
46,322,11:02,0
46,323,11:03,0
46,324,11:04,0
46,325,11:05,0
46,326,11:06,0
46,327,11:07,0
46,328,11:08,0
46,329,11:09,0
46,330,11:10,0
46,331,11:11,0
46,332,11:12,0
46,333,11:13,1
46,334,11:14,1
46,335,11:15,1
46,336,11:16,2
46,337,11:17,2
46,338,11:18,2
46,339,11:19,2
46,340,11:20,2
46,341,11:21,2
46,342,11:22,2
46,343,11:23,2
46,344,11:24,2
46,345,11:25,2
46,346,11:26,1
46,347,11:27,1
46,348,11:28,1
46,349,11:29,0
46,350,11:30,0
46,351,11:31,0
46,352,11:32,0
46,353,11:33,0
46,354,11:34,0
46,355,11:35,0
46,356,11:36,0
46,357,11:37,0
46,358,11:38,0
46,359,11:39,0
46,360,11:40,0
46,361,11:41,0
46,362,11:42,0
46,363,11:43,0
46,364,11:44,0
46,365,11:45,0
46,366,11:46,0
46,367,11:47,0
46,368,11:48,0
46,369,11:49,0
46,370,11:50,0
46,371,11:51,0
46,372,11:52,0
46,373,11:53,0
46,374,11:54,0
46,375,11:55,0
46,376,11:56,0
46,377,11:57,0
46,378,11:58,0
46,379,11:59,0
46,380,12:00,0
46,381,12:01,0
46,382,12:02,0
46,383,12:03,0
46,384,12:04,0
46,385,12:05,0
46,386,12:06,0
46,387,12:07,0
46,388,12:08,0
46,389,12:09,0
46,390,12:10,0
46,391,12:11,0
46,392,12:12,0
46,393,12:13,0
46,394,12:14,0
46,395,12:15,0
46,396,12:16,0
46,397,12:17,0
46,398,12:18,0
46,399,12:19,0
46,400,12:20,0
46,401,12:21,0
46,402,12:22,0
46,403,12:23,0
46,404,12:24,0
46,405,12:25,0
46,406,12:26,0
46,407,12:27,0
46,408,12:28,0
46,409,12:29,0
46,410,12:30,0
46,411,12:31,0
46,412,12:32,0
46,413,12:33,0
46,414,12:34,0
46,415,12:35,0
46,416,12:36,0
46,417,12:37,0
46,418,12:38,0
46,419,12:39,0
46,420,12:40,0
46,421,12:41,0
46,422,12:42,0
46,423,12:43,0
46,424,12:44,0
46,425,12:45,0
46,426,12:46,0
46,427,12:47,0
46,428,12:48,0
46,429,12:49,0
46,430,12:50,0
46,431,12:51,0
46,432,12:52,0
46,433,12:53,0
46,434,12:54,0
46,435,12:55,0
46,436,12:56,0
46,437,12:57,0
46,438,12:58,0
46,439,12:59,0
46,440,13:00,0
46,441,13:01,0
46,442,13:02,0
46,443,13:03,0
46,444,13:04,0
46,445,13:05,0
46,446,13:06,0
46,447,13:07,0
46,448,13:08,0
46,449,13:09,0
46,450,13:10,0
46,451,13:11,0
46,452,13:12,0
46,453,13:13,0
46,454,13:14,0
46,455,13:15,0
46,456,13:16,0
46,457,13:17,0
46,458,13:18,0
46,459,13:19,0
46,460,13:20,0
46,461,13:21,0
46,462,13:22,0
46,463,13:23,0
46,464,13:24,0
46,465,13:25,0
46,466,13:26,0
46,467,13:27,0
46,468,13:28,0
46,469,13:29,0
46,470,13:30,0
46,471,13:31,0
46,472,13:32,0
46,473,13:33,0
46,474,13:34,0
46,475,13:35,0
46,476,13:36,0
46,477,13:37,0
46,478,13:38,0
46,479,13:39,0
46,480,13:40,0
46,481,13:41,0
46,482,13:42,0
46,483,13:43,0
46,484,13:44,0
46,485,13:45,0
46,486,13:46,0
46,487,13:47,0
46,488,13:48,0
46,489,13:49,0
46,490,13:50,0
46,491,13:51,0
46,492,13:52,0
46,493,13:53,0
46,494,13:54,0
46,495,13:55,0
46,496,13:56,0
46,497,13:57,0
46,498,13:58,0
46,499,13:59,0
46,500,14:00,0
46,501,14:01,0
46,502,14:02,1
46,503,14:03,1
46,504,14:04,1
46,505,14:05,1
46,506,14:06,1
46,507,14:07,1
46,508,14:08,1
46,509,14:09,1
46,510,14:10,1
46,511,14:11,1
46,512,14:12,0
46,513,14:13,0
46,514,14:14,0
46,515,14:15,0
46,516,14:16,0
46,517,14:17,0
46,518,14:18,0
46,519,14:19,0
46,520,14:20,0
46,521,14:21,0
46,522,14:22,0
46,523,14:23,0
46,524,14:24,0
46,525,14:25,0
46,526,14:26,0
46,527,14:27,0
46,528,14:28,0
46,529,14:29,0
46,530,14:30,0
46,531,14:31,0
46,532,14:32,0
46,533,14:33,0
46,534,14:34,0
46,535,14:35,0
46,536,14:36,0
46,537,14:37,0
46,538,14:38,0
46,539,14:39,0
46,540,14:40,0
46,541,14:41,0
46,542,14:42,0
46,543,14:43,0
46,544,14:44,0
46,545,14:45,0
46,546,14:46,0
46,547,14:47,0
46,548,14:48,0
46,549,14:49,0
46,550,14:50,0
46,551,14:51,0
46,552,14:52,0
46,553,14:53,0
46,554,14:54,0
46,555,14:55,0
46,556,14:56,0
46,557,14:57,0
46,558,14:58,0
46,559,14:59,0
46,560,15:00,0
46,561,15:01,0
46,562,15:02,0
46,563,15:03,0
46,564,15:04,0
46,565,15:05,0
46,566,15:06,0
46,567,15:07,0
46,568,15:08,0
46,569,15:09,0
46,570,15:10,0
46,571,15:11,0
46,572,15:12,0
46,573,15:13,0
46,574,15:14,0
46,575,15:15,0
46,576,15:16,0
46,577,15:17,0
46,578,15:18,0
46,579,15:19,0
46,580,15:20,0
46,581,15:21,0
46,582,15:22,0
46,583,15:23,0
46,584,15:24,0
46,585,15:25,0
46,586,15:26,0
46,587,15:27,2
46,588,15:28,2
46,589,15:29,2
46,590,15:30,2
46,591,15:31,2
46,592,15:32,2
46,593,15:33,2
46,594,15:34,2
46,595,15:35,2
46,596,15:36,2
46,597,15:37,0
46,598,15:38,0
46,599,15:39,0
46,600,15:40,0
46,601,15:41,0
46,602,15:42,0
46,603,15:43,0
46,604,15:44,1
46,605,15:45,1
46,606,15:46,1
46,607,15:47,2
46,608,15:48,2
46,609,15:49,2
46,610,15:50,2
46,611,15:51,2
46,612,15:52,2
46,613,15:53,2
46,614,15:54,2
46,615,15:55,2
46,616,15:56,2
46,617,15:57,2
46,618,15:58,1
46,619,15:59,1
46,620,16:00,1
46,621,16:01,0
46,622,16:02,0
46,623,16:03,0
46,624,16:04,0
46,625,16:05,0
46,626,16:06,0
46,627,16:07,0
46,628,16:08,0
46,629,16:09,0
46,630,16:10,0
46,631,16:11,1
46,632,16:12,1
46,633,16:13,1
46,634,16:14,1
46,635,16:15,1
46,636,16:16,1
46,637,16:17,1
46,638,16:18,1
46,639,16:19,1
46,640,16:20,1
46,641,16:21,1
46,642,16:22,1
46,643,16:23,1
46,644,16:24,1
46,645,16:25,1
46,646,16:26,0
46,647,16:27,0
46,648,16:28,0
46,649,16:29,0
46,650,16:30,1
46,651,16:31,1
46,652,16:32,1
46,653,16:33,1
46,654,16:34,1
46,655,16:35,1
46,656,16:36,1
46,657,16:37,1
46,658,16:38,1
46,659,16:39,1
46,660,16:40,1
46,661,16:41,1
46,662,16:42,1
46,663,16:43,0
46,664,16:44,0
46,665,16:45,0
46,666,16:46,1
46,667,16:47,1
46,668,16:48,1
46,669,16:49,3
46,670,16:50,3
46,671,16:51,3
46,672,16:52,3
46,673,16:53,3
46,674,16:54,3
46,675,16:55,3
46,676,16:56,3
46,677,16:57,3
46,678,16:58,3
46,679,16:59,2
46,680,17:00,2
46,681,17:01,2
46,682,17:02,0
46,683,17:03,0
46,684,17:04,0
46,685,17:05,0
46,686,17:06,0
46,687,17:07,0
46,688,17:08,0
46,689,17:09,0
46,690,17:10,0
46,691,17:11,0
46,692,17:12,0
46,693,17:13,0
46,694,17:14,0
46,695,17:15,0
46,696,17:16,0
46,697,17:17,1
46,698,17:18,1
46,699,17:19,1
46,700,17:20,1
46,701,17:21,1
46,702,17:22,1
46,703,17:23,1
46,704,17:24,1
46,705,17:25,1
46,706,17:26,1
46,707,17:27,1
46,708,17:28,1
46,709,17:29,1
46,710,17:30,1
46,711,17:31,1
46,712,17:32,1
46,713,17:33,1
46,714,17:34,1
46,715,17:35,1
46,716,17:36,1
46,717,17:37,1
46,718,17:38,0
46,719,17:39,0
46,720,17:40,0
46,721,17:41,2
46,722,17:42,2
46,723,17:43,2
46,724,17:44,2
46,725,17:45,2
46,726,17:46,2
46,727,17:47,2
46,728,17:48,2
46,729,17:49,2
46,730,17:50,2
46,731,17:51,0
46,732,17:52,0
46,733,17:53,0
46,734,17:54,0
46,735,17:55,0
46,736,17:56,0
46,737,17:57,0
46,738,17:58,1
46,739,17:59,1
46,740,18:00,1
46,741,18:01,1
46,742,18:02,1
46,743,18:03,1
46,744,18:04,1
46,745,18:05,1
46,746,18:06,1
46,747,18:07,1
46,748,18:08,1
46,749,18:09,0
46,750,18:10,0
46,751,18:11,0
46,752,18:12,0
46,753,18:13,0
46,754,18:14,0
46,755,18:15,0
46,756,18:16,0
46,757,18:17,0
46,758,18:18,4
46,759,18:19,4
46,760,18:20,4
46,761,18:21,4
46,762,18:22,4
46,763,18:23,4
46,764,18:24,4
46,765,18:25,4
46,766,18:26,4
46,767,18:27,4
46,768,18:28,0
46,769,18:29,0
46,770,18:30,0
46,771,18:31,0
46,772,18:32,0
46,773,18:33,0
46,774,18:34,1
46,775,18:35,1
46,776,18:36,1
46,777,18:37,2
46,778,18:38,2
46,779,18:39,2
46,780,18:40,2
46,781,18:41,2
46,782,18:42,2
46,783,18:43,2
46,784,18:44,2
46,785,18:45,2
46,786,18:46,1
46,787,18:47,1
46,788,18:48,1
46,789,18:49,1
46,790,18:50,1
46,791,18:51,1
46,792,18:52,1
46,793,18:53,0
46,794,18:54,0
46,795,18:55,0
46,796,18:56,0
46,797,18:57,1
46,798,18:58,1
46,799,18:59,1
46,800,19:00,1
46,801,19:01,1
46,802,19:02,1
46,803,19:03,1
46,804,19:04,1
46,805,19:05,1
46,806,19:06,1
46,807,19:07,1
46,808,19:08,1
46,809,19:09,1
46,810,19:10,1
46,811,19:11,1
46,812,19:12,0
46,813,19:13,0
46,814,19:14,0
46,815,19:15,0
46,816,19:16,0
46,817,19:17,0
46,818,19:18,0
46,819,19:19,0
46,820,19:20,0
46,821,19:21,0
46,822,19:22,0
46,823,19:23,0
46,824,19:24,0
46,825,19:25,0
46,826,19:26,0
46,827,19:27,0
46,828,19:28,0
46,829,19:29,0
46,830,19:30,0
46,831,19:31,0
46,832,19:32,0
46,833,19:33,0
46,834,19:34,0
46,835,19:35,0
47,0,05:40,0
47,1,05:41,0
47,2,05:42,0
47,3,05:43,0
47,4,05:44,0
47,5,05:45,0
47,6,05:46,0
47,7,05:47,0
47,8,05:48,0
47,9,05:49,0
47,10,05:50,0
47,11,05:51,0
47,12,05:52,0
47,13,05:53,0
47,14,05:54,0
47,15,05:55,0
47,16,05:56,0
47,17,05:57,0
47,18,05:58,0
47,19,05:59,0
47,20,06:00,0
47,21,06:01,0
47,22,06:02,0
47,23,06:03,0
47,24,06:04,0
47,25,06:05,0
47,26,06:06,0
47,27,06:07,0
47,28,06:08,0
47,29,06:09,0
47,30,06:10,0
47,31,06:11,0
47,32,06:12,0
47,33,06:13,0
47,34,06:14,0
47,35,06:15,0
47,36,06:16,0
47,37,06:17,0
47,38,06:18,0
47,39,06:19,0
47,40,06:20,0
47,41,06:21,0
47,42,06:22,0
47,43,06:23,0
47,44,06:24,0
47,45,06:25,0
47,46,06:26,0
47,47,06:27,0
47,48,06:28,0
47,49,06:29,0
47,50,06:30,0
47,51,06:31,0
47,52,06:32,0
47,53,06:33,0
47,54,06:34,0
47,55,06:35,0
47,56,06:36,0
47,57,06:37,0
47,58,06:38,0
47,59,06:39,0
47,60,06:40,0
47,61,06:41,0
47,62,06:42,0
47,63,06:43,0
47,64,06:44,0
47,65,06:45,0
47,66,06:46,0
47,67,06:47,0
47,68,06:48,0
47,69,06:49,0
47,70,06:50,0
47,71,06:51,0
47,72,06:52,0
47,73,06:53,0
47,74,06:54,0
47,75,06:55,0
47,76,06:56,0
47,77,06:57,0
47,78,06:58,0
47,79,06:59,0
47,80,07:00,0
47,81,07:01,0
47,82,07:02,0
47,83,07:03,0
47,84,07:04,0
47,85,07:05,0
47,86,07:06,0
47,87,07:07,0
47,88,07:08,0
47,89,07:09,0
47,90,07:10,0
47,91,07:11,0
47,92,07:12,0
47,93,07:13,0
47,94,07:14,0
47,95,07:15,0
47,96,07:16,0
47,97,07:17,0
47,98,07:18,0
47,99,07:19,0
47,100,07:20,1
47,101,07:21,1
47,102,07:22,1
47,103,07:23,1
47,104,07:24,1
47,105,07:25,1
47,106,07:26,1
47,107,07:27,1
47,108,07:28,1
47,109,07:29,1
47,110,07:30,1
47,111,07:31,2
47,112,07:32,2
47,113,07:33,2
47,114,07:34,2
47,115,07:35,2
47,116,07:36,2
47,117,07:37,2
47,118,07:38,2
47,119,07:39,2
47,120,07:40,1
47,121,07:41,1
47,122,07:42,1
47,123,07:43,1
47,124,07:44,1
47,125,07:45,1
47,126,07:46,1
47,127,07:47,1
47,128,07:48,1
47,129,07:49,0
47,130,07:50,0
47,131,07:51,0
47,132,07:52,0
47,133,07:53,0
47,134,07:54,0
47,135,07:55,0
47,136,07:56,0
47,137,07:57,0
47,138,07:58,0
47,139,07:59,0
47,140,08:00,0
47,141,08:01,0
47,142,08:02,0
47,143,08:03,0
47,144,08:04,0
47,145,08:05,0
47,146,08:06,0
47,147,08:07,0
47,148,08:08,0
47,149,08:09,0
47,150,08:10,0
47,151,08:11,0
47,152,08:12,0
47,153,08:13,0
47,154,08:14,0
47,155,08:15,0
47,156,08:16,0
47,157,08:17,0
47,158,08:18,0
47,159,08:19,0
47,160,08:20,0
47,161,08:21,0
47,162,08:22,0
47,163,08:23,0
47,164,08:24,0
47,165,08:25,0
47,166,08:26,0
47,167,08:27,0
47,168,08:28,0
47,169,08:29,0
47,170,08:30,0
47,171,08:31,0
47,172,08:32,0
47,173,08:33,0
47,174,08:34,0
47,175,08:35,0
47,176,08:36,0
47,177,08:37,0
47,178,08:38,0
47,179,08:39,0
47,180,08:40,0
47,181,08:41,0
47,182,08:42,0
47,183,08:43,0
47,184,08:44,0
47,185,08:45,0
47,186,08:46,1
47,187,08:47,1
47,188,08:48,1
47,189,08:49,1
47,190,08:50,1
47,191,08:51,1
47,192,08:52,1
47,193,08:53,1
47,194,08:54,1
47,195,08:55,1
47,196,08:56,1
47,197,08:57,1
47,198,08:58,1
47,199,08:59,0
47,200,09:00,0
47,201,09:01,0
47,202,09:02,0
47,203,09:03,0
47,204,09:04,0
47,205,09:05,0
47,206,09:06,0
47,207,09:07,0
47,208,09:08,0
47,209,09:09,0
47,210,09:10,0
47,211,09:11,0
47,212,09:12,1
47,213,09:13,1
47,214,09:14,1
47,215,09:15,1
47,216,09:16,1
47,217,09:17,1
47,218,09:18,1
47,219,09:19,1
47,220,09:20,1
47,221,09:21,1
47,222,09:22,1
47,223,09:23,1
47,224,09:24,1
47,225,09:25,1
47,226,09:26,1
47,227,09:27,1
47,228,09:28,1
47,229,09:29,1
47,230,09:30,1
47,231,09:31,1
47,232,09:32,1
47,233,09:33,0
47,234,09:34,0
47,235,09:35,0
47,236,09:36,3
47,237,09:37,3
47,238,09:38,3
47,239,09:39,4
47,240,09:40,4
47,241,09:41,4
47,242,09:42,4
47,243,09:43,4
47,244,09:44,4
47,245,09:45,4
47,246,09:46,4
47,247,09:47,4
47,248,09:48,1
47,249,09:49,1
47,250,09:50,1
47,251,09:51,0
47,252,09:52,0
47,253,09:53,0
47,254,09:54,0
47,255,09:55,0
47,256,09:56,0
47,257,09:57,0
47,258,09:58,0
47,259,09:59,0
47,260,10:00,0
47,261,10:01,0
47,262,10:02,0
47,263,10:03,0
47,264,10:04,0
47,265,10:05,0
47,266,10:06,0
47,267,10:07,0
47,268,10:08,1
47,269,10:09,1
47,270,10:10,1
47,271,10:11,1
47,272,10:12,1
47,273,10:13,1
47,274,10:14,1
47,275,10:15,1
47,276,10:16,1
47,277,10:17,2
47,278,10:18,2
47,279,10:19,2
47,280,10:20,2
47,281,10:21,2
47,282,10:22,2
47,283,10:23,2
47,284,10:24,2
47,285,10:25,2
47,286,10:26,2
47,287,10:27,2
47,288,10:28,1
47,289,10:29,1
47,290,10:30,1
47,291,10:31,1
47,292,10:32,1
47,293,10:33,1
47,294,10:34,1
47,295,10:35,1
47,296,10:36,1
47,297,10:37,1
47,298,10:38,0
47,299,10:39,0
47,300,10:40,0
47,301,10:41,0
47,302,10:42,0
47,303,10:43,0
47,304,10:44,0
47,305,10:45,0
47,306,10:46,0
47,307,10:47,0
47,308,10:48,0
47,309,10:49,0
47,310,10:50,0
47,311,10:51,0
47,312,10:52,0
47,313,10:53,0
47,314,10:54,1
47,315,10:55,1
47,316,10:56,1
47,317,10:57,1
47,318,10:58,1
47,319,10:59,1
47,320,11:00,1
47,321,11:01,1
47,322,11:02,1
47,323,11:03,1
47,324,11:04,1
47,325,11:05,1
47,326,11:06,1
47,327,11:07,1
47,328,11:08,1
47,329,11:09,1
47,330,11:10,1
47,331,11:11,0
47,332,11:12,0
47,333,11:13,0
47,334,11:14,2
47,335,11:15,2
47,336,11:16,2
47,337,11:17,2
47,338,11:18,2
47,339,11:19,2
47,340,11:20,2
47,341,11:21,2
47,342,11:22,2
47,343,11:23,2
47,344,11:24,2
47,345,11:25,2
47,346,11:26,2
47,347,11:27,2
47,348,11:28,2
47,349,11:29,0
47,350,11:30,0
47,351,11:31,0
47,352,11:32,1
47,353,11:33,1
47,354,11:34,1
47,355,11:35,2
47,356,11:36,2
47,357,11:37,2
47,358,11:38,2
47,359,11:39,2
47,360,11:40,2
47,361,11:41,2
47,362,11:42,2
47,363,11:43,2
47,364,11:44,2
47,365,11:45,1
47,366,11:46,1
47,367,11:47,1
47,368,11:48,0
47,369,11:49,0
47,370,11:50,0
47,371,11:51,0
47,372,11:52,0
47,373,11:53,0
47,374,11:54,0
47,375,11:55,0
47,376,11:56,0
47,377,11:57,0
47,378,11:58,0
47,379,11:59,0
47,380,12:00,0
47,381,12:01,0
47,382,12:02,0
47,383,12:03,0
47,384,12:04,0
47,385,12:05,0
47,386,12:06,0
47,387,12:07,0
47,388,12:08,0
47,389,12:09,0
47,390,12:10,0
47,391,12:11,0
47,392,12:12,0
47,393,12:13,0
47,394,12:14,0
47,395,12:15,0
47,396,12:16,0
47,397,12:17,0
47,398,12:18,0
47,399,12:19,0
47,400,12:20,0
47,401,12:21,0
47,402,12:22,0
47,403,12:23,0
47,404,12:24,0
47,405,12:25,0
47,406,12:26,0
47,407,12:27,0
47,408,12:28,0
47,409,12:29,0
47,410,12:30,0
47,411,12:31,0
47,412,12:32,0
47,413,12:33,0
47,414,12:34,0
47,415,12:35,0
47,416,12:36,0
47,417,12:37,0
47,418,12:38,0
47,419,12:39,0
47,420,12:40,0
47,421,12:41,0
47,422,12:42,0
47,423,12:43,0
47,424,12:44,0
47,425,12:45,0
47,426,12:46,0
47,427,12:47,0
47,428,12:48,0
47,429,12:49,0
47,430,12:50,0
47,431,12:51,0
47,432,12:52,0
47,433,12:53,0
47,434,12:54,0
47,435,12:55,0
47,436,12:56,0
47,437,12:57,0
47,438,12:58,0
47,439,12:59,0
47,440,13:00,0
47,441,13:01,0
47,442,13:02,0
47,443,13:03,0
47,444,13:04,0
47,445,13:05,0
47,446,13:06,0
47,447,13:07,0
47,448,13:08,0
47,449,13:09,0
47,450,13:10,0
47,451,13:11,0
47,452,13:12,0
47,453,13:13,0
47,454,13:14,0
47,455,13:15,0
47,456,13:16,0
47,457,13:17,0
47,458,13:18,0
47,459,13:19,0
47,460,13:20,0
47,461,13:21,0
47,462,13:22,0
47,463,13:23,0
47,464,13:24,0
47,465,13:25,0
47,466,13:26,0
47,467,13:27,0
47,468,13:28,0
47,469,13:29,0
47,470,13:30,0
47,471,13:31,0
47,472,13:32,0
47,473,13:33,0
47,474,13:34,0
47,475,13:35,0
47,476,13:36,0
47,477,13:37,0
47,478,13:38,0
47,479,13:39,0
47,480,13:40,0
47,481,13:41,0
47,482,13:42,0
47,483,13:43,0
47,484,13:44,0
47,485,13:45,0
47,486,13:46,0
47,487,13:47,0
47,488,13:48,0
47,489,13:49,0
47,490,13:50,0
47,491,13:51,0
47,492,13:52,0
47,493,13:53,0
47,494,13:54,0
47,495,13:55,0
47,496,13:56,0
47,497,13:57,0
47,498,13:58,0
47,499,13:59,0
47,500,14:00,0
47,501,14:01,0
47,502,14:02,0
47,503,14:03,0
47,504,14:04,0
47,505,14:05,0
47,506,14:06,1
47,507,14:07,1
47,508,14:08,1
47,509,14:09,1
47,510,14:10,1
47,511,14:11,1
47,512,14:12,1
47,513,14:13,1
47,514,14:14,1
47,515,14:15,1
47,516,14:16,1
47,517,14:17,0
47,518,14:18,0
47,519,14:19,0
47,520,14:20,1
47,521,14:21,1
47,522,14:22,1
47,523,14:23,1
47,524,14:24,1
47,525,14:25,1
47,526,14:26,2
47,527,14:27,2
47,528,14:28,2
47,529,14:29,2
47,530,14:30,2
47,531,14:31,2
47,532,14:32,2
47,533,14:33,2
47,534,14:34,2
47,535,14:35,2
47,536,14:36,2
47,537,14:37,1
47,538,14:38,1
47,539,14:39,1
47,540,14:40,0
47,541,14:41,0
47,542,14:42,0
47,543,14:43,0
47,544,14:44,0
47,545,14:45,0
47,546,14:46,0
47,547,14:47,0
47,548,14:48,0
47,549,14:49,0
47,550,14:50,0
47,551,14:51,0
47,552,14:52,0
47,553,14:53,0
47,554,14:54,0
47,555,14:55,0
47,556,14:56,0
47,557,14:57,0
47,558,14:58,0
47,559,14:59,0
47,560,15:00,0
47,561,15:01,0
47,562,15:02,0
47,563,15:03,0
47,564,15:04,0
47,565,15:05,0
47,566,15:06,0
47,567,15:07,0
47,568,15:08,0
47,569,15:09,0
47,570,15:10,0
47,571,15:11,0
47,572,15:12,0
47,573,15:13,0
47,574,15:14,0
47,575,15:15,0
47,576,15:16,0
47,577,15:17,0
47,578,15:18,0
47,579,15:19,0
47,580,15:20,0
47,581,15:21,0
47,582,15:22,0
47,583,15:23,0
47,584,15:24,0
47,585,15:25,0
47,586,15:26,0
47,587,15:27,0
47,588,15:28,0
47,589,15:29,0
47,590,15:30,0
47,591,15:31,0
47,592,15:32,0
47,593,15:33,0
47,594,15:34,0
47,595,15:35,0
47,596,15:36,0
47,597,15:37,0
47,598,15:38,0
47,599,15:39,0
47,600,15:40,0
47,601,15:41,0
47,602,15:42,0
47,603,15:43,0
47,604,15:44,0
47,605,15:45,0
47,606,15:46,0
47,607,15:47,0
47,608,15:48,0
47,609,15:49,0
47,610,15:50,0
47,611,15:51,0
47,612,15:52,0
47,613,15:53,1
47,614,15:54,1
47,615,15:55,1
47,616,15:56,2
47,617,15:57,2
47,618,15:58,2
47,619,15:59,2
47,620,16:00,2
47,621,16:01,2
47,622,16:02,2
47,623,16:03,2
47,624,16:04,2
47,625,16:05,2
47,626,16:06,2
47,627,16:07,2
47,628,16:08,2
47,629,16:09,2
47,630,16:10,2
47,631,16:11,1
47,632,16:12,1
47,633,16:13,1
47,634,16:14,1
47,635,16:15,1
47,636,16:16,1
47,637,16:17,1
47,638,16:18,1
47,639,16:19,1
47,640,16:20,1
47,641,16:21,1
47,642,16:22,1
47,643,16:23,1
47,644,16:24,1
47,645,16:25,1
47,646,16:26,0
47,647,16:27,0
47,648,16:28,0
47,649,16:29,0
47,650,16:30,0
47,651,16:31,0
47,652,16:32,0
47,653,16:33,0
47,654,16:34,0
47,655,16:35,0
47,656,16:36,0
47,657,16:37,0
47,658,16:38,0
47,659,16:39,0
47,660,16:40,0
47,661,16:41,0
47,662,16:42,0
47,663,16:43,1
47,664,16:44,1
47,665,16:45,1
47,666,16:46,1
47,667,16:47,1
47,668,16:48,2
47,669,16:49,2
47,670,16:50,2
47,671,16:51,2
47,672,16:52,2
47,673,16:53,2
47,674,16:54,2
47,675,16:55,2
47,676,16:56,2
47,677,16:57,2
47,678,16:58,2
47,679,16:59,2
47,680,17:00,2
47,681,17:01,2
47,682,17:02,2
47,683,17:03,2
47,684,17:04,2
47,685,17:05,2
47,686,17:06,2
47,687,17:07,2
47,688,17:08,2
47,689,17:09,1
47,690,17:10,1
47,691,17:11,1
47,692,17:12,0
47,693,17:13,0
47,694,17:14,0
47,695,17:15,0
47,696,17:16,2
47,697,17:17,2
47,698,17:18,2
47,699,17:19,4
47,700,17:20,4
47,701,17:21,4
47,702,17:22,4
47,703,17:23,4
47,704,17:24,4
47,705,17:25,4
47,706,17:26,4
47,707,17:27,4
47,708,17:28,4
47,709,17:29,2
47,710,17:30,2
47,711,17:31,2
47,712,17:32,0
47,713,17:33,0
47,714,17:34,0
47,715,17:35,1
47,716,17:36,1
47,717,17:37,1
47,718,17:38,1
47,719,17:39,1
47,720,17:40,1
47,721,17:41,1
47,722,17:42,1
47,723,17:43,1
47,724,17:44,1
47,725,17:45,0
47,726,17:46,0
47,727,17:47,0
47,728,17:48,0
47,729,17:49,1
47,730,17:50,1
47,731,17:51,1
47,732,17:52,2
47,733,17:53,2
47,734,17:54,2
47,735,17:55,2
47,736,17:56,2
47,737,17:57,2
47,738,17:58,2
47,739,17:59,2
47,740,18:00,2
47,741,18:01,1
47,742,18:02,1
47,743,18:03,1
47,744,18:04,1
47,745,18:05,1
47,746,18:06,1
47,747,18:07,0
47,748,18:08,0
47,749,18:09,0
47,750,18:10,0
47,751,18:11,0
47,752,18:12,0
47,753,18:13,0
47,754,18:14,0
47,755,18:15,0
47,756,18:16,0
47,757,18:17,0
47,758,18:18,0
47,759,18:19,2
47,760,18:20,2
47,761,18:21,2
47,762,18:22,2
47,763,18:23,2
47,764,18:24,2
47,765,18:25,2
47,766,18:26,2
47,767,18:27,2
47,768,18:28,2
47,769,18:29,2
47,770,18:30,2
47,771,18:31,2
47,772,18:32,2
47,773,18:33,2
47,774,18:34,2
47,775,18:35,2
47,776,18:36,0
47,777,18:37,0
47,778,18:38,0
47,779,18:39,0
47,780,18:40,0
47,781,18:41,0
47,782,18:42,0
47,783,18:43,0
47,784,18:44,0
47,785,18:45,0
47,786,18:46,0
47,787,18:47,0
47,788,18:48,0
47,789,18:49,0
47,790,18:50,0
47,791,18:51,1
47,792,18:52,1
47,793,18:53,1
47,794,18:54,1
47,795,18:55,1
47,796,18:56,1
47,797,18:57,1
47,798,18:58,1
47,799,18:59,1
47,800,19:00,0
47,801,19:01,0
47,802,19:02,0
47,803,19:03,1
47,804,19:04,1
47,805,19:05,1
47,806,19:06,1
47,807,19:07,1
47,808,19:08,1
47,809,19:09,1
47,810,19:10,1
47,811,19:11,1
47,812,19:12,1
47,813,19:13,0
47,814,19:14,0
47,815,19:15,0
47,816,19:16,0
47,817,19:17,0
47,818,19:18,0
47,819,19:19,0
47,820,19:20,0
47,821,19:21,0
47,822,19:22,0
47,823,19:23,0
47,824,19:24,0
47,825,19:25,0
47,826,19:26,0
47,827,19:27,0
47,828,19:28,0
47,829,19:29,0
47,830,19:30,0
47,831,19:31,0
47,832,19:32,0
47,833,19:33,0
47,834,19:34,0
47,835,19:35,0
48,0,05:40,0
48,1,05:41,0
48,2,05:42,0
48,3,05:43,0
48,4,05:44,0
48,5,05:45,0
48,6,05:46,0
48,7,05:47,0
48,8,05:48,0
48,9,05:49,0
48,10,05:50,0
48,11,05:51,0
48,12,05:52,0
48,13,05:53,0
48,14,05:54,0
48,15,05:55,0
48,16,05:56,0
48,17,05:57,0
48,18,05:58,0
48,19,05:59,0
48,20,06:00,0
48,21,06:01,0
48,22,06:02,0
48,23,06:03,0
48,24,06:04,0
48,25,06:05,0
48,26,06:06,0
48,27,06:07,0
48,28,06:08,0
48,29,06:09,0
48,30,06:10,0
48,31,06:11,0
48,32,06:12,0
48,33,06:13,0
48,34,06:14,0
48,35,06:15,0
48,36,06:16,0
48,37,06:17,0
48,38,06:18,0
48,39,06:19,0
48,40,06:20,0
48,41,06:21,0
48,42,06:22,0
48,43,06:23,0
48,44,06:24,0
48,45,06:25,0
48,46,06:26,0
48,47,06:27,0
48,48,06:28,0
48,49,06:29,0
48,50,06:30,0
48,51,06:31,0
48,52,06:32,0
48,53,06:33,0
48,54,06:34,0
48,55,06:35,0
48,56,06:36,0
48,57,06:37,0
48,58,06:38,0
48,59,06:39,0
48,60,06:40,0
48,61,06:41,0
48,62,06:42,0
48,63,06:43,0
48,64,06:44,0
48,65,06:45,0
48,66,06:46,0
48,67,06:47,0
48,68,06:48,0
48,69,06:49,0
48,70,06:50,0
48,71,06:51,0
48,72,06:52,0
48,73,06:53,0
48,74,06:54,0
48,75,06:55,0
48,76,06:56,0
48,77,06:57,0
48,78,06:58,0
48,79,06:59,0
48,80,07:00,0
48,81,07:01,0
48,82,07:02,0
48,83,07:03,0
48,84,07:04,0
48,85,07:05,0
48,86,07:06,0
48,87,07:07,0
48,88,07:08,0
48,89,07:09,0
48,90,07:10,0
48,91,07:11,0
48,92,07:12,0
48,93,07:13,0
48,94,07:14,0
48,95,07:15,0
48,96,07:16,0
48,97,07:17,0
48,98,07:18,0
48,99,07:19,0
48,100,07:20,0
48,101,07:21,0
48,102,07:22,0
48,103,07:23,0
48,104,07:24,0
48,105,07:25,0
48,106,07:26,0
48,107,07:27,0
48,108,07:28,0
48,109,07:29,0
48,110,07:30,0
48,111,07:31,0
48,112,07:32,0
48,113,07:33,0
48,114,07:34,0
48,115,07:35,0
48,116,07:36,0
48,117,07:37,0
48,118,07:38,0
48,119,07:39,0
48,120,07:40,0
48,121,07:41,0
48,122,07:42,0
48,123,07:43,0
48,124,07:44,0
48,125,07:45,0
48,126,07:46,0
48,127,07:47,0
48,128,07:48,0
48,129,07:49,0
48,130,07:50,0
48,131,07:51,0
48,132,07:52,0
48,133,07:53,0
48,134,07:54,0
48,135,07:55,0
48,136,07:56,0
48,137,07:57,0
48,138,07:58,0
48,139,07:59,0
48,140,08:00,0
48,141,08:01,0
48,142,08:02,0
48,143,08:03,0
48,144,08:04,0
48,145,08:05,0
48,146,08:06,0
48,147,08:07,0
48,148,08:08,0
48,149,08:09,0
48,150,08:10,0
48,151,08:11,0
48,152,08:12,0
48,153,08:13,0
48,154,08:14,0
48,155,08:15,0
48,156,08:16,0
48,157,08:17,0
48,158,08:18,0
48,159,08:19,0
48,160,08:20,0
48,161,08:21,0
48,162,08:22,0
48,163,08:23,0
48,164,08:24,0
48,165,08:25,0
48,166,08:26,0
48,167,08:27,0
48,168,08:28,0
48,169,08:29,0
48,170,08:30,0
48,171,08:31,0
48,172,08:32,0
48,173,08:33,0
48,174,08:34,0
48,175,08:35,0
48,176,08:36,0
48,177,08:37,0
48,178,08:38,0
48,179,08:39,0
48,180,08:40,0
48,181,08:41,0
48,182,08:42,0
48,183,08:43,0
48,184,08:44,0
48,185,08:45,0
48,186,08:46,0
48,187,08:47,0
48,188,08:48,0
48,189,08:49,0
48,190,08:50,0
48,191,08:51,0
48,192,08:52,0
48,193,08:53,0
48,194,08:54,0
48,195,08:55,0
48,196,08:56,0
48,197,08:57,0
48,198,08:58,0
48,199,08:59,0
48,200,09:00,0
48,201,09:01,0
48,202,09:02,0
48,203,09:03,0
48,204,09:04,0
48,205,09:05,0
48,206,09:06,0
48,207,09:07,0
48,208,09:08,0
48,209,09:09,0
48,210,09:10,0
48,211,09:11,0
48,212,09:12,0
48,213,09:13,0
48,214,09:14,0
48,215,09:15,0
48,216,09:16,0
48,217,09:17,0
48,218,09:18,0
48,219,09:19,0
48,220,09:20,0
48,221,09:21,0
48,222,09:22,0
48,223,09:23,0
48,224,09:24,1
48,225,09:25,1
48,226,09:26,1
48,227,09:27,2
48,228,09:28,2
48,229,09:29,2
48,230,09:30,2
48,231,09:31,2
48,232,09:32,3
48,233,09:33,3
48,234,09:34,3
48,235,09:35,3
48,236,09:36,3
48,237,09:37,3
48,238,09:38,3
48,239,09:39,3
48,240,09:40,3
48,241,09:41,3
48,242,09:42,3
48,243,09:43,3
48,244,09:44,3
48,245,09:45,3
48,246,09:46,3
48,247,09:47,3
48,248,09:48,3
48,249,09:49,3
48,250,09:50,3
48,251,09:51,3
48,252,09:52,3
48,253,09:53,3
48,254,09:54,3
48,255,09:55,2
48,256,09:56,2
48,257,09:57,2
48,258,09:58,1
48,259,09:59,1
48,260,10:00,1
48,261,10:01,0
48,262,10:02,0
48,263,10:03,0
48,264,10:04,0
48,265,10:05,0
48,266,10:06,0
48,267,10:07,0
48,268,10:08,0
48,269,10:09,0
48,270,10:10,0
48,271,10:11,0
48,272,10:12,0
48,273,10:13,1
48,274,10:14,1
48,275,10:15,1
48,276,10:16,2
48,277,10:17,2
48,278,10:18,2
48,279,10:19,2
48,280,10:20,2
48,281,10:21,2
48,282,10:22,2
48,283,10:23,2
48,284,10:24,2
48,285,10:25,2
48,286,10:26,1
48,287,10:27,1
48,288,10:28,1
48,289,10:29,0
48,290,10:30,0
48,291,10:31,0
48,292,10:32,0
48,293,10:33,0
48,294,10:34,0
48,295,10:35,0
48,296,10:36,0
48,297,10:37,0
48,298,10:38,0
48,299,10:39,0
48,300,10:40,0
48,301,10:41,0
48,302,10:42,0
48,303,10:43,0
48,304,10:44,0
48,305,10:45,0
48,306,10:46,0
48,307,10:47,1
48,308,10:48,1
48,309,10:49,1
48,310,10:50,1
48,311,10:51,1
48,312,10:52,1
48,313,10:53,1
48,314,10:54,1
48,315,10:55,1
48,316,10:56,1
48,317,10:57,1
48,318,10:58,1
48,319,10:59,1
48,320,11:00,1
48,321,11:01,1
48,322,11:02,0
48,323,11:03,0
48,324,11:04,0
48,325,11:05,0
48,326,11:06,1
48,327,11:07,1
48,328,11:08,1
48,329,11:09,1
48,330,11:10,1
48,331,11:11,1
48,332,11:12,1
48,333,11:13,1
48,334,11:14,1
48,335,11:15,1
48,336,11:16,0
48,337,11:17,0
48,338,11:18,0
48,339,11:19,0
48,340,11:20,1
48,341,11:21,1
48,342,11:22,1
48,343,11:23,2
48,344,11:24,2
48,345,11:25,2
48,346,11:26,3
48,347,11:27,3
48,348,11:28,3
48,349,11:29,3
48,350,11:30,3
48,351,11:31,3
48,352,11:32,3
48,353,11:33,3
48,354,11:34,3
48,355,11:35,3
48,356,11:36,2
48,357,11:37,2
48,358,11:38,2
48,359,11:39,1
48,360,11:40,1
48,361,11:41,1
48,362,11:42,0
48,363,11:43,0
48,364,11:44,0
48,365,11:45,0
48,366,11:46,0
48,367,11:47,0
48,368,11:48,0
48,369,11:49,0
48,370,11:50,2
48,371,11:51,2
48,372,11:52,2
48,373,11:53,3
48,374,11:54,3
48,375,11:55,3
48,376,11:56,4
48,377,11:57,4
48,378,11:58,4
48,379,11:59,4
48,380,12:00,4
48,381,12:01,4
48,382,12:02,4
48,383,12:03,4
48,384,12:04,4
48,385,12:05,4
48,386,12:06,2
48,387,12:07,2
48,388,12:08,2
48,389,12:09,1
48,390,12:10,1
48,391,12:11,1
48,392,12:12,0
48,393,12:13,0
48,394,12:14,0
48,395,12:15,1
48,396,12:16,1
48,397,12:17,1
48,398,12:18,1
48,399,12:19,1
48,400,12:20,1
48,401,12:21,1
48,402,12:22,1
48,403,12:23,1
48,404,12:24,1
48,405,12:25,1
48,406,12:26,1
48,407,12:27,1
48,408,12:28,1
48,409,12:29,1
48,410,12:30,1
48,411,12:31,1
48,412,12:32,1
48,413,12:33,0
48,414,12:34,0
48,415,12:35,0
48,416,12:36,0
48,417,12:37,0
48,418,12:38,0
48,419,12:39,0
48,420,12:40,0
48,421,12:41,0
48,422,12:42,0
48,423,12:43,0
48,424,12:44,0
48,425,12:45,0
48,426,12:46,0
48,427,12:47,0
48,428,12:48,0
48,429,12:49,0
48,430,12:50,0
48,431,12:51,0
48,432,12:52,0
48,433,12:53,0
48,434,12:54,0
48,435,12:55,0
48,436,12:56,0
48,437,12:57,0
48,438,12:58,0
48,439,12:59,0
48,440,13:00,0
48,441,13:01,0
48,442,13:02,0
48,443,13:03,0
48,444,13:04,0
48,445,13:05,0
48,446,13:06,0
48,447,13:07,0
48,448,13:08,0
48,449,13:09,0
48,450,13:10,0
48,451,13:11,0
48,452,13:12,0
48,453,13:13,0
48,454,13:14,0
48,455,13:15,0
48,456,13:16,0
48,457,13:17,0
48,458,13:18,0
48,459,13:19,0
48,460,13:20,0
48,461,13:21,0
48,462,13:22,0
48,463,13:23,0
48,464,13:24,0
48,465,13:25,0
48,466,13:26,0
48,467,13:27,0
48,468,13:28,0
48,469,13:29,0
48,470,13:30,0
48,471,13:31,0
48,472,13:32,0
48,473,13:33,0
48,474,13:34,0
48,475,13:35,0
48,476,13:36,0
48,477,13:37,0
48,478,13:38,0
48,479,13:39,0
48,480,13:40,0
48,481,13:41,0
48,482,13:42,0
48,483,13:43,0
48,484,13:44,0
48,485,13:45,0
48,486,13:46,0
48,487,13:47,0
48,488,13:48,0
48,489,13:49,0
48,490,13:50,0
48,491,13:51,0
48,492,13:52,0
48,493,13:53,0
48,494,13:54,0
48,495,13:55,0
48,496,13:56,0
48,497,13:57,0
48,498,13:58,0
48,499,13:59,0
48,500,14:00,0
48,501,14:01,0
48,502,14:02,0
48,503,14:03,0
48,504,14:04,0
48,505,14:05,0
48,506,14:06,0
48,507,14:07,0
48,508,14:08,0
48,509,14:09,1
48,510,14:10,1
48,511,14:11,1
48,512,14:12,1
48,513,14:13,1
48,514,14:14,2
48,515,14:15,2
48,516,14:16,2
48,517,14:17,2
48,518,14:18,2
48,519,14:19,2
48,520,14:20,2
48,521,14:21,2
48,522,14:22,2
48,523,14:23,2
48,524,14:24,2
48,525,14:25,2
48,526,14:26,2
48,527,14:27,2
48,528,14:28,2
48,529,14:29,2
48,530,14:30,2
48,531,14:31,2
48,532,14:32,2
48,533,14:33,2
48,534,14:34,2
48,535,14:35,2
48,536,14:36,2
48,537,14:37,2
48,538,14:38,2
48,539,14:39,1
48,540,14:40,1
48,541,14:41,1
48,542,14:42,1
48,543,14:43,1
48,544,14:44,1
48,545,14:45,0
48,546,14:46,0
48,547,14:47,0
48,548,14:48,0
48,549,14:49,1
48,550,14:50,1
48,551,14:51,1
48,552,14:52,2
48,553,14:53,2
48,554,14:54,2
48,555,14:55,2
48,556,14:56,2
48,557,14:57,2
48,558,14:58,2
48,559,14:59,2
48,560,15:00,2
48,561,15:01,2
48,562,15:02,1
48,563,15:03,1
48,564,15:04,1
48,565,15:05,0
48,566,15:06,0
48,567,15:07,0
48,568,15:08,0
48,569,15:09,0
48,570,15:10,0
48,571,15:11,0
48,572,15:12,0
48,573,15:13,0
48,574,15:14,0
48,575,15:15,0
48,576,15:16,0
48,577,15:17,0
48,578,15:18,0
48,579,15:19,0
48,580,15:20,0
48,581,15:21,0
48,582,15:22,0
48,583,15:23,0
48,584,15:24,0
48,585,15:25,0
48,586,15:26,0
48,587,15:27,0
48,588,15:28,0
48,589,15:29,0
48,590,15:30,0
48,591,15:31,0
48,592,15:32,0
48,593,15:33,0
48,594,15:34,0
48,595,15:35,0
48,596,15:36,0
48,597,15:37,0
48,598,15:38,0
48,599,15:39,0
48,600,15:40,0
48,601,15:41,0
48,602,15:42,0
48,603,15:43,0
48,604,15:44,0
48,605,15:45,0
48,606,15:46,0
48,607,15:47,0
48,608,15:48,0
48,609,15:49,2
48,610,15:50,2
48,611,15:51,2
48,612,15:52,2
48,613,15:53,2
48,614,15:54,2
48,615,15:55,2
48,616,15:56,2
48,617,15:57,2
48,618,15:58,2
48,619,15:59,3
48,620,16:00,3
48,621,16:01,3
48,622,16:02,1
48,623,16:03,1
48,624,16:04,1
48,625,16:05,1
48,626,16:06,1
48,627,16:07,1
48,628,16:08,1
48,629,16:09,1
48,630,16:10,1
48,631,16:11,1
48,632,16:12,1
48,633,16:13,1
48,634,16:14,1
48,635,16:15,0
48,636,16:16,0
48,637,16:17,0
48,638,16:18,0
48,639,16:19,1
48,640,16:20,1
48,641,16:21,1
48,642,16:22,1
48,643,16:23,1
48,644,16:24,1
48,645,16:25,1
48,646,16:26,1
48,647,16:27,1
48,648,16:28,1
48,649,16:29,1
48,650,16:30,1
48,651,16:31,1
48,652,16:32,0
48,653,16:33,0
48,654,16:34,0
48,655,16:35,0
48,656,16:36,0
48,657,16:37,0
48,658,16:38,0
48,659,16:39,0
48,660,16:40,0
48,661,16:41,0
48,662,16:42,0
48,663,16:43,0
48,664,16:44,0
48,665,16:45,0
48,666,16:46,1
48,667,16:47,1
48,668,16:48,1
48,669,16:49,2
48,670,16:50,2
48,671,16:51,2
48,672,16:52,2
48,673,16:53,2
48,674,16:54,2
48,675,16:55,2
48,676,16:56,2
48,677,16:57,2
48,678,16:58,1
48,679,16:59,1
48,680,17:00,1
48,681,17:01,1
48,682,17:02,0
48,683,17:03,0
48,684,17:04,0
48,685,17:05,2
48,686,17:06,2
48,687,17:07,2
48,688,17:08,4
48,689,17:09,4
48,690,17:10,4
48,691,17:11,4
48,692,17:12,4
48,693,17:13,4
48,694,17:14,4
48,695,17:15,4
48,696,17:16,4
48,697,17:17,4
48,698,17:18,4
48,699,17:19,2
48,700,17:20,2
48,701,17:21,2
48,702,17:22,0
48,703,17:23,0
48,704,17:24,0
48,705,17:25,0
48,706,17:26,0
48,707,17:27,0
48,708,17:28,1
48,709,17:29,1
48,710,17:30,1
48,711,17:31,1
48,712,17:32,1
48,713,17:33,1
48,714,17:34,1
48,715,17:35,1
48,716,17:36,1
48,717,17:37,1
48,718,17:38,1
48,719,17:39,1
48,720,17:40,1
48,721,17:41,0
48,722,17:42,0
48,723,17:43,0
48,724,17:44,0
48,725,17:45,0
48,726,17:46,0
48,727,17:47,0
48,728,17:48,0
48,729,17:49,0
48,730,17:50,0
48,731,17:51,0
48,732,17:52,0
48,733,17:53,0
48,734,17:54,0
48,735,17:55,0
48,736,17:56,0
48,737,17:57,0
48,738,17:58,0
48,739,17:59,0
48,740,18:00,0
48,741,18:01,0
48,742,18:02,0
48,743,18:03,0
48,744,18:04,0
48,745,18:05,0
48,746,18:06,0
48,747,18:07,0
48,748,18:08,0
48,749,18:09,0
48,750,18:10,0
48,751,18:11,0
48,752,18:12,0
48,753,18:13,0
48,754,18:14,0
48,755,18:15,0
48,756,18:16,0
48,757,18:17,0
48,758,18:18,0
48,759,18:19,0
48,760,18:20,0
48,761,18:21,0
48,762,18:22,0
48,763,18:23,0
48,764,18:24,0
48,765,18:25,0
48,766,18:26,0
48,767,18:27,0
48,768,18:28,0
48,769,18:29,0
48,770,18:30,0
48,771,18:31,0
48,772,18:32,0
48,773,18:33,0
48,774,18:34,0
48,775,18:35,0
48,776,18:36,0
48,777,18:37,0
48,778,18:38,0
48,779,18:39,0
48,780,18:40,0
48,781,18:41,0
48,782,18:42,0
48,783,18:43,0
48,784,18:44,0
48,785,18:45,0
48,786,18:46,0
48,787,18:47,0
48,788,18:48,0
48,789,18:49,0
48,790,18:50,0
48,791,18:51,0
48,792,18:52,0
48,793,18:53,0
48,794,18:54,0
48,795,18:55,0
48,796,18:56,0
48,797,18:57,0
48,798,18:58,0
48,799,18:59,0
48,800,19:00,0
48,801,19:01,0
48,802,19:02,0
48,803,19:03,0
48,804,19:04,0
48,805,19:05,0
48,806,19:06,0
48,807,19:07,0
48,808,19:08,0
48,809,19:09,0
48,810,19:10,0
48,811,19:11,0
48,812,19:12,0
48,813,19:13,0
48,814,19:14,0
48,815,19:15,0
48,816,19:16,0
48,817,19:17,0
48,818,19:18,0
48,819,19:19,0
48,820,19:20,0
48,821,19:21,0
48,822,19:22,0
48,823,19:23,0
48,824,19:24,0
48,825,19:25,0
48,826,19:26,0
48,827,19:27,0
48,828,19:28,0
48,829,19:29,0
48,830,19:30,0
48,831,19:31,0
48,832,19:32,0
48,833,19:33,0
48,834,19:34,0
48,835,19:35,0
49,0,05:40,0
49,1,05:41,0
49,2,05:42,0
49,3,05:43,0
49,4,05:44,0
49,5,05:45,0
49,6,05:46,0
49,7,05:47,0
49,8,05:48,0
49,9,05:49,0
49,10,05:50,0
49,11,05:51,0
49,12,05:52,0
49,13,05:53,0
49,14,05:54,0
49,15,05:55,0
49,16,05:56,0
49,17,05:57,0
49,18,05:58,0
49,19,05:59,0
49,20,06:00,0
49,21,06:01,0
49,22,06:02,0
49,23,06:03,0
49,24,06:04,0
49,25,06:05,0
49,26,06:06,0
49,27,06:07,0
49,28,06:08,0
49,29,06:09,0
49,30,06:10,0
49,31,06:11,0
49,32,06:12,0
49,33,06:13,0
49,34,06:14,0
49,35,06:15,0
49,36,06:16,0
49,37,06:17,0
49,38,06:18,0
49,39,06:19,0
49,40,06:20,0
49,41,06:21,0
49,42,06:22,0
49,43,06:23,0
49,44,06:24,0
49,45,06:25,0
49,46,06:26,0
49,47,06:27,0
49,48,06:28,0
49,49,06:29,0
49,50,06:30,0
49,51,06:31,0
49,52,06:32,0
49,53,06:33,0
49,54,06:34,0
49,55,06:35,0
49,56,06:36,0
49,57,06:37,0
49,58,06:38,0
49,59,06:39,0
49,60,06:40,0
49,61,06:41,0
49,62,06:42,0
49,63,06:43,0
49,64,06:44,0
49,65,06:45,0
49,66,06:46,0
49,67,06:47,0
49,68,06:48,0
49,69,06:49,0
49,70,06:50,0
49,71,06:51,0
49,72,06:52,0
49,73,06:53,0
49,74,06:54,0
49,75,06:55,0
49,76,06:56,0
49,77,06:57,0
49,78,06:58,0
49,79,06:59,0
49,80,07:00,0
49,81,07:01,0
49,82,07:02,0
49,83,07:03,0
49,84,07:04,0
49,85,07:05,0
49,86,07:06,0
49,87,07:07,0
49,88,07:08,0
49,89,07:09,0
49,90,07:10,0
49,91,07:11,0
49,92,07:12,0
49,93,07:13,0
49,94,07:14,0
49,95,07:15,0
49,96,07:16,0
49,97,07:17,0
49,98,07:18,0
49,99,07:19,0
49,100,07:20,0
49,101,07:21,0
49,102,07:22,0
49,103,07:23,0
49,104,07:24,0
49,105,07:25,0
49,106,07:26,0
49,107,07:27,0
49,108,07:28,0
49,109,07:29,0
49,110,07:30,0
49,111,07:31,0
49,112,07:32,0
49,113,07:33,0
49,114,07:34,0
49,115,07:35,0
49,116,07:36,0
49,117,07:37,0
49,118,07:38,0
49,119,07:39,0
49,120,07:40,0
49,121,07:41,0
49,122,07:42,0
49,123,07:43,0
49,124,07:44,0
49,125,07:45,0
49,126,07:46,0
49,127,07:47,0
49,128,07:48,0
49,129,07:49,0
49,130,07:50,0
49,131,07:51,0
49,132,07:52,0
49,133,07:53,0
49,134,07:54,0
49,135,07:55,0
49,136,07:56,0
49,137,07:57,0
49,138,07:58,0
49,139,07:59,0
49,140,08:00,0
49,141,08:01,0
49,142,08:02,0
49,143,08:03,0
49,144,08:04,0
49,145,08:05,0
49,146,08:06,0
49,147,08:07,0
49,148,08:08,0
49,149,08:09,0
49,150,08:10,0
49,151,08:11,0
49,152,08:12,0
49,153,08:13,0
49,154,08:14,0
49,155,08:15,0
49,156,08:16,0
49,157,08:17,0
49,158,08:18,0
49,159,08:19,0
49,160,08:20,1
49,161,08:21,1
49,162,08:22,1
49,163,08:23,1
49,164,08:24,1
49,165,08:25,1
49,166,08:26,1
49,167,08:27,1
49,168,08:28,1
49,169,08:29,1
49,170,08:30,1
49,171,08:31,1
49,172,08:32,1
49,173,08:33,1
49,174,08:34,1
49,175,08:35,1
49,176,08:36,1
49,177,08:37,1
49,178,08:38,1
49,179,08:39,1
49,180,08:40,1
49,181,08:41,1
49,182,08:42,0
49,183,08:43,0
49,184,08:44,0
49,185,08:45,0
49,186,08:46,0
49,187,08:47,0
49,188,08:48,0
49,189,08:49,0
49,190,08:50,0
49,191,08:51,0
49,192,08:52,0
49,193,08:53,0
49,194,08:54,0
49,195,08:55,0
49,196,08:56,0
49,197,08:57,0
49,198,08:58,0
49,199,08:59,0
49,200,09:00,0
49,201,09:01,0
49,202,09:02,0
49,203,09:03,0
49,204,09:04,0
49,205,09:05,0
49,206,09:06,0
49,207,09:07,0
49,208,09:08,0
49,209,09:09,0
49,210,09:10,0
49,211,09:11,0
49,212,09:12,0
49,213,09:13,0
49,214,09:14,0
49,215,09:15,0
49,216,09:16,0
49,217,09:17,0
49,218,09:18,0
49,219,09:19,0
49,220,09:20,0
49,221,09:21,0
49,222,09:22,0
49,223,09:23,0
49,224,09:24,0
49,225,09:25,0
49,226,09:26,0
49,227,09:27,0
49,228,09:28,1
49,229,09:29,1
49,230,09:30,1
49,231,09:31,1
49,232,09:32,1
49,233,09:33,1
49,234,09:34,1
49,235,09:35,1
49,236,09:36,1
49,237,09:37,1
49,238,09:38,1
49,239,09:39,1
49,240,09:40,1
49,241,09:41,1
49,242,09:42,1
49,243,09:43,1
49,244,09:44,1
49,245,09:45,1
49,246,09:46,1
49,247,09:47,1
49,248,09:48,1
49,249,09:49,1
49,250,09:50,1
49,251,09:51,1
49,252,09:52,1
49,253,09:53,1
49,254,09:54,1
49,255,09:55,1
49,256,09:56,1
49,257,09:57,1
49,258,09:58,1
49,259,09:59,1
49,260,10:00,1
49,261,10:01,1
49,262,10:02,1
49,263,10:03,0
49,264,10:04,0
49,265,10:05,0
49,266,10:06,0
49,267,10:07,0
49,268,10:08,0
49,269,10:09,0
49,270,10:10,0
49,271,10:11,0
49,272,10:12,0
49,273,10:13,0
49,274,10:14,0
49,275,10:15,0
49,276,10:16,0
49,277,10:17,0
49,278,10:18,0
49,279,10:19,0
49,280,10:20,0
49,281,10:21,0
49,282,10:22,0
49,283,10:23,0
49,284,10:24,0
49,285,10:25,0
49,286,10:26,0
49,287,10:27,0
49,288,10:28,0
49,289,10:29,0
49,290,10:30,0
49,291,10:31,0
49,292,10:32,0
49,293,10:33,0
49,294,10:34,0
49,295,10:35,0
49,296,10:36,0
49,297,10:37,0
49,298,10:38,0
49,299,10:39,0
49,300,10:40,0
49,301,10:41,0
49,302,10:42,0
49,303,10:43,0
49,304,10:44,0
49,305,10:45,0
49,306,10:46,0
49,307,10:47,0
49,308,10:48,0
49,309,10:49,0
49,310,10:50,0
49,311,10:51,0
49,312,10:52,0
49,313,10:53,0
49,314,10:54,0
49,315,10:55,0
49,316,10:56,0
49,317,10:57,0
49,318,10:58,1
49,319,10:59,1
49,320,11:00,1
49,321,11:01,1
49,322,11:02,1
49,323,11:03,1
49,324,11:04,1
49,325,11:05,1
49,326,11:06,1
49,327,11:07,1
49,328,11:08,1
49,329,11:09,1
49,330,11:10,1
49,331,11:11,1
49,332,11:12,1
49,333,11:13,1
49,334,11:14,1
49,335,11:15,1
49,336,11:16,1
49,337,11:17,1
49,338,11:18,1
49,339,11:19,1
49,340,11:20,1
49,341,11:21,1
49,342,11:22,1
49,343,11:23,1
49,344,11:24,0
49,345,11:25,0
49,346,11:26,0
49,347,11:27,0
49,348,11:28,1
49,349,11:29,1
49,350,11:30,1
49,351,11:31,1
49,352,11:32,1
49,353,11:33,1
49,354,11:34,1
49,355,11:35,1
49,356,11:36,1
49,357,11:37,1
49,358,11:38,1
49,359,11:39,1
49,360,11:40,1
49,361,11:41,1
49,362,11:42,1
49,363,11:43,0
49,364,11:44,0
49,365,11:45,0
49,366,11:46,0
49,367,11:47,0
49,368,11:48,0
49,369,11:49,0
49,370,11:50,0
49,371,11:51,0
49,372,11:52,0
49,373,11:53,0
49,374,11:54,0
49,375,11:55,0
49,376,11:56,0
49,377,11:57,0
49,378,11:58,0
49,379,11:59,0
49,380,12:00,0
49,381,12:01,0
49,382,12:02,0
49,383,12:03,0
49,384,12:04,0
49,385,12:05,0
49,386,12:06,0
49,387,12:07,1
49,388,12:08,1
49,389,12:09,1
49,390,12:10,2
49,391,12:11,2
49,392,12:12,2
49,393,12:13,3
49,394,12:14,3
49,395,12:15,3
49,396,12:16,3
49,397,12:17,3
49,398,12:18,3
49,399,12:19,3
49,400,12:20,3
49,401,12:21,3
49,402,12:22,3
49,403,12:23,3
49,404,12:24,3
49,405,12:25,3
49,406,12:26,3
49,407,12:27,3
49,408,12:28,3
49,409,12:29,2
49,410,12:30,2
49,411,12:31,2
49,412,12:32,1
49,413,12:33,1
49,414,12:34,1
49,415,12:35,0
49,416,12:36,0
49,417,12:37,0
49,418,12:38,0
49,419,12:39,0
49,420,12:40,0
49,421,12:41,0
49,422,12:42,0
49,423,12:43,0
49,424,12:44,0
49,425,12:45,0
49,426,12:46,0
49,427,12:47,0
49,428,12:48,0
49,429,12:49,0
49,430,12:50,0
49,431,12:51,0
49,432,12:52,0
49,433,12:53,0
49,434,12:54,0
49,435,12:55,0
49,436,12:56,0
49,437,12:57,0
49,438,12:58,0
49,439,12:59,0
49,440,13:00,0
49,441,13:01,0
49,442,13:02,0
49,443,13:03,0
49,444,13:04,0
49,445,13:05,0
49,446,13:06,0
49,447,13:07,0
49,448,13:08,0
49,449,13:09,0
49,450,13:10,0
49,451,13:11,0
49,452,13:12,0
49,453,13:13,0
49,454,13:14,0
49,455,13:15,0
49,456,13:16,0
49,457,13:17,0
49,458,13:18,0
49,459,13:19,0
49,460,13:20,0
49,461,13:21,0
49,462,13:22,0
49,463,13:23,0
49,464,13:24,0
49,465,13:25,0
49,466,13:26,0
49,467,13:27,0
49,468,13:28,0
49,469,13:29,0
49,470,13:30,0
49,471,13:31,0
49,472,13:32,0
49,473,13:33,0
49,474,13:34,0
49,475,13:35,0
49,476,13:36,0
49,477,13:37,0
49,478,13:38,0
49,479,13:39,0
49,480,13:40,0
49,481,13:41,0
49,482,13:42,0
49,483,13:43,0
49,484,13:44,0
49,485,13:45,0
49,486,13:46,0
49,487,13:47,0
49,488,13:48,0
49,489,13:49,0
49,490,13:50,0
49,491,13:51,0
49,492,13:52,0
49,493,13:53,0
49,494,13:54,0
49,495,13:55,0
49,496,13:56,0
49,497,13:57,0
49,498,13:58,0
49,499,13:59,0
49,500,14:00,0
49,501,14:01,0
49,502,14:02,0
49,503,14:03,0
49,504,14:04,0
49,505,14:05,0
49,506,14:06,0
49,507,14:07,0
49,508,14:08,0
49,509,14:09,0
49,510,14:10,0
49,511,14:11,0
49,512,14:12,1
49,513,14:13,1
49,514,14:14,1
49,515,14:15,1
49,516,14:16,1
49,517,14:17,1
49,518,14:18,1
49,519,14:19,1
49,520,14:20,1
49,521,14:21,1
49,522,14:22,1
49,523,14:23,1
49,524,14:24,1
49,525,14:25,1
49,526,14:26,1
49,527,14:27,0
49,528,14:28,0
49,529,14:29,0
49,530,14:30,0
49,531,14:31,0
49,532,14:32,0
49,533,14:33,0
49,534,14:34,0
49,535,14:35,0
49,536,14:36,0
49,537,14:37,0
49,538,14:38,0
49,539,14:39,1
49,540,14:40,1
49,541,14:41,1
49,542,14:42,1
49,543,14:43,1
49,544,14:44,1
49,545,14:45,1
49,546,14:46,1
49,547,14:47,1
49,548,14:48,1
49,549,14:49,1
49,550,14:50,1
49,551,14:51,1
49,552,14:52,1
49,553,14:53,1
49,554,14:54,1
49,555,14:55,1
49,556,14:56,1
49,557,14:57,1
49,558,14:58,1
49,559,14:59,1
49,560,15:00,1
49,561,15:01,1
49,562,15:02,1
49,563,15:03,0
49,564,15:04,0
49,565,15:05,0
49,566,15:06,1
49,567,15:07,1
49,568,15:08,1
49,569,15:09,2
49,570,15:10,2
49,571,15:11,2
49,572,15:12,2
49,573,15:13,2
49,574,15:14,2
49,575,15:15,2
49,576,15:16,2
49,577,15:17,2
49,578,15:18,2
49,579,15:19,1
49,580,15:20,1
49,581,15:21,1
49,582,15:22,0
49,583,15:23,0
49,584,15:24,0
49,585,15:25,0
49,586,15:26,0
49,587,15:27,0
49,588,15:28,0
49,589,15:29,0
49,590,15:30,0
49,591,15:31,0
49,592,15:32,0
49,593,15:33,0
49,594,15:34,0
49,595,15:35,0
49,596,15:36,0
49,597,15:37,0
49,598,15:38,0
49,599,15:39,0
49,600,15:40,0
49,601,15:41,0
49,602,15:42,0
49,603,15:43,0
49,604,15:44,0
49,605,15:45,0
49,606,15:46,0
49,607,15:47,0
49,608,15:48,0
49,609,15:49,0
49,610,15:50,0
49,611,15:51,0
49,612,15:52,1
49,613,15:53,1
49,614,15:54,1
49,615,15:55,1
49,616,15:56,1
49,617,15:57,1
49,618,15:58,1
49,619,15:59,1
49,620,16:00,1
49,621,16:01,1
49,622,16:02,1
49,623,16:03,1
49,624,16:04,1
49,625,16:05,1
49,626,16:06,1
49,627,16:07,1
49,628,16:08,1
49,629,16:09,1
49,630,16:10,1
49,631,16:11,0
49,632,16:12,0
49,633,16:13,0
49,634,16:14,0
49,635,16:15,0
49,636,16:16,0
49,637,16:17,0
49,638,16:18,0
49,639,16:19,0
49,640,16:20,0
49,641,16:21,0
49,642,16:22,1
49,643,16:23,1
49,644,16:24,1
49,645,16:25,1
49,646,16:26,1
49,647,16:27,1
49,648,16:28,1
49,649,16:29,1
49,650,16:30,1
49,651,16:31,1
49,652,16:32,0
49,653,16:33,0
49,654,16:34,0
49,655,16:35,0
49,656,16:36,0
49,657,16:37,0
49,658,16:38,0
49,659,16:39,0
49,660,16:40,0
49,661,16:41,0
49,662,16:42,0
49,663,16:43,0
49,664,16:44,0
49,665,16:45,1
49,666,16:46,1
49,667,16:47,1
49,668,16:48,2
49,669,16:49,2
49,670,16:50,2
49,671,16:51,3
49,672,16:52,3
49,673,16:53,3
49,674,16:54,3
49,675,16:55,3
49,676,16:56,3
49,677,16:57,3
49,678,16:58,3
49,679,16:59,3
49,680,17:00,2
49,681,17:01,2
49,682,17:02,2
49,683,17:03,1
49,684,17:04,1
49,685,17:05,1
49,686,17:06,0
49,687,17:07,0
49,688,17:08,0
49,689,17:09,2
49,690,17:10,2
49,691,17:11,2
49,692,17:12,4
49,693,17:13,4
49,694,17:14,4
49,695,17:15,4
49,696,17:16,4
49,697,17:17,4
49,698,17:18,4
49,699,17:19,4
49,700,17:20,4
49,701,17:21,4
49,702,17:22,2
49,703,17:23,2
49,704,17:24,2
49,705,17:25,0
49,706,17:26,0
49,707,17:27,0
49,708,17:28,1
49,709,17:29,1
49,710,17:30,1
49,711,17:31,1
49,712,17:32,1
49,713,17:33,1
49,714,17:34,1
49,715,17:35,1
49,716,17:36,1
49,717,17:37,0
49,718,17:38,0
49,719,17:39,0
49,720,17:40,2
49,721,17:41,2
49,722,17:42,2
49,723,17:43,2
49,724,17:44,2
49,725,17:45,2
49,726,17:46,2
49,727,17:47,2
49,728,17:48,2
49,729,17:49,2
49,730,17:50,2
49,731,17:51,0
49,732,17:52,0
49,733,17:53,0
49,734,17:54,0
49,735,17:55,0
49,736,17:56,0
49,737,17:57,0
49,738,17:58,0
49,739,17:59,0
49,740,18:00,0
49,741,18:01,0
49,742,18:02,0
49,743,18:03,0
49,744,18:04,0
49,745,18:05,0
49,746,18:06,0
49,747,18:07,0
49,748,18:08,1
49,749,18:09,1
49,750,18:10,1
49,751,18:11,1
49,752,18:12,1
49,753,18:13,1
49,754,18:14,1
49,755,18:15,1
49,756,18:16,1
49,757,18:17,1
49,758,18:18,1
49,759,18:19,0
49,760,18:20,0
49,761,18:21,0
49,762,18:22,0
49,763,18:23,0
49,764,18:24,0
49,765,18:25,0
49,766,18:26,0
49,767,18:27,0
49,768,18:28,1
49,769,18:29,1
49,770,18:30,1
49,771,18:31,2
49,772,18:32,2
49,773,18:33,2
49,774,18:34,2
49,775,18:35,2
49,776,18:36,2
49,777,18:37,2
49,778,18:38,2
49,779,18:39,2
49,780,18:40,2
49,781,18:41,2
49,782,18:42,2
49,783,18:43,2
49,784,18:44,2
49,785,18:45,1
49,786,18:46,1
49,787,18:47,1
49,788,18:48,0
49,789,18:49,0
49,790,18:50,0
49,791,18:51,2
49,792,18:52,2
49,793,18:53,2
49,794,18:54,2
49,795,18:55,2
49,796,18:56,2
49,797,18:57,2
49,798,18:58,2
49,799,18:59,2
49,800,19:00,2
49,801,19:01,2
49,802,19:02,2
49,803,19:03,2
49,804,19:04,2
49,805,19:05,2
49,806,19:06,2
49,807,19:07,2
49,808,19:08,2
49,809,19:09,2
49,810,19:10,2
49,811,19:11,0
49,812,19:12,0
49,813,19:13,0
49,814,19:14,0
49,815,19:15,0
49,816,19:16,0
49,817,19:17,0
49,818,19:18,0
49,819,19:19,0
49,820,19:20,0
49,821,19:21,0
49,822,19:22,0
49,823,19:23,0
49,824,19:24,0
49,825,19:25,0
49,826,19:26,0
49,827,19:27,0
49,828,19:28,0
49,829,19:29,0
49,830,19:30,0
49,831,19:31,0
49,832,19:32,0
49,833,19:33,0
49,834,19:34,0
49,835,19:35,0
50,0,05:40,0
50,1,05:41,0
50,2,05:42,0
50,3,05:43,0
50,4,05:44,0
50,5,05:45,0
50,6,05:46,0
50,7,05:47,0
50,8,05:48,0
50,9,05:49,0
50,10,05:50,0
50,11,05:51,0
50,12,05:52,0
50,13,05:53,0
50,14,05:54,0
50,15,05:55,0
50,16,05:56,0
50,17,05:57,0
50,18,05:58,0
50,19,05:59,0
50,20,06:00,0
50,21,06:01,0
50,22,06:02,0
50,23,06:03,0
50,24,06:04,1
50,25,06:05,1
50,26,06:06,1
50,27,06:07,2
50,28,06:08,2
50,29,06:09,2
50,30,06:10,2
50,31,06:11,2
50,32,06:12,2
50,33,06:13,2
50,34,06:14,2
50,35,06:15,2
50,36,06:16,2
50,37,06:17,2
50,38,06:18,2
50,39,06:19,2
50,40,06:20,2
50,41,06:21,2
50,42,06:22,2
50,43,06:23,2
50,44,06:24,2
50,45,06:25,1
50,46,06:26,1
50,47,06:27,1
50,48,06:28,0
50,49,06:29,0
50,50,06:30,0
50,51,06:31,0
50,52,06:32,0
50,53,06:33,0
50,54,06:34,0
50,55,06:35,0
50,56,06:36,0
50,57,06:37,0
50,58,06:38,0
50,59,06:39,0
50,60,06:40,0
50,61,06:41,0
50,62,06:42,0
50,63,06:43,0
50,64,06:44,0
50,65,06:45,0
50,66,06:46,0
50,67,06:47,0
50,68,06:48,0
50,69,06:49,0
50,70,06:50,0
50,71,06:51,0
50,72,06:52,0
50,73,06:53,0
50,74,06:54,0
50,75,06:55,0
50,76,06:56,0
50,77,06:57,0
50,78,06:58,0
50,79,06:59,0
50,80,07:00,0
50,81,07:01,0
50,82,07:02,0
50,83,07:03,0
50,84,07:04,0
50,85,07:05,0
50,86,07:06,0
50,87,07:07,0
50,88,07:08,0
50,89,07:09,0
50,90,07:10,0
50,91,07:11,0
50,92,07:12,0
50,93,07:13,0
50,94,07:14,0
50,95,07:15,0
50,96,07:16,0
50,97,07:17,0
50,98,07:18,0
50,99,07:19,0
50,100,07:20,0
50,101,07:21,0
50,102,07:22,0
50,103,07:23,0
50,104,07:24,0
50,105,07:25,0
50,106,07:26,0
50,107,07:27,0
50,108,07:28,0
50,109,07:29,0
50,110,07:30,0
50,111,07:31,0
50,112,07:32,0
50,113,07:33,0
50,114,07:34,0
50,115,07:35,0
50,116,07:36,0
50,117,07:37,0
50,118,07:38,0
50,119,07:39,0
50,120,07:40,0
50,121,07:41,0
50,122,07:42,0
50,123,07:43,0
50,124,07:44,0
50,125,07:45,0
50,126,07:46,0
50,127,07:47,0
50,128,07:48,0
50,129,07:49,0
50,130,07:50,0
50,131,07:51,0
50,132,07:52,0
50,133,07:53,0
50,134,07:54,0
50,135,07:55,0
50,136,07:56,0
50,137,07:57,0
50,138,07:58,0
50,139,07:59,0
50,140,08:00,0
50,141,08:01,0
50,142,08:02,0
50,143,08:03,0
50,144,08:04,0
50,145,08:05,0
50,146,08:06,0
50,147,08:07,0
50,148,08:08,0
50,149,08:09,0
50,150,08:10,0
50,151,08:11,0
50,152,08:12,0
50,153,08:13,0
50,154,08:14,0
50,155,08:15,0
50,156,08:16,0
50,157,08:17,0
50,158,08:18,0
50,159,08:19,0
50,160,08:20,0
50,161,08:21,0
50,162,08:22,0
50,163,08:23,0
50,164,08:24,0
50,165,08:25,0
50,166,08:26,0
50,167,08:27,0
50,168,08:28,0
50,169,08:29,0
50,170,08:30,0
50,171,08:31,0
50,172,08:32,0
50,173,08:33,0
50,174,08:34,0
50,175,08:35,0
50,176,08:36,0
50,177,08:37,0
50,178,08:38,0
50,179,08:39,0
50,180,08:40,0
50,181,08:41,0
50,182,08:42,0
50,183,08:43,0
50,184,08:44,0
50,185,08:45,0
50,186,08:46,0
50,187,08:47,0
50,188,08:48,0
50,189,08:49,0
50,190,08:50,0
50,191,08:51,0
50,192,08:52,0
50,193,08:53,0
50,194,08:54,0
50,195,08:55,0
50,196,08:56,0
50,197,08:57,0
50,198,08:58,0
50,199,08:59,0
50,200,09:00,0
50,201,09:01,0
50,202,09:02,0
50,203,09:03,0
50,204,09:04,0
50,205,09:05,0
50,206,09:06,0
50,207,09:07,0
50,208,09:08,0
50,209,09:09,0
50,210,09:10,0
50,211,09:11,0
50,212,09:12,0
50,213,09:13,0
50,214,09:14,0
50,215,09:15,0
50,216,09:16,0
50,217,09:17,0
50,218,09:18,0
50,219,09:19,0
50,220,09:20,0
50,221,09:21,0
50,222,09:22,0
50,223,09:23,0
50,224,09:24,0
50,225,09:25,0
50,226,09:26,0
50,227,09:27,0
50,228,09:28,0
50,229,09:29,0
50,230,09:30,0
50,231,09:31,0
50,232,09:32,0
50,233,09:33,0
50,234,09:34,0
50,235,09:35,0
50,236,09:36,0
50,237,09:37,0
50,238,09:38,0
50,239,09:39,0
50,240,09:40,0
50,241,09:41,0
50,242,09:42,0
50,243,09:43,0
50,244,09:44,0
50,245,09:45,0
50,246,09:46,0
50,247,09:47,0
50,248,09:48,0
50,249,09:49,0
50,250,09:50,0
50,251,09:51,0
50,252,09:52,0
50,253,09:53,0
50,254,09:54,0
50,255,09:55,0
50,256,09:56,0
50,257,09:57,0
50,258,09:58,0
50,259,09:59,0
50,260,10:00,0
50,261,10:01,0
50,262,10:02,0
50,263,10:03,0
50,264,10:04,1
50,265,10:05,1
50,266,10:06,1
50,267,10:07,2
50,268,10:08,2
50,269,10:09,2
50,270,10:10,2
50,271,10:11,2
50,272,10:12,2
50,273,10:13,2
50,274,10:14,2
50,275,10:15,2
50,276,10:16,2
50,277,10:17,2
50,278,10:18,2
50,279,10:19,2
50,280,10:20,2
50,281,10:21,2
50,282,10:22,2
50,283,10:23,2
50,284,10:24,2
50,285,10:25,2
50,286,10:26,1
50,287,10:27,1
50,288,10:28,1
50,289,10:29,0
50,290,10:30,0
50,291,10:31,0
50,292,10:32,0
50,293,10:33,0
50,294,10:34,0
50,295,10:35,0
50,296,10:36,0
50,297,10:37,0
50,298,10:38,0
50,299,10:39,0
50,300,10:40,0
50,301,10:41,0
50,302,10:42,0
50,303,10:43,0
50,304,10:44,0
50,305,10:45,0
50,306,10:46,0
50,307,10:47,1
50,308,10:48,1
50,309,10:49,1
50,310,10:50,1
50,311,10:51,1
50,312,10:52,1
50,313,10:53,1
50,314,10:54,1
50,315,10:55,1
50,316,10:56,1
50,317,10:57,1
50,318,10:58,1
50,319,10:59,1
50,320,11:00,1
50,321,11:01,1
50,322,11:02,1
50,323,11:03,1
50,324,11:04,1
50,325,11:05,1
50,326,11:06,1
50,327,11:07,1
50,328,11:08,1
50,329,11:09,1
50,330,11:10,0
50,331,11:11,0
50,332,11:12,0
50,333,11:13,1
50,334,11:14,1
50,335,11:15,1
50,336,11:16,2
50,337,11:17,2
50,338,11:18,2
50,339,11:19,2
50,340,11:20,2
50,341,11:21,2
50,342,11:22,2
50,343,11:23,2
50,344,11:24,2
50,345,11:25,2
50,346,11:26,2
50,347,11:27,2
50,348,11:28,2
50,349,11:29,2
50,350,11:30,2
50,351,11:31,2
50,352,11:32,2
50,353,11:33,2
50,354,11:34,2
50,355,11:35,1
50,356,11:36,1
50,357,11:37,1
50,358,11:38,1
50,359,11:39,1
50,360,11:40,1
50,361,11:41,1
50,362,11:42,1
50,363,11:43,1
50,364,11:44,0
50,365,11:45,0
50,366,11:46,0
50,367,11:47,0
50,368,11:48,0
50,369,11:49,0
50,370,11:50,0
50,371,11:51,0
50,372,11:52,0
50,373,11:53,0
50,374,11:54,0
50,375,11:55,0
50,376,11:56,0
50,377,11:57,0
50,378,11:58,0
50,379,11:59,0
50,380,12:00,0
50,381,12:01,0
50,382,12:02,0
50,383,12:03,0
50,384,12:04,0
50,385,12:05,0
50,386,12:06,0
50,387,12:07,0
50,388,12:08,0
50,389,12:09,0
50,390,12:10,0
50,391,12:11,0
50,392,12:12,0
50,393,12:13,0
50,394,12:14,0
50,395,12:15,0
50,396,12:16,0
50,397,12:17,0
50,398,12:18,0
50,399,12:19,0
50,400,12:20,0
50,401,12:21,0
50,402,12:22,0
50,403,12:23,0
50,404,12:24,0
50,405,12:25,0
50,406,12:26,0
50,407,12:27,0
50,408,12:28,0
50,409,12:29,0
50,410,12:30,0
50,411,12:31,0
50,412,12:32,0
50,413,12:33,0
50,414,12:34,0
50,415,12:35,0
50,416,12:36,0
50,417,12:37,0
50,418,12:38,0
50,419,12:39,0
50,420,12:40,0
50,421,12:41,0
50,422,12:42,0
50,423,12:43,0
50,424,12:44,0
50,425,12:45,0
50,426,12:46,0
50,427,12:47,0
50,428,12:48,0
50,429,12:49,0
50,430,12:50,0
50,431,12:51,0
50,432,12:52,0
50,433,12:53,0
50,434,12:54,0
50,435,12:55,0
50,436,12:56,0
50,437,12:57,0
50,438,12:58,0
50,439,12:59,0
50,440,13:00,0
50,441,13:01,0
50,442,13:02,0
50,443,13:03,0
50,444,13:04,0
50,445,13:05,0
50,446,13:06,0
50,447,13:07,0
50,448,13:08,0
50,449,13:09,0
50,450,13:10,0
50,451,13:11,0
50,452,13:12,0
50,453,13:13,0
50,454,13:14,0
50,455,13:15,0
50,456,13:16,0
50,457,13:17,0
50,458,13:18,0
50,459,13:19,0
50,460,13:20,0
50,461,13:21,0
50,462,13:22,0
50,463,13:23,0
50,464,13:24,0
50,465,13:25,0
50,466,13:26,0
50,467,13:27,0
50,468,13:28,0
50,469,13:29,0
50,470,13:30,0
50,471,13:31,0
50,472,13:32,0
50,473,13:33,0
50,474,13:34,0
50,475,13:35,0
50,476,13:36,0
50,477,13:37,0
50,478,13:38,0
50,479,13:39,0
50,480,13:40,0
50,481,13:41,0
50,482,13:42,0
50,483,13:43,0
50,484,13:44,0
50,485,13:45,0
50,486,13:46,0
50,487,13:47,0
50,488,13:48,0
50,489,13:49,0
50,490,13:50,0
50,491,13:51,0
50,492,13:52,0
50,493,13:53,0
50,494,13:54,0
50,495,13:55,0
50,496,13:56,0
50,497,13:57,0
50,498,13:58,0
50,499,13:59,0
50,500,14:00,0
50,501,14:01,0
50,502,14:02,0
50,503,14:03,0
50,504,14:04,0
50,505,14:05,0
50,506,14:06,0
50,507,14:07,0
50,508,14:08,0
50,509,14:09,0
50,510,14:10,0
50,511,14:11,0
50,512,14:12,0
50,513,14:13,0
50,514,14:14,0
50,515,14:15,0
50,516,14:16,0
50,517,14:17,0
50,518,14:18,0
50,519,14:19,0
50,520,14:20,0
50,521,14:21,0
50,522,14:22,0
50,523,14:23,0
50,524,14:24,0
50,525,14:25,0
50,526,14:26,0
50,527,14:27,0
50,528,14:28,0
50,529,14:29,0
50,530,14:30,0
50,531,14:31,1
50,532,14:32,1
50,533,14:33,1
50,534,14:34,1
50,535,14:35,1
50,536,14:36,1
50,537,14:37,1
50,538,14:38,1
50,539,14:39,1
50,540,14:40,1
50,541,14:41,1
50,542,14:42,1
50,543,14:43,1
50,544,14:44,0
50,545,14:45,0
50,546,14:46,0
50,547,14:47,0
50,548,14:48,0
50,549,14:49,0
50,550,14:50,1
50,551,14:51,1
50,552,14:52,1
50,553,14:53,1
50,554,14:54,1
50,555,14:55,1
50,556,14:56,2
50,557,14:57,2
50,558,14:58,2
50,559,14:59,2
50,560,15:00,2
50,561,15:01,2
50,562,15:02,2
50,563,15:03,2
50,564,15:04,2
50,565,15:05,2
50,566,15:06,2
50,567,15:07,1
50,568,15:08,1
50,569,15:09,1
50,570,15:10,0
50,571,15:11,0
50,572,15:12,0
50,573,15:13,0
50,574,15:14,0
50,575,15:15,0
50,576,15:16,0
50,577,15:17,0
50,578,15:18,0
50,579,15:19,0
50,580,15:20,0
50,581,15:21,0
50,582,15:22,0
50,583,15:23,0
50,584,15:24,0
50,585,15:25,0
50,586,15:26,0
50,587,15:27,0
50,588,15:28,0
50,589,15:29,0
50,590,15:30,0
50,591,15:31,0
50,592,15:32,0
50,593,15:33,0
50,594,15:34,0
50,595,15:35,0
50,596,15:36,0
50,597,15:37,0
50,598,15:38,0
50,599,15:39,0
50,600,15:40,0
50,601,15:41,0
50,602,15:42,0
50,603,15:43,0
50,604,15:44,0
50,605,15:45,0
50,606,15:46,1
50,607,15:47,1
50,608,15:48,1
50,609,15:49,2
50,610,15:50,2
50,611,15:51,2
50,612,15:52,2
50,613,15:53,2
50,614,15:54,2
50,615,15:55,2
50,616,15:56,2
50,617,15:57,2
50,618,15:58,2
50,619,15:59,2
50,620,16:00,2
50,621,16:01,2
50,622,16:02,2
50,623,16:03,2
50,624,16:04,2
50,625,16:05,2
50,626,16:06,2
50,627,16:07,1
50,628,16:08,1
50,629,16:09,1
50,630,16:10,0
50,631,16:11,0
50,632,16:12,0
50,633,16:13,0
50,634,16:14,0
50,635,16:15,1
50,636,16:16,1
50,637,16:17,1
50,638,16:18,1
50,639,16:19,1
50,640,16:20,1
50,641,16:21,1
50,642,16:22,1
50,643,16:23,1
50,644,16:24,1
50,645,16:25,1
50,646,16:26,1
50,647,16:27,1
50,648,16:28,1
50,649,16:29,1
50,650,16:30,1
50,651,16:31,1
50,652,16:32,1
50,653,16:33,1
50,654,16:34,1
50,655,16:35,1
50,656,16:36,1
50,657,16:37,0
50,658,16:38,0
50,659,16:39,0
50,660,16:40,0
50,661,16:41,0
50,662,16:42,0
50,663,16:43,0
50,664,16:44,0
50,665,16:45,0
50,666,16:46,1
50,667,16:47,1
50,668,16:48,1
50,669,16:49,1
50,670,16:50,1
50,671,16:51,1
50,672,16:52,1
50,673,16:53,1
50,674,16:54,1
50,675,16:55,0
50,676,16:56,0
50,677,16:57,0
50,678,16:58,0
50,679,16:59,0
50,680,17:00,0
50,681,17:01,0
50,682,17:02,0
50,683,17:03,0
50,684,17:04,0
50,685,17:05,0
50,686,17:06,0
50,687,17:07,0
50,688,17:08,0
50,689,17:09,2
50,690,17:10,2
50,691,17:11,2
50,692,17:12,4
50,693,17:13,4
50,694,17:14,4
50,695,17:15,4
50,696,17:16,4
50,697,17:17,4
50,698,17:18,4
50,699,17:19,4
50,700,17:20,4
50,701,17:21,4
50,702,17:22,4
50,703,17:23,2
50,704,17:24,2
50,705,17:25,2
50,706,17:26,0
50,707,17:27,0
50,708,17:28,0
50,709,17:29,0
50,710,17:30,0
50,711,17:31,0
50,712,17:32,0
50,713,17:33,0
50,714,17:34,0
50,715,17:35,0
50,716,17:36,0
50,717,17:37,0
50,718,17:38,0
50,719,17:39,0
50,720,17:40,0
50,721,17:41,0
50,722,17:42,0
50,723,17:43,0
50,724,17:44,0
50,725,17:45,0
50,726,17:46,0
50,727,17:47,0
50,728,17:48,0
50,729,17:49,0
50,730,17:50,0
50,731,17:51,1
50,732,17:52,1
50,733,17:53,1
50,734,17:54,1
50,735,17:55,1
50,736,17:56,1
50,737,17:57,1
50,738,17:58,1
50,739,17:59,1
50,740,18:00,1
50,741,18:01,1
50,742,18:02,1
50,743,18:03,1
50,744,18:04,1
50,745,18:05,0
50,746,18:06,0
50,747,18:07,0
50,748,18:08,0
50,749,18:09,0
50,750,18:10,0
50,751,18:11,0
50,752,18:12,0
50,753,18:13,0
50,754,18:14,0
50,755,18:15,1
50,756,18:16,1
50,757,18:17,1
50,758,18:18,1
50,759,18:19,1
50,760,18:20,1
50,761,18:21,1
50,762,18:22,1
50,763,18:23,1
50,764,18:24,1
50,765,18:25,1
50,766,18:26,1
50,767,18:27,1
50,768,18:28,1
50,769,18:29,1
50,770,18:30,1
50,771,18:31,1
50,772,18:32,1
50,773,18:33,1
50,774,18:34,1
50,775,18:35,1
50,776,18:36,1
50,777,18:37,0
50,778,18:38,0
50,779,18:39,0
50,780,18:40,0
50,781,18:41,0
50,782,18:42,0
50,783,18:43,0
50,784,18:44,0
50,785,18:45,0
50,786,18:46,0
50,787,18:47,0
50,788,18:48,0
50,789,18:49,0
50,790,18:50,0
50,791,18:51,0
50,792,18:52,0
50,793,18:53,0
50,794,18:54,0
50,795,18:55,0
50,796,18:56,0
50,797,18:57,0
50,798,18:58,0
50,799,18:59,0
50,800,19:00,0
50,801,19:01,0
50,802,19:02,0
50,803,19:03,0
50,804,19:04,0
50,805,19:05,0
50,806,19:06,0
50,807,19:07,0
50,808,19:08,0
50,809,19:09,0
50,810,19:10,0
50,811,19:11,0
50,812,19:12,0
50,813,19:13,0
50,814,19:14,0
50,815,19:15,0
50,816,19:16,0
50,817,19:17,0
50,818,19:18,0
50,819,19:19,0
50,820,19:20,0
50,821,19:21,0
50,822,19:22,0
50,823,19:23,0
50,824,19:24,0
50,825,19:25,0
50,826,19:26,0
50,827,19:27,0
50,828,19:28,0
50,829,19:29,0
50,830,19:30,0
50,831,19:31,0
50,832,19:32,0
50,833,19:33,0
50,834,19:34,0
50,835,19:35,0
51,0,05:40,0
51,1,05:41,0
51,2,05:42,0
51,3,05:43,0
51,4,05:44,0
51,5,05:45,0
51,6,05:46,0
51,7,05:47,0
51,8,05:48,0
51,9,05:49,0
51,10,05:50,0
51,11,05:51,0
51,12,05:52,0
51,13,05:53,0
51,14,05:54,0
51,15,05:55,0
51,16,05:56,0
51,17,05:57,0
51,18,05:58,0
51,19,05:59,0
51,20,06:00,0
51,21,06:01,0
51,22,06:02,0
51,23,06:03,0
51,24,06:04,0
51,25,06:05,0
51,26,06:06,0
51,27,06:07,0
51,28,06:08,0
51,29,06:09,0
51,30,06:10,0
51,31,06:11,0
51,32,06:12,0
51,33,06:13,0
51,34,06:14,0
51,35,06:15,0
51,36,06:16,0
51,37,06:17,0
51,38,06:18,0
51,39,06:19,0
51,40,06:20,0
51,41,06:21,0
51,42,06:22,0
51,43,06:23,0
51,44,06:24,0
51,45,06:25,0
51,46,06:26,0
51,47,06:27,0
51,48,06:28,0
51,49,06:29,0
51,50,06:30,0
51,51,06:31,0
51,52,06:32,0
51,53,06:33,0
51,54,06:34,0
51,55,06:35,0
51,56,06:36,0
51,57,06:37,0
51,58,06:38,0
51,59,06:39,0
51,60,06:40,0
51,61,06:41,0
51,62,06:42,0
51,63,06:43,0
51,64,06:44,0
51,65,06:45,0
51,66,06:46,0
51,67,06:47,0
51,68,06:48,0
51,69,06:49,0
51,70,06:50,0
51,71,06:51,0
51,72,06:52,0
51,73,06:53,0
51,74,06:54,0
51,75,06:55,0
51,76,06:56,0
51,77,06:57,0
51,78,06:58,0
51,79,06:59,0
51,80,07:00,0
51,81,07:01,0
51,82,07:02,0
51,83,07:03,0
51,84,07:04,0
51,85,07:05,0
51,86,07:06,0
51,87,07:07,0
51,88,07:08,0
51,89,07:09,0
51,90,07:10,0
51,91,07:11,0
51,92,07:12,0
51,93,07:13,0
51,94,07:14,0
51,95,07:15,0
51,96,07:16,0
51,97,07:17,0
51,98,07:18,0
51,99,07:19,0
51,100,07:20,0
51,101,07:21,0
51,102,07:22,0
51,103,07:23,0
51,104,07:24,0
51,105,07:25,0
51,106,07:26,0
51,107,07:27,0
51,108,07:28,0
51,109,07:29,0
51,110,07:30,0
51,111,07:31,0
51,112,07:32,0
51,113,07:33,0
51,114,07:34,0
51,115,07:35,0
51,116,07:36,0
51,117,07:37,0
51,118,07:38,0
51,119,07:39,0
51,120,07:40,0
51,121,07:41,0
51,122,07:42,0
51,123,07:43,0
51,124,07:44,0
51,125,07:45,0
51,126,07:46,0
51,127,07:47,0
51,128,07:48,0
51,129,07:49,0
51,130,07:50,0
51,131,07:51,0
51,132,07:52,0
51,133,07:53,0
51,134,07:54,0
51,135,07:55,0
51,136,07:56,0
51,137,07:57,0
51,138,07:58,0
51,139,07:59,0
51,140,08:00,0
51,141,08:01,0
51,142,08:02,0
51,143,08:03,0
51,144,08:04,0
51,145,08:05,0
51,146,08:06,0
51,147,08:07,0
51,148,08:08,0
51,149,08:09,0
51,150,08:10,0
51,151,08:11,0
51,152,08:12,0
51,153,08:13,0
51,154,08:14,0
51,155,08:15,0
51,156,08:16,0
51,157,08:17,0
51,158,08:18,0
51,159,08:19,0
51,160,08:20,0
51,161,08:21,0
51,162,08:22,0
51,163,08:23,0
51,164,08:24,0
51,165,08:25,0
51,166,08:26,0
51,167,08:27,0
51,168,08:28,0
51,169,08:29,0
51,170,08:30,0
51,171,08:31,0
51,172,08:32,0
51,173,08:33,0
51,174,08:34,0
51,175,08:35,0
51,176,08:36,0
51,177,08:37,0
51,178,08:38,0
51,179,08:39,0
51,180,08:40,0
51,181,08:41,0
51,182,08:42,0
51,183,08:43,0
51,184,08:44,0
51,185,08:45,0
51,186,08:46,0
51,187,08:47,0
51,188,08:48,0
51,189,08:49,0
51,190,08:50,0
51,191,08:51,0
51,192,08:52,0
51,193,08:53,0
51,194,08:54,0
51,195,08:55,0
51,196,08:56,0
51,197,08:57,0
51,198,08:58,0
51,199,08:59,0
51,200,09:00,1
51,201,09:01,1
51,202,09:02,1
51,203,09:03,1
51,204,09:04,1
51,205,09:05,1
51,206,09:06,2
51,207,09:07,2
51,208,09:08,2
51,209,09:09,2
51,210,09:10,2
51,211,09:11,2
51,212,09:12,2
51,213,09:13,2
51,214,09:14,2
51,215,09:15,1
51,216,09:16,1
51,217,09:17,1
51,218,09:18,0
51,219,09:19,0
51,220,09:20,0
51,221,09:21,0
51,222,09:22,0
51,223,09:23,0
51,224,09:24,0
51,225,09:25,0
51,226,09:26,0
51,227,09:27,0
51,228,09:28,0
51,229,09:29,0
51,230,09:30,0
51,231,09:31,0
51,232,09:32,0
51,233,09:33,0
51,234,09:34,0
51,235,09:35,0
51,236,09:36,0
51,237,09:37,0
51,238,09:38,0
51,239,09:39,0
51,240,09:40,0
51,241,09:41,0
51,242,09:42,0
51,243,09:43,0
51,244,09:44,0
51,245,09:45,0
51,246,09:46,0
51,247,09:47,0
51,248,09:48,0
51,249,09:49,0
51,250,09:50,0
51,251,09:51,0
51,252,09:52,0
51,253,09:53,0
51,254,09:54,0
51,255,09:55,0
51,256,09:56,0
51,257,09:57,0
51,258,09:58,0
51,259,09:59,0
51,260,10:00,0
51,261,10:01,0
51,262,10:02,0
51,263,10:03,0
51,264,10:04,0
51,265,10:05,0
51,266,10:06,0
51,267,10:07,1
51,268,10:08,1
51,269,10:09,1
51,270,10:10,1
51,271,10:11,1
51,272,10:12,1
51,273,10:13,1
51,274,10:14,1
51,275,10:15,1
51,276,10:16,1
51,277,10:17,1
51,278,10:18,1
51,279,10:19,1
51,280,10:20,1
51,281,10:21,1
51,282,10:22,0
51,283,10:23,0
51,284,10:24,0
51,285,10:25,1
51,286,10:26,1
51,287,10:27,1
51,288,10:28,1
51,289,10:29,1
51,290,10:30,1
51,291,10:31,1
51,292,10:32,1
51,293,10:33,1
51,294,10:34,1
51,295,10:35,1
51,296,10:36,1
51,297,10:37,1
51,298,10:38,1
51,299,10:39,0
51,300,10:40,0
51,301,10:41,0
51,302,10:42,0
51,303,10:43,0
51,304,10:44,0
51,305,10:45,0
51,306,10:46,0
51,307,10:47,0
51,308,10:48,0
51,309,10:49,0
51,310,10:50,0
51,311,10:51,0
51,312,10:52,0
51,313,10:53,0
51,314,10:54,0
51,315,10:55,0
51,316,10:56,0
51,317,10:57,0
51,318,10:58,0
51,319,10:59,0
51,320,11:00,0
51,321,11:01,1
51,322,11:02,1
51,323,11:03,1
51,324,11:04,1
51,325,11:05,1
51,326,11:06,1
51,327,11:07,2
51,328,11:08,2
51,329,11:09,2
51,330,11:10,2
51,331,11:11,2
51,332,11:12,2
51,333,11:13,2
51,334,11:14,2
51,335,11:15,2
51,336,11:16,2
51,337,11:17,2
51,338,11:18,2
51,339,11:19,2
51,340,11:20,2
51,341,11:21,2
51,342,11:22,2
51,343,11:23,2
51,344,11:24,2
51,345,11:25,1
51,346,11:26,1
51,347,11:27,1
51,348,11:28,0
51,349,11:29,0
51,350,11:30,0
51,351,11:31,1
51,352,11:32,1
51,353,11:33,1
51,354,11:34,1
51,355,11:35,1
51,356,11:36,1
51,357,11:37,1
51,358,11:38,1
51,359,11:39,1
51,360,11:40,1
51,361,11:41,1
51,362,11:42,1
51,363,11:43,1
51,364,11:44,0
51,365,11:45,0
51,366,11:46,0
51,367,11:47,1
51,368,11:48,1
51,369,11:49,1
51,370,11:50,2
51,371,11:51,2
51,372,11:52,2
51,373,11:53,2
51,374,11:54,2
51,375,11:55,2
51,376,11:56,2
51,377,11:57,2
51,378,11:58,2
51,379,11:59,2
51,380,12:00,1
51,381,12:01,1
51,382,12:02,1
51,383,12:03,0
51,384,12:04,0
51,385,12:05,0
51,386,12:06,0
51,387,12:07,1
51,388,12:08,1
51,389,12:09,1
51,390,12:10,1
51,391,12:11,1
51,392,12:12,1
51,393,12:13,1
51,394,12:14,1
51,395,12:15,1
51,396,12:16,1
51,397,12:17,2
51,398,12:18,2
51,399,12:19,2
51,400,12:20,2
51,401,12:21,2
51,402,12:22,2
51,403,12:23,2
51,404,12:24,2
51,405,12:25,2
51,406,12:26,2
51,407,12:27,2
51,408,12:28,2
51,409,12:29,2
51,410,12:30,2
51,411,12:31,2
51,412,12:32,1
51,413,12:33,1
51,414,12:34,1
51,415,12:35,0
51,416,12:36,0
51,417,12:37,0
51,418,12:38,0
51,419,12:39,0
51,420,12:40,0
51,421,12:41,0
51,422,12:42,0
51,423,12:43,0
51,424,12:44,0
51,425,12:45,0
51,426,12:46,0
51,427,12:47,0
51,428,12:48,0
51,429,12:49,0
51,430,12:50,0
51,431,12:51,0
51,432,12:52,0
51,433,12:53,0
51,434,12:54,0
51,435,12:55,0
51,436,12:56,0
51,437,12:57,0
51,438,12:58,0
51,439,12:59,0
51,440,13:00,0
51,441,13:01,0
51,442,13:02,0
51,443,13:03,0
51,444,13:04,0
51,445,13:05,0
51,446,13:06,0
51,447,13:07,0
51,448,13:08,0
51,449,13:09,0
51,450,13:10,0
51,451,13:11,0
51,452,13:12,0
51,453,13:13,0
51,454,13:14,0
51,455,13:15,0
51,456,13:16,0
51,457,13:17,0
51,458,13:18,0
51,459,13:19,0
51,460,13:20,0
51,461,13:21,0
51,462,13:22,0
51,463,13:23,0
51,464,13:24,0
51,465,13:25,0
51,466,13:26,0
51,467,13:27,0
51,468,13:28,0
51,469,13:29,0
51,470,13:30,0
51,471,13:31,0
51,472,13:32,0
51,473,13:33,0
51,474,13:34,0
51,475,13:35,0
51,476,13:36,0
51,477,13:37,0
51,478,13:38,0
51,479,13:39,0
51,480,13:40,0
51,481,13:41,0
51,482,13:42,0
51,483,13:43,0
51,484,13:44,0
51,485,13:45,0
51,486,13:46,0
51,487,13:47,0
51,488,13:48,0
51,489,13:49,0
51,490,13:50,0
51,491,13:51,0
51,492,13:52,0
51,493,13:53,0
51,494,13:54,0
51,495,13:55,0
51,496,13:56,0
51,497,13:57,0
51,498,13:58,0
51,499,13:59,0
51,500,14:00,0
51,501,14:01,0
51,502,14:02,0
51,503,14:03,0
51,504,14:04,0
51,505,14:05,0
51,506,14:06,1
51,507,14:07,1
51,508,14:08,1
51,509,14:09,1
51,510,14:10,1
51,511,14:11,1
51,512,14:12,1
51,513,14:13,1
51,514,14:14,1
51,515,14:15,2
51,516,14:16,2
51,517,14:17,2
51,518,14:18,2
51,519,14:19,2
51,520,14:20,2
51,521,14:21,2
51,522,14:22,2
51,523,14:23,2
51,524,14:24,2
51,525,14:25,2
51,526,14:26,2
51,527,14:27,2
51,528,14:28,1
51,529,14:29,1
51,530,14:30,1
51,531,14:31,0
51,532,14:32,0
51,533,14:33,0
51,534,14:34,0
51,535,14:35,0
51,536,14:36,1
51,537,14:37,1
51,538,14:38,1
51,539,14:39,2
51,540,14:40,2
51,541,14:41,2
51,542,14:42,2
51,543,14:43,2
51,544,14:44,2
51,545,14:45,2
51,546,14:46,2
51,547,14:47,2
51,548,14:48,2
51,549,14:49,2
51,550,14:50,1
51,551,14:51,1
51,552,14:52,1
51,553,14:53,0
51,554,14:54,0
51,555,14:55,0
51,556,14:56,0
51,557,14:57,0
51,558,14:58,0
51,559,14:59,0
51,560,15:00,0
51,561,15:01,0
51,562,15:02,0
51,563,15:03,0
51,564,15:04,0
51,565,15:05,0
51,566,15:06,0
51,567,15:07,0
51,568,15:08,0
51,569,15:09,0
51,570,15:10,0
51,571,15:11,0
51,572,15:12,0
51,573,15:13,0
51,574,15:14,0
51,575,15:15,0
51,576,15:16,0
51,577,15:17,0
51,578,15:18,0
51,579,15:19,0
51,580,15:20,0
51,581,15:21,0
51,582,15:22,0
51,583,15:23,0
51,584,15:24,0
51,585,15:25,0
51,586,15:26,0
51,587,15:27,0
51,588,15:28,0
51,589,15:29,0
51,590,15:30,0
51,591,15:31,0
51,592,15:32,0
51,593,15:33,0
51,594,15:34,0
51,595,15:35,0
51,596,15:36,0
51,597,15:37,0
51,598,15:38,0
51,599,15:39,0
51,600,15:40,0
51,601,15:41,0
51,602,15:42,0
51,603,15:43,0
51,604,15:44,0
51,605,15:45,0
51,606,15:46,0
51,607,15:47,0
51,608,15:48,0
51,609,15:49,0
51,610,15:50,0
51,611,15:51,0
51,612,15:52,0
51,613,15:53,0
51,614,15:54,0
51,615,15:55,0
51,616,15:56,0
51,617,15:57,0
51,618,15:58,0
51,619,15:59,0
51,620,16:00,0
51,621,16:01,0
51,622,16:02,0
51,623,16:03,0
51,624,16:04,0
51,625,16:05,0
51,626,16:06,0
51,627,16:07,1
51,628,16:08,1
51,629,16:09,1
51,630,16:10,2
51,631,16:11,2
51,632,16:12,2
51,633,16:13,2
51,634,16:14,2
51,635,16:15,2
51,636,16:16,2
51,637,16:17,2
51,638,16:18,2
51,639,16:19,2
51,640,16:20,2
51,641,16:21,2
51,642,16:22,2
51,643,16:23,2
51,644,16:24,2
51,645,16:25,1
51,646,16:26,1
51,647,16:27,1
51,648,16:28,0
51,649,16:29,0
51,650,16:30,0
51,651,16:31,0
51,652,16:32,0
51,653,16:33,0
51,654,16:34,0
51,655,16:35,1
51,656,16:36,1
51,657,16:37,1
51,658,16:38,2
51,659,16:39,2
51,660,16:40,2
51,661,16:41,2
51,662,16:42,2
51,663,16:43,2
51,664,16:44,2
51,665,16:45,2
51,666,16:46,2
51,667,16:47,2
51,668,16:48,1
51,669,16:49,1
51,670,16:50,1
51,671,16:51,0
51,672,16:52,0
51,673,16:53,0
51,674,16:54,0
51,675,16:55,0
51,676,16:56,0
51,677,16:57,0
51,678,16:58,0
51,679,16:59,0
51,680,17:00,0
51,681,17:01,0
51,682,17:02,0
51,683,17:03,0
51,684,17:04,0
51,685,17:05,0
51,686,17:06,0
51,687,17:07,0
51,688,17:08,1
51,689,17:09,1
51,690,17:10,1
51,691,17:11,2
51,692,17:12,2
51,693,17:13,2
51,694,17:14,2
51,695,17:15,2
51,696,17:16,2
51,697,17:17,2
51,698,17:18,2
51,699,17:19,2
51,700,17:20,1
51,701,17:21,1
51,702,17:22,1
51,703,17:23,0
51,704,17:24,0
51,705,17:25,0
51,706,17:26,0
51,707,17:27,0
51,708,17:28,0
51,709,17:29,0
51,710,17:30,1
51,711,17:31,1
51,712,17:32,1
51,713,17:33,2
51,714,17:34,2
51,715,17:35,2
51,716,17:36,2
51,717,17:37,2
51,718,17:38,2
51,719,17:39,2
51,720,17:40,2
51,721,17:41,2
51,722,17:42,1
51,723,17:43,1
51,724,17:44,1
51,725,17:45,0
51,726,17:46,0
51,727,17:47,0
51,728,17:48,2
51,729,17:49,2
51,730,17:50,2
51,731,17:51,2
51,732,17:52,2
51,733,17:53,2
51,734,17:54,2
51,735,17:55,2
51,736,17:56,2
51,737,17:57,2
51,738,17:58,0
51,739,17:59,0
51,740,18:00,0
51,741,18:01,0
51,742,18:02,0
51,743,18:03,0
51,744,18:04,0
51,745,18:05,0
51,746,18:06,0
51,747,18:07,0
51,748,18:08,0
51,749,18:09,0
51,750,18:10,1
51,751,18:11,1
51,752,18:12,1
51,753,18:13,2
51,754,18:14,2
51,755,18:15,2
51,756,18:16,2
51,757,18:17,2
51,758,18:18,2
51,759,18:19,2
51,760,18:20,2
51,761,18:21,2
51,762,18:22,1
51,763,18:23,1
51,764,18:24,1
51,765,18:25,1
51,766,18:26,0
51,767,18:27,0
51,768,18:28,0
51,769,18:29,0
51,770,18:30,0
51,771,18:31,0
51,772,18:32,0
51,773,18:33,2
51,774,18:34,2
51,775,18:35,2
51,776,18:36,4
51,777,18:37,4
51,778,18:38,4
51,779,18:39,4
51,780,18:40,4
51,781,18:41,4
51,782,18:42,4
51,783,18:43,4
51,784,18:44,4
51,785,18:45,4
51,786,18:46,4
51,787,18:47,2
51,788,18:48,2
51,789,18:49,2
51,790,18:50,0
51,791,18:51,0
51,792,18:52,0
51,793,18:53,0
51,794,18:54,0
51,795,18:55,0
51,796,18:56,0
51,797,18:57,0
51,798,18:58,0
51,799,18:59,0
51,800,19:00,0
51,801,19:01,0
51,802,19:02,0
51,803,19:03,0
51,804,19:04,0
51,805,19:05,0
51,806,19:06,0
51,807,19:07,0
51,808,19:08,0
51,809,19:09,0
51,810,19:10,0
51,811,19:11,0
51,812,19:12,0
51,813,19:13,0
51,814,19:14,0
51,815,19:15,0
51,816,19:16,0
51,817,19:17,0
51,818,19:18,0
51,819,19:19,0
51,820,19:20,0
51,821,19:21,0
51,822,19:22,0
51,823,19:23,0
51,824,19:24,0
51,825,19:25,0
51,826,19:26,0
51,827,19:27,0
51,828,19:28,0
51,829,19:29,0
51,830,19:30,0
51,831,19:31,0
51,832,19:32,0
51,833,19:33,0
51,834,19:34,0
51,835,19:35,0
52,0,05:40,0
52,1,05:41,0
52,2,05:42,0
52,3,05:43,0
52,4,05:44,0
52,5,05:45,0
52,6,05:46,0
52,7,05:47,0
52,8,05:48,0
52,9,05:49,0
52,10,05:50,0
52,11,05:51,0
52,12,05:52,0
52,13,05:53,0
52,14,05:54,0
52,15,05:55,0
52,16,05:56,0
52,17,05:57,0
52,18,05:58,0
52,19,05:59,0
52,20,06:00,0
52,21,06:01,0
52,22,06:02,0
52,23,06:03,0
52,24,06:04,0
52,25,06:05,0
52,26,06:06,0
52,27,06:07,0
52,28,06:08,0
52,29,06:09,0
52,30,06:10,0
52,31,06:11,0
52,32,06:12,0
52,33,06:13,0
52,34,06:14,0
52,35,06:15,0
52,36,06:16,0
52,37,06:17,0
52,38,06:18,0
52,39,06:19,0
52,40,06:20,0
52,41,06:21,0
52,42,06:22,0
52,43,06:23,0
52,44,06:24,0
52,45,06:25,0
52,46,06:26,0
52,47,06:27,0
52,48,06:28,0
52,49,06:29,0
52,50,06:30,0
52,51,06:31,0
52,52,06:32,0
52,53,06:33,0
52,54,06:34,0
52,55,06:35,0
52,56,06:36,0
52,57,06:37,0
52,58,06:38,0
52,59,06:39,0
52,60,06:40,0
52,61,06:41,0
52,62,06:42,0
52,63,06:43,0
52,64,06:44,0
52,65,06:45,0
52,66,06:46,0
52,67,06:47,0
52,68,06:48,0
52,69,06:49,0
52,70,06:50,0
52,71,06:51,0
52,72,06:52,0
52,73,06:53,0
52,74,06:54,0
52,75,06:55,0
52,76,06:56,0
52,77,06:57,0
52,78,06:58,0
52,79,06:59,0
52,80,07:00,0
52,81,07:01,0
52,82,07:02,0
52,83,07:03,0
52,84,07:04,0
52,85,07:05,0
52,86,07:06,0
52,87,07:07,0
52,88,07:08,0
52,89,07:09,0
52,90,07:10,0
52,91,07:11,0
52,92,07:12,0
52,93,07:13,0
52,94,07:14,0
52,95,07:15,0
52,96,07:16,0
52,97,07:17,0
52,98,07:18,0
52,99,07:19,0
52,100,07:20,0
52,101,07:21,0
52,102,07:22,0
52,103,07:23,0
52,104,07:24,0
52,105,07:25,0
52,106,07:26,0
52,107,07:27,0
52,108,07:28,0
52,109,07:29,0
52,110,07:30,0
52,111,07:31,0
52,112,07:32,0
52,113,07:33,0
52,114,07:34,0
52,115,07:35,0
52,116,07:36,0
52,117,07:37,0
52,118,07:38,0
52,119,07:39,0
52,120,07:40,0
52,121,07:41,0
52,122,07:42,0
52,123,07:43,0
52,124,07:44,0
52,125,07:45,0
52,126,07:46,0
52,127,07:47,0
52,128,07:48,0
52,129,07:49,0
52,130,07:50,0
52,131,07:51,0
52,132,07:52,0
52,133,07:53,0
52,134,07:54,0
52,135,07:55,0
52,136,07:56,0
52,137,07:57,0
52,138,07:58,0
52,139,07:59,0
52,140,08:00,0
52,141,08:01,0
52,142,08:02,0
52,143,08:03,0
52,144,08:04,0
52,145,08:05,0
52,146,08:06,0
52,147,08:07,0
52,148,08:08,0
52,149,08:09,0
52,150,08:10,0
52,151,08:11,0
52,152,08:12,0
52,153,08:13,0
52,154,08:14,0
52,155,08:15,0
52,156,08:16,0
52,157,08:17,0
52,158,08:18,0
52,159,08:19,0
52,160,08:20,1
52,161,08:21,1
52,162,08:22,1
52,163,08:23,2
52,164,08:24,2
52,165,08:25,2
52,166,08:26,2
52,167,08:27,2
52,168,08:28,2
52,169,08:29,2
52,170,08:30,2
52,171,08:31,2
52,172,08:32,2
52,173,08:33,1
52,174,08:34,1
52,175,08:35,1
52,176,08:36,0
52,177,08:37,0
52,178,08:38,0
52,179,08:39,0
52,180,08:40,0
52,181,08:41,0
52,182,08:42,0
52,183,08:43,0
52,184,08:44,0
52,185,08:45,0
52,186,08:46,0
52,187,08:47,0
52,188,08:48,0
52,189,08:49,0
52,190,08:50,0
52,191,08:51,0
52,192,08:52,0
52,193,08:53,0
52,194,08:54,0
52,195,08:55,0
52,196,08:56,0
52,197,08:57,0
52,198,08:58,0
52,199,08:59,0
52,200,09:00,0
52,201,09:01,0
52,202,09:02,0
52,203,09:03,0
52,204,09:04,0
52,205,09:05,0
52,206,09:06,0
52,207,09:07,0
52,208,09:08,0
52,209,09:09,0
52,210,09:10,0
52,211,09:11,0
52,212,09:12,0
52,213,09:13,0
52,214,09:14,0
52,215,09:15,0
52,216,09:16,0
52,217,09:17,0
52,218,09:18,0
52,219,09:19,0
52,220,09:20,0
52,221,09:21,0
52,222,09:22,0
52,223,09:23,0
52,224,09:24,0
52,225,09:25,0
52,226,09:26,0
52,227,09:27,0
52,228,09:28,0
52,229,09:29,0
52,230,09:30,0
52,231,09:31,0
52,232,09:32,0
52,233,09:33,0
52,234,09:34,0
52,235,09:35,0
52,236,09:36,0
52,237,09:37,0
52,238,09:38,0
52,239,09:39,0
52,240,09:40,0
52,241,09:41,0
52,242,09:42,0
52,243,09:43,0
52,244,09:44,0
52,245,09:45,0
52,246,09:46,0
52,247,09:47,0
52,248,09:48,0
52,249,09:49,0
52,250,09:50,0
52,251,09:51,0
52,252,09:52,0
52,253,09:53,0
52,254,09:54,0
52,255,09:55,0
52,256,09:56,0
52,257,09:57,0
52,258,09:58,0
52,259,09:59,0
52,260,10:00,0
52,261,10:01,0
52,262,10:02,0
52,263,10:03,0
52,264,10:04,0
52,265,10:05,0
52,266,10:06,0
52,267,10:07,0
52,268,10:08,0
52,269,10:09,0
52,270,10:10,1
52,271,10:11,1
52,272,10:12,1
52,273,10:13,2
52,274,10:14,2
52,275,10:15,2
52,276,10:16,2
52,277,10:17,2
52,278,10:18,2
52,279,10:19,2
52,280,10:20,2
52,281,10:21,2
52,282,10:22,2
52,283,10:23,2
52,284,10:24,1
52,285,10:25,1
52,286,10:26,1
52,287,10:27,0
52,288,10:28,0
52,289,10:29,0
52,290,10:30,1
52,291,10:31,1
52,292,10:32,1
52,293,10:33,2
52,294,10:34,2
52,295,10:35,2
52,296,10:36,2
52,297,10:37,2
52,298,10:38,2
52,299,10:39,2
52,300,10:40,2
52,301,10:41,2
52,302,10:42,2
52,303,10:43,2
52,304,10:44,1
52,305,10:45,1
52,306,10:46,1
52,307,10:47,0
52,308,10:48,0
52,309,10:49,0
52,310,10:50,0
52,311,10:51,0
52,312,10:52,0
52,313,10:53,0
52,314,10:54,0
52,315,10:55,0
52,316,10:56,0
52,317,10:57,0
52,318,10:58,0
52,319,10:59,0
52,320,11:00,0
52,321,11:01,0
52,322,11:02,0
52,323,11:03,0
52,324,11:04,0
52,325,11:05,0
52,326,11:06,0
52,327,11:07,1
52,328,11:08,1
52,329,11:09,1
52,330,11:10,1
52,331,11:11,1
52,332,11:12,1
52,333,11:13,1
52,334,11:14,1
52,335,11:15,1
52,336,11:16,1
52,337,11:17,1
52,338,11:18,1
52,339,11:19,1
52,340,11:20,1
52,341,11:21,1
52,342,11:22,0
52,343,11:23,0
52,344,11:24,0
52,345,11:25,0
52,346,11:26,0
52,347,11:27,0
52,348,11:28,0
52,349,11:29,0
52,350,11:30,0
52,351,11:31,0
52,352,11:32,0
52,353,11:33,1
52,354,11:34,1
52,355,11:35,1
52,356,11:36,2
52,357,11:37,2
52,358,11:38,2
52,359,11:39,2
52,360,11:40,2
52,361,11:41,2
52,362,11:42,2
52,363,11:43,2
52,364,11:44,2
52,365,11:45,2
52,366,11:46,2
52,367,11:47,2
52,368,11:48,2
52,369,11:49,2
52,370,11:50,2
52,371,11:51,2
52,372,11:52,2
52,373,11:53,2
52,374,11:54,2
52,375,11:55,2
52,376,11:56,2
52,377,11:57,2
52,378,11:58,2
52,379,11:59,2
52,380,12:00,2
52,381,12:01,1
52,382,12:02,1
52,383,12:03,1
52,384,12:04,0
52,385,12:05,0
52,386,12:06,0
52,387,12:07,0
52,388,12:08,0
52,389,12:09,0
52,390,12:10,0
52,391,12:11,0
52,392,12:12,0
52,393,12:13,0
52,394,12:14,0
52,395,12:15,0
52,396,12:16,0
52,397,12:17,0
52,398,12:18,0
52,399,12:19,0
52,400,12:20,0
52,401,12:21,0
52,402,12:22,0
52,403,12:23,0
52,404,12:24,0
52,405,12:25,0
52,406,12:26,0
52,407,12:27,0
52,408,12:28,0
52,409,12:29,0
52,410,12:30,0
52,411,12:31,0
52,412,12:32,0
52,413,12:33,0
52,414,12:34,0
52,415,12:35,0
52,416,12:36,0
52,417,12:37,0
52,418,12:38,0
52,419,12:39,0
52,420,12:40,0
52,421,12:41,0
52,422,12:42,0
52,423,12:43,0
52,424,12:44,0
52,425,12:45,0
52,426,12:46,0
52,427,12:47,0
52,428,12:48,0
52,429,12:49,0
52,430,12:50,0
52,431,12:51,0
52,432,12:52,0
52,433,12:53,0
52,434,12:54,0
52,435,12:55,0
52,436,12:56,0
52,437,12:57,0
52,438,12:58,0
52,439,12:59,0
52,440,13:00,0
52,441,13:01,0
52,442,13:02,0
52,443,13:03,0
52,444,13:04,0
52,445,13:05,0
52,446,13:06,0
52,447,13:07,0
52,448,13:08,0
52,449,13:09,0
52,450,13:10,0
52,451,13:11,0
52,452,13:12,0
52,453,13:13,0
52,454,13:14,0
52,455,13:15,0
52,456,13:16,0
52,457,13:17,0
52,458,13:18,0
52,459,13:19,0
52,460,13:20,0
52,461,13:21,0
52,462,13:22,0
52,463,13:23,0
52,464,13:24,0
52,465,13:25,0
52,466,13:26,0
52,467,13:27,0
52,468,13:28,0
52,469,13:29,0
52,470,13:30,0
52,471,13:31,0
52,472,13:32,0
52,473,13:33,0
52,474,13:34,0
52,475,13:35,0
52,476,13:36,0
52,477,13:37,0
52,478,13:38,0
52,479,13:39,0
52,480,13:40,0
52,481,13:41,0
52,482,13:42,0
52,483,13:43,0
52,484,13:44,0
52,485,13:45,0
52,486,13:46,1
52,487,13:47,1
52,488,13:48,1
52,489,13:49,2
52,490,13:50,2
52,491,13:51,2
52,492,13:52,2
52,493,13:53,2
52,494,13:54,2
52,495,13:55,2
52,496,13:56,2
52,497,13:57,2
52,498,13:58,2
52,499,13:59,2
52,500,14:00,2
52,501,14:01,2
52,502,14:02,1
52,503,14:03,1
52,504,14:04,1
52,505,14:05,1
52,506,14:06,1
52,507,14:07,1
52,508,14:08,1
52,509,14:09,1
52,510,14:10,1
52,511,14:11,1
52,512,14:12,1
52,513,14:13,1
52,514,14:14,1
52,515,14:15,0
52,516,14:16,0
52,517,14:17,0
52,518,14:18,0
52,519,14:19,0
52,520,14:20,1
52,521,14:21,1
52,522,14:22,1
52,523,14:23,1
52,524,14:24,2
52,525,14:25,2
52,526,14:26,2
52,527,14:27,3
52,528,14:28,3
52,529,14:29,3
52,530,14:30,3
52,531,14:31,3
52,532,14:32,3
52,533,14:33,3
52,534,14:34,3
52,535,14:35,3
52,536,14:36,3
52,537,14:37,3
52,538,14:38,3
52,539,14:39,3
52,540,14:40,3
52,541,14:41,3
52,542,14:42,2
52,543,14:43,2
52,544,14:44,2
52,545,14:45,1
52,546,14:46,1
52,547,14:47,1
52,548,14:48,1
52,549,14:49,1
52,550,14:50,1
52,551,14:51,1
52,552,14:52,1
52,553,14:53,1
52,554,14:54,1
52,555,14:55,1
52,556,14:56,1
52,557,14:57,1
52,558,14:58,1
52,559,14:59,1
52,560,15:00,0
52,561,15:01,0
52,562,15:02,0
52,563,15:03,1
52,564,15:04,1
52,565,15:05,1
52,566,15:06,1
52,567,15:07,1
52,568,15:08,1
52,569,15:09,1
52,570,15:10,1
52,571,15:11,1
52,572,15:12,1
52,573,15:13,1
52,574,15:14,1
52,575,15:15,1
52,576,15:16,1
52,577,15:17,1
52,578,15:18,1
52,579,15:19,1
52,580,15:20,1
52,581,15:21,1
52,582,15:22,0
52,583,15:23,0
52,584,15:24,0
52,585,15:25,0
52,586,15:26,0
52,587,15:27,0
52,588,15:28,0
52,589,15:29,0
52,590,15:30,0
52,591,15:31,0
52,592,15:32,0
52,593,15:33,0
52,594,15:34,0
52,595,15:35,0
52,596,15:36,0
52,597,15:37,0
52,598,15:38,0
52,599,15:39,0
52,600,15:40,0
52,601,15:41,0
52,602,15:42,0
52,603,15:43,0
52,604,15:44,0
52,605,15:45,0
52,606,15:46,1
52,607,15:47,1
52,608,15:48,1
52,609,15:49,1
52,610,15:50,1
52,611,15:51,1
52,612,15:52,1
52,613,15:53,1
52,614,15:54,1
52,615,15:55,1
52,616,15:56,1
52,617,15:57,1
52,618,15:58,1
52,619,15:59,1
52,620,16:00,1
52,621,16:01,1
52,622,16:02,1
52,623,16:03,1
52,624,16:04,0
52,625,16:05,0
52,626,16:06,0
52,627,16:07,0
52,628,16:08,0
52,629,16:09,0
52,630,16:10,0
52,631,16:11,0
52,632,16:12,0
52,633,16:13,0
52,634,16:14,0
52,635,16:15,0
52,636,16:16,0
52,637,16:17,0
52,638,16:18,0
52,639,16:19,0
52,640,16:20,0
52,641,16:21,0
52,642,16:22,0
52,643,16:23,0
52,644,16:24,0
52,645,16:25,0
52,646,16:26,0
52,647,16:27,0
52,648,16:28,0
52,649,16:29,0
52,650,16:30,0
52,651,16:31,0
52,652,16:32,0
52,653,16:33,0
52,654,16:34,0
52,655,16:35,0
52,656,16:36,0
52,657,16:37,0
52,658,16:38,0
52,659,16:39,0
52,660,16:40,0
52,661,16:41,0
52,662,16:42,0
52,663,16:43,0
52,664,16:44,0
52,665,16:45,0
52,666,16:46,0
52,667,16:47,0
52,668,16:48,0
52,669,16:49,1
52,670,16:50,1
52,671,16:51,1
52,672,16:52,2
52,673,16:53,2
52,674,16:54,2
52,675,16:55,3
52,676,16:56,3
52,677,16:57,3
52,678,16:58,3
52,679,16:59,3
52,680,17:00,3
52,681,17:01,3
52,682,17:02,3
52,683,17:03,3
52,684,17:04,3
52,685,17:05,3
52,686,17:06,3
52,687,17:07,3
52,688,17:08,3
52,689,17:09,3
52,690,17:10,3
52,691,17:11,3
52,692,17:12,3
52,693,17:13,2
52,694,17:14,2
52,695,17:15,2
52,696,17:16,1
52,697,17:17,1
52,698,17:18,1
52,699,17:19,0
52,700,17:20,0
52,701,17:21,0
52,702,17:22,1
52,703,17:23,1
52,704,17:24,1
52,705,17:25,2
52,706,17:26,2
52,707,17:27,2
52,708,17:28,2
52,709,17:29,2
52,710,17:30,2
52,711,17:31,2
52,712,17:32,2
52,713,17:33,2
52,714,17:34,2
52,715,17:35,1
52,716,17:36,1
52,717,17:37,1
52,718,17:38,2
52,719,17:39,2
52,720,17:40,2
52,721,17:41,2
52,722,17:42,1
52,723,17:43,1
52,724,17:44,1
52,725,17:45,1
52,726,17:46,1
52,727,17:47,1
52,728,17:48,1
52,729,17:49,1
52,730,17:50,1
52,731,17:51,1
52,732,17:52,1
52,733,17:53,1
52,734,17:54,1
52,735,17:55,1
52,736,17:56,1
52,737,17:57,1
52,738,17:58,0
52,739,17:59,0
52,740,18:00,0
52,741,18:01,0
52,742,18:02,0
52,743,18:03,0
52,744,18:04,0
52,745,18:05,0
52,746,18:06,0
52,747,18:07,0
52,748,18:08,0
52,749,18:09,1
52,750,18:10,1
52,751,18:11,1
52,752,18:12,1
52,753,18:13,1
52,754,18:14,1
52,755,18:15,1
52,756,18:16,1
52,757,18:17,1
52,758,18:18,1
52,759,18:19,1
52,760,18:20,0
52,761,18:21,0
52,762,18:22,0
52,763,18:23,0
52,764,18:24,0
52,765,18:25,0
52,766,18:26,0
52,767,18:27,0
52,768,18:28,0
52,769,18:29,1
52,770,18:30,1
52,771,18:31,1
52,772,18:32,1
52,773,18:33,1
52,774,18:34,1
52,775,18:35,1
52,776,18:36,2
52,777,18:37,2
52,778,18:38,2
52,779,18:39,2
52,780,18:40,2
52,781,18:41,2
52,782,18:42,2
52,783,18:43,2
52,784,18:44,2
52,785,18:45,2
52,786,18:46,2
52,787,18:47,2
52,788,18:48,2
52,789,18:49,2
52,790,18:50,1
52,791,18:51,1
52,792,18:52,1
52,793,18:53,0
52,794,18:54,0
52,795,18:55,0
52,796,18:56,0
52,797,18:57,0
52,798,18:58,1
52,799,18:59,1
52,800,19:00,1
52,801,19:01,1
52,802,19:02,1
52,803,19:03,1
52,804,19:04,1
52,805,19:05,1
52,806,19:06,1
52,807,19:07,1
52,808,19:08,1
52,809,19:09,1
52,810,19:10,1
52,811,19:11,1
52,812,19:12,1
52,813,19:13,0
52,814,19:14,0
52,815,19:15,0
52,816,19:16,0
52,817,19:17,0
52,818,19:18,0
52,819,19:19,0
52,820,19:20,0
52,821,19:21,0
52,822,19:22,0
52,823,19:23,0
52,824,19:24,0
52,825,19:25,0
52,826,19:26,0
52,827,19:27,0
52,828,19:28,0
52,829,19:29,0
52,830,19:30,0
52,831,19:31,0
52,832,19:32,0
52,833,19:33,0
52,834,19:34,0
52,835,19:35,0
53,0,05:40,0
53,1,05:41,0
53,2,05:42,0
53,3,05:43,0
53,4,05:44,0
53,5,05:45,0
53,6,05:46,0
53,7,05:47,0
53,8,05:48,0
53,9,05:49,0
53,10,05:50,0
53,11,05:51,0
53,12,05:52,0
53,13,05:53,0
53,14,05:54,0
53,15,05:55,0
53,16,05:56,0
53,17,05:57,0
53,18,05:58,0
53,19,05:59,0
53,20,06:00,0
53,21,06:01,0
53,22,06:02,0
53,23,06:03,0
53,24,06:04,0
53,25,06:05,0
53,26,06:06,0
53,27,06:07,0
53,28,06:08,0
53,29,06:09,0
53,30,06:10,0
53,31,06:11,0
53,32,06:12,0
53,33,06:13,0
53,34,06:14,0
53,35,06:15,0
53,36,06:16,0
53,37,06:17,0
53,38,06:18,0
53,39,06:19,0
53,40,06:20,0
53,41,06:21,0
53,42,06:22,0
53,43,06:23,0
53,44,06:24,0
53,45,06:25,0
53,46,06:26,0
53,47,06:27,0
53,48,06:28,0
53,49,06:29,0
53,50,06:30,0
53,51,06:31,0
53,52,06:32,0
53,53,06:33,0
53,54,06:34,0
53,55,06:35,0
53,56,06:36,0
53,57,06:37,0
53,58,06:38,0
53,59,06:39,0
53,60,06:40,0
53,61,06:41,0
53,62,06:42,0
53,63,06:43,0
53,64,06:44,0
53,65,06:45,0
53,66,06:46,0
53,67,06:47,0
53,68,06:48,0
53,69,06:49,0
53,70,06:50,0
53,71,06:51,0
53,72,06:52,0
53,73,06:53,0
53,74,06:54,0
53,75,06:55,0
53,76,06:56,0
53,77,06:57,0
53,78,06:58,0
53,79,06:59,0
53,80,07:00,0
53,81,07:01,0
53,82,07:02,0
53,83,07:03,0
53,84,07:04,0
53,85,07:05,0
53,86,07:06,0
53,87,07:07,0
53,88,07:08,0
53,89,07:09,0
53,90,07:10,0
53,91,07:11,0
53,92,07:12,0
53,93,07:13,0
53,94,07:14,0
53,95,07:15,0
53,96,07:16,0
53,97,07:17,0
53,98,07:18,0
53,99,07:19,0
53,100,07:20,0
53,101,07:21,0
53,102,07:22,0
53,103,07:23,0
53,104,07:24,0
53,105,07:25,0
53,106,07:26,0
53,107,07:27,0
53,108,07:28,0
53,109,07:29,0
53,110,07:30,0
53,111,07:31,0
53,112,07:32,0
53,113,07:33,0
53,114,07:34,0
53,115,07:35,0
53,116,07:36,0
53,117,07:37,0
53,118,07:38,0
53,119,07:39,0
53,120,07:40,0
53,121,07:41,0
53,122,07:42,0
53,123,07:43,0
53,124,07:44,0
53,125,07:45,0
53,126,07:46,0
53,127,07:47,0
53,128,07:48,0
53,129,07:49,0
53,130,07:50,0
53,131,07:51,0
53,132,07:52,0
53,133,07:53,0
53,134,07:54,0
53,135,07:55,0
53,136,07:56,0
53,137,07:57,0
53,138,07:58,0
53,139,07:59,0
53,140,08:00,0
53,141,08:01,0
53,142,08:02,0
53,143,08:03,0
53,144,08:04,0
53,145,08:05,0
53,146,08:06,0
53,147,08:07,0
53,148,08:08,0
53,149,08:09,0
53,150,08:10,0
53,151,08:11,0
53,152,08:12,0
53,153,08:13,0
53,154,08:14,0
53,155,08:15,0
53,156,08:16,0
53,157,08:17,0
53,158,08:18,0
53,159,08:19,0
53,160,08:20,0
53,161,08:21,0
53,162,08:22,0
53,163,08:23,0
53,164,08:24,0
53,165,08:25,0
53,166,08:26,0
53,167,08:27,0
53,168,08:28,0
53,169,08:29,0
53,170,08:30,0
53,171,08:31,0
53,172,08:32,0
53,173,08:33,0
53,174,08:34,0
53,175,08:35,0
53,176,08:36,0
53,177,08:37,0
53,178,08:38,0
53,179,08:39,0
53,180,08:40,0
53,181,08:41,0
53,182,08:42,0
53,183,08:43,0
53,184,08:44,0
53,185,08:45,0
53,186,08:46,0
53,187,08:47,0
53,188,08:48,0
53,189,08:49,0
53,190,08:50,0
53,191,08:51,0
53,192,08:52,0
53,193,08:53,0
53,194,08:54,0
53,195,08:55,0
53,196,08:56,0
53,197,08:57,0
53,198,08:58,0
53,199,08:59,0
53,200,09:00,0
53,201,09:01,0
53,202,09:02,0
53,203,09:03,0
53,204,09:04,0
53,205,09:05,0
53,206,09:06,0
53,207,09:07,0
53,208,09:08,0
53,209,09:09,0
53,210,09:10,0
53,211,09:11,0
53,212,09:12,0
53,213,09:13,0
53,214,09:14,0
53,215,09:15,0
53,216,09:16,0
53,217,09:17,0
53,218,09:18,0
53,219,09:19,0
53,220,09:20,0
53,221,09:21,0
53,222,09:22,0
53,223,09:23,0
53,224,09:24,0
53,225,09:25,0
53,226,09:26,0
53,227,09:27,0
53,228,09:28,0
53,229,09:29,0
53,230,09:30,0
53,231,09:31,0
53,232,09:32,0
53,233,09:33,0
53,234,09:34,0
53,235,09:35,0
53,236,09:36,0
53,237,09:37,0
53,238,09:38,0
53,239,09:39,0
53,240,09:40,0
53,241,09:41,0
53,242,09:42,0
53,243,09:43,0
53,244,09:44,0
53,245,09:45,0
53,246,09:46,0
53,247,09:47,0
53,248,09:48,0
53,249,09:49,0
53,250,09:50,0
53,251,09:51,0
53,252,09:52,0
53,253,09:53,0
53,254,09:54,0
53,255,09:55,0
53,256,09:56,0
53,257,09:57,0
53,258,09:58,0
53,259,09:59,0
53,260,10:00,0
53,261,10:01,0
53,262,10:02,0
53,263,10:03,0
53,264,10:04,0
53,265,10:05,0
53,266,10:06,1
53,267,10:07,1
53,268,10:08,1
53,269,10:09,1
53,270,10:10,1
53,271,10:11,1
53,272,10:12,1
53,273,10:13,1
53,274,10:14,1
53,275,10:15,1
53,276,10:16,1
53,277,10:17,0
53,278,10:18,0
53,279,10:19,0
53,280,10:20,1
53,281,10:21,1
53,282,10:22,1
53,283,10:23,2
53,284,10:24,2
53,285,10:25,2
53,286,10:26,2
53,287,10:27,2
53,288,10:28,2
53,289,10:29,2
53,290,10:30,2
53,291,10:31,2
53,292,10:32,2
53,293,10:33,2
53,294,10:34,1
53,295,10:35,1
53,296,10:36,1
53,297,10:37,1
53,298,10:38,1
53,299,10:39,1
53,300,10:40,1
53,301,10:41,1
53,302,10:42,1
53,303,10:43,1
53,304,10:44,0
53,305,10:45,0
53,306,10:46,0
53,307,10:47,0
53,308,10:48,0
53,309,10:49,0
53,310,10:50,0
53,311,10:51,0
53,312,10:52,0
53,313,10:53,0
53,314,10:54,0
53,315,10:55,0
53,316,10:56,0
53,317,10:57,0
53,318,10:58,0
53,319,10:59,0
53,320,11:00,0
53,321,11:01,0
53,322,11:02,0
53,323,11:03,0
53,324,11:04,1
53,325,11:05,1
53,326,11:06,1
53,327,11:07,1
53,328,11:08,1
53,329,11:09,1
53,330,11:10,1
53,331,11:11,1
53,332,11:12,1
53,333,11:13,1
53,334,11:14,1
53,335,11:15,1
53,336,11:16,1
53,337,11:17,1
53,338,11:18,1
53,339,11:19,0
53,340,11:20,0
53,341,11:21,0
53,342,11:22,0
53,343,11:23,0
53,344,11:24,0
53,345,11:25,0
53,346,11:26,0
53,347,11:27,0
53,348,11:28,0
53,349,11:29,0
53,350,11:30,0
53,351,11:31,0
53,352,11:32,0
53,353,11:33,0
53,354,11:34,0
53,355,11:35,0
53,356,11:36,0
53,357,11:37,0
53,358,11:38,0
53,359,11:39,0
53,360,11:40,0
53,361,11:41,0
53,362,11:42,0
53,363,11:43,0
53,364,11:44,0
53,365,11:45,1
53,366,11:46,1
53,367,11:47,1
53,368,11:48,1
53,369,11:49,1
53,370,11:50,1
53,371,11:51,1
53,372,11:52,1
53,373,11:53,1
53,374,11:54,1
53,375,11:55,2
53,376,11:56,2
53,377,11:57,2
53,378,11:58,2
53,379,11:59,3
53,380,12:00,3
53,381,12:01,3
53,382,12:02,3
53,383,12:03,3
53,384,12:04,3
53,385,12:05,3
53,386,12:06,3
53,387,12:07,3
53,388,12:08,3
53,389,12:09,2
53,390,12:10,2
53,391,12:11,2
53,392,12:12,1
53,393,12:13,1
53,394,12:14,1
53,395,12:15,0
53,396,12:16,0
53,397,12:17,0
53,398,12:18,1
53,399,12:19,1
53,400,12:20,1
53,401,12:21,1
53,402,12:22,1
53,403,12:23,1
53,404,12:24,1
53,405,12:25,1
53,406,12:26,1
53,407,12:27,1
53,408,12:28,1
53,409,12:29,1
53,410,12:30,1
53,411,12:31,1
53,412,12:32,1
53,413,12:33,1
53,414,12:34,1
53,415,12:35,1
53,416,12:36,1
53,417,12:37,0
53,418,12:38,0
53,419,12:39,0
53,420,12:40,0
53,421,12:41,0
53,422,12:42,1
53,423,12:43,1
53,424,12:44,1
53,425,12:45,1
53,426,12:46,1
53,427,12:47,1
53,428,12:48,1
53,429,12:49,2
53,430,12:50,2
53,431,12:51,2
53,432,12:52,2
53,433,12:53,2
53,434,12:54,2
53,435,12:55,2
53,436,12:56,2
53,437,12:57,2
53,438,12:58,2
53,439,12:59,2
53,440,13:00,2
53,441,13:01,2
53,442,13:02,2
53,443,13:03,1
53,444,13:04,1
53,445,13:05,1
53,446,13:06,1
53,447,13:07,1
53,448,13:08,1
53,449,13:09,1
53,450,13:10,1
53,451,13:11,1
53,452,13:12,0
53,453,13:13,0
53,454,13:14,0
53,455,13:15,0
53,456,13:16,0
53,457,13:17,0
53,458,13:18,0
53,459,13:19,0
53,460,13:20,0
53,461,13:21,0
53,462,13:22,0
53,463,13:23,0
53,464,13:24,0
53,465,13:25,0
53,466,13:26,0
53,467,13:27,0
53,468,13:28,0
53,469,13:29,0
53,470,13:30,0
53,471,13:31,0
53,472,13:32,0
53,473,13:33,0
53,474,13:34,0
53,475,13:35,0
53,476,13:36,0
53,477,13:37,0
53,478,13:38,0
53,479,13:39,0
53,480,13:40,0
53,481,13:41,0
53,482,13:42,0
53,483,13:43,0
53,484,13:44,0
53,485,13:45,0
53,486,13:46,0
53,487,13:47,0
53,488,13:48,0
53,489,13:49,0
53,490,13:50,0
53,491,13:51,0
53,492,13:52,0
53,493,13:53,0
53,494,13:54,0
53,495,13:55,0
53,496,13:56,0
53,497,13:57,0
53,498,13:58,0
53,499,13:59,0
53,500,14:00,0
53,501,14:01,0
53,502,14:02,0
53,503,14:03,0
53,504,14:04,0
53,505,14:05,0
53,506,14:06,0
53,507,14:07,0
53,508,14:08,0
53,509,14:09,0
53,510,14:10,0
53,511,14:11,0
53,512,14:12,0
53,513,14:13,0
53,514,14:14,0
53,515,14:15,1
53,516,14:16,1
53,517,14:17,1
53,518,14:18,1
53,519,14:19,1
53,520,14:20,1
53,521,14:21,1
53,522,14:22,1
53,523,14:23,1
53,524,14:24,1
53,525,14:25,0
53,526,14:26,0
53,527,14:27,0
53,528,14:28,2
53,529,14:29,2
53,530,14:30,2
53,531,14:31,3
53,532,14:32,3
53,533,14:33,3
53,534,14:34,4
53,535,14:35,4
53,536,14:36,4
53,537,14:37,4
53,538,14:38,4
53,539,14:39,4
53,540,14:40,4
53,541,14:41,4
53,542,14:42,4
53,543,14:43,4
53,544,14:44,2
53,545,14:45,2
53,546,14:46,2
53,547,14:47,1
53,548,14:48,1
53,549,14:49,1
53,550,14:50,0
53,551,14:51,0
53,552,14:52,0
53,553,14:53,0
53,554,14:54,0
53,555,14:55,0
53,556,14:56,0
53,557,14:57,0
53,558,14:58,0
53,559,14:59,0
53,560,15:00,0
53,561,15:01,0
53,562,15:02,0
53,563,15:03,0
53,564,15:04,0
53,565,15:05,0
53,566,15:06,0
53,567,15:07,0
53,568,15:08,0
53,569,15:09,0
53,570,15:10,0
53,571,15:11,0
53,572,15:12,0
53,573,15:13,0
53,574,15:14,0
53,575,15:15,0
53,576,15:16,0
53,577,15:17,0
53,578,15:18,0
53,579,15:19,0
53,580,15:20,0
53,581,15:21,0
53,582,15:22,0
53,583,15:23,0
53,584,15:24,0
53,585,15:25,0
53,586,15:26,0
53,587,15:27,0
53,588,15:28,1
53,589,15:29,1
53,590,15:30,1
53,591,15:31,1
53,592,15:32,1
53,593,15:33,1
53,594,15:34,1
53,595,15:35,1
53,596,15:36,1
53,597,15:37,1
53,598,15:38,1
53,599,15:39,1
53,600,15:40,1
53,601,15:41,1
53,602,15:42,1
53,603,15:43,1
53,604,15:44,1
53,605,15:45,1
53,606,15:46,1
53,607,15:47,1
53,608,15:48,1
53,609,15:49,1
53,610,15:50,0
53,611,15:51,0
53,612,15:52,0
53,613,15:53,1
53,614,15:54,1
53,615,15:55,1
53,616,15:56,2
53,617,15:57,2
53,618,15:58,2
53,619,15:59,2
53,620,16:00,2
53,621,16:01,2
53,622,16:02,2
53,623,16:03,2
53,624,16:04,2
53,625,16:05,2
53,626,16:06,2
53,627,16:07,2
53,628,16:08,2
53,629,16:09,2
53,630,16:10,2
53,631,16:11,1
53,632,16:12,1
53,633,16:13,1
53,634,16:14,1
53,635,16:15,1
53,636,16:16,1
53,637,16:17,1
53,638,16:18,1
53,639,16:19,1
53,640,16:20,1
53,641,16:21,0
53,642,16:22,0
53,643,16:23,0
53,644,16:24,1
53,645,16:25,1
53,646,16:26,1
53,647,16:27,1
53,648,16:28,1
53,649,16:29,1
53,650,16:30,1
53,651,16:31,1
53,652,16:32,1
53,653,16:33,1
53,654,16:34,1
53,655,16:35,1
53,656,16:36,1
53,657,16:37,0
53,658,16:38,0
53,659,16:39,0
53,660,16:40,0
53,661,16:41,0
53,662,16:42,0
53,663,16:43,0
53,664,16:44,0
53,665,16:45,0
53,666,16:46,0
53,667,16:47,1
53,668,16:48,1
53,669,16:49,1
53,670,16:50,1
53,671,16:51,1
53,672,16:52,1
53,673,16:53,1
53,674,16:54,1
53,675,16:55,1
53,676,16:56,1
53,677,16:57,0
53,678,16:58,0
53,679,16:59,0
53,680,17:00,0
53,681,17:01,0
53,682,17:02,0
53,683,17:03,0
53,684,17:04,0
53,685,17:05,0
53,686,17:06,0
53,687,17:07,0
53,688,17:08,0
53,689,17:09,0
53,690,17:10,1
53,691,17:11,1
53,692,17:12,1
53,693,17:13,1
53,694,17:14,1
53,695,17:15,1
53,696,17:16,1
53,697,17:17,1
53,698,17:18,1
53,699,17:19,1
53,700,17:20,1
53,701,17:21,1
53,702,17:22,1
53,703,17:23,1
53,704,17:24,1
53,705,17:25,1
53,706,17:26,1
53,707,17:27,1
53,708,17:28,1
53,709,17:29,1
53,710,17:30,1
53,711,17:31,1
53,712,17:32,1
53,713,17:33,0
53,714,17:34,0
53,715,17:35,0
53,716,17:36,2
53,717,17:37,2
53,718,17:38,2
53,719,17:39,2
53,720,17:40,2
53,721,17:41,2
53,722,17:42,2
53,723,17:43,2
53,724,17:44,2
53,725,17:45,0
53,726,17:46,0
53,727,17:47,0
53,728,17:48,1
53,729,17:49,1
53,730,17:50,1
53,731,17:51,1
53,732,17:52,1
53,733,17:53,1
53,734,17:54,1
53,735,17:55,1
53,736,17:56,1
53,737,17:57,1
53,738,17:58,0
53,739,17:59,0
53,740,18:00,0
53,741,18:01,1
53,742,18:02,1
53,743,18:03,1
53,744,18:04,1
53,745,18:05,1
53,746,18:06,1
53,747,18:07,1
53,748,18:08,1
53,749,18:09,1
53,750,18:10,1
53,751,18:11,0
53,752,18:12,0
53,753,18:13,0
53,754,18:14,0
53,755,18:15,0
53,756,18:16,0
53,757,18:17,0
53,758,18:18,1
53,759,18:19,1
53,760,18:20,1
53,761,18:21,1
53,762,18:22,1
53,763,18:23,1
53,764,18:24,1
53,765,18:25,1
53,766,18:26,1
53,767,18:27,1
53,768,18:28,0
53,769,18:29,0
53,770,18:30,0
53,771,18:31,0
53,772,18:32,0
53,773,18:33,0
53,774,18:34,0
53,775,18:35,0
53,776,18:36,0
53,777,18:37,0
53,778,18:38,0
53,779,18:39,0
53,780,18:40,0
53,781,18:41,0
53,782,18:42,0
53,783,18:43,0
53,784,18:44,0
53,785,18:45,0
53,786,18:46,0
53,787,18:47,0
53,788,18:48,1
53,789,18:49,1
53,790,18:50,1
53,791,18:51,1
53,792,18:52,1
53,793,18:53,1
53,794,18:54,1
53,795,18:55,1
53,796,18:56,1
53,797,18:57,1
53,798,18:58,1
53,799,18:59,4
53,800,19:00,4
53,801,19:01,4
53,802,19:02,4
53,803,19:03,4
53,804,19:04,4
53,805,19:05,4
53,806,19:06,4
53,807,19:07,4
53,808,19:08,4
53,809,19:09,4
53,810,19:10,3
53,811,19:11,3
53,812,19:12,3
53,813,19:13,0
53,814,19:14,0
53,815,19:15,0
53,816,19:16,0
53,817,19:17,0
53,818,19:18,0
53,819,19:19,0
53,820,19:20,0
53,821,19:21,0
53,822,19:22,0
53,823,19:23,0
53,824,19:24,0
53,825,19:25,0
53,826,19:26,0
53,827,19:27,0
53,828,19:28,0
53,829,19:29,0
53,830,19:30,0
53,831,19:31,0
53,832,19:32,0
53,833,19:33,0
53,834,19:34,0
53,835,19:35,0
54,0,05:40,0
54,1,05:41,0
54,2,05:42,0
54,3,05:43,0
54,4,05:44,0
54,5,05:45,0
54,6,05:46,0
54,7,05:47,0
54,8,05:48,0
54,9,05:49,0
54,10,05:50,0
54,11,05:51,0
54,12,05:52,0
54,13,05:53,0
54,14,05:54,0
54,15,05:55,0
54,16,05:56,0
54,17,05:57,0
54,18,05:58,0
54,19,05:59,0
54,20,06:00,0
54,21,06:01,0
54,22,06:02,0
54,23,06:03,0
54,24,06:04,0
54,25,06:05,0
54,26,06:06,0
54,27,06:07,0
54,28,06:08,0
54,29,06:09,0
54,30,06:10,0
54,31,06:11,0
54,32,06:12,0
54,33,06:13,0
54,34,06:14,0
54,35,06:15,0
54,36,06:16,0
54,37,06:17,0
54,38,06:18,0
54,39,06:19,0
54,40,06:20,0
54,41,06:21,0
54,42,06:22,0
54,43,06:23,0
54,44,06:24,0
54,45,06:25,0
54,46,06:26,0
54,47,06:27,0
54,48,06:28,0
54,49,06:29,0
54,50,06:30,0
54,51,06:31,0
54,52,06:32,0
54,53,06:33,0
54,54,06:34,0
54,55,06:35,0
54,56,06:36,0
54,57,06:37,0
54,58,06:38,0
54,59,06:39,0
54,60,06:40,0
54,61,06:41,0
54,62,06:42,0
54,63,06:43,0
54,64,06:44,0
54,65,06:45,0
54,66,06:46,0
54,67,06:47,0
54,68,06:48,0
54,69,06:49,0
54,70,06:50,0
54,71,06:51,0
54,72,06:52,0
54,73,06:53,0
54,74,06:54,0
54,75,06:55,0
54,76,06:56,0
54,77,06:57,0
54,78,06:58,0
54,79,06:59,0
54,80,07:00,0
54,81,07:01,0
54,82,07:02,0
54,83,07:03,0
54,84,07:04,0
54,85,07:05,0
54,86,07:06,0
54,87,07:07,0
54,88,07:08,0
54,89,07:09,0
54,90,07:10,0
54,91,07:11,0
54,92,07:12,0
54,93,07:13,0
54,94,07:14,0
54,95,07:15,0
54,96,07:16,0
54,97,07:17,0
54,98,07:18,0
54,99,07:19,0
54,100,07:20,0
54,101,07:21,0
54,102,07:22,0
54,103,07:23,0
54,104,07:24,0
54,105,07:25,0
54,106,07:26,0
54,107,07:27,0
54,108,07:28,0
54,109,07:29,0
54,110,07:30,0
54,111,07:31,0
54,112,07:32,0
54,113,07:33,0
54,114,07:34,0
54,115,07:35,0
54,116,07:36,0
54,117,07:37,0
54,118,07:38,0
54,119,07:39,0
54,120,07:40,0
54,121,07:41,0
54,122,07:42,0
54,123,07:43,0
54,124,07:44,0
54,125,07:45,0
54,126,07:46,0
54,127,07:47,0
54,128,07:48,0
54,129,07:49,1
54,130,07:50,1
54,131,07:51,1
54,132,07:52,1
54,133,07:53,1
54,134,07:54,1
54,135,07:55,1
54,136,07:56,1
54,137,07:57,1
54,138,07:58,0
54,139,07:59,0
54,140,08:00,0
54,141,08:01,0
54,142,08:02,0
54,143,08:03,0
54,144,08:04,0
54,145,08:05,0
54,146,08:06,0
54,147,08:07,0
54,148,08:08,0
54,149,08:09,0
54,150,08:10,0
54,151,08:11,0
54,152,08:12,0
54,153,08:13,0
54,154,08:14,0
54,155,08:15,0
54,156,08:16,0
54,157,08:17,0
54,158,08:18,0
54,159,08:19,0
54,160,08:20,0
54,161,08:21,0
54,162,08:22,0
54,163,08:23,0
54,164,08:24,0
54,165,08:25,0
54,166,08:26,0
54,167,08:27,0
54,168,08:28,0
54,169,08:29,0
54,170,08:30,0
54,171,08:31,0
54,172,08:32,0
54,173,08:33,0
54,174,08:34,0
54,175,08:35,0
54,176,08:36,0
54,177,08:37,0
54,178,08:38,0
54,179,08:39,0
54,180,08:40,0
54,181,08:41,0
54,182,08:42,0
54,183,08:43,0
54,184,08:44,0
54,185,08:45,0
54,186,08:46,0
54,187,08:47,0
54,188,08:48,0
54,189,08:49,0
54,190,08:50,0
54,191,08:51,0
54,192,08:52,0
54,193,08:53,0
54,194,08:54,0
54,195,08:55,0
54,196,08:56,0
54,197,08:57,0
54,198,08:58,0
54,199,08:59,0
54,200,09:00,0
54,201,09:01,0
54,202,09:02,0
54,203,09:03,0
54,204,09:04,0
54,205,09:05,0
54,206,09:06,0
54,207,09:07,0
54,208,09:08,0
54,209,09:09,0
54,210,09:10,0
54,211,09:11,0
54,212,09:12,0
54,213,09:13,0
54,214,09:14,0
54,215,09:15,0
54,216,09:16,0
54,217,09:17,0
54,218,09:18,0
54,219,09:19,0
54,220,09:20,0
54,221,09:21,0
54,222,09:22,0
54,223,09:23,0
54,224,09:24,0
54,225,09:25,0
54,226,09:26,0
54,227,09:27,0
54,228,09:28,0
54,229,09:29,0
54,230,09:30,0
54,231,09:31,0
54,232,09:32,0
54,233,09:33,0
54,234,09:34,0
54,235,09:35,0
54,236,09:36,0
54,237,09:37,0
54,238,09:38,0
54,239,09:39,0
54,240,09:40,0
54,241,09:41,0
54,242,09:42,0
54,243,09:43,0
54,244,09:44,0
54,245,09:45,0
54,246,09:46,0
54,247,09:47,0
54,248,09:48,0
54,249,09:49,0
54,250,09:50,0
54,251,09:51,0
54,252,09:52,0
54,253,09:53,0
54,254,09:54,0
54,255,09:55,0
54,256,09:56,0
54,257,09:57,0
54,258,09:58,0
54,259,09:59,0
54,260,10:00,0
54,261,10:01,0
54,262,10:02,0
54,263,10:03,0
54,264,10:04,0
54,265,10:05,0
54,266,10:06,1
54,267,10:07,1
54,268,10:08,1
54,269,10:09,1
54,270,10:10,1
54,271,10:11,1
54,272,10:12,1
54,273,10:13,1
54,274,10:14,1
54,275,10:15,1
54,276,10:16,1
54,277,10:17,1
54,278,10:18,1
54,279,10:19,0
54,280,10:20,0
54,281,10:21,0
54,282,10:22,1
54,283,10:23,1
54,284,10:24,1
54,285,10:25,1
54,286,10:26,1
54,287,10:27,1
54,288,10:28,1
54,289,10:29,1
54,290,10:30,1
54,291,10:31,1
54,292,10:32,1
54,293,10:33,1
54,294,10:34,1
54,295,10:35,2
54,296,10:36,2
54,297,10:37,2
54,298,10:38,1
54,299,10:39,1
54,300,10:40,1
54,301,10:41,1
54,302,10:42,1
54,303,10:43,1
54,304,10:44,1
54,305,10:45,1
54,306,10:46,1
54,307,10:47,1
54,308,10:48,1
54,309,10:49,1
54,310,10:50,1
54,311,10:51,1
54,312,10:52,0
54,313,10:53,0
54,314,10:54,0
54,315,10:55,1
54,316,10:56,1
54,317,10:57,1
54,318,10:58,1
54,319,10:59,1
54,320,11:00,1
54,321,11:01,1
54,322,11:02,1
54,323,11:03,1
54,324,11:04,1
54,325,11:05,1
54,326,11:06,1
54,327,11:07,1
54,328,11:08,1
54,329,11:09,1
54,330,11:10,1
54,331,11:11,0
54,332,11:12,0
54,333,11:13,0
54,334,11:14,1
54,335,11:15,1
54,336,11:16,1
54,337,11:17,1
54,338,11:18,1
54,339,11:19,1
54,340,11:20,1
54,341,11:21,1
54,342,11:22,1
54,343,11:23,1
54,344,11:24,0
54,345,11:25,0
54,346,11:26,0
54,347,11:27,0
54,348,11:28,0
54,349,11:29,0
54,350,11:30,0
54,351,11:31,0
54,352,11:32,0
54,353,11:33,0
54,354,11:34,1
54,355,11:35,1
54,356,11:36,1
54,357,11:37,2
54,358,11:38,2
54,359,11:39,2
54,360,11:40,2
54,361,11:41,2
54,362,11:42,2
54,363,11:43,2
54,364,11:44,2
54,365,11:45,2
54,366,11:46,2
54,367,11:47,2
54,368,11:48,2
54,369,11:49,2
54,370,11:50,2
54,371,11:51,2
54,372,11:52,1
54,373,11:53,1
54,374,11:54,1
54,375,11:55,1
54,376,11:56,1
54,377,11:57,1
54,378,11:58,1
54,379,11:59,1
54,380,12:00,1
54,381,12:01,1
54,382,12:02,1
54,383,12:03,1
54,384,12:04,1
54,385,12:05,1
54,386,12:06,1
54,387,12:07,0
54,388,12:08,0
54,389,12:09,0
54,390,12:10,0
54,391,12:11,0
54,392,12:12,0
54,393,12:13,0
54,394,12:14,0
54,395,12:15,0
54,396,12:16,0
54,397,12:17,0
54,398,12:18,0
54,399,12:19,0
54,400,12:20,0
54,401,12:21,0
54,402,12:22,0
54,403,12:23,0
54,404,12:24,0
54,405,12:25,0
54,406,12:26,0
54,407,12:27,0
54,408,12:28,0
54,409,12:29,0
54,410,12:30,0
54,411,12:31,0
54,412,12:32,0
54,413,12:33,0
54,414,12:34,0
54,415,12:35,0
54,416,12:36,0
54,417,12:37,0
54,418,12:38,0
54,419,12:39,0
54,420,12:40,0
54,421,12:41,0
54,422,12:42,0
54,423,12:43,0
54,424,12:44,0
54,425,12:45,0
54,426,12:46,0
54,427,12:47,0
54,428,12:48,0
54,429,12:49,0
54,430,12:50,0
54,431,12:51,0
54,432,12:52,0
54,433,12:53,0
54,434,12:54,0
54,435,12:55,0
54,436,12:56,0
54,437,12:57,0
54,438,12:58,0
54,439,12:59,0
54,440,13:00,0
54,441,13:01,0
54,442,13:02,0
54,443,13:03,0
54,444,13:04,0
54,445,13:05,0
54,446,13:06,0
54,447,13:07,0
54,448,13:08,0
54,449,13:09,0
54,450,13:10,0
54,451,13:11,0
54,452,13:12,0
54,453,13:13,0
54,454,13:14,0
54,455,13:15,0
54,456,13:16,0
54,457,13:17,0
54,458,13:18,0
54,459,13:19,0
54,460,13:20,0
54,461,13:21,0
54,462,13:22,0
54,463,13:23,0
54,464,13:24,0
54,465,13:25,0
54,466,13:26,0
54,467,13:27,0
54,468,13:28,0
54,469,13:29,0
54,470,13:30,0
54,471,13:31,0
54,472,13:32,0
54,473,13:33,0
54,474,13:34,0
54,475,13:35,0
54,476,13:36,0
54,477,13:37,0
54,478,13:38,0
54,479,13:39,0
54,480,13:40,0
54,481,13:41,0
54,482,13:42,0
54,483,13:43,0
54,484,13:44,0
54,485,13:45,0
54,486,13:46,0
54,487,13:47,0
54,488,13:48,0
54,489,13:49,0
54,490,13:50,0
54,491,13:51,0
54,492,13:52,0
54,493,13:53,0
54,494,13:54,0
54,495,13:55,0
54,496,13:56,0
54,497,13:57,0
54,498,13:58,0
54,499,13:59,0
54,500,14:00,0
54,501,14:01,0
54,502,14:02,0
54,503,14:03,0
54,504,14:04,0
54,505,14:05,0
54,506,14:06,1
54,507,14:07,1
54,508,14:08,1
54,509,14:09,1
54,510,14:10,1
54,511,14:11,1
54,512,14:12,1
54,513,14:13,1
54,514,14:14,1
54,515,14:15,1
54,516,14:16,3
54,517,14:17,3
54,518,14:18,3
54,519,14:19,3
54,520,14:20,3
54,521,14:21,3
54,522,14:22,3
54,523,14:23,3
54,524,14:24,3
54,525,14:25,3
54,526,14:26,1
54,527,14:27,1
54,528,14:28,1
54,529,14:29,0
54,530,14:30,0
54,531,14:31,0
54,532,14:32,0
54,533,14:33,0
54,534,14:34,0
54,535,14:35,0
54,536,14:36,0
54,537,14:37,0
54,538,14:38,0
54,539,14:39,0
54,540,14:40,0
54,541,14:41,0
54,542,14:42,0
54,543,14:43,0
54,544,14:44,0
54,545,14:45,0
54,546,14:46,0
54,547,14:47,0
54,548,14:48,0
54,549,14:49,1
54,550,14:50,1
54,551,14:51,1
54,552,14:52,2
54,553,14:53,2
54,554,14:54,2
54,555,14:55,2
54,556,14:56,2
54,557,14:57,2
54,558,14:58,2
54,559,14:59,2
54,560,15:00,2
54,561,15:01,2
54,562,15:02,1
54,563,15:03,1
54,564,15:04,1
54,565,15:05,0
54,566,15:06,0
54,567,15:07,0
54,568,15:08,0
54,569,15:09,0
54,570,15:10,0
54,571,15:11,0
54,572,15:12,0
54,573,15:13,0
54,574,15:14,0
54,575,15:15,0
54,576,15:16,0
54,577,15:17,0
54,578,15:18,0
54,579,15:19,0
54,580,15:20,0
54,581,15:21,0
54,582,15:22,0
54,583,15:23,0
54,584,15:24,0
54,585,15:25,0
54,586,15:26,0
54,587,15:27,0
54,588,15:28,0
54,589,15:29,0
54,590,15:30,0
54,591,15:31,0
54,592,15:32,0
54,593,15:33,0
54,594,15:34,0
54,595,15:35,0
54,596,15:36,0
54,597,15:37,0
54,598,15:38,0
54,599,15:39,0
54,600,15:40,0
54,601,15:41,0
54,602,15:42,0
54,603,15:43,0
54,604,15:44,0
54,605,15:45,0
54,606,15:46,0
54,607,15:47,1
54,608,15:48,1
54,609,15:49,1
54,610,15:50,1
54,611,15:51,1
54,612,15:52,1
54,613,15:53,1
54,614,15:54,1
54,615,15:55,1
54,616,15:56,0
54,617,15:57,0
54,618,15:58,0
54,619,15:59,0
54,620,16:00,0
54,621,16:01,0
54,622,16:02,1
54,623,16:03,1
54,624,16:04,1
54,625,16:05,1
54,626,16:06,1
54,627,16:07,1
54,628,16:08,2
54,629,16:09,2
54,630,16:10,2
54,631,16:11,2
54,632,16:12,2
54,633,16:13,2
54,634,16:14,2
54,635,16:15,2
54,636,16:16,2
54,637,16:17,1
54,638,16:18,1
54,639,16:19,1
54,640,16:20,1
54,641,16:21,1
54,642,16:22,1
54,643,16:23,1
54,644,16:24,0
54,645,16:25,0
54,646,16:26,0
54,647,16:27,1
54,648,16:28,1
54,649,16:29,1
54,650,16:30,1
54,651,16:31,1
54,652,16:32,1
54,653,16:33,1
54,654,16:34,1
54,655,16:35,1
54,656,16:36,1
54,657,16:37,0
54,658,16:38,0
54,659,16:39,0
54,660,16:40,0
54,661,16:41,0
54,662,16:42,0
54,663,16:43,0
54,664,16:44,0
54,665,16:45,0
54,666,16:46,0
54,667,16:47,0
54,668,16:48,0
54,669,16:49,1
54,670,16:50,1
54,671,16:51,1
54,672,16:52,1
54,673,16:53,1
54,674,16:54,1
54,675,16:55,1
54,676,16:56,1
54,677,16:57,1
54,678,16:58,1
54,679,16:59,0
54,680,17:00,0
54,681,17:01,0
54,682,17:02,0
54,683,17:03,0
54,684,17:04,0
54,685,17:05,0
54,686,17:06,0
54,687,17:07,0
54,688,17:08,0
54,689,17:09,1
54,690,17:10,1
54,691,17:11,1
54,692,17:12,2
54,693,17:13,2
54,694,17:14,2
54,695,17:15,2
54,696,17:16,2
54,697,17:17,2
54,698,17:18,2
54,699,17:19,2
54,700,17:20,2
54,701,17:21,2
54,702,17:22,2
54,703,17:23,2
54,704,17:24,2
54,705,17:25,2
54,706,17:26,2
54,707,17:27,1
54,708,17:28,1
54,709,17:29,1
54,710,17:30,0
54,711,17:31,0
54,712,17:32,0
54,713,17:33,1
54,714,17:34,1
54,715,17:35,1
54,716,17:36,2
54,717,17:37,2
54,718,17:38,2
54,719,17:39,2
54,720,17:40,2
54,721,17:41,2
54,722,17:42,2
54,723,17:43,2
54,724,17:44,2
54,725,17:45,2
54,726,17:46,1
54,727,17:47,1
54,728,17:48,1
54,729,17:49,0
54,730,17:50,0
54,731,17:51,0
54,732,17:52,1
54,733,17:53,1
54,734,17:54,1
54,735,17:55,1
54,736,17:56,1
54,737,17:57,1
54,738,17:58,1
54,739,17:59,1
54,740,18:00,1
54,741,18:01,1
54,742,18:02,0
54,743,18:03,0
54,744,18:04,0
54,745,18:05,1
54,746,18:06,1
54,747,18:07,1
54,748,18:08,1
54,749,18:09,1
54,750,18:10,1
54,751,18:11,1
54,752,18:12,1
54,753,18:13,1
54,754,18:14,1
54,755,18:15,0
54,756,18:16,0
54,757,18:17,0
54,758,18:18,0
54,759,18:19,0
54,760,18:20,0
54,761,18:21,0
54,762,18:22,0
54,763,18:23,0
54,764,18:24,0
54,765,18:25,0
54,766,18:26,1
54,767,18:27,1
54,768,18:28,1
54,769,18:29,1
54,770,18:30,1
54,771,18:31,1
54,772,18:32,1
54,773,18:33,1
54,774,18:34,1
54,775,18:35,0
54,776,18:36,0
54,777,18:37,0
54,778,18:38,2
54,779,18:39,2
54,780,18:40,2
54,781,18:41,2
54,782,18:42,2
54,783,18:43,2
54,784,18:44,2
54,785,18:45,2
54,786,18:46,2
54,787,18:47,2
54,788,18:48,2
54,789,18:49,2
54,790,18:50,2
54,791,18:51,2
54,792,18:52,2
54,793,18:53,0
54,794,18:54,0
54,795,18:55,0
54,796,18:56,2
54,797,18:57,2
54,798,18:58,2
54,799,18:59,2
54,800,19:00,2
54,801,19:01,2
54,802,19:02,2
54,803,19:03,2
54,804,19:04,2
54,805,19:05,2
54,806,19:06,0
54,807,19:07,0
54,808,19:08,0
54,809,19:09,0
54,810,19:10,0
54,811,19:11,0
54,812,19:12,0
54,813,19:13,0
54,814,19:14,0
54,815,19:15,0
54,816,19:16,0
54,817,19:17,0
54,818,19:18,0
54,819,19:19,0
54,820,19:20,0
54,821,19:21,0
54,822,19:22,0
54,823,19:23,0
54,824,19:24,0
54,825,19:25,0
54,826,19:26,0
54,827,19:27,0
54,828,19:28,0
54,829,19:29,0
54,830,19:30,0
54,831,19:31,0
54,832,19:32,0
54,833,19:33,0
54,834,19:34,0
54,835,19:35,0
55,0,05:40,0
55,1,05:41,0
55,2,05:42,0
55,3,05:43,0
55,4,05:44,0
55,5,05:45,0
55,6,05:46,0
55,7,05:47,0
55,8,05:48,0
55,9,05:49,0
55,10,05:50,0
55,11,05:51,0
55,12,05:52,0
55,13,05:53,0
55,14,05:54,0
55,15,05:55,0
55,16,05:56,0
55,17,05:57,0
55,18,05:58,0
55,19,05:59,0
55,20,06:00,0
55,21,06:01,0
55,22,06:02,0
55,23,06:03,0
55,24,06:04,0
55,25,06:05,0
55,26,06:06,0
55,27,06:07,0
55,28,06:08,0
55,29,06:09,0
55,30,06:10,0
55,31,06:11,0
55,32,06:12,0
55,33,06:13,0
55,34,06:14,0
55,35,06:15,0
55,36,06:16,0
55,37,06:17,0
55,38,06:18,0
55,39,06:19,0
55,40,06:20,0
55,41,06:21,0
55,42,06:22,0
55,43,06:23,0
55,44,06:24,0
55,45,06:25,0
55,46,06:26,0
55,47,06:27,0
55,48,06:28,0
55,49,06:29,0
55,50,06:30,0
55,51,06:31,0
55,52,06:32,0
55,53,06:33,0
55,54,06:34,0
55,55,06:35,0
55,56,06:36,0
55,57,06:37,0
55,58,06:38,0
55,59,06:39,0
55,60,06:40,0
55,61,06:41,0
55,62,06:42,0
55,63,06:43,0
55,64,06:44,0
55,65,06:45,0
55,66,06:46,0
55,67,06:47,0
55,68,06:48,0
55,69,06:49,0
55,70,06:50,0
55,71,06:51,0
55,72,06:52,0
55,73,06:53,0
55,74,06:54,0
55,75,06:55,0
55,76,06:56,0
55,77,06:57,0
55,78,06:58,0
55,79,06:59,0
55,80,07:00,0
55,81,07:01,0
55,82,07:02,0
55,83,07:03,0
55,84,07:04,0
55,85,07:05,0
55,86,07:06,0
55,87,07:07,1
55,88,07:08,1
55,89,07:09,1
55,90,07:10,1
55,91,07:11,1
55,92,07:12,1
55,93,07:13,1
55,94,07:14,1
55,95,07:15,1
55,96,07:16,1
55,97,07:17,1
55,98,07:18,0
55,99,07:19,0
55,100,07:20,0
55,101,07:21,0
55,102,07:22,0
55,103,07:23,0
55,104,07:24,0
55,105,07:25,0
55,106,07:26,0
55,107,07:27,0
55,108,07:28,0
55,109,07:29,0
55,110,07:30,0
55,111,07:31,0
55,112,07:32,0
55,113,07:33,0
55,114,07:34,0
55,115,07:35,0
55,116,07:36,0
55,117,07:37,0
55,118,07:38,0
55,119,07:39,0
55,120,07:40,0
55,121,07:41,0
55,122,07:42,0
55,123,07:43,0
55,124,07:44,0
55,125,07:45,0
55,126,07:46,0
55,127,07:47,0
55,128,07:48,0
55,129,07:49,0
55,130,07:50,0
55,131,07:51,0
55,132,07:52,0
55,133,07:53,0
55,134,07:54,0
55,135,07:55,0
55,136,07:56,0
55,137,07:57,0
55,138,07:58,0
55,139,07:59,0
55,140,08:00,0
55,141,08:01,0
55,142,08:02,0
55,143,08:03,0
55,144,08:04,0
55,145,08:05,0
55,146,08:06,0
55,147,08:07,0
55,148,08:08,0
55,149,08:09,0
55,150,08:10,0
55,151,08:11,0
55,152,08:12,0
55,153,08:13,0
55,154,08:14,0
55,155,08:15,0
55,156,08:16,0
55,157,08:17,0
55,158,08:18,0
55,159,08:19,0
55,160,08:20,0
55,161,08:21,0
55,162,08:22,0
55,163,08:23,0
55,164,08:24,0
55,165,08:25,0
55,166,08:26,0
55,167,08:27,0
55,168,08:28,0
55,169,08:29,0
55,170,08:30,0
55,171,08:31,0
55,172,08:32,0
55,173,08:33,0
55,174,08:34,0
55,175,08:35,0
55,176,08:36,0
55,177,08:37,0
55,178,08:38,0
55,179,08:39,0
55,180,08:40,0
55,181,08:41,0
55,182,08:42,0
55,183,08:43,0
55,184,08:44,0
55,185,08:45,0
55,186,08:46,0
55,187,08:47,0
55,188,08:48,0
55,189,08:49,0
55,190,08:50,0
55,191,08:51,0
55,192,08:52,0
55,193,08:53,0
55,194,08:54,0
55,195,08:55,0
55,196,08:56,0
55,197,08:57,0
55,198,08:58,0
55,199,08:59,0
55,200,09:00,0
55,201,09:01,0
55,202,09:02,0
55,203,09:03,0
55,204,09:04,0
55,205,09:05,0
55,206,09:06,0
55,207,09:07,0
55,208,09:08,0
55,209,09:09,0
55,210,09:10,0
55,211,09:11,0
55,212,09:12,0
55,213,09:13,0
55,214,09:14,0
55,215,09:15,0
55,216,09:16,0
55,217,09:17,0
55,218,09:18,0
55,219,09:19,0
55,220,09:20,0
55,221,09:21,0
55,222,09:22,0
55,223,09:23,0
55,224,09:24,0
55,225,09:25,0
55,226,09:26,0
55,227,09:27,0
55,228,09:28,0
55,229,09:29,0
55,230,09:30,0
55,231,09:31,0
55,232,09:32,0
55,233,09:33,0
55,234,09:34,0
55,235,09:35,0
55,236,09:36,0
55,237,09:37,0
55,238,09:38,0
55,239,09:39,0
55,240,09:40,0
55,241,09:41,0
55,242,09:42,0
55,243,09:43,0
55,244,09:44,0
55,245,09:45,0
55,246,09:46,0
55,247,09:47,0
55,248,09:48,0
55,249,09:49,0
55,250,09:50,0
55,251,09:51,0
55,252,09:52,0
55,253,09:53,0
55,254,09:54,0
55,255,09:55,0
55,256,09:56,0
55,257,09:57,0
55,258,09:58,0
55,259,09:59,0
55,260,10:00,0
55,261,10:01,0
55,262,10:02,0
55,263,10:03,0
55,264,10:04,0
55,265,10:05,0
55,266,10:06,0
55,267,10:07,0
55,268,10:08,0
55,269,10:09,1
55,270,10:10,1
55,271,10:11,1
55,272,10:12,1
55,273,10:13,1
55,274,10:14,1
55,275,10:15,1
55,276,10:16,1
55,277,10:17,1
55,278,10:18,1
55,279,10:19,1
55,280,10:20,1
55,281,10:21,1
55,282,10:22,0
55,283,10:23,0
55,284,10:24,0
55,285,10:25,0
55,286,10:26,0
55,287,10:27,0
55,288,10:28,0
55,289,10:29,1
55,290,10:30,1
55,291,10:31,1
55,292,10:32,1
55,293,10:33,1
55,294,10:34,1
55,295,10:35,1
55,296,10:36,1
55,297,10:37,1
55,298,10:38,1
55,299,10:39,1
55,300,10:40,1
55,301,10:41,1
55,302,10:42,1
55,303,10:43,0
55,304,10:44,0
55,305,10:45,0
55,306,10:46,0
55,307,10:47,0
55,308,10:48,0
55,309,10:49,0
55,310,10:50,0
55,311,10:51,0
55,312,10:52,0
55,313,10:53,0
55,314,10:54,0
55,315,10:55,0
55,316,10:56,1
55,317,10:57,1
55,318,10:58,1
55,319,10:59,1
55,320,11:00,1
55,321,11:01,1
55,322,11:02,1
55,323,11:03,1
55,324,11:04,1
55,325,11:05,1
55,326,11:06,1
55,327,11:07,1
55,328,11:08,1
55,329,11:09,1
55,330,11:10,1
55,331,11:11,1
55,332,11:12,1
55,333,11:13,1
55,334,11:14,1
55,335,11:15,1
55,336,11:16,1
55,337,11:17,1
55,338,11:18,1
55,339,11:19,1
55,340,11:20,1
55,341,11:21,1
55,342,11:22,0
55,343,11:23,0
55,344,11:24,0
55,345,11:25,0
55,346,11:26,0
55,347,11:27,0
55,348,11:28,0
55,349,11:29,0
55,350,11:30,0
55,351,11:31,0
55,352,11:32,0
55,353,11:33,0
55,354,11:34,0
55,355,11:35,0
55,356,11:36,0
55,357,11:37,0
55,358,11:38,0
55,359,11:39,0
55,360,11:40,0
55,361,11:41,0
55,362,11:42,0
55,363,11:43,0
55,364,11:44,0
55,365,11:45,0
55,366,11:46,0
55,367,11:47,0
55,368,11:48,0
55,369,11:49,0
55,370,11:50,0
55,371,11:51,0
55,372,11:52,0
55,373,11:53,0
55,374,11:54,0
55,375,11:55,0
55,376,11:56,0
55,377,11:57,0
55,378,11:58,0
55,379,11:59,0
55,380,12:00,0
55,381,12:01,0
55,382,12:02,0
55,383,12:03,0
55,384,12:04,0
55,385,12:05,0
55,386,12:06,0
55,387,12:07,0
55,388,12:08,0
55,389,12:09,0
55,390,12:10,0
55,391,12:11,0
55,392,12:12,0
55,393,12:13,0
55,394,12:14,0
55,395,12:15,0
55,396,12:16,0
55,397,12:17,0
55,398,12:18,0
55,399,12:19,0
55,400,12:20,0
55,401,12:21,0
55,402,12:22,0
55,403,12:23,0
55,404,12:24,0
55,405,12:25,0
55,406,12:26,0
55,407,12:27,0
55,408,12:28,0
55,409,12:29,0
55,410,12:30,0
55,411,12:31,0
55,412,12:32,0
55,413,12:33,0
55,414,12:34,0
55,415,12:35,0
55,416,12:36,0
55,417,12:37,0
55,418,12:38,0
55,419,12:39,0
55,420,12:40,0
55,421,12:41,0
55,422,12:42,0
55,423,12:43,0
55,424,12:44,0
55,425,12:45,0
55,426,12:46,0
55,427,12:47,0
55,428,12:48,0
55,429,12:49,0
55,430,12:50,0
55,431,12:51,0
55,432,12:52,0
55,433,12:53,0
55,434,12:54,0
55,435,12:55,0
55,436,12:56,0
55,437,12:57,0
55,438,12:58,0
55,439,12:59,0
55,440,13:00,0
55,441,13:01,0
55,442,13:02,0
55,443,13:03,0
55,444,13:04,0
55,445,13:05,0
55,446,13:06,0
55,447,13:07,0
55,448,13:08,0
55,449,13:09,0
55,450,13:10,0
55,451,13:11,0
55,452,13:12,0
55,453,13:13,0
55,454,13:14,0
55,455,13:15,0
55,456,13:16,0
55,457,13:17,0
55,458,13:18,0
55,459,13:19,0
55,460,13:20,0
55,461,13:21,0
55,462,13:22,0
55,463,13:23,0
55,464,13:24,0
55,465,13:25,0
55,466,13:26,0
55,467,13:27,0
55,468,13:28,0
55,469,13:29,0
55,470,13:30,0
55,471,13:31,0
55,472,13:32,0
55,473,13:33,0
55,474,13:34,0
55,475,13:35,0
55,476,13:36,0
55,477,13:37,0
55,478,13:38,0
55,479,13:39,0
55,480,13:40,0
55,481,13:41,0
55,482,13:42,0
55,483,13:43,0
55,484,13:44,0
55,485,13:45,0
55,486,13:46,0
55,487,13:47,0
55,488,13:48,0
55,489,13:49,0
55,490,13:50,0
55,491,13:51,0
55,492,13:52,0
55,493,13:53,0
55,494,13:54,0
55,495,13:55,0
55,496,13:56,0
55,497,13:57,0
55,498,13:58,0
55,499,13:59,0
55,500,14:00,0
55,501,14:01,0
55,502,14:02,0
55,503,14:03,0
55,504,14:04,0
55,505,14:05,0
55,506,14:06,0
55,507,14:07,0
55,508,14:08,0
55,509,14:09,0
55,510,14:10,0
55,511,14:11,0
55,512,14:12,0
55,513,14:13,0
55,514,14:14,0
55,515,14:15,0
55,516,14:16,0
55,517,14:17,0
55,518,14:18,0
55,519,14:19,0
55,520,14:20,1
55,521,14:21,1
55,522,14:22,1
55,523,14:23,1
55,524,14:24,1
55,525,14:25,1
55,526,14:26,1
55,527,14:27,1
55,528,14:28,1
55,529,14:29,1
55,530,14:30,1
55,531,14:31,1
55,532,14:32,1
55,533,14:33,1
55,534,14:34,1
55,535,14:35,1
55,536,14:36,1
55,537,14:37,1
55,538,14:38,1
55,539,14:39,1
55,540,14:40,1
55,541,14:41,1
55,542,14:42,1
55,543,14:43,0
55,544,14:44,0
55,545,14:45,0
55,546,14:46,0
55,547,14:47,0
55,548,14:48,0
55,549,14:49,0
55,550,14:50,0
55,551,14:51,0
55,552,14:52,0
55,553,14:53,0
55,554,14:54,0
55,555,14:55,0
55,556,14:56,0
55,557,14:57,0
55,558,14:58,0
55,559,14:59,1
55,560,15:00,1
55,561,15:01,1
55,562,15:02,1
55,563,15:03,1
55,564,15:04,1
55,565,15:05,1
55,566,15:06,1
55,567,15:07,1
55,568,15:08,1
55,569,15:09,1
55,570,15:10,1
55,571,15:11,1
55,572,15:12,1
55,573,15:13,1
55,574,15:14,1
55,575,15:15,1
55,576,15:16,1
55,577,15:17,1
55,578,15:18,1
55,579,15:19,1
55,580,15:20,1
55,581,15:21,1
55,582,15:22,1
55,583,15:23,0
55,584,15:24,0
55,585,15:25,0
55,586,15:26,0
55,587,15:27,0
55,588,15:28,0
55,589,15:29,0
55,590,15:30,0
55,591,15:31,0
55,592,15:32,0
55,593,15:33,0
55,594,15:34,0
55,595,15:35,0
55,596,15:36,0
55,597,15:37,0
55,598,15:38,0
55,599,15:39,0
55,600,15:40,0
55,601,15:41,0
55,602,15:42,0
55,603,15:43,0
55,604,15:44,0
55,605,15:45,0
55,606,15:46,0
55,607,15:47,0
55,608,15:48,0
55,609,15:49,0
55,610,15:50,0
55,611,15:51,0
55,612,15:52,0
55,613,15:53,0
55,614,15:54,0
55,615,15:55,0
55,616,15:56,0
55,617,15:57,0
55,618,15:58,0
55,619,15:59,0
55,620,16:00,0
55,621,16:01,0
55,622,16:02,0
55,623,16:03,0
55,624,16:04,0
55,625,16:05,0
55,626,16:06,0
55,627,16:07,0
55,628,16:08,0
55,629,16:09,1
55,630,16:10,1
55,631,16:11,1
55,632,16:12,2
55,633,16:13,2
55,634,16:14,2
55,635,16:15,3
55,636,16:16,3
55,637,16:17,3
55,638,16:18,3
55,639,16:19,3
55,640,16:20,3
55,641,16:21,3
55,642,16:22,3
55,643,16:23,3
55,644,16:24,3
55,645,16:25,2
55,646,16:26,2
55,647,16:27,2
55,648,16:28,2
55,649,16:29,2
55,650,16:30,2
55,651,16:31,2
55,652,16:32,2
55,653,16:33,2
55,654,16:34,2
55,655,16:35,1
55,656,16:36,1
55,657,16:37,1
55,658,16:38,0
55,659,16:39,0
55,660,16:40,0
55,661,16:41,0
55,662,16:42,0
55,663,16:43,0
55,664,16:44,0
55,665,16:45,0
55,666,16:46,0
55,667,16:47,0
55,668,16:48,0
55,669,16:49,1
55,670,16:50,1
55,671,16:51,1
55,672,16:52,2
55,673,16:53,2
55,674,16:54,2
55,675,16:55,2
55,676,16:56,2
55,677,16:57,2
55,678,16:58,2
55,679,16:59,2
55,680,17:00,2
55,681,17:01,2
55,682,17:02,2
55,683,17:03,2
55,684,17:04,2
55,685,17:05,2
55,686,17:06,2
55,687,17:07,1
55,688,17:08,1
55,689,17:09,1
55,690,17:10,1
55,691,17:11,1
55,692,17:12,1
55,693,17:13,0
55,694,17:14,0
55,695,17:15,0
55,696,17:16,1
55,697,17:17,1
55,698,17:18,1
55,699,17:19,1
55,700,17:20,1
55,701,17:21,1
55,702,17:22,1
55,703,17:23,1
55,704,17:24,1
55,705,17:25,1
55,706,17:26,1
55,707,17:27,1
55,708,17:28,1
55,709,17:29,1
55,710,17:30,1
55,711,17:31,0
55,712,17:32,0
55,713,17:33,0
55,714,17:34,1
55,715,17:35,1
55,716,17:36,1
55,717,17:37,2
55,718,17:38,2
55,719,17:39,2
55,720,17:40,2
55,721,17:41,2
55,722,17:42,2
55,723,17:43,2
55,724,17:44,2
55,725,17:45,2
55,726,17:46,1
55,727,17:47,1
55,728,17:48,1
55,729,17:49,0
55,730,17:50,0
55,731,17:51,0
55,732,17:52,2
55,733,17:53,2
55,734,17:54,2
55,735,17:55,4
55,736,17:56,4
55,737,17:57,4
55,738,17:58,4
55,739,17:59,4
55,740,18:00,4
55,741,18:01,4
55,742,18:02,4
55,743,18:03,4
55,744,18:04,4
55,745,18:05,2
55,746,18:06,2
55,747,18:07,2
55,748,18:08,2
55,749,18:09,2
55,750,18:10,2
55,751,18:11,0
55,752,18:12,0
55,753,18:13,0
55,754,18:14,1
55,755,18:15,1
55,756,18:16,1
55,757,18:17,1
55,758,18:18,1
55,759,18:19,1
55,760,18:20,1
55,761,18:21,1
55,762,18:22,1
55,763,18:23,0
55,764,18:24,0
55,765,18:25,0
55,766,18:26,0
55,767,18:27,0
55,768,18:28,0
55,769,18:29,1
55,770,18:30,1
55,771,18:31,1
55,772,18:32,1
55,773,18:33,1
55,774,18:34,1
55,775,18:35,1
55,776,18:36,1
55,777,18:37,1
55,778,18:38,1
55,779,18:39,0
55,780,18:40,0
55,781,18:41,0
55,782,18:42,1
55,783,18:43,1
55,784,18:44,1
55,785,18:45,2
55,786,18:46,2
55,787,18:47,2
55,788,18:48,2
55,789,18:49,2
55,790,18:50,2
55,791,18:51,2
55,792,18:52,2
55,793,18:53,2
55,794,18:54,1
55,795,18:55,1
55,796,18:56,1
55,797,18:57,0
55,798,18:58,0
55,799,18:59,0
55,800,19:00,0
55,801,19:01,0
55,802,19:02,0
55,803,19:03,0
55,804,19:04,0
55,805,19:05,0
55,806,19:06,1
55,807,19:07,1
55,808,19:08,1
55,809,19:09,1
55,810,19:10,1
55,811,19:11,1
55,812,19:12,1
55,813,19:13,1
55,814,19:14,1
55,815,19:15,1
55,816,19:16,0
55,817,19:17,0
55,818,19:18,0
55,819,19:19,0
55,820,19:20,0
55,821,19:21,0
55,822,19:22,0
55,823,19:23,0
55,824,19:24,0
55,825,19:25,0
55,826,19:26,0
55,827,19:27,0
55,828,19:28,0
55,829,19:29,0
55,830,19:30,0
55,831,19:31,0
55,832,19:32,0
55,833,19:33,0
55,834,19:34,0
55,835,19:35,0
56,0,05:40,0
56,1,05:41,0
56,2,05:42,0
56,3,05:43,0
56,4,05:44,0
56,5,05:45,0
56,6,05:46,0
56,7,05:47,0
56,8,05:48,0
56,9,05:49,0
56,10,05:50,0
56,11,05:51,0
56,12,05:52,0
56,13,05:53,0
56,14,05:54,0
56,15,05:55,0
56,16,05:56,0
56,17,05:57,0
56,18,05:58,0
56,19,05:59,0
56,20,06:00,0
56,21,06:01,0
56,22,06:02,0
56,23,06:03,0
56,24,06:04,0
56,25,06:05,0
56,26,06:06,0
56,27,06:07,0
56,28,06:08,0
56,29,06:09,0
56,30,06:10,0
56,31,06:11,0
56,32,06:12,0
56,33,06:13,0
56,34,06:14,0
56,35,06:15,0
56,36,06:16,0
56,37,06:17,0
56,38,06:18,0
56,39,06:19,0
56,40,06:20,0
56,41,06:21,0
56,42,06:22,0
56,43,06:23,0
56,44,06:24,0
56,45,06:25,0
56,46,06:26,0
56,47,06:27,0
56,48,06:28,0
56,49,06:29,0
56,50,06:30,0
56,51,06:31,0
56,52,06:32,0
56,53,06:33,0
56,54,06:34,0
56,55,06:35,0
56,56,06:36,0
56,57,06:37,0
56,58,06:38,0
56,59,06:39,0
56,60,06:40,0
56,61,06:41,0
56,62,06:42,0
56,63,06:43,0
56,64,06:44,0
56,65,06:45,0
56,66,06:46,0
56,67,06:47,0
56,68,06:48,0
56,69,06:49,0
56,70,06:50,0
56,71,06:51,0
56,72,06:52,0
56,73,06:53,0
56,74,06:54,0
56,75,06:55,0
56,76,06:56,0
56,77,06:57,0
56,78,06:58,0
56,79,06:59,0
56,80,07:00,0
56,81,07:01,0
56,82,07:02,0
56,83,07:03,0
56,84,07:04,0
56,85,07:05,0
56,86,07:06,0
56,87,07:07,0
56,88,07:08,0
56,89,07:09,0
56,90,07:10,0
56,91,07:11,0
56,92,07:12,0
56,93,07:13,0
56,94,07:14,0
56,95,07:15,0
56,96,07:16,0
56,97,07:17,0
56,98,07:18,0
56,99,07:19,0
56,100,07:20,0
56,101,07:21,0
56,102,07:22,0
56,103,07:23,0
56,104,07:24,0
56,105,07:25,0
56,106,07:26,0
56,107,07:27,0
56,108,07:28,0
56,109,07:29,0
56,110,07:30,0
56,111,07:31,0
56,112,07:32,0
56,113,07:33,0
56,114,07:34,0
56,115,07:35,0
56,116,07:36,0
56,117,07:37,0
56,118,07:38,0
56,119,07:39,0
56,120,07:40,0
56,121,07:41,0
56,122,07:42,0
56,123,07:43,0
56,124,07:44,0
56,125,07:45,0
56,126,07:46,0
56,127,07:47,0
56,128,07:48,0
56,129,07:49,0
56,130,07:50,0
56,131,07:51,0
56,132,07:52,0
56,133,07:53,0
56,134,07:54,0
56,135,07:55,0
56,136,07:56,0
56,137,07:57,0
56,138,07:58,0
56,139,07:59,0
56,140,08:00,0
56,141,08:01,0
56,142,08:02,0
56,143,08:03,0
56,144,08:04,1
56,145,08:05,1
56,146,08:06,1
56,147,08:07,1
56,148,08:08,1
56,149,08:09,1
56,150,08:10,1
56,151,08:11,1
56,152,08:12,1
56,153,08:13,1
56,154,08:14,0
56,155,08:15,0
56,156,08:16,0
56,157,08:17,0
56,158,08:18,0
56,159,08:19,0
56,160,08:20,0
56,161,08:21,0
56,162,08:22,0
56,163,08:23,0
56,164,08:24,0
56,165,08:25,0
56,166,08:26,0
56,167,08:27,0
56,168,08:28,0
56,169,08:29,0
56,170,08:30,0
56,171,08:31,0
56,172,08:32,0
56,173,08:33,0
56,174,08:34,0
56,175,08:35,0
56,176,08:36,0
56,177,08:37,0
56,178,08:38,0
56,179,08:39,0
56,180,08:40,0
56,181,08:41,0
56,182,08:42,0
56,183,08:43,0
56,184,08:44,0
56,185,08:45,0
56,186,08:46,0
56,187,08:47,0
56,188,08:48,0
56,189,08:49,0
56,190,08:50,0
56,191,08:51,0
56,192,08:52,0
56,193,08:53,0
56,194,08:54,0
56,195,08:55,0
56,196,08:56,0
56,197,08:57,0
56,198,08:58,0
56,199,08:59,0
56,200,09:00,0
56,201,09:01,0
56,202,09:02,0
56,203,09:03,0
56,204,09:04,0
56,205,09:05,0
56,206,09:06,0
56,207,09:07,0
56,208,09:08,0
56,209,09:09,0
56,210,09:10,0
56,211,09:11,0
56,212,09:12,0
56,213,09:13,0
56,214,09:14,0
56,215,09:15,0
56,216,09:16,0
56,217,09:17,0
56,218,09:18,0
56,219,09:19,0
56,220,09:20,0
56,221,09:21,0
56,222,09:22,0
56,223,09:23,0
56,224,09:24,0
56,225,09:25,0
56,226,09:26,0
56,227,09:27,0
56,228,09:28,0
56,229,09:29,0
56,230,09:30,0
56,231,09:31,0
56,232,09:32,0
56,233,09:33,0
56,234,09:34,0
56,235,09:35,0
56,236,09:36,0
56,237,09:37,0
56,238,09:38,0
56,239,09:39,0
56,240,09:40,0
56,241,09:41,0
56,242,09:42,0
56,243,09:43,0
56,244,09:44,0
56,245,09:45,0
56,246,09:46,0
56,247,09:47,0
56,248,09:48,0
56,249,09:49,0
56,250,09:50,0
56,251,09:51,0
56,252,09:52,0
56,253,09:53,0
56,254,09:54,0
56,255,09:55,0
56,256,09:56,0
56,257,09:57,0
56,258,09:58,0
56,259,09:59,0
56,260,10:00,0
56,261,10:01,0
56,262,10:02,0
56,263,10:03,0
56,264,10:04,0
56,265,10:05,0
56,266,10:06,1
56,267,10:07,1
56,268,10:08,1
56,269,10:09,1
56,270,10:10,1
56,271,10:11,1
56,272,10:12,1
56,273,10:13,1
56,274,10:14,1
56,275,10:15,1
56,276,10:16,1
56,277,10:17,1
56,278,10:18,1
56,279,10:19,0
56,280,10:20,0
56,281,10:21,0
56,282,10:22,0
56,283,10:23,0
56,284,10:24,0
56,285,10:25,0
56,286,10:26,0
56,287,10:27,0
56,288,10:28,1
56,289,10:29,1
56,290,10:30,1
56,291,10:31,1
56,292,10:32,1
56,293,10:33,1
56,294,10:34,1
56,295,10:35,1
56,296,10:36,1
56,297,10:37,1
56,298,10:38,1
56,299,10:39,0
56,300,10:40,0
56,301,10:41,0
56,302,10:42,0
56,303,10:43,1
56,304,10:44,1
56,305,10:45,1
56,306,10:46,2
56,307,10:47,2
56,308,10:48,2
56,309,10:49,3
56,310,10:50,3
56,311,10:51,3
56,312,10:52,3
56,313,10:53,3
56,314,10:54,3
56,315,10:55,3
56,316,10:56,3
56,317,10:57,3
56,318,10:58,3
56,319,10:59,3
56,320,11:00,2
56,321,11:01,2
56,322,11:02,2
56,323,11:03,1
56,324,11:04,1
56,325,11:05,1
56,326,11:06,0
56,327,11:07,0
56,328,11:08,0
56,329,11:09,0
56,330,11:10,0
56,331,11:11,0
56,332,11:12,0
56,333,11:13,0
56,334,11:14,0
56,335,11:15,0
56,336,11:16,0
56,337,11:17,0
56,338,11:18,0
56,339,11:19,0
56,340,11:20,1
56,341,11:21,1
56,342,11:22,1
56,343,11:23,1
56,344,11:24,1
56,345,11:25,1
56,346,11:26,1
56,347,11:27,1
56,348,11:28,1
56,349,11:29,1
56,350,11:30,2
56,351,11:31,2
56,352,11:32,2
56,353,11:33,2
56,354,11:34,2
56,355,11:35,2
56,356,11:36,2
56,357,11:37,2
56,358,11:38,2
56,359,11:39,2
56,360,11:40,2
56,361,11:41,2
56,362,11:42,2
56,363,11:43,2
56,364,11:44,2
56,365,11:45,1
56,366,11:46,1
56,367,11:47,1
56,368,11:48,0
56,369,11:49,0
56,370,11:50,0
56,371,11:51,0
56,372,11:52,0
56,373,11:53,0
56,374,11:54,0
56,375,11:55,0
56,376,11:56,0
56,377,11:57,0
56,378,11:58,0
56,379,11:59,0
56,380,12:00,1
56,381,12:01,1
56,382,12:02,1
56,383,12:03,1
56,384,12:04,2
56,385,12:05,2
56,386,12:06,2
56,387,12:07,2
56,388,12:08,2
56,389,12:09,2
56,390,12:10,2
56,391,12:11,2
56,392,12:12,2
56,393,12:13,2
56,394,12:14,2
56,395,12:15,2
56,396,12:16,2
56,397,12:17,2
56,398,12:18,2
56,399,12:19,2
56,400,12:20,2
56,401,12:21,2
56,402,12:22,1
56,403,12:23,1
56,404,12:24,1
56,405,12:25,0
56,406,12:26,0
56,407,12:27,0
56,408,12:28,0
56,409,12:29,0
56,410,12:30,0
56,411,12:31,0
56,412,12:32,0
56,413,12:33,0
56,414,12:34,0
56,415,12:35,0
56,416,12:36,0
56,417,12:37,0
56,418,12:38,0
56,419,12:39,0
56,420,12:40,0
56,421,12:41,0
56,422,12:42,0
56,423,12:43,0
56,424,12:44,0
56,425,12:45,0
56,426,12:46,0
56,427,12:47,0
56,428,12:48,0
56,429,12:49,0
56,430,12:50,0
56,431,12:51,0
56,432,12:52,0
56,433,12:53,0
56,434,12:54,0
56,435,12:55,0
56,436,12:56,0
56,437,12:57,0
56,438,12:58,0
56,439,12:59,0
56,440,13:00,0
56,441,13:01,0
56,442,13:02,0
56,443,13:03,0
56,444,13:04,0
56,445,13:05,0
56,446,13:06,0
56,447,13:07,0
56,448,13:08,0
56,449,13:09,0
56,450,13:10,0
56,451,13:11,0
56,452,13:12,0
56,453,13:13,0
56,454,13:14,0
56,455,13:15,0
56,456,13:16,0
56,457,13:17,0
56,458,13:18,0
56,459,13:19,0
56,460,13:20,0
56,461,13:21,0
56,462,13:22,0
56,463,13:23,0
56,464,13:24,0
56,465,13:25,0
56,466,13:26,0
56,467,13:27,0
56,468,13:28,0
56,469,13:29,0
56,470,13:30,0
56,471,13:31,0
56,472,13:32,0
56,473,13:33,0
56,474,13:34,0
56,475,13:35,0
56,476,13:36,0
56,477,13:37,0
56,478,13:38,0
56,479,13:39,0
56,480,13:40,0
56,481,13:41,0
56,482,13:42,0
56,483,13:43,0
56,484,13:44,0
56,485,13:45,0
56,486,13:46,0
56,487,13:47,0
56,488,13:48,0
56,489,13:49,0
56,490,13:50,0
56,491,13:51,0
56,492,13:52,0
56,493,13:53,0
56,494,13:54,0
56,495,13:55,0
56,496,13:56,0
56,497,13:57,0
56,498,13:58,0
56,499,13:59,0
56,500,14:00,0
56,501,14:01,0
56,502,14:02,0
56,503,14:03,0
56,504,14:04,0
56,505,14:05,0
56,506,14:06,0
56,507,14:07,0
56,508,14:08,0
56,509,14:09,0
56,510,14:10,0
56,511,14:11,1
56,512,14:12,1
56,513,14:13,1
56,514,14:14,2
56,515,14:15,2
56,516,14:16,2
56,517,14:17,2
56,518,14:18,3
56,519,14:19,3
56,520,14:20,3
56,521,14:21,3
56,522,14:22,3
56,523,14:23,3
56,524,14:24,3
56,525,14:25,3
56,526,14:26,3
56,527,14:27,3
56,528,14:28,3
56,529,14:29,3
56,530,14:30,3
56,531,14:31,3
56,532,14:32,3
56,533,14:33,3
56,534,14:34,3
56,535,14:35,3
56,536,14:36,2
56,537,14:37,2
56,538,14:38,2
56,539,14:39,1
56,540,14:40,1
56,541,14:41,1
56,542,14:42,0
56,543,14:43,0
56,544,14:44,0
56,545,14:45,0
56,546,14:46,0
56,547,14:47,0
56,548,14:48,0
56,549,14:49,0
56,550,14:50,0
56,551,14:51,0
56,552,14:52,0
56,553,14:53,0
56,554,14:54,0
56,555,14:55,0
56,556,14:56,0
56,557,14:57,0
56,558,14:58,0
56,559,14:59,0
56,560,15:00,0
56,561,15:01,0
56,562,15:02,0
56,563,15:03,0
56,564,15:04,0
56,565,15:05,0
56,566,15:06,0
56,567,15:07,0
56,568,15:08,1
56,569,15:09,1
56,570,15:10,1
56,571,15:11,2
56,572,15:12,2
56,573,15:13,2
56,574,15:14,3
56,575,15:15,3
56,576,15:16,3
56,577,15:17,3
56,578,15:18,3
56,579,15:19,3
56,580,15:20,3
56,581,15:21,3
56,582,15:22,3
56,583,15:23,3
56,584,15:24,3
56,585,15:25,3
56,586,15:26,3
56,587,15:27,3
56,588,15:28,3
56,589,15:29,3
56,590,15:30,3
56,591,15:31,3
56,592,15:32,3
56,593,15:33,3
56,594,15:34,3
56,595,15:35,3
56,596,15:36,2
56,597,15:37,2
56,598,15:38,2
56,599,15:39,1
56,600,15:40,1
56,601,15:41,1
56,602,15:42,0
56,603,15:43,0
56,604,15:44,0
56,605,15:45,0
56,606,15:46,0
56,607,15:47,0
56,608,15:48,0
56,609,15:49,0
56,610,15:50,0
56,611,15:51,0
56,612,15:52,0
56,613,15:53,0
56,614,15:54,0
56,615,15:55,0
56,616,15:56,0
56,617,15:57,0
56,618,15:58,0
56,619,15:59,0
56,620,16:00,1
56,621,16:01,1
56,622,16:02,1
56,623,16:03,2
56,624,16:04,2
56,625,16:05,2
56,626,16:06,3
56,627,16:07,3
56,628,16:08,3
56,629,16:09,3
56,630,16:10,3
56,631,16:11,3
56,632,16:12,3
56,633,16:13,3
56,634,16:14,3
56,635,16:15,3
56,636,16:16,3
56,637,16:17,3
56,638,16:18,3
56,639,16:19,3
56,640,16:20,3
56,641,16:21,3
56,642,16:22,3
56,643,16:23,3
56,644,16:24,2
56,645,16:25,2
56,646,16:26,2
56,647,16:27,1
56,648,16:28,1
56,649,16:29,1
56,650,16:30,1
56,651,16:31,1
56,652,16:32,1
56,653,16:33,0
56,654,16:34,0
56,655,16:35,0
56,656,16:36,0
56,657,16:37,0
56,658,16:38,0
56,659,16:39,0
56,660,16:40,0
56,661,16:41,0
56,662,16:42,0
56,663,16:43,0
56,664,16:44,0
56,665,16:45,0
56,666,16:46,0
56,667,16:47,0
56,668,16:48,0
56,669,16:49,0
56,670,16:50,0
56,671,16:51,0
56,672,16:52,0
56,673,16:53,0
56,674,16:54,0
56,675,16:55,1
56,676,16:56,1
56,677,16:57,1
56,678,16:58,3
56,679,16:59,3
56,680,17:00,3
56,681,17:01,3
56,682,17:02,3
56,683,17:03,3
56,684,17:04,3
56,685,17:05,3
56,686,17:06,3
56,687,17:07,3
56,688,17:08,3
56,689,17:09,3
56,690,17:10,3
56,691,17:11,3
56,692,17:12,3
56,693,17:13,3
56,694,17:14,3
56,695,17:15,3
56,696,17:16,1
56,697,17:17,1
56,698,17:18,1
56,699,17:19,0
56,700,17:20,0
56,701,17:21,0
56,702,17:22,0
56,703,17:23,0
56,704,17:24,0
56,705,17:25,0
56,706,17:26,0
56,707,17:27,0
56,708,17:28,0
56,709,17:29,0
56,710,17:30,0
56,711,17:31,0
56,712,17:32,0
56,713,17:33,0
56,714,17:34,0
56,715,17:35,0
56,716,17:36,0
56,717,17:37,0
56,718,17:38,0
56,719,17:39,0
56,720,17:40,0
56,721,17:41,0
56,722,17:42,0
56,723,17:43,0
56,724,17:44,1
56,725,17:45,1
56,726,17:46,1
56,727,17:47,4
56,728,17:48,4
56,729,17:49,4
56,730,17:50,4
56,731,17:51,4
56,732,17:52,4
56,733,17:53,4
56,734,17:54,4
56,735,17:55,4
56,736,17:56,4
56,737,17:57,4
56,738,17:58,4
56,739,17:59,4
56,740,18:00,4
56,741,18:01,4
56,742,18:02,4
56,743,18:03,4
56,744,18:04,4
56,745,18:05,3
56,746,18:06,3
56,747,18:07,3
56,748,18:08,0
56,749,18:09,0
56,750,18:10,0
56,751,18:11,1
56,752,18:12,1
56,753,18:13,1
56,754,18:14,2
56,755,18:15,2
56,756,18:16,2
56,757,18:17,2
56,758,18:18,2
56,759,18:19,2
56,760,18:20,2
56,761,18:21,2
56,762,18:22,2
56,763,18:23,2
56,764,18:24,1
56,765,18:25,1
56,766,18:26,1
56,767,18:27,0
56,768,18:28,0
56,769,18:29,0
56,770,18:30,0
56,771,18:31,0
56,772,18:32,0
56,773,18:33,0
56,774,18:34,0
56,775,18:35,0
56,776,18:36,0
56,777,18:37,0
56,778,18:38,0
56,779,18:39,2
56,780,18:40,2
56,781,18:41,2
56,782,18:42,2
56,783,18:43,2
56,784,18:44,2
56,785,18:45,2
56,786,18:46,2
56,787,18:47,2
56,788,18:48,2
56,789,18:49,2
56,790,18:50,2
56,791,18:51,2
56,792,18:52,2
56,793,18:53,2
56,794,18:54,2
56,795,18:55,0
56,796,18:56,0
56,797,18:57,0
56,798,18:58,1
56,799,18:59,1
56,800,19:00,1
56,801,19:01,1
56,802,19:02,1
56,803,19:03,1
56,804,19:04,1
56,805,19:05,1
56,806,19:06,1
56,807,19:07,1
56,808,19:08,1
56,809,19:09,1
56,810,19:10,1
56,811,19:11,1
56,812,19:12,1
56,813,19:13,0
56,814,19:14,0
56,815,19:15,0
56,816,19:16,0
56,817,19:17,0
56,818,19:18,0
56,819,19:19,0
56,820,19:20,0
56,821,19:21,0
56,822,19:22,0
56,823,19:23,0
56,824,19:24,0
56,825,19:25,0
56,826,19:26,0
56,827,19:27,0
56,828,19:28,0
56,829,19:29,0
56,830,19:30,0
56,831,19:31,0
56,832,19:32,0
56,833,19:33,0
56,834,19:34,0
56,835,19:35,0
57,0,05:40,0
57,1,05:41,0
57,2,05:42,0
57,3,05:43,0
57,4,05:44,0
57,5,05:45,0
57,6,05:46,0
57,7,05:47,0
57,8,05:48,0
57,9,05:49,0
57,10,05:50,0
57,11,05:51,0
57,12,05:52,0
57,13,05:53,0
57,14,05:54,0
57,15,05:55,0
57,16,05:56,0
57,17,05:57,0
57,18,05:58,0
57,19,05:59,0
57,20,06:00,0
57,21,06:01,0
57,22,06:02,0
57,23,06:03,0
57,24,06:04,0
57,25,06:05,0
57,26,06:06,0
57,27,06:07,0
57,28,06:08,0
57,29,06:09,0
57,30,06:10,0
57,31,06:11,0
57,32,06:12,0
57,33,06:13,0
57,34,06:14,0
57,35,06:15,0
57,36,06:16,0
57,37,06:17,0
57,38,06:18,0
57,39,06:19,0
57,40,06:20,0
57,41,06:21,0
57,42,06:22,0
57,43,06:23,0
57,44,06:24,0
57,45,06:25,0
57,46,06:26,0
57,47,06:27,0
57,48,06:28,0
57,49,06:29,0
57,50,06:30,0
57,51,06:31,0
57,52,06:32,0
57,53,06:33,0
57,54,06:34,0
57,55,06:35,0
57,56,06:36,0
57,57,06:37,0
57,58,06:38,0
57,59,06:39,0
57,60,06:40,0
57,61,06:41,0
57,62,06:42,0
57,63,06:43,0
57,64,06:44,0
57,65,06:45,0
57,66,06:46,0
57,67,06:47,0
57,68,06:48,0
57,69,06:49,0
57,70,06:50,0
57,71,06:51,0
57,72,06:52,0
57,73,06:53,0
57,74,06:54,0
57,75,06:55,0
57,76,06:56,0
57,77,06:57,0
57,78,06:58,0
57,79,06:59,0
57,80,07:00,0
57,81,07:01,0
57,82,07:02,0
57,83,07:03,0
57,84,07:04,0
57,85,07:05,0
57,86,07:06,0
57,87,07:07,0
57,88,07:08,0
57,89,07:09,0
57,90,07:10,1
57,91,07:11,1
57,92,07:12,1
57,93,07:13,2
57,94,07:14,2
57,95,07:15,2
57,96,07:16,2
57,97,07:17,2
57,98,07:18,2
57,99,07:19,2
57,100,07:20,2
57,101,07:21,2
57,102,07:22,1
57,103,07:23,1
57,104,07:24,1
57,105,07:25,0
57,106,07:26,0
57,107,07:27,0
57,108,07:28,0
57,109,07:29,0
57,110,07:30,0
57,111,07:31,0
57,112,07:32,0
57,113,07:33,0
57,114,07:34,0
57,115,07:35,0
57,116,07:36,0
57,117,07:37,0
57,118,07:38,0
57,119,07:39,0
57,120,07:40,0
57,121,07:41,0
57,122,07:42,0
57,123,07:43,0
57,124,07:44,0
57,125,07:45,0
57,126,07:46,0
57,127,07:47,0
57,128,07:48,0
57,129,07:49,0
57,130,07:50,0
57,131,07:51,0
57,132,07:52,0
57,133,07:53,0
57,134,07:54,0
57,135,07:55,0
57,136,07:56,0
57,137,07:57,0
57,138,07:58,0
57,139,07:59,0
57,140,08:00,0
57,141,08:01,0
57,142,08:02,0
57,143,08:03,0
57,144,08:04,0
57,145,08:05,0
57,146,08:06,0
57,147,08:07,0
57,148,08:08,0
57,149,08:09,0
57,150,08:10,0
57,151,08:11,0
57,152,08:12,0
57,153,08:13,0
57,154,08:14,0
57,155,08:15,0
57,156,08:16,0
57,157,08:17,0
57,158,08:18,0
57,159,08:19,0
57,160,08:20,0
57,161,08:21,0
57,162,08:22,0
57,163,08:23,0
57,164,08:24,0
57,165,08:25,0
57,166,08:26,0
57,167,08:27,0
57,168,08:28,0
57,169,08:29,0
57,170,08:30,0
57,171,08:31,0
57,172,08:32,0
57,173,08:33,0
57,174,08:34,0
57,175,08:35,0
57,176,08:36,0
57,177,08:37,0
57,178,08:38,0
57,179,08:39,0
57,180,08:40,0
57,181,08:41,0
57,182,08:42,0
57,183,08:43,0
57,184,08:44,0
57,185,08:45,0
57,186,08:46,0
57,187,08:47,0
57,188,08:48,0
57,189,08:49,0
57,190,08:50,0
57,191,08:51,0
57,192,08:52,0
57,193,08:53,0
57,194,08:54,0
57,195,08:55,0
57,196,08:56,0
57,197,08:57,0
57,198,08:58,0
57,199,08:59,0
57,200,09:00,0
57,201,09:01,0
57,202,09:02,0
57,203,09:03,0
57,204,09:04,0
57,205,09:05,0
57,206,09:06,0
57,207,09:07,0
57,208,09:08,0
57,209,09:09,0
57,210,09:10,0
57,211,09:11,0
57,212,09:12,0
57,213,09:13,0
57,214,09:14,0
57,215,09:15,0
57,216,09:16,0
57,217,09:17,0
57,218,09:18,0
57,219,09:19,0
57,220,09:20,0
57,221,09:21,0
57,222,09:22,0
57,223,09:23,0
57,224,09:24,0
57,225,09:25,0
57,226,09:26,0
57,227,09:27,0
57,228,09:28,0
57,229,09:29,0
57,230,09:30,0
57,231,09:31,0
57,232,09:32,0
57,233,09:33,0
57,234,09:34,0
57,235,09:35,0
57,236,09:36,0
57,237,09:37,0
57,238,09:38,0
57,239,09:39,0
57,240,09:40,0
57,241,09:41,0
57,242,09:42,0
57,243,09:43,0
57,244,09:44,0
57,245,09:45,0
57,246,09:46,0
57,247,09:47,0
57,248,09:48,0
57,249,09:49,0
57,250,09:50,0
57,251,09:51,0
57,252,09:52,0
57,253,09:53,0
57,254,09:54,0
57,255,09:55,0
57,256,09:56,0
57,257,09:57,0
57,258,09:58,0
57,259,09:59,0
57,260,10:00,0
57,261,10:01,0
57,262,10:02,0
57,263,10:03,0
57,264,10:04,0
57,265,10:05,0
57,266,10:06,0
57,267,10:07,1
57,268,10:08,1
57,269,10:09,1
57,270,10:10,1
57,271,10:11,1
57,272,10:12,1
57,273,10:13,1
57,274,10:14,1
57,275,10:15,1
57,276,10:16,1
57,277,10:17,2
57,278,10:18,2
57,279,10:19,2
57,280,10:20,2
57,281,10:21,2
57,282,10:22,2
57,283,10:23,2
57,284,10:24,2
57,285,10:25,2
57,286,10:26,2
57,287,10:27,2
57,288,10:28,2
57,289,10:29,2
57,290,10:30,2
57,291,10:31,2
57,292,10:32,2
57,293,10:33,2
57,294,10:34,2
57,295,10:35,2
57,296,10:36,2
57,297,10:37,2
57,298,10:38,1
57,299,10:39,1
57,300,10:40,1
57,301,10:41,0
57,302,10:42,0
57,303,10:43,0
57,304,10:44,1
57,305,10:45,1
57,306,10:46,1
57,307,10:47,1
57,308,10:48,1
57,309,10:49,1
57,310,10:50,1
57,311,10:51,1
57,312,10:52,1
57,313,10:53,2
57,314,10:54,2
57,315,10:55,2
57,316,10:56,2
57,317,10:57,2
57,318,10:58,2
57,319,10:59,2
57,320,11:00,2
57,321,11:01,2
57,322,11:02,2
57,323,11:03,2
57,324,11:04,2
57,325,11:05,2
57,326,11:06,2
57,327,11:07,1
57,328,11:08,1
57,329,11:09,1
57,330,11:10,0
57,331,11:11,0
57,332,11:12,0
57,333,11:13,1
57,334,11:14,1
57,335,11:15,1
57,336,11:16,1
57,337,11:17,1
57,338,11:18,1
57,339,11:19,1
57,340,11:20,1
57,341,11:21,1
57,342,11:22,0
57,343,11:23,0
57,344,11:24,0
57,345,11:25,1
57,346,11:26,1
57,347,11:27,1
57,348,11:28,1
57,349,11:29,1
57,350,11:30,1
57,351,11:31,1
57,352,11:32,1
57,353,11:33,1
57,354,11:34,0
57,355,11:35,0
57,356,11:36,0
57,357,11:37,0
57,358,11:38,0
57,359,11:39,0
57,360,11:40,0
57,361,11:41,0
57,362,11:42,0
57,363,11:43,0
57,364,11:44,0
57,365,11:45,0
57,366,11:46,0
57,367,11:47,0
57,368,11:48,0
57,369,11:49,0
57,370,11:50,0
57,371,11:51,0
57,372,11:52,0
57,373,11:53,0
57,374,11:54,0
57,375,11:55,0
57,376,11:56,0
57,377,11:57,0
57,378,11:58,0
57,379,11:59,0
57,380,12:00,0
57,381,12:01,0
57,382,12:02,0
57,383,12:03,0
57,384,12:04,0
57,385,12:05,0
57,386,12:06,0
57,387,12:07,0
57,388,12:08,0
57,389,12:09,0
57,390,12:10,0
57,391,12:11,0
57,392,12:12,0
57,393,12:13,0
57,394,12:14,0
57,395,12:15,0
57,396,12:16,0
57,397,12:17,0
57,398,12:18,0
57,399,12:19,0
57,400,12:20,0
57,401,12:21,0
57,402,12:22,0
57,403,12:23,0
57,404,12:24,0
57,405,12:25,0
57,406,12:26,0
57,407,12:27,0
57,408,12:28,0
57,409,12:29,0
57,410,12:30,0
57,411,12:31,0
57,412,12:32,0
57,413,12:33,0
57,414,12:34,0
57,415,12:35,0
57,416,12:36,0
57,417,12:37,0
57,418,12:38,0
57,419,12:39,0
57,420,12:40,0
57,421,12:41,0
57,422,12:42,0
57,423,12:43,0
57,424,12:44,0
57,425,12:45,0
57,426,12:46,0
57,427,12:47,0
57,428,12:48,0
57,429,12:49,0
57,430,12:50,0
57,431,12:51,0
57,432,12:52,0
57,433,12:53,0
57,434,12:54,0
57,435,12:55,0
57,436,12:56,0
57,437,12:57,0
57,438,12:58,0
57,439,12:59,0
57,440,13:00,0
57,441,13:01,0
57,442,13:02,0
57,443,13:03,0
57,444,13:04,0
57,445,13:05,0
57,446,13:06,0
57,447,13:07,0
57,448,13:08,0
57,449,13:09,0
57,450,13:10,0
57,451,13:11,0
57,452,13:12,0
57,453,13:13,0
57,454,13:14,0
57,455,13:15,0
57,456,13:16,0
57,457,13:17,0
57,458,13:18,0
57,459,13:19,0
57,460,13:20,0
57,461,13:21,0
57,462,13:22,0
57,463,13:23,0
57,464,13:24,0
57,465,13:25,0
57,466,13:26,0
57,467,13:27,0
57,468,13:28,0
57,469,13:29,0
57,470,13:30,0
57,471,13:31,0
57,472,13:32,0
57,473,13:33,0
57,474,13:34,0
57,475,13:35,0
57,476,13:36,0
57,477,13:37,0
57,478,13:38,0
57,479,13:39,0
57,480,13:40,0
57,481,13:41,0
57,482,13:42,0
57,483,13:43,0
57,484,13:44,0
57,485,13:45,0
57,486,13:46,0
57,487,13:47,0
57,488,13:48,0
57,489,13:49,0
57,490,13:50,0
57,491,13:51,0
57,492,13:52,0
57,493,13:53,0
57,494,13:54,0
57,495,13:55,0
57,496,13:56,0
57,497,13:57,0
57,498,13:58,0
57,499,13:59,0
57,500,14:00,0
57,501,14:01,0
57,502,14:02,0
57,503,14:03,0
57,504,14:04,0
57,505,14:05,0
57,506,14:06,0
57,507,14:07,0
57,508,14:08,0
57,509,14:09,0
57,510,14:10,0
57,511,14:11,0
57,512,14:12,0
57,513,14:13,0
57,514,14:14,0
57,515,14:15,0
57,516,14:16,0
57,517,14:17,0
57,518,14:18,0
57,519,14:19,0
57,520,14:20,0
57,521,14:21,0
57,522,14:22,0
57,523,14:23,0
57,524,14:24,0
57,525,14:25,0
57,526,14:26,0
57,527,14:27,0
57,528,14:28,0
57,529,14:29,1
57,530,14:30,1
57,531,14:31,1
57,532,14:32,1
57,533,14:33,1
57,534,14:34,1
57,535,14:35,1
57,536,14:36,1
57,537,14:37,1
57,538,14:38,0
57,539,14:39,0
57,540,14:40,0
57,541,14:41,0
57,542,14:42,0
57,543,14:43,0
57,544,14:44,0
57,545,14:45,0
57,546,14:46,0
57,547,14:47,0
57,548,14:48,0
57,549,14:49,0
57,550,14:50,0
57,551,14:51,0
57,552,14:52,0
57,553,14:53,0
57,554,14:54,0
57,555,14:55,0
57,556,14:56,0
57,557,14:57,0
57,558,14:58,0
57,559,14:59,0
57,560,15:00,0
57,561,15:01,0
57,562,15:02,0
57,563,15:03,0
57,564,15:04,0
57,565,15:05,0
57,566,15:06,0
57,567,15:07,0
57,568,15:08,0
57,569,15:09,0
57,570,15:10,0
57,571,15:11,2
57,572,15:12,2
57,573,15:13,2
57,574,15:14,2
57,575,15:15,2
57,576,15:16,2
57,577,15:17,3
57,578,15:18,3
57,579,15:19,3
57,580,15:20,3
57,581,15:21,3
57,582,15:22,3
57,583,15:23,3
57,584,15:24,3
57,585,15:25,3
57,586,15:26,3
57,587,15:27,3
57,588,15:28,1
57,589,15:29,1
57,590,15:30,1
57,591,15:31,1
57,592,15:32,1
57,593,15:33,1
57,594,15:34,1
57,595,15:35,1
57,596,15:36,1
57,597,15:37,1
57,598,15:38,0
57,599,15:39,0
57,600,15:40,0
57,601,15:41,0
57,602,15:42,1
57,603,15:43,1
57,604,15:44,1
57,605,15:45,1
57,606,15:46,1
57,607,15:47,1
57,608,15:48,1
57,609,15:49,1
57,610,15:50,1
57,611,15:51,1
57,612,15:52,1
57,613,15:53,1
57,614,15:54,1
57,615,15:55,0
57,616,15:56,0
57,617,15:57,0
57,618,15:58,0
57,619,15:59,0
57,620,16:00,0
57,621,16:01,0
57,622,16:02,0
57,623,16:03,0
57,624,16:04,0
57,625,16:05,1
57,626,16:06,1
57,627,16:07,1
57,628,16:08,2
57,629,16:09,2
57,630,16:10,2
57,631,16:11,2
57,632,16:12,2
57,633,16:13,2
57,634,16:14,2
57,635,16:15,2
57,636,16:16,2
57,637,16:17,2
57,638,16:18,2
57,639,16:19,1
57,640,16:20,1
57,641,16:21,1
57,642,16:22,0
57,643,16:23,0
57,644,16:24,0
57,645,16:25,0
57,646,16:26,0
57,647,16:27,0
57,648,16:28,0
57,649,16:29,0
57,650,16:30,0
57,651,16:31,1
57,652,16:32,1
57,653,16:33,1
57,654,16:34,2
57,655,16:35,2
57,656,16:36,2
57,657,16:37,2
57,658,16:38,2
57,659,16:39,2
57,660,16:40,2
57,661,16:41,2
57,662,16:42,2
57,663,16:43,2
57,664,16:44,2
57,665,16:45,2
57,666,16:46,2
57,667,16:47,2
57,668,16:48,2
57,669,16:49,2
57,670,16:50,2
57,671,16:51,2
57,672,16:52,1
57,673,16:53,1
57,674,16:54,1
57,675,16:55,0
57,676,16:56,0
57,677,16:57,0
57,678,16:58,1
57,679,16:59,1
57,680,17:00,1
57,681,17:01,1
57,682,17:02,1
57,683,17:03,1
57,684,17:04,1
57,685,17:05,1
57,686,17:06,1
57,687,17:07,1
57,688,17:08,1
57,689,17:09,1
57,690,17:10,1
57,691,17:11,1
57,692,17:12,1
57,693,17:13,1
57,694,17:14,1
57,695,17:15,1
57,696,17:16,1
57,697,17:17,1
57,698,17:18,1
57,699,17:19,1
57,700,17:20,1
57,701,17:21,1
57,702,17:22,0
57,703,17:23,0
57,704,17:24,0
57,705,17:25,0
57,706,17:26,0
57,707,17:27,0
57,708,17:28,0
57,709,17:29,1
57,710,17:30,1
57,711,17:31,1
57,712,17:32,2
57,713,17:33,2
57,714,17:34,2
57,715,17:35,2
57,716,17:36,2
57,717,17:37,2
57,718,17:38,2
57,719,17:39,2
57,720,17:40,2
57,721,17:41,1
57,722,17:42,1
57,723,17:43,1
57,724,17:44,1
57,725,17:45,1
57,726,17:46,1
57,727,17:47,0
57,728,17:48,0
57,729,17:49,0
57,730,17:50,1
57,731,17:51,1
57,732,17:52,1
57,733,17:53,3
57,734,17:54,3
57,735,17:55,3
57,736,17:56,3
57,737,17:57,3
57,738,17:58,3
57,739,17:59,3
57,740,18:00,3
57,741,18:01,3
57,742,18:02,3
57,743,18:03,2
57,744,18:04,2
57,745,18:05,2
57,746,18:06,0
57,747,18:07,0
57,748,18:08,0
57,749,18:09,1
57,750,18:10,1
57,751,18:11,1
57,752,18:12,2
57,753,18:13,2
57,754,18:14,2
57,755,18:15,2
57,756,18:16,2
57,757,18:17,2
57,758,18:18,2
57,759,18:19,2
57,760,18:20,2
57,761,18:21,1
57,762,18:22,1
57,763,18:23,1
57,764,18:24,0
57,765,18:25,0
57,766,18:26,0
57,767,18:27,0
57,768,18:28,0
57,769,18:29,1
57,770,18:30,1
57,771,18:31,1
57,772,18:32,1
57,773,18:33,1
57,774,18:34,1
57,775,18:35,1
57,776,18:36,1
57,777,18:37,1
57,778,18:38,1
57,779,18:39,1
57,780,18:40,1
57,781,18:41,1
57,782,18:42,0
57,783,18:43,0
57,784,18:44,0
57,785,18:45,0
57,786,18:46,0
57,787,18:47,1
57,788,18:48,1
57,789,18:49,1
57,790,18:50,2
57,791,18:51,2
57,792,18:52,2
57,793,18:53,2
57,794,18:54,2
57,795,18:55,2
57,796,18:56,2
57,797,18:57,2
57,798,18:58,2
57,799,18:59,2
57,800,19:00,2
57,801,19:01,2
57,802,19:02,2
57,803,19:03,1
57,804,19:04,1
57,805,19:05,1
57,806,19:06,1
57,807,19:07,1
57,808,19:08,1
57,809,19:09,1
57,810,19:10,1
57,811,19:11,1
57,812,19:12,0
57,813,19:13,0
57,814,19:14,0
57,815,19:15,0
57,816,19:16,0
57,817,19:17,0
57,818,19:18,0
57,819,19:19,0
57,820,19:20,0
57,821,19:21,0
57,822,19:22,0
57,823,19:23,0
57,824,19:24,0
57,825,19:25,0
57,826,19:26,0
57,827,19:27,0
57,828,19:28,0
57,829,19:29,0
57,830,19:30,0
57,831,19:31,0
57,832,19:32,0
57,833,19:33,0
57,834,19:34,0
57,835,19:35,0
58,0,05:40,0
58,1,05:41,0
58,2,05:42,0
58,3,05:43,0
58,4,05:44,0
58,5,05:45,0
58,6,05:46,0
58,7,05:47,0
58,8,05:48,0
58,9,05:49,0
58,10,05:50,0
58,11,05:51,0
58,12,05:52,0
58,13,05:53,0
58,14,05:54,0
58,15,05:55,0
58,16,05:56,0
58,17,05:57,0
58,18,05:58,0
58,19,05:59,0
58,20,06:00,0
58,21,06:01,0
58,22,06:02,0
58,23,06:03,0
58,24,06:04,0
58,25,06:05,0
58,26,06:06,0
58,27,06:07,0
58,28,06:08,0
58,29,06:09,0
58,30,06:10,0
58,31,06:11,0
58,32,06:12,0
58,33,06:13,0
58,34,06:14,0
58,35,06:15,0
58,36,06:16,0
58,37,06:17,0
58,38,06:18,0
58,39,06:19,0
58,40,06:20,0
58,41,06:21,0
58,42,06:22,0
58,43,06:23,0
58,44,06:24,0
58,45,06:25,0
58,46,06:26,0
58,47,06:27,0
58,48,06:28,0
58,49,06:29,0
58,50,06:30,0
58,51,06:31,0
58,52,06:32,0
58,53,06:33,0
58,54,06:34,0
58,55,06:35,0
58,56,06:36,0
58,57,06:37,0
58,58,06:38,0
58,59,06:39,0
58,60,06:40,0
58,61,06:41,0
58,62,06:42,0
58,63,06:43,0
58,64,06:44,0
58,65,06:45,0
58,66,06:46,0
58,67,06:47,0
58,68,06:48,0
58,69,06:49,0
58,70,06:50,0
58,71,06:51,0
58,72,06:52,0
58,73,06:53,0
58,74,06:54,0
58,75,06:55,0
58,76,06:56,0
58,77,06:57,0
58,78,06:58,0
58,79,06:59,0
58,80,07:00,0
58,81,07:01,0
58,82,07:02,0
58,83,07:03,0
58,84,07:04,0
58,85,07:05,0
58,86,07:06,0
58,87,07:07,0
58,88,07:08,0
58,89,07:09,0
58,90,07:10,0
58,91,07:11,0
58,92,07:12,0
58,93,07:13,0
58,94,07:14,0
58,95,07:15,0
58,96,07:16,0
58,97,07:17,0
58,98,07:18,0
58,99,07:19,0
58,100,07:20,0
58,101,07:21,0
58,102,07:22,0
58,103,07:23,0
58,104,07:24,0
58,105,07:25,0
58,106,07:26,0
58,107,07:27,0
58,108,07:28,0
58,109,07:29,0
58,110,07:30,0
58,111,07:31,0
58,112,07:32,0
58,113,07:33,0
58,114,07:34,0
58,115,07:35,0
58,116,07:36,0
58,117,07:37,0
58,118,07:38,0
58,119,07:39,0
58,120,07:40,0
58,121,07:41,0
58,122,07:42,0
58,123,07:43,0
58,124,07:44,0
58,125,07:45,0
58,126,07:46,0
58,127,07:47,0
58,128,07:48,0
58,129,07:49,0
58,130,07:50,0
58,131,07:51,0
58,132,07:52,0
58,133,07:53,0
58,134,07:54,0
58,135,07:55,0
58,136,07:56,0
58,137,07:57,0
58,138,07:58,0
58,139,07:59,0
58,140,08:00,0
58,141,08:01,0
58,142,08:02,0
58,143,08:03,0
58,144,08:04,0
58,145,08:05,0
58,146,08:06,0
58,147,08:07,0
58,148,08:08,0
58,149,08:09,0
58,150,08:10,0
58,151,08:11,0
58,152,08:12,0
58,153,08:13,0
58,154,08:14,0
58,155,08:15,0
58,156,08:16,0
58,157,08:17,0
58,158,08:18,0
58,159,08:19,0
58,160,08:20,0
58,161,08:21,0
58,162,08:22,0
58,163,08:23,0
58,164,08:24,0
58,165,08:25,0
58,166,08:26,0
58,167,08:27,0
58,168,08:28,0
58,169,08:29,0
58,170,08:30,0
58,171,08:31,0
58,172,08:32,0
58,173,08:33,0
58,174,08:34,0
58,175,08:35,0
58,176,08:36,0
58,177,08:37,0
58,178,08:38,0
58,179,08:39,0
58,180,08:40,0
58,181,08:41,0
58,182,08:42,0
58,183,08:43,0
58,184,08:44,0
58,185,08:45,0
58,186,08:46,0
58,187,08:47,0
58,188,08:48,0
58,189,08:49,0
58,190,08:50,0
58,191,08:51,0
58,192,08:52,0
58,193,08:53,0
58,194,08:54,0
58,195,08:55,0
58,196,08:56,0
58,197,08:57,0
58,198,08:58,0
58,199,08:59,0
58,200,09:00,0
58,201,09:01,0
58,202,09:02,0
58,203,09:03,0
58,204,09:04,0
58,205,09:05,0
58,206,09:06,0
58,207,09:07,0
58,208,09:08,0
58,209,09:09,0
58,210,09:10,0
58,211,09:11,0
58,212,09:12,0
58,213,09:13,0
58,214,09:14,0
58,215,09:15,0
58,216,09:16,0
58,217,09:17,0
58,218,09:18,0
58,219,09:19,0
58,220,09:20,0
58,221,09:21,0
58,222,09:22,0
58,223,09:23,0
58,224,09:24,0
58,225,09:25,0
58,226,09:26,0
58,227,09:27,0
58,228,09:28,0
58,229,09:29,0
58,230,09:30,0
58,231,09:31,0
58,232,09:32,0
58,233,09:33,0
58,234,09:34,0
58,235,09:35,0
58,236,09:36,0
58,237,09:37,0
58,238,09:38,0
58,239,09:39,0
58,240,09:40,0
58,241,09:41,0
58,242,09:42,0
58,243,09:43,0
58,244,09:44,0
58,245,09:45,0
58,246,09:46,0
58,247,09:47,0
58,248,09:48,0
58,249,09:49,0
58,250,09:50,0
58,251,09:51,0
58,252,09:52,0
58,253,09:53,0
58,254,09:54,0
58,255,09:55,0
58,256,09:56,0
58,257,09:57,0
58,258,09:58,1
58,259,09:59,1
58,260,10:00,1
58,261,10:01,1
58,262,10:02,1
58,263,10:03,1
58,264,10:04,1
58,265,10:05,1
58,266,10:06,1
58,267,10:07,1
58,268,10:08,1
58,269,10:09,1
58,270,10:10,1
58,271,10:11,1
58,272,10:12,1
58,273,10:13,1
58,274,10:14,1
58,275,10:15,1
58,276,10:16,1
58,277,10:17,1
58,278,10:18,1
58,279,10:19,1
58,280,10:20,1
58,281,10:21,1
58,282,10:22,1
58,283,10:23,0
58,284,10:24,0
58,285,10:25,0
58,286,10:26,0
58,287,10:27,0
58,288,10:28,0
58,289,10:29,0
58,290,10:30,0
58,291,10:31,0
58,292,10:32,0
58,293,10:33,1
58,294,10:34,1
58,295,10:35,1
58,296,10:36,1
58,297,10:37,1
58,298,10:38,1
58,299,10:39,1
58,300,10:40,1
58,301,10:41,1
58,302,10:42,1
58,303,10:43,1
58,304,10:44,1
58,305,10:45,1
58,306,10:46,1
58,307,10:47,0
58,308,10:48,0
58,309,10:49,0
58,310,10:50,0
58,311,10:51,0
58,312,10:52,0
58,313,10:53,0
58,314,10:54,0
58,315,10:55,0
58,316,10:56,0
58,317,10:57,0
58,318,10:58,0
58,319,10:59,0
58,320,11:00,0
58,321,11:01,0
58,322,11:02,0
58,323,11:03,0
58,324,11:04,0
58,325,11:05,0
58,326,11:06,2
58,327,11:07,2
58,328,11:08,2
58,329,11:09,3
58,330,11:10,3
58,331,11:11,3
58,332,11:12,3
58,333,11:13,3
58,334,11:14,3
58,335,11:15,3
58,336,11:16,3
58,337,11:17,3
58,338,11:18,1
58,339,11:19,1
58,340,11:20,1
58,341,11:21,0
58,342,11:22,0
58,343,11:23,0
58,344,11:24,1
58,345,11:25,1
58,346,11:26,1
58,347,11:27,1
58,348,11:28,1
58,349,11:29,1
58,350,11:30,1
58,351,11:31,1
58,352,11:32,1
58,353,11:33,0
58,354,11:34,0
58,355,11:35,0
58,356,11:36,1
58,357,11:37,1
58,358,11:38,1
58,359,11:39,1
58,360,11:40,1
58,361,11:41,1
58,362,11:42,1
58,363,11:43,1
58,364,11:44,1
58,365,11:45,1
58,366,11:46,0
58,367,11:47,0
58,368,11:48,0
58,369,11:49,0
58,370,11:50,0
58,371,11:51,0
58,372,11:52,0
58,373,11:53,0
58,374,11:54,0
58,375,11:55,0
58,376,11:56,0
58,377,11:57,0
58,378,11:58,0
58,379,11:59,0
58,380,12:00,0
58,381,12:01,0
58,382,12:02,0
58,383,12:03,0
58,384,12:04,0
58,385,12:05,0
58,386,12:06,0
58,387,12:07,0
58,388,12:08,0
58,389,12:09,0
58,390,12:10,0
58,391,12:11,0
58,392,12:12,0
58,393,12:13,0
58,394,12:14,0
58,395,12:15,0
58,396,12:16,0
58,397,12:17,0
58,398,12:18,0
58,399,12:19,0
58,400,12:20,0
58,401,12:21,0
58,402,12:22,0
58,403,12:23,0
58,404,12:24,0
58,405,12:25,0
58,406,12:26,0
58,407,12:27,0
58,408,12:28,0
58,409,12:29,0
58,410,12:30,0
58,411,12:31,0
58,412,12:32,0
58,413,12:33,0
58,414,12:34,0
58,415,12:35,0
58,416,12:36,0
58,417,12:37,0
58,418,12:38,0
58,419,12:39,0
58,420,12:40,0
58,421,12:41,0
58,422,12:42,0
58,423,12:43,0
58,424,12:44,0
58,425,12:45,0
58,426,12:46,0
58,427,12:47,0
58,428,12:48,0
58,429,12:49,0
58,430,12:50,0
58,431,12:51,0
58,432,12:52,0
58,433,12:53,0
58,434,12:54,0
58,435,12:55,0
58,436,12:56,0
58,437,12:57,0
58,438,12:58,0
58,439,12:59,0
58,440,13:00,0
58,441,13:01,0
58,442,13:02,0
58,443,13:03,0
58,444,13:04,0
58,445,13:05,0
58,446,13:06,0
58,447,13:07,0
58,448,13:08,0
58,449,13:09,0
58,450,13:10,0
58,451,13:11,0
58,452,13:12,0
58,453,13:13,0
58,454,13:14,0
58,455,13:15,0
58,456,13:16,0
58,457,13:17,0
58,458,13:18,0
58,459,13:19,0
58,460,13:20,0
58,461,13:21,0
58,462,13:22,0
58,463,13:23,0
58,464,13:24,0
58,465,13:25,0
58,466,13:26,0
58,467,13:27,0
58,468,13:28,0
58,469,13:29,0
58,470,13:30,0
58,471,13:31,0
58,472,13:32,0
58,473,13:33,0
58,474,13:34,0
58,475,13:35,0
58,476,13:36,0
58,477,13:37,0
58,478,13:38,0
58,479,13:39,0
58,480,13:40,0
58,481,13:41,0
58,482,13:42,0
58,483,13:43,0
58,484,13:44,0
58,485,13:45,0
58,486,13:46,0
58,487,13:47,0
58,488,13:48,0
58,489,13:49,0
58,490,13:50,0
58,491,13:51,0
58,492,13:52,0
58,493,13:53,0
58,494,13:54,0
58,495,13:55,0
58,496,13:56,0
58,497,13:57,0
58,498,13:58,0
58,499,13:59,0
58,500,14:00,0
58,501,14:01,0
58,502,14:02,0
58,503,14:03,0
58,504,14:04,0
58,505,14:05,0
58,506,14:06,2
58,507,14:07,2
58,508,14:08,2
58,509,14:09,2
58,510,14:10,2
58,511,14:11,2
58,512,14:12,2
58,513,14:13,2
58,514,14:14,2
58,515,14:15,2
58,516,14:16,0
58,517,14:17,0
58,518,14:18,0
58,519,14:19,0
58,520,14:20,0
58,521,14:21,0
58,522,14:22,0
58,523,14:23,0
58,524,14:24,0
58,525,14:25,0
58,526,14:26,0
58,527,14:27,0
58,528,14:28,0
58,529,14:29,0
58,530,14:30,0
58,531,14:31,0
58,532,14:32,0
58,533,14:33,0
58,534,14:34,0
58,535,14:35,0
58,536,14:36,0
58,537,14:37,0
58,538,14:38,0
58,539,14:39,0
58,540,14:40,0
58,541,14:41,0
58,542,14:42,0
58,543,14:43,0
58,544,14:44,0
58,545,14:45,0
58,546,14:46,0
58,547,14:47,0
58,548,14:48,0
58,549,14:49,0
58,550,14:50,0
58,551,14:51,0
58,552,14:52,0
58,553,14:53,0
58,554,14:54,0
58,555,14:55,0
58,556,14:56,0
58,557,14:57,0
58,558,14:58,0
58,559,14:59,0
58,560,15:00,0
58,561,15:01,0
58,562,15:02,0
58,563,15:03,0
58,564,15:04,0
58,565,15:05,0
58,566,15:06,0
58,567,15:07,0
58,568,15:08,0
58,569,15:09,0
58,570,15:10,0
58,571,15:11,0
58,572,15:12,0
58,573,15:13,0
58,574,15:14,0
58,575,15:15,0
58,576,15:16,0
58,577,15:17,0
58,578,15:18,0
58,579,15:19,0
58,580,15:20,0
58,581,15:21,0
58,582,15:22,0
58,583,15:23,0
58,584,15:24,0
58,585,15:25,0
58,586,15:26,0
58,587,15:27,0
58,588,15:28,0
58,589,15:29,0
58,590,15:30,0
58,591,15:31,0
58,592,15:32,0
58,593,15:33,0
58,594,15:34,0
58,595,15:35,0
58,596,15:36,0
58,597,15:37,0
58,598,15:38,0
58,599,15:39,0
58,600,15:40,0
58,601,15:41,0
58,602,15:42,0
58,603,15:43,0
58,604,15:44,0
58,605,15:45,0
58,606,15:46,0
58,607,15:47,0
58,608,15:48,0
58,609,15:49,0
58,610,15:50,0
58,611,15:51,0
58,612,15:52,0
58,613,15:53,0
58,614,15:54,0
58,615,15:55,0
58,616,15:56,0
58,617,15:57,0
58,618,15:58,0
58,619,15:59,0
58,620,16:00,0
58,621,16:01,0
58,622,16:02,0
58,623,16:03,0
58,624,16:04,0
58,625,16:05,0
58,626,16:06,0
58,627,16:07,0
58,628,16:08,0
58,629,16:09,0
58,630,16:10,0
58,631,16:11,0
58,632,16:12,0
58,633,16:13,0
58,634,16:14,1
58,635,16:15,1
58,636,16:16,1
58,637,16:17,1
58,638,16:18,1
58,639,16:19,1
58,640,16:20,1
58,641,16:21,1
58,642,16:22,1
58,643,16:23,1
58,644,16:24,0
58,645,16:25,0
58,646,16:26,0
58,647,16:27,0
58,648,16:28,0
58,649,16:29,0
58,650,16:30,0
58,651,16:31,0
58,652,16:32,0
58,653,16:33,0
58,654,16:34,0
58,655,16:35,0
58,656,16:36,0
58,657,16:37,0
58,658,16:38,0
58,659,16:39,0
58,660,16:40,0
58,661,16:41,0
58,662,16:42,0
58,663,16:43,0
58,664,16:44,0
58,665,16:45,0
58,666,16:46,0
58,667,16:47,0
58,668,16:48,0
58,669,16:49,0
58,670,16:50,0
58,671,16:51,1
58,672,16:52,1
58,673,16:53,1
58,674,16:54,1
58,675,16:55,1
58,676,16:56,1
58,677,16:57,1
58,678,16:58,1
58,679,16:59,1
58,680,17:00,1
58,681,17:01,1
58,682,17:02,1
58,683,17:03,1
58,684,17:04,1
58,685,17:05,1
58,686,17:06,1
58,687,17:07,1
58,688,17:08,1
58,689,17:09,1
58,690,17:10,1
58,691,17:11,0
58,692,17:12,0
58,693,17:13,0
58,694,17:14,1
58,695,17:15,1
58,696,17:16,1
58,697,17:17,1
58,698,17:18,1
58,699,17:19,1
58,700,17:20,1
58,701,17:21,1
58,702,17:22,1
58,703,17:23,0
58,704,17:24,0
58,705,17:25,0
58,706,17:26,2
58,707,17:27,2
58,708,17:28,2
58,709,17:29,4
58,710,17:30,4
58,711,17:31,4
58,712,17:32,4
58,713,17:33,4
58,714,17:34,4
58,715,17:35,4
58,716,17:36,4
58,717,17:37,4
58,718,17:38,2
58,719,17:39,2
58,720,17:40,2
58,721,17:41,0
58,722,17:42,0
58,723,17:43,0
58,724,17:44,1
58,725,17:45,1
58,726,17:46,1
58,727,17:47,2
58,728,17:48,2
58,729,17:49,2
58,730,17:50,2
58,731,17:51,2
58,732,17:52,2
58,733,17:53,2
58,734,17:54,2
58,735,17:55,2
58,736,17:56,2
58,737,17:57,1
58,738,17:58,1
58,739,17:59,1
58,740,18:00,1
58,741,18:01,1
58,742,18:02,1
58,743,18:03,0
58,744,18:04,0
58,745,18:05,0
58,746,18:06,1
58,747,18:07,1
58,748,18:08,1
58,749,18:09,1
58,750,18:10,1
58,751,18:11,1
58,752,18:12,1
58,753,18:13,1
58,754,18:14,1
58,755,18:15,0
58,756,18:16,0
58,757,18:17,0
58,758,18:18,0
58,759,18:19,0
58,760,18:20,0
58,761,18:21,0
58,762,18:22,0
58,763,18:23,0
58,764,18:24,0
58,765,18:25,0
58,766,18:26,0
58,767,18:27,0
58,768,18:28,1
58,769,18:29,1
58,770,18:30,1
58,771,18:31,3
58,772,18:32,3
58,773,18:33,3
58,774,18:34,4
58,775,18:35,4
58,776,18:36,4
58,777,18:37,4
58,778,18:38,4
58,779,18:39,4
58,780,18:40,4
58,781,18:41,4
58,782,18:42,4
58,783,18:43,3
58,784,18:44,3
58,785,18:45,3
58,786,18:46,2
58,787,18:47,2
58,788,18:48,2
58,789,18:49,0
58,790,18:50,0
58,791,18:51,0
58,792,18:52,0
58,793,18:53,0
58,794,18:54,0
58,795,18:55,0
58,796,18:56,0
58,797,18:57,0
58,798,18:58,1
58,799,18:59,1
58,800,19:00,1
58,801,19:01,1
58,802,19:02,1
58,803,19:03,1
58,804,19:04,1
58,805,19:05,1
58,806,19:06,1
58,807,19:07,1
58,808,19:08,1
58,809,19:09,1
58,810,19:10,1
58,811,19:11,1
58,812,19:12,0
58,813,19:13,0
58,814,19:14,0
58,815,19:15,0
58,816,19:16,0
58,817,19:17,0
58,818,19:18,0
58,819,19:19,0
58,820,19:20,0
58,821,19:21,0
58,822,19:22,0
58,823,19:23,0
58,824,19:24,0
58,825,19:25,0
58,826,19:26,0
58,827,19:27,0
58,828,19:28,0
58,829,19:29,0
58,830,19:30,0
58,831,19:31,0
58,832,19:32,0
58,833,19:33,0
58,834,19:34,0
58,835,19:35,0
59,0,05:40,0
59,1,05:41,0
59,2,05:42,0
59,3,05:43,0
59,4,05:44,0
59,5,05:45,0
59,6,05:46,0
59,7,05:47,0
59,8,05:48,0
59,9,05:49,0
59,10,05:50,0
59,11,05:51,0
59,12,05:52,0
59,13,05:53,0
59,14,05:54,0
59,15,05:55,0
59,16,05:56,0
59,17,05:57,0
59,18,05:58,0
59,19,05:59,0
59,20,06:00,0
59,21,06:01,0
59,22,06:02,0
59,23,06:03,0
59,24,06:04,0
59,25,06:05,0
59,26,06:06,0
59,27,06:07,0
59,28,06:08,0
59,29,06:09,0
59,30,06:10,0
59,31,06:11,0
59,32,06:12,0
59,33,06:13,0
59,34,06:14,0
59,35,06:15,0
59,36,06:16,0
59,37,06:17,0
59,38,06:18,0
59,39,06:19,0
59,40,06:20,0
59,41,06:21,0
59,42,06:22,0
59,43,06:23,0
59,44,06:24,0
59,45,06:25,0
59,46,06:26,0
59,47,06:27,0
59,48,06:28,0
59,49,06:29,0
59,50,06:30,0
59,51,06:31,0
59,52,06:32,0
59,53,06:33,0
59,54,06:34,0
59,55,06:35,0
59,56,06:36,0
59,57,06:37,0
59,58,06:38,0
59,59,06:39,0
59,60,06:40,1
59,61,06:41,1
59,62,06:42,1
59,63,06:43,1
59,64,06:44,1
59,65,06:45,1
59,66,06:46,1
59,67,06:47,1
59,68,06:48,1
59,69,06:49,1
59,70,06:50,1
59,71,06:51,1
59,72,06:52,1
59,73,06:53,1
59,74,06:54,1
59,75,06:55,0
59,76,06:56,0
59,77,06:57,0
59,78,06:58,0
59,79,06:59,0
59,80,07:00,0
59,81,07:01,0
59,82,07:02,0
59,83,07:03,0
59,84,07:04,0
59,85,07:05,0
59,86,07:06,0
59,87,07:07,0
59,88,07:08,0
59,89,07:09,0
59,90,07:10,0
59,91,07:11,0
59,92,07:12,0
59,93,07:13,0
59,94,07:14,0
59,95,07:15,0
59,96,07:16,0
59,97,07:17,0
59,98,07:18,0
59,99,07:19,0
59,100,07:20,0
59,101,07:21,0
59,102,07:22,0
59,103,07:23,0
59,104,07:24,0
59,105,07:25,0
59,106,07:26,0
59,107,07:27,0
59,108,07:28,0
59,109,07:29,0
59,110,07:30,0
59,111,07:31,0
59,112,07:32,0
59,113,07:33,0
59,114,07:34,0
59,115,07:35,0
59,116,07:36,0
59,117,07:37,0
59,118,07:38,0
59,119,07:39,0
59,120,07:40,0
59,121,07:41,0
59,122,07:42,0
59,123,07:43,0
59,124,07:44,0
59,125,07:45,0
59,126,07:46,0
59,127,07:47,0
59,128,07:48,0
59,129,07:49,0
59,130,07:50,0
59,131,07:51,0
59,132,07:52,0
59,133,07:53,0
59,134,07:54,0
59,135,07:55,0
59,136,07:56,0
59,137,07:57,0
59,138,07:58,0
59,139,07:59,0
59,140,08:00,0
59,141,08:01,0
59,142,08:02,0
59,143,08:03,0
59,144,08:04,0
59,145,08:05,0
59,146,08:06,0
59,147,08:07,0
59,148,08:08,0
59,149,08:09,0
59,150,08:10,0
59,151,08:11,0
59,152,08:12,0
59,153,08:13,0
59,154,08:14,0
59,155,08:15,0
59,156,08:16,0
59,157,08:17,0
59,158,08:18,0
59,159,08:19,0
59,160,08:20,0
59,161,08:21,0
59,162,08:22,0
59,163,08:23,0
59,164,08:24,0
59,165,08:25,0
59,166,08:26,0
59,167,08:27,0
59,168,08:28,0
59,169,08:29,0
59,170,08:30,0
59,171,08:31,0
59,172,08:32,0
59,173,08:33,0
59,174,08:34,0
59,175,08:35,0
59,176,08:36,0
59,177,08:37,0
59,178,08:38,0
59,179,08:39,0
59,180,08:40,0
59,181,08:41,0
59,182,08:42,0
59,183,08:43,0
59,184,08:44,0
59,185,08:45,0
59,186,08:46,0
59,187,08:47,0
59,188,08:48,0
59,189,08:49,0
59,190,08:50,0
59,191,08:51,0
59,192,08:52,0
59,193,08:53,0
59,194,08:54,0
59,195,08:55,0
59,196,08:56,0
59,197,08:57,0
59,198,08:58,0
59,199,08:59,0
59,200,09:00,0
59,201,09:01,0
59,202,09:02,0
59,203,09:03,0
59,204,09:04,0
59,205,09:05,0
59,206,09:06,0
59,207,09:07,0
59,208,09:08,0
59,209,09:09,0
59,210,09:10,0
59,211,09:11,0
59,212,09:12,0
59,213,09:13,0
59,214,09:14,0
59,215,09:15,0
59,216,09:16,0
59,217,09:17,0
59,218,09:18,0
59,219,09:19,0
59,220,09:20,0
59,221,09:21,0
59,222,09:22,0
59,223,09:23,0
59,224,09:24,0
59,225,09:25,0
59,226,09:26,0
59,227,09:27,0
59,228,09:28,0
59,229,09:29,0
59,230,09:30,0
59,231,09:31,0
59,232,09:32,0
59,233,09:33,0
59,234,09:34,0
59,235,09:35,0
59,236,09:36,0
59,237,09:37,0
59,238,09:38,0
59,239,09:39,0
59,240,09:40,0
59,241,09:41,0
59,242,09:42,0
59,243,09:43,0
59,244,09:44,0
59,245,09:45,0
59,246,09:46,0
59,247,09:47,0
59,248,09:48,0
59,249,09:49,0
59,250,09:50,0
59,251,09:51,0
59,252,09:52,0
59,253,09:53,0
59,254,09:54,0
59,255,09:55,0
59,256,09:56,0
59,257,09:57,0
59,258,09:58,0
59,259,09:59,0
59,260,10:00,0
59,261,10:01,0
59,262,10:02,0
59,263,10:03,0
59,264,10:04,0
59,265,10:05,0
59,266,10:06,0
59,267,10:07,0
59,268,10:08,0
59,269,10:09,0
59,270,10:10,0
59,271,10:11,0
59,272,10:12,0
59,273,10:13,0
59,274,10:14,0
59,275,10:15,0
59,276,10:16,0
59,277,10:17,0
59,278,10:18,0
59,279,10:19,0
59,280,10:20,0
59,281,10:21,0
59,282,10:22,0
59,283,10:23,0
59,284,10:24,0
59,285,10:25,0
59,286,10:26,1
59,287,10:27,1
59,288,10:28,1
59,289,10:29,1
59,290,10:30,1
59,291,10:31,1
59,292,10:32,1
59,293,10:33,1
59,294,10:34,1
59,295,10:35,1
59,296,10:36,1
59,297,10:37,0
59,298,10:38,0
59,299,10:39,0
59,300,10:40,1
59,301,10:41,1
59,302,10:42,1
59,303,10:43,1
59,304,10:44,1
59,305,10:45,2
59,306,10:46,2
59,307,10:47,2
59,308,10:48,2
59,309,10:49,2
59,310,10:50,2
59,311,10:51,2
59,312,10:52,2
59,313,10:53,2
59,314,10:54,2
59,315,10:55,2
59,316,10:56,1
59,317,10:57,1
59,318,10:58,1
59,319,10:59,0
59,320,11:00,0
59,321,11:01,0
59,322,11:02,0
59,323,11:03,0
59,324,11:04,0
59,325,11:05,0
59,326,11:06,0
59,327,11:07,0
59,328,11:08,1
59,329,11:09,1
59,330,11:10,1
59,331,11:11,2
59,332,11:12,2
59,333,11:13,2
59,334,11:14,2
59,335,11:15,2
59,336,11:16,2
59,337,11:17,2
59,338,11:18,2
59,339,11:19,2
59,340,11:20,2
59,341,11:21,1
59,342,11:22,1
59,343,11:23,1
59,344,11:24,1
59,345,11:25,1
59,346,11:26,1
59,347,11:27,0
59,348,11:28,0
59,349,11:29,0
59,350,11:30,1
59,351,11:31,1
59,352,11:32,1
59,353,11:33,1
59,354,11:34,1
59,355,11:35,1
59,356,11:36,1
59,357,11:37,1
59,358,11:38,1
59,359,11:39,1
59,360,11:40,1
59,361,11:41,1
59,362,11:42,1
59,363,11:43,1
59,364,11:44,1
59,365,11:45,1
59,366,11:46,1
59,367,11:47,1
59,368,11:48,0
59,369,11:49,0
59,370,11:50,0
59,371,11:51,0
59,372,11:52,0
59,373,11:53,0
59,374,11:54,0
59,375,11:55,0
59,376,11:56,0
59,377,11:57,0
59,378,11:58,0
59,379,11:59,0
59,380,12:00,0
59,381,12:01,0
59,382,12:02,0
59,383,12:03,0
59,384,12:04,0
59,385,12:05,0
59,386,12:06,0
59,387,12:07,0
59,388,12:08,0
59,389,12:09,0
59,390,12:10,0
59,391,12:11,0
59,392,12:12,0
59,393,12:13,0
59,394,12:14,0
59,395,12:15,0
59,396,12:16,0
59,397,12:17,0
59,398,12:18,0
59,399,12:19,0
59,400,12:20,0
59,401,12:21,0
59,402,12:22,0
59,403,12:23,0
59,404,12:24,0
59,405,12:25,0
59,406,12:26,0
59,407,12:27,0
59,408,12:28,0
59,409,12:29,0
59,410,12:30,0
59,411,12:31,0
59,412,12:32,0
59,413,12:33,0
59,414,12:34,0
59,415,12:35,0
59,416,12:36,0
59,417,12:37,0
59,418,12:38,0
59,419,12:39,0
59,420,12:40,0
59,421,12:41,0
59,422,12:42,0
59,423,12:43,0
59,424,12:44,0
59,425,12:45,0
59,426,12:46,0
59,427,12:47,0
59,428,12:48,0
59,429,12:49,0
59,430,12:50,0
59,431,12:51,0
59,432,12:52,0
59,433,12:53,0
59,434,12:54,0
59,435,12:55,0
59,436,12:56,0
59,437,12:57,0
59,438,12:58,0
59,439,12:59,0
59,440,13:00,0
59,441,13:01,0
59,442,13:02,0
59,443,13:03,0
59,444,13:04,0
59,445,13:05,0
59,446,13:06,0
59,447,13:07,0
59,448,13:08,0
59,449,13:09,0
59,450,13:10,0
59,451,13:11,0
59,452,13:12,0
59,453,13:13,0
59,454,13:14,0
59,455,13:15,0
59,456,13:16,0
59,457,13:17,0
59,458,13:18,0
59,459,13:19,0
59,460,13:20,0
59,461,13:21,0
59,462,13:22,0
59,463,13:23,0
59,464,13:24,0
59,465,13:25,0
59,466,13:26,0
59,467,13:27,0
59,468,13:28,0
59,469,13:29,0
59,470,13:30,0
59,471,13:31,0
59,472,13:32,0
59,473,13:33,0
59,474,13:34,0
59,475,13:35,0
59,476,13:36,0
59,477,13:37,0
59,478,13:38,0
59,479,13:39,0
59,480,13:40,0
59,481,13:41,0
59,482,13:42,0
59,483,13:43,0
59,484,13:44,0
59,485,13:45,0
59,486,13:46,0
59,487,13:47,0
59,488,13:48,0
59,489,13:49,0
59,490,13:50,0
59,491,13:51,0
59,492,13:52,0
59,493,13:53,0
59,494,13:54,0
59,495,13:55,0
59,496,13:56,0
59,497,13:57,0
59,498,13:58,0
59,499,13:59,0
59,500,14:00,0
59,501,14:01,0
59,502,14:02,0
59,503,14:03,0
59,504,14:04,0
59,505,14:05,0
59,506,14:06,0
59,507,14:07,0
59,508,14:08,0
59,509,14:09,0
59,510,14:10,0
59,511,14:11,0
59,512,14:12,0
59,513,14:13,0
59,514,14:14,0
59,515,14:15,0
59,516,14:16,0
59,517,14:17,0
59,518,14:18,0
59,519,14:19,0
59,520,14:20,0
59,521,14:21,0
59,522,14:22,0
59,523,14:23,0
59,524,14:24,0
59,525,14:25,0
59,526,14:26,0
59,527,14:27,0
59,528,14:28,0
59,529,14:29,0
59,530,14:30,0
59,531,14:31,0
59,532,14:32,0
59,533,14:33,0
59,534,14:34,0
59,535,14:35,0
59,536,14:36,0
59,537,14:37,0
59,538,14:38,0
59,539,14:39,0
59,540,14:40,0
59,541,14:41,0
59,542,14:42,0
59,543,14:43,0
59,544,14:44,0
59,545,14:45,0
59,546,14:46,0
59,547,14:47,0
59,548,14:48,0
59,549,14:49,0
59,550,14:50,0
59,551,14:51,0
59,552,14:52,0
59,553,14:53,0
59,554,14:54,0
59,555,14:55,0
59,556,14:56,0
59,557,14:57,0
59,558,14:58,0
59,559,14:59,0
59,560,15:00,0
59,561,15:01,0
59,562,15:02,0
59,563,15:03,0
59,564,15:04,0
59,565,15:05,0
59,566,15:06,0
59,567,15:07,0
59,568,15:08,0
59,569,15:09,0
59,570,15:10,0
59,571,15:11,0
59,572,15:12,0
59,573,15:13,0
59,574,15:14,0
59,575,15:15,0
59,576,15:16,0
59,577,15:17,0
59,578,15:18,0
59,579,15:19,0
59,580,15:20,0
59,581,15:21,0
59,582,15:22,0
59,583,15:23,0
59,584,15:24,0
59,585,15:25,0
59,586,15:26,0
59,587,15:27,0
59,588,15:28,0
59,589,15:29,0
59,590,15:30,0
59,591,15:31,0
59,592,15:32,0
59,593,15:33,0
59,594,15:34,0
59,595,15:35,0
59,596,15:36,0
59,597,15:37,0
59,598,15:38,0
59,599,15:39,0
59,600,15:40,0
59,601,15:41,0
59,602,15:42,0
59,603,15:43,0
59,604,15:44,0
59,605,15:45,1
59,606,15:46,1
59,607,15:47,1
59,608,15:48,2
59,609,15:49,2
59,610,15:50,2
59,611,15:51,2
59,612,15:52,2
59,613,15:53,2
59,614,15:54,2
59,615,15:55,2
59,616,15:56,2
59,617,15:57,2
59,618,15:58,2
59,619,15:59,2
59,620,16:00,2
59,621,16:01,2
59,622,16:02,2
59,623,16:03,2
59,624,16:04,2
59,625,16:05,1
59,626,16:06,1
59,627,16:07,1
59,628,16:08,0
59,629,16:09,0
59,630,16:10,0
59,631,16:11,1
59,632,16:12,1
59,633,16:13,1
59,634,16:14,1
59,635,16:15,1
59,636,16:16,1
59,637,16:17,2
59,638,16:18,2
59,639,16:19,2
59,640,16:20,2
59,641,16:21,2
59,642,16:22,2
59,643,16:23,2
59,644,16:24,2
59,645,16:25,2
59,646,16:26,2
59,647,16:27,1
59,648,16:28,1
59,649,16:29,1
59,650,16:30,0
59,651,16:31,0
59,652,16:32,0
59,653,16:33,0
59,654,16:34,0
59,655,16:35,0
59,656,16:36,0
59,657,16:37,0
59,658,16:38,0
59,659,16:39,0
59,660,16:40,0
59,661,16:41,0
59,662,16:42,0
59,663,16:43,0
59,664,16:44,0
59,665,16:45,0
59,666,16:46,0
59,667,16:47,0
59,668,16:48,0
59,669,16:49,0
59,670,16:50,1
59,671,16:51,1
59,672,16:52,1
59,673,16:53,2
59,674,16:54,2
59,675,16:55,2
59,676,16:56,2
59,677,16:57,2
59,678,16:58,2
59,679,16:59,2
59,680,17:00,2
59,681,17:01,2
59,682,17:02,1
59,683,17:03,1
59,684,17:04,1
59,685,17:05,0
59,686,17:06,0
59,687,17:07,0
59,688,17:08,0
59,689,17:09,2
59,690,17:10,2
59,691,17:11,2
59,692,17:12,2
59,693,17:13,2
59,694,17:14,2
59,695,17:15,2
59,696,17:16,2
59,697,17:17,2
59,698,17:18,4
59,699,17:19,4
59,700,17:20,4
59,701,17:21,4
59,702,17:22,4
59,703,17:23,4
59,704,17:24,4
59,705,17:25,4
59,706,17:26,4
59,707,17:27,4
59,708,17:28,2
59,709,17:29,2
59,710,17:30,2
59,711,17:31,0
59,712,17:32,0
59,713,17:33,0
59,714,17:34,1
59,715,17:35,1
59,716,17:36,1
59,717,17:37,1
59,718,17:38,1
59,719,17:39,1
59,720,17:40,1
59,721,17:41,1
59,722,17:42,1
59,723,17:43,1
59,724,17:44,0
59,725,17:45,0
59,726,17:46,0
59,727,17:47,2
59,728,17:48,2
59,729,17:49,2
59,730,17:50,2
59,731,17:51,2
59,732,17:52,2
59,733,17:53,2
59,734,17:54,2
59,735,17:55,2
59,736,17:56,2
59,737,17:57,2
59,738,17:58,0
59,739,17:59,0
59,740,18:00,0
59,741,18:01,0
59,742,18:02,0
59,743,18:03,0
59,744,18:04,0
59,745,18:05,0
59,746,18:06,0
59,747,18:07,0
59,748,18:08,0
59,749,18:09,1
59,750,18:10,1
59,751,18:11,1
59,752,18:12,2
59,753,18:13,2
59,754,18:14,2
59,755,18:15,2
59,756,18:16,2
59,757,18:17,2
59,758,18:18,2
59,759,18:19,2
59,760,18:20,2
59,761,18:21,2
59,762,18:22,2
59,763,18:23,1
59,764,18:24,1
59,765,18:25,1
59,766,18:26,0
59,767,18:27,0
59,768,18:28,0
59,769,18:29,0
59,770,18:30,0
59,771,18:31,0
59,772,18:32,0
59,773,18:33,0
59,774,18:34,0
59,775,18:35,0
59,776,18:36,0
59,777,18:37,0
59,778,18:38,0
59,779,18:39,0
59,780,18:40,0
59,781,18:41,0
59,782,18:42,0
59,783,18:43,0
59,784,18:44,0
59,785,18:45,0
59,786,18:46,0
59,787,18:47,0
59,788,18:48,1
59,789,18:49,1
59,790,18:50,1
59,791,18:51,1
59,792,18:52,1
59,793,18:53,1
59,794,18:54,1
59,795,18:55,1
59,796,18:56,1
59,797,18:57,0
59,798,18:58,0
59,799,18:59,0
59,800,19:00,0
59,801,19:01,0
59,802,19:02,0
59,803,19:03,0
59,804,19:04,0
59,805,19:05,0
59,806,19:06,0
59,807,19:07,0
59,808,19:08,0
59,809,19:09,0
59,810,19:10,0
59,811,19:11,0
59,812,19:12,0
59,813,19:13,0
59,814,19:14,0
59,815,19:15,0
59,816,19:16,0
59,817,19:17,0
59,818,19:18,0
59,819,19:19,0
59,820,19:20,0
59,821,19:21,0
59,822,19:22,0
59,823,19:23,0
59,824,19:24,0
59,825,19:25,0
59,826,19:26,0
59,827,19:27,0
59,828,19:28,0
59,829,19:29,0
59,830,19:30,0
59,831,19:31,0
59,832,19:32,0
59,833,19:33,0
59,834,19:34,0
59,835,19:35,0
60,0,05:40,0
60,1,05:41,0
60,2,05:42,0
60,3,05:43,0
60,4,05:44,0
60,5,05:45,0
60,6,05:46,0
60,7,05:47,0
60,8,05:48,0
60,9,05:49,0
60,10,05:50,0
60,11,05:51,0
60,12,05:52,0
60,13,05:53,0
60,14,05:54,0
60,15,05:55,0
60,16,05:56,0
60,17,05:57,0
60,18,05:58,0
60,19,05:59,0
60,20,06:00,0
60,21,06:01,0
60,22,06:02,0
60,23,06:03,0
60,24,06:04,0
60,25,06:05,0
60,26,06:06,0
60,27,06:07,0
60,28,06:08,0
60,29,06:09,0
60,30,06:10,0
60,31,06:11,0
60,32,06:12,0
60,33,06:13,0
60,34,06:14,0
60,35,06:15,0
60,36,06:16,0
60,37,06:17,0
60,38,06:18,0
60,39,06:19,0
60,40,06:20,0
60,41,06:21,0
60,42,06:22,0
60,43,06:23,0
60,44,06:24,0
60,45,06:25,0
60,46,06:26,0
60,47,06:27,0
60,48,06:28,0
60,49,06:29,0
60,50,06:30,0
60,51,06:31,0
60,52,06:32,0
60,53,06:33,0
60,54,06:34,0
60,55,06:35,0
60,56,06:36,0
60,57,06:37,0
60,58,06:38,0
60,59,06:39,0
60,60,06:40,0
60,61,06:41,0
60,62,06:42,0
60,63,06:43,0
60,64,06:44,0
60,65,06:45,0
60,66,06:46,0
60,67,06:47,0
60,68,06:48,0
60,69,06:49,0
60,70,06:50,0
60,71,06:51,0
60,72,06:52,0
60,73,06:53,0
60,74,06:54,0
60,75,06:55,0
60,76,06:56,0
60,77,06:57,0
60,78,06:58,0
60,79,06:59,0
60,80,07:00,0
60,81,07:01,0
60,82,07:02,0
60,83,07:03,0
60,84,07:04,0
60,85,07:05,0
60,86,07:06,0
60,87,07:07,0
60,88,07:08,0
60,89,07:09,0
60,90,07:10,0
60,91,07:11,0
60,92,07:12,0
60,93,07:13,0
60,94,07:14,0
60,95,07:15,0
60,96,07:16,0
60,97,07:17,0
60,98,07:18,0
60,99,07:19,0
60,100,07:20,0
60,101,07:21,0
60,102,07:22,0
60,103,07:23,0
60,104,07:24,0
60,105,07:25,0
60,106,07:26,0
60,107,07:27,0
60,108,07:28,0
60,109,07:29,0
60,110,07:30,0
60,111,07:31,0
60,112,07:32,0
60,113,07:33,0
60,114,07:34,0
60,115,07:35,0
60,116,07:36,0
60,117,07:37,0
60,118,07:38,0
60,119,07:39,0
60,120,07:40,0
60,121,07:41,0
60,122,07:42,0
60,123,07:43,0
60,124,07:44,0
60,125,07:45,0
60,126,07:46,0
60,127,07:47,0
60,128,07:48,0
60,129,07:49,0
60,130,07:50,0
60,131,07:51,0
60,132,07:52,0
60,133,07:53,0
60,134,07:54,0
60,135,07:55,0
60,136,07:56,0
60,137,07:57,0
60,138,07:58,0
60,139,07:59,0
60,140,08:00,0
60,141,08:01,0
60,142,08:02,0
60,143,08:03,0
60,144,08:04,0
60,145,08:05,0
60,146,08:06,0
60,147,08:07,0
60,148,08:08,0
60,149,08:09,0
60,150,08:10,0
60,151,08:11,0
60,152,08:12,0
60,153,08:13,0
60,154,08:14,0
60,155,08:15,0
60,156,08:16,0
60,157,08:17,0
60,158,08:18,0
60,159,08:19,0
60,160,08:20,0
60,161,08:21,0
60,162,08:22,0
60,163,08:23,0
60,164,08:24,0
60,165,08:25,0
60,166,08:26,0
60,167,08:27,0
60,168,08:28,0
60,169,08:29,0
60,170,08:30,0
60,171,08:31,0
60,172,08:32,0
60,173,08:33,0
60,174,08:34,0
60,175,08:35,0
60,176,08:36,0
60,177,08:37,0
60,178,08:38,0
60,179,08:39,0
60,180,08:40,0
60,181,08:41,0
60,182,08:42,0
60,183,08:43,0
60,184,08:44,0
60,185,08:45,0
60,186,08:46,0
60,187,08:47,0
60,188,08:48,0
60,189,08:49,0
60,190,08:50,0
60,191,08:51,0
60,192,08:52,0
60,193,08:53,0
60,194,08:54,0
60,195,08:55,0
60,196,08:56,0
60,197,08:57,0
60,198,08:58,0
60,199,08:59,0
60,200,09:00,0
60,201,09:01,0
60,202,09:02,0
60,203,09:03,0
60,204,09:04,0
60,205,09:05,0
60,206,09:06,0
60,207,09:07,0
60,208,09:08,0
60,209,09:09,0
60,210,09:10,0
60,211,09:11,0
60,212,09:12,0
60,213,09:13,0
60,214,09:14,0
60,215,09:15,0
60,216,09:16,0
60,217,09:17,0
60,218,09:18,0
60,219,09:19,0
60,220,09:20,0
60,221,09:21,0
60,222,09:22,0
60,223,09:23,0
60,224,09:24,0
60,225,09:25,0
60,226,09:26,0
60,227,09:27,0
60,228,09:28,0
60,229,09:29,0
60,230,09:30,0
60,231,09:31,0
60,232,09:32,0
60,233,09:33,0
60,234,09:34,0
60,235,09:35,0
60,236,09:36,0
60,237,09:37,0
60,238,09:38,0
60,239,09:39,0
60,240,09:40,0
60,241,09:41,0
60,242,09:42,0
60,243,09:43,0
60,244,09:44,0
60,245,09:45,0
60,246,09:46,0
60,247,09:47,0
60,248,09:48,0
60,249,09:49,0
60,250,09:50,0
60,251,09:51,0
60,252,09:52,0
60,253,09:53,0
60,254,09:54,0
60,255,09:55,0
60,256,09:56,0
60,257,09:57,0
60,258,09:58,0
60,259,09:59,0
60,260,10:00,0
60,261,10:01,0
60,262,10:02,0
60,263,10:03,0
60,264,10:04,0
60,265,10:05,0
60,266,10:06,1
60,267,10:07,1
60,268,10:08,1
60,269,10:09,1
60,270,10:10,1
60,271,10:11,1
60,272,10:12,1
60,273,10:13,1
60,274,10:14,1
60,275,10:15,1
60,276,10:16,1
60,277,10:17,1
60,278,10:18,1
60,279,10:19,1
60,280,10:20,1
60,281,10:21,1
60,282,10:22,1
60,283,10:23,1
60,284,10:24,1
60,285,10:25,1
60,286,10:26,1
60,287,10:27,0
60,288,10:28,0
60,289,10:29,0
60,290,10:30,1
60,291,10:31,1
60,292,10:32,1
60,293,10:33,1
60,294,10:34,1
60,295,10:35,1
60,296,10:36,1
60,297,10:37,1
60,298,10:38,1
60,299,10:39,1
60,300,10:40,1
60,301,10:41,1
60,302,10:42,1
60,303,10:43,1
60,304,10:44,1
60,305,10:45,1
60,306,10:46,1
60,307,10:47,1
60,308,10:48,0
60,309,10:49,0
60,310,10:50,0
60,311,10:51,1
60,312,10:52,1
60,313,10:53,1
60,314,10:54,2
60,315,10:55,2
60,316,10:56,2
60,317,10:57,2
60,318,10:58,2
60,319,10:59,2
60,320,11:00,2
60,321,11:01,2
60,322,11:02,2
60,323,11:03,2
60,324,11:04,2
60,325,11:05,2
60,326,11:06,2
60,327,11:07,2
60,328,11:08,2
60,329,11:09,2
60,330,11:10,2
60,331,11:11,2
60,332,11:12,1
60,333,11:13,1
60,334,11:14,1
60,335,11:15,0
60,336,11:16,0
60,337,11:17,0
60,338,11:18,0
60,339,11:19,0
60,340,11:20,0
60,341,11:21,0
60,342,11:22,0
60,343,11:23,0
60,344,11:24,0
60,345,11:25,0
60,346,11:26,1
60,347,11:27,1
60,348,11:28,1
60,349,11:29,1
60,350,11:30,1
60,351,11:31,1
60,352,11:32,1
60,353,11:33,1
60,354,11:34,1
60,355,11:35,1
60,356,11:36,1
60,357,11:37,1
60,358,11:38,1
60,359,11:39,1
60,360,11:40,1
60,361,11:41,1
60,362,11:42,1
60,363,11:43,1
60,364,11:44,1
60,365,11:45,1
60,366,11:46,1
60,367,11:47,1
60,368,11:48,1
60,369,11:49,1
60,370,11:50,1
60,371,11:51,1
60,372,11:52,1
60,373,11:53,1
60,374,11:54,1
60,375,11:55,1
60,376,11:56,0
60,377,11:57,0
60,378,11:58,0
60,379,11:59,1
60,380,12:00,1
60,381,12:01,1
60,382,12:02,1
60,383,12:03,1
60,384,12:04,1
60,385,12:05,1
60,386,12:06,1
60,387,12:07,1
60,388,12:08,1
60,389,12:09,1
60,390,12:10,1
60,391,12:11,1
60,392,12:12,1
60,393,12:13,1
60,394,12:14,1
60,395,12:15,1
60,396,12:16,1
60,397,12:17,1
60,398,12:18,1
60,399,12:19,1
60,400,12:20,1
60,401,12:21,1
60,402,12:22,0
60,403,12:23,0
60,404,12:24,0
60,405,12:25,0
60,406,12:26,0
60,407,12:27,0
60,408,12:28,0
60,409,12:29,0
60,410,12:30,0
60,411,12:31,0
60,412,12:32,1
60,413,12:33,1
60,414,12:34,1
60,415,12:35,1
60,416,12:36,1
60,417,12:37,1
60,418,12:38,1
60,419,12:39,1
60,420,12:40,1
60,421,12:41,1
60,422,12:42,1
60,423,12:43,1
60,424,12:44,1
60,425,12:45,1
60,426,12:46,1
60,427,12:47,1
60,428,12:48,1
60,429,12:49,1
60,430,12:50,1
60,431,12:51,1
60,432,12:52,1
60,433,12:53,1
60,434,12:54,1
60,435,12:55,0
60,436,12:56,0
60,437,12:57,0
60,438,12:58,1
60,439,12:59,1
60,440,13:00,1
60,441,13:01,1
60,442,13:02,1
60,443,13:03,1
60,444,13:04,1
60,445,13:05,1
60,446,13:06,1
60,447,13:07,1
60,448,13:08,1
60,449,13:09,1
60,450,13:10,1
60,451,13:11,1
60,452,13:12,1
60,453,13:13,1
60,454,13:14,1
60,455,13:15,1
60,456,13:16,1
60,457,13:17,1
60,458,13:18,1
60,459,13:19,0
60,460,13:20,0
60,461,13:21,0
60,462,13:22,0
60,463,13:23,0
60,464,13:24,0
60,465,13:25,0
60,466,13:26,0
60,467,13:27,0
60,468,13:28,0
60,469,13:29,0
60,470,13:30,0
60,471,13:31,0
60,472,13:32,0
60,473,13:33,0
60,474,13:34,0
60,475,13:35,0
60,476,13:36,0
60,477,13:37,0
60,478,13:38,0
60,479,13:39,0
60,480,13:40,0
60,481,13:41,0
60,482,13:42,0
60,483,13:43,0
60,484,13:44,0
60,485,13:45,0
60,486,13:46,0
60,487,13:47,0
60,488,13:48,0
60,489,13:49,0
60,490,13:50,0
60,491,13:51,0
60,492,13:52,0
60,493,13:53,0
60,494,13:54,0
60,495,13:55,0
60,496,13:56,0
60,497,13:57,0
60,498,13:58,0
60,499,13:59,0
60,500,14:00,0
60,501,14:01,0
60,502,14:02,0
60,503,14:03,0
60,504,14:04,0
60,505,14:05,0
60,506,14:06,0
60,507,14:07,0
60,508,14:08,0
60,509,14:09,0
60,510,14:10,0
60,511,14:11,0
60,512,14:12,0
60,513,14:13,0
60,514,14:14,0
60,515,14:15,0
60,516,14:16,0
60,517,14:17,0
60,518,14:18,0
60,519,14:19,0
60,520,14:20,0
60,521,14:21,0
60,522,14:22,0
60,523,14:23,0
60,524,14:24,0
60,525,14:25,0
60,526,14:26,0
60,527,14:27,0
60,528,14:28,0
60,529,14:29,0
60,530,14:30,0
60,531,14:31,0
60,532,14:32,0
60,533,14:33,0
60,534,14:34,0
60,535,14:35,0
60,536,14:36,0
60,537,14:37,0
60,538,14:38,0
60,539,14:39,0
60,540,14:40,0
60,541,14:41,0
60,542,14:42,0
60,543,14:43,0
60,544,14:44,0
60,545,14:45,0
60,546,14:46,0
60,547,14:47,0
60,548,14:48,0
60,549,14:49,0
60,550,14:50,0
60,551,14:51,0
60,552,14:52,0
60,553,14:53,0
60,554,14:54,0
60,555,14:55,0
60,556,14:56,0
60,557,14:57,0
60,558,14:58,0
60,559,14:59,0
60,560,15:00,0
60,561,15:01,0
60,562,15:02,0
60,563,15:03,0
60,564,15:04,0
60,565,15:05,0
60,566,15:06,0
60,567,15:07,0
60,568,15:08,0
60,569,15:09,0
60,570,15:10,0
60,571,15:11,0
60,572,15:12,0
60,573,15:13,0
60,574,15:14,0
60,575,15:15,0
60,576,15:16,0
60,577,15:17,0
60,578,15:18,0
60,579,15:19,0
60,580,15:20,0
60,581,15:21,0
60,582,15:22,0
60,583,15:23,0
60,584,15:24,0
60,585,15:25,0
60,586,15:26,0
60,587,15:27,0
60,588,15:28,0
60,589,15:29,0
60,590,15:30,0
60,591,15:31,0
60,592,15:32,0
60,593,15:33,0
60,594,15:34,0
60,595,15:35,0
60,596,15:36,0
60,597,15:37,0
60,598,15:38,0
60,599,15:39,0
60,600,15:40,0
60,601,15:41,0
60,602,15:42,0
60,603,15:43,0
60,604,15:44,0
60,605,15:45,0
60,606,15:46,0
60,607,15:47,0
60,608,15:48,0
60,609,15:49,0
60,610,15:50,0
60,611,15:51,1
60,612,15:52,1
60,613,15:53,1
60,614,15:54,2
60,615,15:55,2
60,616,15:56,2
60,617,15:57,2
60,618,15:58,2
60,619,15:59,2
60,620,16:00,2
60,621,16:01,2
60,622,16:02,2
60,623,16:03,2
60,624,16:04,2
60,625,16:05,2
60,626,16:06,2
60,627,16:07,2
60,628,16:08,2
60,629,16:09,2
60,630,16:10,2
60,631,16:11,1
60,632,16:12,1
60,633,16:13,1
60,634,16:14,0
60,635,16:15,0
60,636,16:16,0
60,637,16:17,1
60,638,16:18,1
60,639,16:19,1
60,640,16:20,1
60,641,16:21,1
60,642,16:22,1
60,643,16:23,1
60,644,16:24,1
60,645,16:25,1
60,646,16:26,1
60,647,16:27,0
60,648,16:28,0
60,649,16:29,0
60,650,16:30,1
60,651,16:31,1
60,652,16:32,1
60,653,16:33,1
60,654,16:34,1
60,655,16:35,1
60,656,16:36,1
60,657,16:37,1
60,658,16:38,1
60,659,16:39,1
60,660,16:40,0
60,661,16:41,0
60,662,16:42,0
60,663,16:43,0
60,664,16:44,0
60,665,16:45,0
60,666,16:46,0
60,667,16:47,0
60,668,16:48,0
60,669,16:49,0
60,670,16:50,0
60,671,16:51,0
60,672,16:52,0
60,673,16:53,0
60,674,16:54,0
60,675,16:55,0
60,676,16:56,0
60,677,16:57,1
60,678,16:58,1
60,679,16:59,1
60,680,17:00,1
60,681,17:01,1
60,682,17:02,1
60,683,17:03,1
60,684,17:04,1
60,685,17:05,1
60,686,17:06,1
60,687,17:07,1
60,688,17:08,1
60,689,17:09,1
60,690,17:10,1
60,691,17:11,1
60,692,17:12,1
60,693,17:13,1
60,694,17:14,1
60,695,17:15,0
60,696,17:16,0
60,697,17:17,0
60,698,17:18,2
60,699,17:19,2
60,700,17:20,2
60,701,17:21,2
60,702,17:22,2
60,703,17:23,2
60,704,17:24,2
60,705,17:25,2
60,706,17:26,2
60,707,17:27,2
60,708,17:28,0
60,709,17:29,0
60,710,17:30,0
60,711,17:31,1
60,712,17:32,1
60,713,17:33,1
60,714,17:34,1
60,715,17:35,1
60,716,17:36,1
60,717,17:37,1
60,718,17:38,1
60,719,17:39,1
60,720,17:40,1
60,721,17:41,0
60,722,17:42,0
60,723,17:43,0
60,724,17:44,2
60,725,17:45,2
60,726,17:46,2
60,727,17:47,2
60,728,17:48,2
60,729,17:49,2
60,730,17:50,2
60,731,17:51,2
60,732,17:52,2
60,733,17:53,2
60,734,17:54,0
60,735,17:55,0
60,736,17:56,0
60,737,17:57,0
60,738,17:58,0
60,739,17:59,0
60,740,18:00,0
60,741,18:01,0
60,742,18:02,0
60,743,18:03,0
60,744,18:04,0
60,745,18:05,1
60,746,18:06,1
60,747,18:07,1
60,748,18:08,1
60,749,18:09,1
60,750,18:10,1
60,751,18:11,1
60,752,18:12,1
60,753,18:13,1
60,754,18:14,1
60,755,18:15,0
60,756,18:16,0
60,757,18:17,0
60,758,18:18,0
60,759,18:19,0
60,760,18:20,0
60,761,18:21,0
60,762,18:22,0
60,763,18:23,0
60,764,18:24,0
60,765,18:25,0
60,766,18:26,0
60,767,18:27,1
60,768,18:28,1
60,769,18:29,1
60,770,18:30,2
60,771,18:31,2
60,772,18:32,2
60,773,18:33,3
60,774,18:34,3
60,775,18:35,3
60,776,18:36,3
60,777,18:37,3
60,778,18:38,3
60,779,18:39,3
60,780,18:40,3
60,781,18:41,3
60,782,18:42,3
60,783,18:43,2
60,784,18:44,2
60,785,18:45,2
60,786,18:46,1
60,787,18:47,1
60,788,18:48,1
60,789,18:49,0
60,790,18:50,0
60,791,18:51,0
60,792,18:52,2
60,793,18:53,2
60,794,18:54,2
60,795,18:55,2
60,796,18:56,2
60,797,18:57,2
60,798,18:58,2
60,799,18:59,2
60,800,19:00,2
60,801,19:01,2
60,802,19:02,0
60,803,19:03,0
60,804,19:04,0
60,805,19:05,1
60,806,19:06,1
60,807,19:07,1
60,808,19:08,1
60,809,19:09,1
60,810,19:10,1
60,811,19:11,1
60,812,19:12,1
60,813,19:13,1
60,814,19:14,0
60,815,19:15,0
60,816,19:16,0
60,817,19:17,0
60,818,19:18,0
60,819,19:19,0
60,820,19:20,0
60,821,19:21,0
60,822,19:22,0
60,823,19:23,0
60,824,19:24,0
60,825,19:25,0
60,826,19:26,0
60,827,19:27,0
60,828,19:28,0
60,829,19:29,0
60,830,19:30,0
60,831,19:31,0
60,832,19:32,0
60,833,19:33,0
60,834,19:34,0
60,835,19:35,0
61,0,05:40,0
61,1,05:41,0
61,2,05:42,0
61,3,05:43,0
61,4,05:44,0
61,5,05:45,0
61,6,05:46,0
61,7,05:47,0
61,8,05:48,0
61,9,05:49,0
61,10,05:50,0
61,11,05:51,0
61,12,05:52,0
61,13,05:53,0
61,14,05:54,0
61,15,05:55,0
61,16,05:56,0
61,17,05:57,0
61,18,05:58,0
61,19,05:59,0
61,20,06:00,0
61,21,06:01,0
61,22,06:02,0
61,23,06:03,0
61,24,06:04,0
61,25,06:05,0
61,26,06:06,0
61,27,06:07,0
61,28,06:08,0
61,29,06:09,0
61,30,06:10,0
61,31,06:11,0
61,32,06:12,0
61,33,06:13,0
61,34,06:14,0
61,35,06:15,0
61,36,06:16,0
61,37,06:17,0
61,38,06:18,0
61,39,06:19,0
61,40,06:20,0
61,41,06:21,0
61,42,06:22,0
61,43,06:23,0
61,44,06:24,0
61,45,06:25,0
61,46,06:26,0
61,47,06:27,0
61,48,06:28,0
61,49,06:29,0
61,50,06:30,0
61,51,06:31,0
61,52,06:32,0
61,53,06:33,0
61,54,06:34,0
61,55,06:35,0
61,56,06:36,0
61,57,06:37,0
61,58,06:38,0
61,59,06:39,0
61,60,06:40,0
61,61,06:41,0
61,62,06:42,0
61,63,06:43,0
61,64,06:44,0
61,65,06:45,0
61,66,06:46,0
61,67,06:47,0
61,68,06:48,0
61,69,06:49,0
61,70,06:50,0
61,71,06:51,0
61,72,06:52,0
61,73,06:53,0
61,74,06:54,0
61,75,06:55,0
61,76,06:56,0
61,77,06:57,0
61,78,06:58,0
61,79,06:59,0
61,80,07:00,0
61,81,07:01,0
61,82,07:02,0
61,83,07:03,0
61,84,07:04,0
61,85,07:05,0
61,86,07:06,0
61,87,07:07,0
61,88,07:08,0
61,89,07:09,0
61,90,07:10,0
61,91,07:11,0
61,92,07:12,0
61,93,07:13,0
61,94,07:14,0
61,95,07:15,0
61,96,07:16,0
61,97,07:17,0
61,98,07:18,0
61,99,07:19,0
61,100,07:20,0
61,101,07:21,0
61,102,07:22,0
61,103,07:23,0
61,104,07:24,0
61,105,07:25,0
61,106,07:26,0
61,107,07:27,0
61,108,07:28,0
61,109,07:29,0
61,110,07:30,0
61,111,07:31,0
61,112,07:32,0
61,113,07:33,0
61,114,07:34,0
61,115,07:35,0
61,116,07:36,0
61,117,07:37,0
61,118,07:38,0
61,119,07:39,0
61,120,07:40,0
61,121,07:41,0
61,122,07:42,0
61,123,07:43,0
61,124,07:44,0
61,125,07:45,0
61,126,07:46,0
61,127,07:47,0
61,128,07:48,0
61,129,07:49,0
61,130,07:50,0
61,131,07:51,0
61,132,07:52,0
61,133,07:53,0
61,134,07:54,0
61,135,07:55,0
61,136,07:56,0
61,137,07:57,0
61,138,07:58,0
61,139,07:59,0
61,140,08:00,0
61,141,08:01,0
61,142,08:02,0
61,143,08:03,0
61,144,08:04,0
61,145,08:05,0
61,146,08:06,0
61,147,08:07,0
61,148,08:08,0
61,149,08:09,0
61,150,08:10,0
61,151,08:11,0
61,152,08:12,0
61,153,08:13,0
61,154,08:14,0
61,155,08:15,0
61,156,08:16,0
61,157,08:17,0
61,158,08:18,0
61,159,08:19,0
61,160,08:20,0
61,161,08:21,0
61,162,08:22,0
61,163,08:23,0
61,164,08:24,0
61,165,08:25,0
61,166,08:26,0
61,167,08:27,0
61,168,08:28,1
61,169,08:29,1
61,170,08:30,1
61,171,08:31,1
61,172,08:32,1
61,173,08:33,1
61,174,08:34,1
61,175,08:35,1
61,176,08:36,1
61,177,08:37,1
61,178,08:38,1
61,179,08:39,0
61,180,08:40,0
61,181,08:41,0
61,182,08:42,0
61,183,08:43,1
61,184,08:44,1
61,185,08:45,1
61,186,08:46,1
61,187,08:47,1
61,188,08:48,1
61,189,08:49,1
61,190,08:50,1
61,191,08:51,1
61,192,08:52,1
61,193,08:53,0
61,194,08:54,0
61,195,08:55,0
61,196,08:56,0
61,197,08:57,0
61,198,08:58,0
61,199,08:59,0
61,200,09:00,0
61,201,09:01,0
61,202,09:02,0
61,203,09:03,0
61,204,09:04,0
61,205,09:05,0
61,206,09:06,0
61,207,09:07,0
61,208,09:08,0
61,209,09:09,0
61,210,09:10,0
61,211,09:11,0
61,212,09:12,0
61,213,09:13,0
61,214,09:14,0
61,215,09:15,0
61,216,09:16,0
61,217,09:17,0
61,218,09:18,0
61,219,09:19,0
61,220,09:20,0
61,221,09:21,0
61,222,09:22,0
61,223,09:23,0
61,224,09:24,0
61,225,09:25,0
61,226,09:26,0
61,227,09:27,0
61,228,09:28,0
61,229,09:29,0
61,230,09:30,0
61,231,09:31,0
61,232,09:32,0
61,233,09:33,0
61,234,09:34,0
61,235,09:35,0
61,236,09:36,0
61,237,09:37,0
61,238,09:38,0
61,239,09:39,0
61,240,09:40,0
61,241,09:41,0
61,242,09:42,0
61,243,09:43,0
61,244,09:44,0
61,245,09:45,0
61,246,09:46,0
61,247,09:47,0
61,248,09:48,0
61,249,09:49,0
61,250,09:50,0
61,251,09:51,0
61,252,09:52,0
61,253,09:53,0
61,254,09:54,0
61,255,09:55,0
61,256,09:56,0
61,257,09:57,0
61,258,09:58,0
61,259,09:59,0
61,260,10:00,0
61,261,10:01,0
61,262,10:02,0
61,263,10:03,0
61,264,10:04,0
61,265,10:05,0
61,266,10:06,0
61,267,10:07,1
61,268,10:08,1
61,269,10:09,1
61,270,10:10,1
61,271,10:11,1
61,272,10:12,1
61,273,10:13,1
61,274,10:14,1
61,275,10:15,1
61,276,10:16,1
61,277,10:17,1
61,278,10:18,1
61,279,10:19,1
61,280,10:20,1
61,281,10:21,1
61,282,10:22,1
61,283,10:23,1
61,284,10:24,1
61,285,10:25,1
61,286,10:26,1
61,287,10:27,0
61,288,10:28,0
61,289,10:29,0
61,290,10:30,0
61,291,10:31,0
61,292,10:32,0
61,293,10:33,0
61,294,10:34,0
61,295,10:35,0
61,296,10:36,0
61,297,10:37,0
61,298,10:38,0
61,299,10:39,0
61,300,10:40,1
61,301,10:41,1
61,302,10:42,1
61,303,10:43,2
61,304,10:44,2
61,305,10:45,2
61,306,10:46,2
61,307,10:47,2
61,308,10:48,2
61,309,10:49,2
61,310,10:50,2
61,311,10:51,2
61,312,10:52,2
61,313,10:53,2
61,314,10:54,2
61,315,10:55,2
61,316,10:56,1
61,317,10:57,1
61,318,10:58,1
61,319,10:59,0
61,320,11:00,0
61,321,11:01,0
61,322,11:02,1
61,323,11:03,1
61,324,11:04,1
61,325,11:05,2
61,326,11:06,2
61,327,11:07,2
61,328,11:08,2
61,329,11:09,2
61,330,11:10,2
61,331,11:11,2
61,332,11:12,2
61,333,11:13,2
61,334,11:14,2
61,335,11:15,2
61,336,11:16,1
61,337,11:17,1
61,338,11:18,1
61,339,11:19,1
61,340,11:20,1
61,341,11:21,1
61,342,11:22,1
61,343,11:23,1
61,344,11:24,1
61,345,11:25,1
61,346,11:26,1
61,347,11:27,1
61,348,11:28,1
61,349,11:29,0
61,350,11:30,0
61,351,11:31,0
61,352,11:32,1
61,353,11:33,1
61,354,11:34,1
61,355,11:35,1
61,356,11:36,1
61,357,11:37,2
61,358,11:38,2
61,359,11:39,2
61,360,11:40,2
61,361,11:41,2
61,362,11:42,2
61,363,11:43,2
61,364,11:44,2
61,365,11:45,2
61,366,11:46,2
61,367,11:47,2
61,368,11:48,2
61,369,11:49,2
61,370,11:50,2
61,371,11:51,2
61,372,11:52,2
61,373,11:53,2
61,374,11:54,2
61,375,11:55,2
61,376,11:56,2
61,377,11:57,2
61,378,11:58,2
61,379,11:59,1
61,380,12:00,1
61,381,12:01,1
61,382,12:02,0
61,383,12:03,0
61,384,12:04,0
61,385,12:05,0
61,386,12:06,0
61,387,12:07,0
61,388,12:08,0
61,389,12:09,0
61,390,12:10,0
61,391,12:11,0
61,392,12:12,0
61,393,12:13,0
61,394,12:14,0
61,395,12:15,0
61,396,12:16,0
61,397,12:17,0
61,398,12:18,0
61,399,12:19,0
61,400,12:20,0
61,401,12:21,0
61,402,12:22,0
61,403,12:23,0
61,404,12:24,0
61,405,12:25,0
61,406,12:26,0
61,407,12:27,0
61,408,12:28,0
61,409,12:29,0
61,410,12:30,0
61,411,12:31,0
61,412,12:32,0
61,413,12:33,0
61,414,12:34,0
61,415,12:35,0
61,416,12:36,0
61,417,12:37,0
61,418,12:38,0
61,419,12:39,0
61,420,12:40,0
61,421,12:41,0
61,422,12:42,0
61,423,12:43,0
61,424,12:44,0
61,425,12:45,0
61,426,12:46,0
61,427,12:47,0
61,428,12:48,0
61,429,12:49,0
61,430,12:50,0
61,431,12:51,0
61,432,12:52,0
61,433,12:53,0
61,434,12:54,0
61,435,12:55,0
61,436,12:56,0
61,437,12:57,0
61,438,12:58,0
61,439,12:59,0
61,440,13:00,0
61,441,13:01,0
61,442,13:02,0
61,443,13:03,0
61,444,13:04,0
61,445,13:05,0
61,446,13:06,0
61,447,13:07,0
61,448,13:08,0
61,449,13:09,0
61,450,13:10,0
61,451,13:11,0
61,452,13:12,0
61,453,13:13,0
61,454,13:14,0
61,455,13:15,0
61,456,13:16,0
61,457,13:17,0
61,458,13:18,0
61,459,13:19,0
61,460,13:20,0
61,461,13:21,0
61,462,13:22,0
61,463,13:23,0
61,464,13:24,0
61,465,13:25,0
61,466,13:26,0
61,467,13:27,0
61,468,13:28,0
61,469,13:29,0
61,470,13:30,0
61,471,13:31,0
61,472,13:32,0
61,473,13:33,0
61,474,13:34,0
61,475,13:35,0
61,476,13:36,0
61,477,13:37,0
61,478,13:38,0
61,479,13:39,0
61,480,13:40,0
61,481,13:41,0
61,482,13:42,0
61,483,13:43,0
61,484,13:44,0
61,485,13:45,0
61,486,13:46,0
61,487,13:47,0
61,488,13:48,0
61,489,13:49,0
61,490,13:50,0
61,491,13:51,0
61,492,13:52,0
61,493,13:53,0
61,494,13:54,0
61,495,13:55,0
61,496,13:56,0
61,497,13:57,0
61,498,13:58,0
61,499,13:59,0
61,500,14:00,0
61,501,14:01,0
61,502,14:02,0
61,503,14:03,0
61,504,14:04,0
61,505,14:05,0
61,506,14:06,0
61,507,14:07,0
61,508,14:08,0
61,509,14:09,0
61,510,14:10,0
61,511,14:11,0
61,512,14:12,0
61,513,14:13,0
61,514,14:14,0
61,515,14:15,0
61,516,14:16,0
61,517,14:17,0
61,518,14:18,0
61,519,14:19,0
61,520,14:20,0
61,521,14:21,0
61,522,14:22,0
61,523,14:23,0
61,524,14:24,0
61,525,14:25,0
61,526,14:26,0
61,527,14:27,0
61,528,14:28,0
61,529,14:29,0
61,530,14:30,0
61,531,14:31,0
61,532,14:32,0
61,533,14:33,0
61,534,14:34,0
61,535,14:35,0
61,536,14:36,0
61,537,14:37,0
61,538,14:38,0
61,539,14:39,0
61,540,14:40,0
61,541,14:41,0
61,542,14:42,0
61,543,14:43,0
61,544,14:44,0
61,545,14:45,0
61,546,14:46,0
61,547,14:47,0
61,548,14:48,0
61,549,14:49,0
61,550,14:50,0
61,551,14:51,0
61,552,14:52,0
61,553,14:53,0
61,554,14:54,0
61,555,14:55,0
61,556,14:56,0
61,557,14:57,0
61,558,14:58,0
61,559,14:59,0
61,560,15:00,0
61,561,15:01,0
61,562,15:02,0
61,563,15:03,0
61,564,15:04,0
61,565,15:05,0
61,566,15:06,0
61,567,15:07,0
61,568,15:08,0
61,569,15:09,0
61,570,15:10,0
61,571,15:11,0
61,572,15:12,0
61,573,15:13,0
61,574,15:14,0
61,575,15:15,0
61,576,15:16,0
61,577,15:17,0
61,578,15:18,0
61,579,15:19,0
61,580,15:20,0
61,581,15:21,0
61,582,15:22,0
61,583,15:23,0
61,584,15:24,0
61,585,15:25,0
61,586,15:26,0
61,587,15:27,0
61,588,15:28,0
61,589,15:29,0
61,590,15:30,0
61,591,15:31,0
61,592,15:32,2
61,593,15:33,2
61,594,15:34,2
61,595,15:35,2
61,596,15:36,2
61,597,15:37,3
61,598,15:38,3
61,599,15:39,3
61,600,15:40,3
61,601,15:41,3
61,602,15:42,3
61,603,15:43,3
61,604,15:44,3
61,605,15:45,3
61,606,15:46,3
61,607,15:47,3
61,608,15:48,3
61,609,15:49,3
61,610,15:50,3
61,611,15:51,3
61,612,15:52,3
61,613,15:53,3
61,614,15:54,3
61,615,15:55,1
61,616,15:56,1
61,617,15:57,1
61,618,15:58,0
61,619,15:59,0
61,620,16:00,0
61,621,16:01,1
61,622,16:02,1
61,623,16:03,1
61,624,16:04,1
61,625,16:05,1
61,626,16:06,1
61,627,16:07,1
61,628,16:08,2
61,629,16:09,2
61,630,16:10,2
61,631,16:11,2
61,632,16:12,2
61,633,16:13,2
61,634,16:14,2
61,635,16:15,2
61,636,16:16,2
61,637,16:17,2
61,638,16:18,1
61,639,16:19,1
61,640,16:20,1
61,641,16:21,0
61,642,16:22,0
61,643,16:23,0
61,644,16:24,0
61,645,16:25,0
61,646,16:26,0
61,647,16:27,0
61,648,16:28,0
61,649,16:29,0
61,650,16:30,0
61,651,16:31,0
61,652,16:32,0
61,653,16:33,1
61,654,16:34,1
61,655,16:35,1
61,656,16:36,2
61,657,16:37,2
61,658,16:38,2
61,659,16:39,3
61,660,16:40,3
61,661,16:41,3
61,662,16:42,3
61,663,16:43,3
61,664,16:44,3
61,665,16:45,3
61,666,16:46,3
61,667,16:47,3
61,668,16:48,3
61,669,16:49,2
61,670,16:50,2
61,671,16:51,2
61,672,16:52,1
61,673,16:53,1
61,674,16:54,1
61,675,16:55,0
61,676,16:56,0
61,677,16:57,0
61,678,16:58,1
61,679,16:59,1
61,680,17:00,1
61,681,17:01,1
61,682,17:02,1
61,683,17:03,1
61,684,17:04,1
61,685,17:05,1
61,686,17:06,1
61,687,17:07,1
61,688,17:08,1
61,689,17:09,1
61,690,17:10,1
61,691,17:11,1
61,692,17:12,1
61,693,17:13,0
61,694,17:14,0
61,695,17:15,0
61,696,17:16,0
61,697,17:17,0
61,698,17:18,0
61,699,17:19,0
61,700,17:20,0
61,701,17:21,0
61,702,17:22,0
61,703,17:23,2
61,704,17:24,2
61,705,17:25,2
61,706,17:26,2
61,707,17:27,2
61,708,17:28,2
61,709,17:29,2
61,710,17:30,2
61,711,17:31,2
61,712,17:32,2
61,713,17:33,0
61,714,17:34,0
61,715,17:35,0
61,716,17:36,0
61,717,17:37,0
61,718,17:38,0
61,719,17:39,0
61,720,17:40,1
61,721,17:41,1
61,722,17:42,1
61,723,17:43,1
61,724,17:44,1
61,725,17:45,1
61,726,17:46,1
61,727,17:47,1
61,728,17:48,1
61,729,17:49,0
61,730,17:50,0
61,731,17:51,0
61,732,17:52,1
61,733,17:53,1
61,734,17:54,1
61,735,17:55,1
61,736,17:56,1
61,737,17:57,1
61,738,17:58,1
61,739,17:59,1
61,740,18:00,1
61,741,18:01,0
61,742,18:02,0
61,743,18:03,0
61,744,18:04,0
61,745,18:05,0
61,746,18:06,0
61,747,18:07,0
61,748,18:08,1
61,749,18:09,1
61,750,18:10,1
61,751,18:11,1
61,752,18:12,1
61,753,18:13,1
61,754,18:14,1
61,755,18:15,1
61,756,18:16,1
61,757,18:17,0
61,758,18:18,0
61,759,18:19,0
61,760,18:20,1
61,761,18:21,1
61,762,18:22,1
61,763,18:23,1
61,764,18:24,1
61,765,18:25,1
61,766,18:26,1
61,767,18:27,1
61,768,18:28,1
61,769,18:29,1
61,770,18:30,1
61,771,18:31,1
61,772,18:32,1
61,773,18:33,0
61,774,18:34,0
61,775,18:35,0
61,776,18:36,0
61,777,18:37,0
61,778,18:38,0
61,779,18:39,0
61,780,18:40,0
61,781,18:41,0
61,782,18:42,0
61,783,18:43,0
61,784,18:44,0
61,785,18:45,0
61,786,18:46,0
61,787,18:47,0
61,788,18:48,0
61,789,18:49,0
61,790,18:50,0
61,791,18:51,2
61,792,18:52,2
61,793,18:53,2
61,794,18:54,2
61,795,18:55,2
61,796,18:56,2
61,797,18:57,2
61,798,18:58,2
61,799,18:59,2
61,800,19:00,2
61,801,19:01,0
61,802,19:02,0
61,803,19:03,0
61,804,19:04,2
61,805,19:05,2
61,806,19:06,2
61,807,19:07,2
61,808,19:08,2
61,809,19:09,2
61,810,19:10,2
61,811,19:11,2
61,812,19:12,2
61,813,19:13,0
61,814,19:14,0
61,815,19:15,0
61,816,19:16,0
61,817,19:17,0
61,818,19:18,0
61,819,19:19,0
61,820,19:20,0
61,821,19:21,0
61,822,19:22,0
61,823,19:23,0
61,824,19:24,0
61,825,19:25,0
61,826,19:26,0
61,827,19:27,0
61,828,19:28,0
61,829,19:29,0
61,830,19:30,0
61,831,19:31,0
61,832,19:32,0
61,833,19:33,0
61,834,19:34,0
61,835,19:35,0
62,0,05:40,0
62,1,05:41,0
62,2,05:42,0
62,3,05:43,0
62,4,05:44,0
62,5,05:45,0
62,6,05:46,0
62,7,05:47,0
62,8,05:48,0
62,9,05:49,0
62,10,05:50,0
62,11,05:51,0
62,12,05:52,0
62,13,05:53,0
62,14,05:54,0
62,15,05:55,0
62,16,05:56,0
62,17,05:57,0
62,18,05:58,0
62,19,05:59,0
62,20,06:00,0
62,21,06:01,0
62,22,06:02,0
62,23,06:03,0
62,24,06:04,0
62,25,06:05,0
62,26,06:06,0
62,27,06:07,0
62,28,06:08,0
62,29,06:09,0
62,30,06:10,0
62,31,06:11,0
62,32,06:12,0
62,33,06:13,0
62,34,06:14,0
62,35,06:15,0
62,36,06:16,0
62,37,06:17,0
62,38,06:18,0
62,39,06:19,0
62,40,06:20,0
62,41,06:21,0
62,42,06:22,0
62,43,06:23,0
62,44,06:24,0
62,45,06:25,0
62,46,06:26,0
62,47,06:27,0
62,48,06:28,0
62,49,06:29,0
62,50,06:30,0
62,51,06:31,0
62,52,06:32,0
62,53,06:33,0
62,54,06:34,0
62,55,06:35,0
62,56,06:36,0
62,57,06:37,0
62,58,06:38,0
62,59,06:39,0
62,60,06:40,0
62,61,06:41,0
62,62,06:42,0
62,63,06:43,0
62,64,06:44,0
62,65,06:45,0
62,66,06:46,0
62,67,06:47,0
62,68,06:48,0
62,69,06:49,0
62,70,06:50,0
62,71,06:51,0
62,72,06:52,0
62,73,06:53,0
62,74,06:54,0
62,75,06:55,0
62,76,06:56,0
62,77,06:57,0
62,78,06:58,0
62,79,06:59,0
62,80,07:00,0
62,81,07:01,0
62,82,07:02,0
62,83,07:03,0
62,84,07:04,0
62,85,07:05,0
62,86,07:06,0
62,87,07:07,0
62,88,07:08,0
62,89,07:09,0
62,90,07:10,0
62,91,07:11,0
62,92,07:12,0
62,93,07:13,0
62,94,07:14,0
62,95,07:15,0
62,96,07:16,0
62,97,07:17,0
62,98,07:18,0
62,99,07:19,0
62,100,07:20,0
62,101,07:21,0
62,102,07:22,0
62,103,07:23,0
62,104,07:24,0
62,105,07:25,0
62,106,07:26,0
62,107,07:27,0
62,108,07:28,0
62,109,07:29,0
62,110,07:30,0
62,111,07:31,0
62,112,07:32,0
62,113,07:33,0
62,114,07:34,0
62,115,07:35,0
62,116,07:36,0
62,117,07:37,0
62,118,07:38,0
62,119,07:39,0
62,120,07:40,0
62,121,07:41,0
62,122,07:42,0
62,123,07:43,0
62,124,07:44,0
62,125,07:45,0
62,126,07:46,0
62,127,07:47,0
62,128,07:48,0
62,129,07:49,0
62,130,07:50,0
62,131,07:51,0
62,132,07:52,0
62,133,07:53,0
62,134,07:54,0
62,135,07:55,0
62,136,07:56,0
62,137,07:57,0
62,138,07:58,0
62,139,07:59,0
62,140,08:00,0
62,141,08:01,0
62,142,08:02,0
62,143,08:03,1
62,144,08:04,1
62,145,08:05,1
62,146,08:06,1
62,147,08:07,1
62,148,08:08,1
62,149,08:09,1
62,150,08:10,1
62,151,08:11,1
62,152,08:12,0
62,153,08:13,0
62,154,08:14,0
62,155,08:15,0
62,156,08:16,0
62,157,08:17,0
62,158,08:18,0
62,159,08:19,0
62,160,08:20,0
62,161,08:21,0
62,162,08:22,0
62,163,08:23,0
62,164,08:24,0
62,165,08:25,0
62,166,08:26,0
62,167,08:27,0
62,168,08:28,0
62,169,08:29,0
62,170,08:30,0
62,171,08:31,0
62,172,08:32,0
62,173,08:33,0
62,174,08:34,0
62,175,08:35,0
62,176,08:36,0
62,177,08:37,0
62,178,08:38,0
62,179,08:39,0
62,180,08:40,0
62,181,08:41,0
62,182,08:42,0
62,183,08:43,0
62,184,08:44,0
62,185,08:45,0
62,186,08:46,0
62,187,08:47,0
62,188,08:48,0
62,189,08:49,0
62,190,08:50,0
62,191,08:51,0
62,192,08:52,0
62,193,08:53,0
62,194,08:54,0
62,195,08:55,0
62,196,08:56,0
62,197,08:57,0
62,198,08:58,0
62,199,08:59,0
62,200,09:00,0
62,201,09:01,0
62,202,09:02,0
62,203,09:03,0
62,204,09:04,0
62,205,09:05,0
62,206,09:06,0
62,207,09:07,0
62,208,09:08,0
62,209,09:09,0
62,210,09:10,0
62,211,09:11,0
62,212,09:12,0
62,213,09:13,0
62,214,09:14,0
62,215,09:15,0
62,216,09:16,0
62,217,09:17,0
62,218,09:18,0
62,219,09:19,0
62,220,09:20,0
62,221,09:21,0
62,222,09:22,0
62,223,09:23,0
62,224,09:24,0
62,225,09:25,0
62,226,09:26,0
62,227,09:27,0
62,228,09:28,0
62,229,09:29,0
62,230,09:30,0
62,231,09:31,0
62,232,09:32,0
62,233,09:33,0
62,234,09:34,0
62,235,09:35,0
62,236,09:36,0
62,237,09:37,0
62,238,09:38,0
62,239,09:39,0
62,240,09:40,0
62,241,09:41,0
62,242,09:42,0
62,243,09:43,0
62,244,09:44,0
62,245,09:45,0
62,246,09:46,0
62,247,09:47,0
62,248,09:48,0
62,249,09:49,0
62,250,09:50,0
62,251,09:51,0
62,252,09:52,0
62,253,09:53,0
62,254,09:54,0
62,255,09:55,0
62,256,09:56,0
62,257,09:57,0
62,258,09:58,0
62,259,09:59,0
62,260,10:00,0
62,261,10:01,0
62,262,10:02,0
62,263,10:03,0
62,264,10:04,0
62,265,10:05,0
62,266,10:06,0
62,267,10:07,0
62,268,10:08,0
62,269,10:09,0
62,270,10:10,1
62,271,10:11,1
62,272,10:12,1
62,273,10:13,2
62,274,10:14,2
62,275,10:15,2
62,276,10:16,2
62,277,10:17,2
62,278,10:18,2
62,279,10:19,2
62,280,10:20,2
62,281,10:21,2
62,282,10:22,2
62,283,10:23,2
62,284,10:24,2
62,285,10:25,2
62,286,10:26,2
62,287,10:27,1
62,288,10:28,1
62,289,10:29,1
62,290,10:30,0
62,291,10:31,0
62,292,10:32,0
62,293,10:33,0
62,294,10:34,0
62,295,10:35,0
62,296,10:36,1
62,297,10:37,1
62,298,10:38,1
62,299,10:39,1
62,300,10:40,1
62,301,10:41,1
62,302,10:42,1
62,303,10:43,1
62,304,10:44,1
62,305,10:45,1
62,306,10:46,1
62,307,10:47,1
62,308,10:48,1
62,309,10:49,1
62,310,10:50,1
62,311,10:51,1
62,312,10:52,1
62,313,10:53,1
62,314,10:54,1
62,315,10:55,1
62,316,10:56,1
62,317,10:57,1
62,318,10:58,1
62,319,10:59,1
62,320,11:00,0
62,321,11:01,0
62,322,11:02,0
62,323,11:03,0
62,324,11:04,0
62,325,11:05,0
62,326,11:06,0
62,327,11:07,0
62,328,11:08,0
62,329,11:09,0
62,330,11:10,0
62,331,11:11,0
62,332,11:12,0
62,333,11:13,0
62,334,11:14,1
62,335,11:15,1
62,336,11:16,1
62,337,11:17,1
62,338,11:18,1
62,339,11:19,1
62,340,11:20,1
62,341,11:21,1
62,342,11:22,1
62,343,11:23,1
62,344,11:24,1
62,345,11:25,1
62,346,11:26,1
62,347,11:27,1
62,348,11:28,1
62,349,11:29,1
62,350,11:30,1
62,351,11:31,1
62,352,11:32,1
62,353,11:33,1
62,354,11:34,1
62,355,11:35,1
62,356,11:36,1
62,357,11:37,1
62,358,11:38,1
62,359,11:39,1
62,360,11:40,1
62,361,11:41,1
62,362,11:42,1
62,363,11:43,1
62,364,11:44,0
62,365,11:45,0
62,366,11:46,0
62,367,11:47,0
62,368,11:48,0
62,369,11:49,0
62,370,11:50,0
62,371,11:51,0
62,372,11:52,0
62,373,11:53,0
62,374,11:54,0
62,375,11:55,0
62,376,11:56,0
62,377,11:57,0
62,378,11:58,0
62,379,11:59,0
62,380,12:00,0
62,381,12:01,0
62,382,12:02,0
62,383,12:03,0
62,384,12:04,0
62,385,12:05,0
62,386,12:06,0
62,387,12:07,0
62,388,12:08,0
62,389,12:09,0
62,390,12:10,0
62,391,12:11,0
62,392,12:12,0
62,393,12:13,0
62,394,12:14,0
62,395,12:15,0
62,396,12:16,0
62,397,12:17,0
62,398,12:18,0
62,399,12:19,0
62,400,12:20,0
62,401,12:21,0
62,402,12:22,0
62,403,12:23,0
62,404,12:24,0
62,405,12:25,0
62,406,12:26,0
62,407,12:27,0
62,408,12:28,0
62,409,12:29,0
62,410,12:30,0
62,411,12:31,0
62,412,12:32,0
62,413,12:33,0
62,414,12:34,0
62,415,12:35,0
62,416,12:36,0
62,417,12:37,0
62,418,12:38,0
62,419,12:39,0
62,420,12:40,0
62,421,12:41,0
62,422,12:42,0
62,423,12:43,0
62,424,12:44,0
62,425,12:45,0
62,426,12:46,0
62,427,12:47,0
62,428,12:48,0
62,429,12:49,0
62,430,12:50,0
62,431,12:51,0
62,432,12:52,0
62,433,12:53,0
62,434,12:54,0
62,435,12:55,0
62,436,12:56,0
62,437,12:57,0
62,438,12:58,0
62,439,12:59,0
62,440,13:00,0
62,441,13:01,0
62,442,13:02,0
62,443,13:03,0
62,444,13:04,0
62,445,13:05,0
62,446,13:06,0
62,447,13:07,0
62,448,13:08,0
62,449,13:09,0
62,450,13:10,0
62,451,13:11,0
62,452,13:12,0
62,453,13:13,0
62,454,13:14,0
62,455,13:15,0
62,456,13:16,0
62,457,13:17,0
62,458,13:18,0
62,459,13:19,0
62,460,13:20,0
62,461,13:21,0
62,462,13:22,0
62,463,13:23,0
62,464,13:24,0
62,465,13:25,0
62,466,13:26,0
62,467,13:27,0
62,468,13:28,0
62,469,13:29,0
62,470,13:30,0
62,471,13:31,0
62,472,13:32,0
62,473,13:33,0
62,474,13:34,0
62,475,13:35,0
62,476,13:36,0
62,477,13:37,0
62,478,13:38,0
62,479,13:39,0
62,480,13:40,0
62,481,13:41,0
62,482,13:42,0
62,483,13:43,0
62,484,13:44,0
62,485,13:45,0
62,486,13:46,0
62,487,13:47,0
62,488,13:48,0
62,489,13:49,0
62,490,13:50,0
62,491,13:51,0
62,492,13:52,0
62,493,13:53,0
62,494,13:54,0
62,495,13:55,0
62,496,13:56,0
62,497,13:57,0
62,498,13:58,0
62,499,13:59,0
62,500,14:00,0
62,501,14:01,0
62,502,14:02,0
62,503,14:03,0
62,504,14:04,0
62,505,14:05,0
62,506,14:06,0
62,507,14:07,0
62,508,14:08,0
62,509,14:09,0
62,510,14:10,0
62,511,14:11,0
62,512,14:12,0
62,513,14:13,0
62,514,14:14,0
62,515,14:15,0
62,516,14:16,0
62,517,14:17,0
62,518,14:18,0
62,519,14:19,0
62,520,14:20,0
62,521,14:21,0
62,522,14:22,0
62,523,14:23,0
62,524,14:24,0
62,525,14:25,0
62,526,14:26,0
62,527,14:27,0
62,528,14:28,0
62,529,14:29,0
62,530,14:30,0
62,531,14:31,0
62,532,14:32,0
62,533,14:33,0
62,534,14:34,0
62,535,14:35,0
62,536,14:36,0
62,537,14:37,1
62,538,14:38,1
62,539,14:39,1
62,540,14:40,1
62,541,14:41,1
62,542,14:42,1
62,543,14:43,1
62,544,14:44,1
62,545,14:45,1
62,546,14:46,1
62,547,14:47,1
62,548,14:48,1
62,549,14:49,1
62,550,14:50,1
62,551,14:51,1
62,552,14:52,1
62,553,14:53,1
62,554,14:54,1
62,555,14:55,1
62,556,14:56,1
62,557,14:57,0
62,558,14:58,0
62,559,14:59,0
62,560,15:00,0
62,561,15:01,0
62,562,15:02,0
62,563,15:03,0
62,564,15:04,0
62,565,15:05,0
62,566,15:06,0
62,567,15:07,0
62,568,15:08,0
62,569,15:09,0
62,570,15:10,0
62,571,15:11,0
62,572,15:12,0
62,573,15:13,0
62,574,15:14,0
62,575,15:15,0
62,576,15:16,0
62,577,15:17,0
62,578,15:18,0
62,579,15:19,0
62,580,15:20,0
62,581,15:21,0
62,582,15:22,0
62,583,15:23,0
62,584,15:24,0
62,585,15:25,0
62,586,15:26,0
62,587,15:27,0
62,588,15:28,0
62,589,15:29,0
62,590,15:30,0
62,591,15:31,0
62,592,15:32,0
62,593,15:33,0
62,594,15:34,0
62,595,15:35,0
62,596,15:36,0
62,597,15:37,0
62,598,15:38,0
62,599,15:39,0
62,600,15:40,0
62,601,15:41,0
62,602,15:42,0
62,603,15:43,0
62,604,15:44,0
62,605,15:45,0
62,606,15:46,0
62,607,15:47,0
62,608,15:48,0
62,609,15:49,0
62,610,15:50,1
62,611,15:51,1
62,612,15:52,1
62,613,15:53,1
62,614,15:54,1
62,615,15:55,1
62,616,15:56,1
62,617,15:57,1
62,618,15:58,1
62,619,15:59,1
62,620,16:00,1
62,621,16:01,1
62,622,16:02,1
62,623,16:03,1
62,624,16:04,1
62,625,16:05,1
62,626,16:06,1
62,627,16:07,1
62,628,16:08,1
62,629,16:09,1
62,630,16:10,1
62,631,16:11,0
62,632,16:12,0
62,633,16:13,0
62,634,16:14,1
62,635,16:15,1
62,636,16:16,1
62,637,16:17,2
62,638,16:18,2
62,639,16:19,2
62,640,16:20,2
62,641,16:21,2
62,642,16:22,2
62,643,16:23,2
62,644,16:24,2
62,645,16:25,2
62,646,16:26,2
62,647,16:27,2
62,648,16:28,1
62,649,16:29,1
62,650,16:30,1
62,651,16:31,0
62,652,16:32,0
62,653,16:33,0
62,654,16:34,0
62,655,16:35,0
62,656,16:36,0
62,657,16:37,0
62,658,16:38,0
62,659,16:39,0
62,660,16:40,0
62,661,16:41,0
62,662,16:42,0
62,663,16:43,0
62,664,16:44,0
62,665,16:45,0
62,666,16:46,0
62,667,16:47,0
62,668,16:48,2
62,669,16:49,2
62,670,16:50,2
62,671,16:51,2
62,672,16:52,2
62,673,16:53,2
62,674,16:54,2
62,675,16:55,2
62,676,16:56,2
62,677,16:57,0
62,678,16:58,0
62,679,16:59,0
62,680,17:00,0
62,681,17:01,0
62,682,17:02,0
62,683,17:03,0
62,684,17:04,0
62,685,17:05,0
62,686,17:06,0
62,687,17:07,1
62,688,17:08,1
62,689,17:09,1
62,690,17:10,1
62,691,17:11,1
62,692,17:12,1
62,693,17:13,1
62,694,17:14,1
62,695,17:15,1
62,696,17:16,0
62,697,17:17,0
62,698,17:18,0
62,699,17:19,0
62,700,17:20,0
62,701,17:21,0
62,702,17:22,0
62,703,17:23,1
62,704,17:24,1
62,705,17:25,1
62,706,17:26,2
62,707,17:27,2
62,708,17:28,2
62,709,17:29,2
62,710,17:30,2
62,711,17:31,2
62,712,17:32,2
62,713,17:33,2
62,714,17:34,2
62,715,17:35,2
62,716,17:36,1
62,717,17:37,1
62,718,17:38,1
62,719,17:39,0
62,720,17:40,0
62,721,17:41,0
62,722,17:42,2
62,723,17:43,2
62,724,17:44,2
62,725,17:45,4
62,726,17:46,4
62,727,17:47,4
62,728,17:48,4
62,729,17:49,4
62,730,17:50,4
62,731,17:51,4
62,732,17:52,4
62,733,17:53,4
62,734,17:54,4
62,735,17:55,4
62,736,17:56,2
62,737,17:57,2
62,738,17:58,2
62,739,17:59,0
62,740,18:00,0
62,741,18:01,0
62,742,18:02,1
62,743,18:03,1
62,744,18:04,1
62,745,18:05,2
62,746,18:06,2
62,747,18:07,2
62,748,18:08,2
62,749,18:09,2
62,750,18:10,2
62,751,18:11,2
62,752,18:12,2
62,753,18:13,2
62,754,18:14,2
62,755,18:15,2
62,756,18:16,2
62,757,18:17,2
62,758,18:18,2
62,759,18:19,2
62,760,18:20,2
62,761,18:21,2
62,762,18:22,2
62,763,18:23,2
62,764,18:24,2
62,765,18:25,1
62,766,18:26,1
62,767,18:27,1
62,768,18:28,0
62,769,18:29,0
62,770,18:30,0
62,771,18:31,3
62,772,18:32,3
62,773,18:33,3
62,774,18:34,3
62,775,18:35,3
62,776,18:36,3
62,777,18:37,3
62,778,18:38,3
62,779,18:39,3
62,780,18:40,3
62,781,18:41,3
62,782,18:42,3
62,783,18:43,3
62,784,18:44,3
62,785,18:45,3
62,786,18:46,3
62,787,18:47,3
62,788,18:48,3
62,789,18:49,0
62,790,18:50,0
62,791,18:51,0
62,792,18:52,0
62,793,18:53,0
62,794,18:54,0
62,795,18:55,0
62,796,18:56,1
62,797,18:57,1
62,798,18:58,1
62,799,18:59,1
62,800,19:00,1
62,801,19:01,1
62,802,19:02,1
62,803,19:03,1
62,804,19:04,1
62,805,19:05,1
62,806,19:06,0
62,807,19:07,0
62,808,19:08,0
62,809,19:09,0
62,810,19:10,0
62,811,19:11,0
62,812,19:12,0
62,813,19:13,0
62,814,19:14,0
62,815,19:15,0
62,816,19:16,0
62,817,19:17,0
62,818,19:18,0
62,819,19:19,0
62,820,19:20,0
62,821,19:21,0
62,822,19:22,0
62,823,19:23,0
62,824,19:24,0
62,825,19:25,0
62,826,19:26,0
62,827,19:27,0
62,828,19:28,0
62,829,19:29,0
62,830,19:30,0
62,831,19:31,0
62,832,19:32,0
62,833,19:33,0
62,834,19:34,0
62,835,19:35,0
63,0,05:40,0
63,1,05:41,0
63,2,05:42,0
63,3,05:43,0
63,4,05:44,0
63,5,05:45,0
63,6,05:46,0
63,7,05:47,0
63,8,05:48,0
63,9,05:49,0
63,10,05:50,0
63,11,05:51,0
63,12,05:52,0
63,13,05:53,0
63,14,05:54,0
63,15,05:55,0
63,16,05:56,0
63,17,05:57,0
63,18,05:58,0
63,19,05:59,0
63,20,06:00,0
63,21,06:01,0
63,22,06:02,0
63,23,06:03,0
63,24,06:04,0
63,25,06:05,0
63,26,06:06,0
63,27,06:07,0
63,28,06:08,0
63,29,06:09,0
63,30,06:10,0
63,31,06:11,0
63,32,06:12,0
63,33,06:13,0
63,34,06:14,0
63,35,06:15,0
63,36,06:16,0
63,37,06:17,0
63,38,06:18,0
63,39,06:19,0
63,40,06:20,0
63,41,06:21,0
63,42,06:22,0
63,43,06:23,0
63,44,06:24,0
63,45,06:25,0
63,46,06:26,0
63,47,06:27,0
63,48,06:28,0
63,49,06:29,0
63,50,06:30,0
63,51,06:31,0
63,52,06:32,0
63,53,06:33,0
63,54,06:34,0
63,55,06:35,0
63,56,06:36,0
63,57,06:37,0
63,58,06:38,0
63,59,06:39,0
63,60,06:40,0
63,61,06:41,0
63,62,06:42,0
63,63,06:43,0
63,64,06:44,0
63,65,06:45,0
63,66,06:46,0
63,67,06:47,0
63,68,06:48,0
63,69,06:49,0
63,70,06:50,0
63,71,06:51,0
63,72,06:52,0
63,73,06:53,0
63,74,06:54,0
63,75,06:55,0
63,76,06:56,0
63,77,06:57,0
63,78,06:58,0
63,79,06:59,0
63,80,07:00,0
63,81,07:01,0
63,82,07:02,0
63,83,07:03,0
63,84,07:04,0
63,85,07:05,0
63,86,07:06,0
63,87,07:07,0
63,88,07:08,0
63,89,07:09,0
63,90,07:10,0
63,91,07:11,0
63,92,07:12,0
63,93,07:13,0
63,94,07:14,0
63,95,07:15,0
63,96,07:16,0
63,97,07:17,0
63,98,07:18,0
63,99,07:19,0
63,100,07:20,0
63,101,07:21,0
63,102,07:22,0
63,103,07:23,0
63,104,07:24,0
63,105,07:25,0
63,106,07:26,0
63,107,07:27,0
63,108,07:28,0
63,109,07:29,0
63,110,07:30,0
63,111,07:31,0
63,112,07:32,0
63,113,07:33,0
63,114,07:34,0
63,115,07:35,0
63,116,07:36,0
63,117,07:37,0
63,118,07:38,0
63,119,07:39,0
63,120,07:40,0
63,121,07:41,0
63,122,07:42,0
63,123,07:43,0
63,124,07:44,0
63,125,07:45,0
63,126,07:46,0
63,127,07:47,0
63,128,07:48,0
63,129,07:49,0
63,130,07:50,0
63,131,07:51,0
63,132,07:52,0
63,133,07:53,0
63,134,07:54,0
63,135,07:55,0
63,136,07:56,0
63,137,07:57,0
63,138,07:58,0
63,139,07:59,0
63,140,08:00,0
63,141,08:01,0
63,142,08:02,0
63,143,08:03,0
63,144,08:04,0
63,145,08:05,0
63,146,08:06,0
63,147,08:07,0
63,148,08:08,0
63,149,08:09,0
63,150,08:10,0
63,151,08:11,0
63,152,08:12,0
63,153,08:13,0
63,154,08:14,0
63,155,08:15,0
63,156,08:16,0
63,157,08:17,0
63,158,08:18,0
63,159,08:19,0
63,160,08:20,0
63,161,08:21,0
63,162,08:22,0
63,163,08:23,0
63,164,08:24,0
63,165,08:25,0
63,166,08:26,0
63,167,08:27,0
63,168,08:28,0
63,169,08:29,0
63,170,08:30,0
63,171,08:31,0
63,172,08:32,0
63,173,08:33,0
63,174,08:34,0
63,175,08:35,0
63,176,08:36,0
63,177,08:37,0
63,178,08:38,0
63,179,08:39,0
63,180,08:40,0
63,181,08:41,0
63,182,08:42,0
63,183,08:43,0
63,184,08:44,0
63,185,08:45,0
63,186,08:46,0
63,187,08:47,0
63,188,08:48,0
63,189,08:49,0
63,190,08:50,0
63,191,08:51,0
63,192,08:52,0
63,193,08:53,0
63,194,08:54,0
63,195,08:55,0
63,196,08:56,0
63,197,08:57,0
63,198,08:58,0
63,199,08:59,0
63,200,09:00,0
63,201,09:01,0
63,202,09:02,0
63,203,09:03,0
63,204,09:04,0
63,205,09:05,0
63,206,09:06,0
63,207,09:07,0
63,208,09:08,0
63,209,09:09,0
63,210,09:10,0
63,211,09:11,0
63,212,09:12,0
63,213,09:13,0
63,214,09:14,0
63,215,09:15,0
63,216,09:16,0
63,217,09:17,0
63,218,09:18,0
63,219,09:19,0
63,220,09:20,0
63,221,09:21,0
63,222,09:22,0
63,223,09:23,0
63,224,09:24,0
63,225,09:25,0
63,226,09:26,0
63,227,09:27,0
63,228,09:28,0
63,229,09:29,0
63,230,09:30,0
63,231,09:31,0
63,232,09:32,0
63,233,09:33,0
63,234,09:34,0
63,235,09:35,0
63,236,09:36,0
63,237,09:37,0
63,238,09:38,0
63,239,09:39,0
63,240,09:40,0
63,241,09:41,0
63,242,09:42,0
63,243,09:43,0
63,244,09:44,0
63,245,09:45,0
63,246,09:46,0
63,247,09:47,0
63,248,09:48,0
63,249,09:49,0
63,250,09:50,0
63,251,09:51,0
63,252,09:52,0
63,253,09:53,0
63,254,09:54,0
63,255,09:55,0
63,256,09:56,0
63,257,09:57,0
63,258,09:58,0
63,259,09:59,0
63,260,10:00,0
63,261,10:01,0
63,262,10:02,0
63,263,10:03,0
63,264,10:04,0
63,265,10:05,0
63,266,10:06,0
63,267,10:07,0
63,268,10:08,0
63,269,10:09,0
63,270,10:10,0
63,271,10:11,0
63,272,10:12,0
63,273,10:13,1
63,274,10:14,1
63,275,10:15,1
63,276,10:16,1
63,277,10:17,1
63,278,10:18,1
63,279,10:19,1
63,280,10:20,1
63,281,10:21,1
63,282,10:22,1
63,283,10:23,1
63,284,10:24,1
63,285,10:25,1
63,286,10:26,1
63,287,10:27,1
63,288,10:28,1
63,289,10:29,1
63,290,10:30,1
63,291,10:31,1
63,292,10:32,1
63,293,10:33,0
63,294,10:34,0
63,295,10:35,0
63,296,10:36,0
63,297,10:37,0
63,298,10:38,0
63,299,10:39,0
63,300,10:40,0
63,301,10:41,0
63,302,10:42,0
63,303,10:43,0
63,304,10:44,1
63,305,10:45,1
63,306,10:46,1
63,307,10:47,1
63,308,10:48,1
63,309,10:49,1
63,310,10:50,1
63,311,10:51,1
63,312,10:52,1
63,313,10:53,1
63,314,10:54,0
63,315,10:55,0
63,316,10:56,0
63,317,10:57,0
63,318,10:58,0
63,319,10:59,0
63,320,11:00,0
63,321,11:01,0
63,322,11:02,0
63,323,11:03,0
63,324,11:04,0
63,325,11:05,0
63,326,11:06,0
63,327,11:07,0
63,328,11:08,0
63,329,11:09,0
63,330,11:10,0
63,331,11:11,0
63,332,11:12,0
63,333,11:13,0
63,334,11:14,0
63,335,11:15,0
63,336,11:16,0
63,337,11:17,0
63,338,11:18,0
63,339,11:19,0
63,340,11:20,0
63,341,11:21,0
63,342,11:22,0
63,343,11:23,0
63,344,11:24,0
63,345,11:25,0
63,346,11:26,0
63,347,11:27,1
63,348,11:28,1
63,349,11:29,1
63,350,11:30,1
63,351,11:31,1
63,352,11:32,1
63,353,11:33,1
63,354,11:34,1
63,355,11:35,1
63,356,11:36,1
63,357,11:37,2
63,358,11:38,2
63,359,11:39,2
63,360,11:40,2
63,361,11:41,2
63,362,11:42,2
63,363,11:43,2
63,364,11:44,2
63,365,11:45,2
63,366,11:46,2
63,367,11:47,1
63,368,11:48,1
63,369,11:49,1
63,370,11:50,0
63,371,11:51,0
63,372,11:52,0
63,373,11:53,0
63,374,11:54,0
63,375,11:55,0
63,376,11:56,0
63,377,11:57,0
63,378,11:58,0
63,379,11:59,0
63,380,12:00,1
63,381,12:01,1
63,382,12:02,1
63,383,12:03,2
63,384,12:04,2
63,385,12:05,2
63,386,12:06,2
63,387,12:07,2
63,388,12:08,2
63,389,12:09,2
63,390,12:10,2
63,391,12:11,2
63,392,12:12,2
63,393,12:13,2
63,394,12:14,2
63,395,12:15,2
63,396,12:16,1
63,397,12:17,1
63,398,12:18,1
63,399,12:19,1
63,400,12:20,1
63,401,12:21,1
63,402,12:22,1
63,403,12:23,1
63,404,12:24,1
63,405,12:25,1
63,406,12:26,1
63,407,12:27,1
63,408,12:28,1
63,409,12:29,0
63,410,12:30,0
63,411,12:31,0
63,412,12:32,0
63,413,12:33,0
63,414,12:34,0
63,415,12:35,0
63,416,12:36,0
63,417,12:37,0
63,418,12:38,0
63,419,12:39,0
63,420,12:40,0
63,421,12:41,0
63,422,12:42,0
63,423,12:43,0
63,424,12:44,0
63,425,12:45,0
63,426,12:46,0
63,427,12:47,0
63,428,12:48,0
63,429,12:49,0
63,430,12:50,0
63,431,12:51,0
63,432,12:52,0
63,433,12:53,0
63,434,12:54,0
63,435,12:55,0
63,436,12:56,0
63,437,12:57,0
63,438,12:58,0
63,439,12:59,0
63,440,13:00,0
63,441,13:01,0
63,442,13:02,0
63,443,13:03,0
63,444,13:04,0
63,445,13:05,0
63,446,13:06,0
63,447,13:07,0
63,448,13:08,0
63,449,13:09,0
63,450,13:10,0
63,451,13:11,0
63,452,13:12,0
63,453,13:13,0
63,454,13:14,0
63,455,13:15,0
63,456,13:16,0
63,457,13:17,0
63,458,13:18,0
63,459,13:19,0
63,460,13:20,0
63,461,13:21,0
63,462,13:22,0
63,463,13:23,0
63,464,13:24,0
63,465,13:25,0
63,466,13:26,0
63,467,13:27,0
63,468,13:28,0
63,469,13:29,0
63,470,13:30,0
63,471,13:31,0
63,472,13:32,0
63,473,13:33,0
63,474,13:34,0
63,475,13:35,0
63,476,13:36,0
63,477,13:37,0
63,478,13:38,0
63,479,13:39,0
63,480,13:40,0
63,481,13:41,0
63,482,13:42,0
63,483,13:43,0
63,484,13:44,0
63,485,13:45,0
63,486,13:46,0
63,487,13:47,0
63,488,13:48,0
63,489,13:49,0
63,490,13:50,0
63,491,13:51,0
63,492,13:52,0
63,493,13:53,0
63,494,13:54,0
63,495,13:55,0
63,496,13:56,0
63,497,13:57,0
63,498,13:58,0
63,499,13:59,0
63,500,14:00,0
63,501,14:01,0
63,502,14:02,0
63,503,14:03,0
63,504,14:04,0
63,505,14:05,0
63,506,14:06,0
63,507,14:07,0
63,508,14:08,0
63,509,14:09,0
63,510,14:10,0
63,511,14:11,0
63,512,14:12,0
63,513,14:13,0
63,514,14:14,0
63,515,14:15,0
63,516,14:16,0
63,517,14:17,0
63,518,14:18,0
63,519,14:19,0
63,520,14:20,0
63,521,14:21,0
63,522,14:22,0
63,523,14:23,0
63,524,14:24,0
63,525,14:25,0
63,526,14:26,1
63,527,14:27,1
63,528,14:28,1
63,529,14:29,2
63,530,14:30,2
63,531,14:31,2
63,532,14:32,3
63,533,14:33,3
63,534,14:34,3
63,535,14:35,3
63,536,14:36,3
63,537,14:37,3
63,538,14:38,3
63,539,14:39,3
63,540,14:40,3
63,541,14:41,3
63,542,14:42,3
63,543,14:43,3
63,544,14:44,3
63,545,14:45,3
63,546,14:46,3
63,547,14:47,3
63,548,14:48,3
63,549,14:49,3
63,550,14:50,2
63,551,14:51,2
63,552,14:52,2
63,553,14:53,1
63,554,14:54,1
63,555,14:55,1
63,556,14:56,0
63,557,14:57,0
63,558,14:58,0
63,559,14:59,0
63,560,15:00,0
63,561,15:01,0
63,562,15:02,0
63,563,15:03,0
63,564,15:04,0
63,565,15:05,0
63,566,15:06,2
63,567,15:07,2
63,568,15:08,2
63,569,15:09,2
63,570,15:10,2
63,571,15:11,2
63,572,15:12,2
63,573,15:13,2
63,574,15:14,2
63,575,15:15,2
63,576,15:16,2
63,577,15:17,0
63,578,15:18,0
63,579,15:19,0
63,580,15:20,0
63,581,15:21,0
63,582,15:22,0
63,583,15:23,0
63,584,15:24,0
63,585,15:25,0
63,586,15:26,0
63,587,15:27,0
63,588,15:28,0
63,589,15:29,0
63,590,15:30,0
63,591,15:31,0
63,592,15:32,0
63,593,15:33,0
63,594,15:34,0
63,595,15:35,0
63,596,15:36,0
63,597,15:37,0
63,598,15:38,0
63,599,15:39,0
63,600,15:40,0
63,601,15:41,0
63,602,15:42,0
63,603,15:43,0
63,604,15:44,0
63,605,15:45,0
63,606,15:46,0
63,607,15:47,0
63,608,15:48,0
63,609,15:49,0
63,610,15:50,1
63,611,15:51,1
63,612,15:52,1
63,613,15:53,1
63,614,15:54,1
63,615,15:55,1
63,616,15:56,1
63,617,15:57,1
63,618,15:58,1
63,619,15:59,1
63,620,16:00,1
63,621,16:01,1
63,622,16:02,1
63,623,16:03,1
63,624,16:04,1
63,625,16:05,0
63,626,16:06,0
63,627,16:07,0
63,628,16:08,1
63,629,16:09,1
63,630,16:10,1
63,631,16:11,1
63,632,16:12,1
63,633,16:13,1
63,634,16:14,1
63,635,16:15,1
63,636,16:16,1
63,637,16:17,1
63,638,16:18,1
63,639,16:19,1
63,640,16:20,1
63,641,16:21,0
63,642,16:22,0
63,643,16:23,0
63,644,16:24,1
63,645,16:25,1
63,646,16:26,1
63,647,16:27,1
63,648,16:28,1
63,649,16:29,1
63,650,16:30,1
63,651,16:31,1
63,652,16:32,1
63,653,16:33,1
63,654,16:34,1
63,655,16:35,1
63,656,16:36,1
63,657,16:37,0
63,658,16:38,0
63,659,16:39,0
63,660,16:40,0
63,661,16:41,0
63,662,16:42,0
63,663,16:43,0
63,664,16:44,0
63,665,16:45,0
63,666,16:46,0
63,667,16:47,0
63,668,16:48,0
63,669,16:49,0
63,670,16:50,0
63,671,16:51,1
63,672,16:52,1
63,673,16:53,1
63,674,16:54,1
63,675,16:55,1
63,676,16:56,1
63,677,16:57,1
63,678,16:58,1
63,679,16:59,1
63,680,17:00,1
63,681,17:01,0
63,682,17:02,0
63,683,17:03,0
63,684,17:04,1
63,685,17:05,1
63,686,17:06,1
63,687,17:07,1
63,688,17:08,1
63,689,17:09,1
63,690,17:10,1
63,691,17:11,1
63,692,17:12,1
63,693,17:13,1
63,694,17:14,1
63,695,17:15,1
63,696,17:16,1
63,697,17:17,1
63,698,17:18,1
63,699,17:19,0
63,700,17:20,0
63,701,17:21,0
63,702,17:22,0
63,703,17:23,1
63,704,17:24,1
63,705,17:25,1
63,706,17:26,3
63,707,17:27,3
63,708,17:28,3
63,709,17:29,4
63,710,17:30,4
63,711,17:31,4
63,712,17:32,4
63,713,17:33,4
63,714,17:34,4
63,715,17:35,4
63,716,17:36,4
63,717,17:37,4
63,718,17:38,4
63,719,17:39,3
63,720,17:40,3
63,721,17:41,3
63,722,17:42,1
63,723,17:43,1
63,724,17:44,1
63,725,17:45,0
63,726,17:46,0
63,727,17:47,0
63,728,17:48,1
63,729,17:49,1
63,730,17:50,1
63,731,17:51,2
63,732,17:52,2
63,733,17:53,2
63,734,17:54,2
63,735,17:55,2
63,736,17:56,2
63,737,17:57,2
63,738,17:58,2
63,739,17:59,2
63,740,18:00,2
63,741,18:01,1
63,742,18:02,1
63,743,18:03,1
63,744,18:04,0
63,745,18:05,0
63,746,18:06,0
63,747,18:07,1
63,748,18:08,1
63,749,18:09,1
63,750,18:10,1
63,751,18:11,1
63,752,18:12,1
63,753,18:13,1
63,754,18:14,1
63,755,18:15,1
63,756,18:16,1
63,757,18:17,0
63,758,18:18,0
63,759,18:19,0
63,760,18:20,0
63,761,18:21,0
63,762,18:22,0
63,763,18:23,0
63,764,18:24,0
63,765,18:25,0
63,766,18:26,0
63,767,18:27,0
63,768,18:28,2
63,769,18:29,2
63,770,18:30,2
63,771,18:31,3
63,772,18:32,3
63,773,18:33,3
63,774,18:34,4
63,775,18:35,4
63,776,18:36,4
63,777,18:37,4
63,778,18:38,4
63,779,18:39,4
63,780,18:40,4
63,781,18:41,4
63,782,18:42,4
63,783,18:43,4
63,784,18:44,2
63,785,18:45,2
63,786,18:46,2
63,787,18:47,1
63,788,18:48,1
63,789,18:49,1
63,790,18:50,0
63,791,18:51,0
63,792,18:52,0
63,793,18:53,0
63,794,18:54,0
63,795,18:55,0
63,796,18:56,2
63,797,18:57,2
63,798,18:58,2
63,799,18:59,2
63,800,19:00,2
63,801,19:01,2
63,802,19:02,2
63,803,19:03,2
63,804,19:04,2
63,805,19:05,2
63,806,19:06,2
63,807,19:07,2
63,808,19:08,2
63,809,19:09,2
63,810,19:10,2
63,811,19:11,2
63,812,19:12,2
63,813,19:13,0
63,814,19:14,0
63,815,19:15,0
63,816,19:16,0
63,817,19:17,0
63,818,19:18,0
63,819,19:19,0
63,820,19:20,0
63,821,19:21,0
63,822,19:22,0
63,823,19:23,0
63,824,19:24,0
63,825,19:25,0
63,826,19:26,0
63,827,19:27,0
63,828,19:28,0
63,829,19:29,0
63,830,19:30,0
63,831,19:31,0
63,832,19:32,0
63,833,19:33,0
63,834,19:34,0
63,835,19:35,0
64,0,05:40,0
64,1,05:41,0
64,2,05:42,0
64,3,05:43,0
64,4,05:44,0
64,5,05:45,0
64,6,05:46,0
64,7,05:47,0
64,8,05:48,0
64,9,05:49,0
64,10,05:50,0
64,11,05:51,0
64,12,05:52,0
64,13,05:53,0
64,14,05:54,0
64,15,05:55,0
64,16,05:56,0
64,17,05:57,0
64,18,05:58,0
64,19,05:59,0
64,20,06:00,0
64,21,06:01,0
64,22,06:02,0
64,23,06:03,0
64,24,06:04,0
64,25,06:05,0
64,26,06:06,0
64,27,06:07,0
64,28,06:08,0
64,29,06:09,0
64,30,06:10,0
64,31,06:11,0
64,32,06:12,0
64,33,06:13,0
64,34,06:14,0
64,35,06:15,0
64,36,06:16,0
64,37,06:17,0
64,38,06:18,0
64,39,06:19,0
64,40,06:20,0
64,41,06:21,0
64,42,06:22,0
64,43,06:23,0
64,44,06:24,0
64,45,06:25,0
64,46,06:26,0
64,47,06:27,0
64,48,06:28,0
64,49,06:29,0
64,50,06:30,0
64,51,06:31,0
64,52,06:32,0
64,53,06:33,0
64,54,06:34,0
64,55,06:35,0
64,56,06:36,0
64,57,06:37,0
64,58,06:38,0
64,59,06:39,0
64,60,06:40,0
64,61,06:41,0
64,62,06:42,0
64,63,06:43,0
64,64,06:44,0
64,65,06:45,0
64,66,06:46,0
64,67,06:47,0
64,68,06:48,0
64,69,06:49,0
64,70,06:50,0
64,71,06:51,0
64,72,06:52,0
64,73,06:53,0
64,74,06:54,0
64,75,06:55,0
64,76,06:56,0
64,77,06:57,0
64,78,06:58,0
64,79,06:59,0
64,80,07:00,0
64,81,07:01,0
64,82,07:02,0
64,83,07:03,0
64,84,07:04,0
64,85,07:05,0
64,86,07:06,0
64,87,07:07,0
64,88,07:08,0
64,89,07:09,0
64,90,07:10,0
64,91,07:11,0
64,92,07:12,0
64,93,07:13,0
64,94,07:14,0
64,95,07:15,0
64,96,07:16,0
64,97,07:17,0
64,98,07:18,0
64,99,07:19,0
64,100,07:20,0
64,101,07:21,0
64,102,07:22,0
64,103,07:23,0
64,104,07:24,0
64,105,07:25,0
64,106,07:26,0
64,107,07:27,0
64,108,07:28,0
64,109,07:29,0
64,110,07:30,0
64,111,07:31,0
64,112,07:32,0
64,113,07:33,0
64,114,07:34,0
64,115,07:35,0
64,116,07:36,0
64,117,07:37,0
64,118,07:38,0
64,119,07:39,0
64,120,07:40,0
64,121,07:41,0
64,122,07:42,0
64,123,07:43,0
64,124,07:44,0
64,125,07:45,0
64,126,07:46,0
64,127,07:47,0
64,128,07:48,0
64,129,07:49,0
64,130,07:50,1
64,131,07:51,1
64,132,07:52,1
64,133,07:53,1
64,134,07:54,1
64,135,07:55,1
64,136,07:56,1
64,137,07:57,1
64,138,07:58,1
64,139,07:59,1
64,140,08:00,0
64,141,08:01,0
64,142,08:02,0
64,143,08:03,0
64,144,08:04,0
64,145,08:05,0
64,146,08:06,0
64,147,08:07,0
64,148,08:08,0
64,149,08:09,0
64,150,08:10,0
64,151,08:11,0
64,152,08:12,0
64,153,08:13,0
64,154,08:14,0
64,155,08:15,0
64,156,08:16,0
64,157,08:17,0
64,158,08:18,0
64,159,08:19,0
64,160,08:20,0
64,161,08:21,0
64,162,08:22,0
64,163,08:23,0
64,164,08:24,0
64,165,08:25,0
64,166,08:26,0
64,167,08:27,0
64,168,08:28,0
64,169,08:29,0
64,170,08:30,0
64,171,08:31,0
64,172,08:32,0
64,173,08:33,0
64,174,08:34,0
64,175,08:35,0
64,176,08:36,0
64,177,08:37,0
64,178,08:38,0
64,179,08:39,0
64,180,08:40,0
64,181,08:41,0
64,182,08:42,0
64,183,08:43,0
64,184,08:44,0
64,185,08:45,0
64,186,08:46,0
64,187,08:47,0
64,188,08:48,0
64,189,08:49,0
64,190,08:50,0
64,191,08:51,0
64,192,08:52,0
64,193,08:53,0
64,194,08:54,0
64,195,08:55,0
64,196,08:56,0
64,197,08:57,0
64,198,08:58,0
64,199,08:59,0
64,200,09:00,0
64,201,09:01,0
64,202,09:02,0
64,203,09:03,0
64,204,09:04,0
64,205,09:05,0
64,206,09:06,0
64,207,09:07,0
64,208,09:08,0
64,209,09:09,0
64,210,09:10,0
64,211,09:11,0
64,212,09:12,0
64,213,09:13,0
64,214,09:14,0
64,215,09:15,0
64,216,09:16,0
64,217,09:17,0
64,218,09:18,0
64,219,09:19,0
64,220,09:20,0
64,221,09:21,0
64,222,09:22,0
64,223,09:23,0
64,224,09:24,0
64,225,09:25,0
64,226,09:26,0
64,227,09:27,0
64,228,09:28,0
64,229,09:29,0
64,230,09:30,0
64,231,09:31,0
64,232,09:32,0
64,233,09:33,0
64,234,09:34,0
64,235,09:35,0
64,236,09:36,0
64,237,09:37,0
64,238,09:38,0
64,239,09:39,0
64,240,09:40,0
64,241,09:41,0
64,242,09:42,0
64,243,09:43,0
64,244,09:44,0
64,245,09:45,0
64,246,09:46,0
64,247,09:47,0
64,248,09:48,0
64,249,09:49,0
64,250,09:50,0
64,251,09:51,0
64,252,09:52,0
64,253,09:53,0
64,254,09:54,0
64,255,09:55,0
64,256,09:56,0
64,257,09:57,0
64,258,09:58,0
64,259,09:59,0
64,260,10:00,0
64,261,10:01,0
64,262,10:02,0
64,263,10:03,0
64,264,10:04,0
64,265,10:05,0
64,266,10:06,0
64,267,10:07,0
64,268,10:08,1
64,269,10:09,1
64,270,10:10,1
64,271,10:11,1
64,272,10:12,1
64,273,10:13,1
64,274,10:14,1
64,275,10:15,1
64,276,10:16,1
64,277,10:17,1
64,278,10:18,1
64,279,10:19,1
64,280,10:20,1
64,281,10:21,1
64,282,10:22,1
64,283,10:23,0
64,284,10:24,0
64,285,10:25,0
64,286,10:26,0
64,287,10:27,0
64,288,10:28,0
64,289,10:29,0
64,290,10:30,0
64,291,10:31,0
64,292,10:32,0
64,293,10:33,0
64,294,10:34,0
64,295,10:35,0
64,296,10:36,0
64,297,10:37,0
64,298,10:38,0
64,299,10:39,0
64,300,10:40,1
64,301,10:41,1
64,302,10:42,1
64,303,10:43,1
64,304,10:44,1
64,305,10:45,1
64,306,10:46,1
64,307,10:47,1
64,308,10:48,1
64,309,10:49,2
64,310,10:50,2
64,311,10:51,2
64,312,10:52,2
64,313,10:53,2
64,314,10:54,2
64,315,10:55,2
64,316,10:56,2
64,317,10:57,2
64,318,10:58,2
64,319,10:59,2
64,320,11:00,2
64,321,11:01,2
64,322,11:02,1
64,323,11:03,1
64,324,11:04,1
64,325,11:05,0
64,326,11:06,0
64,327,11:07,0
64,328,11:08,0
64,329,11:09,0
64,330,11:10,0
64,331,11:11,0
64,332,11:12,1
64,333,11:13,1
64,334,11:14,1
64,335,11:15,1
64,336,11:16,1
64,337,11:17,1
64,338,11:18,1
64,339,11:19,1
64,340,11:20,1
64,341,11:21,1
64,342,11:22,1
64,343,11:23,1
64,344,11:24,1
64,345,11:25,1
64,346,11:26,1
64,347,11:27,1
64,348,11:28,1
64,349,11:29,1
64,350,11:30,1
64,351,11:31,0
64,352,11:32,0
64,353,11:33,0
64,354,11:34,1
64,355,11:35,1
64,356,11:36,1
64,357,11:37,1
64,358,11:38,1
64,359,11:39,1
64,360,11:40,1
64,361,11:41,1
64,362,11:42,1
64,363,11:43,1
64,364,11:44,0
64,365,11:45,0
64,366,11:46,0
64,367,11:47,1
64,368,11:48,1
64,369,11:49,1
64,370,11:50,1
64,371,11:51,1
64,372,11:52,1
64,373,11:53,1
64,374,11:54,1
64,375,11:55,1
64,376,11:56,1
64,377,11:57,1
64,378,11:58,1
64,379,11:59,1
64,380,12:00,1
64,381,12:01,1
64,382,12:02,1
64,383,12:03,1
64,384,12:04,1
64,385,12:05,1
64,386,12:06,0
64,387,12:07,0
64,388,12:08,0
64,389,12:09,0
64,390,12:10,0
64,391,12:11,0
64,392,12:12,0
64,393,12:13,0
64,394,12:14,0
64,395,12:15,1
64,396,12:16,1
64,397,12:17,1
64,398,12:18,1
64,399,12:19,1
64,400,12:20,1
64,401,12:21,1
64,402,12:22,1
64,403,12:23,1
64,404,12:24,1
64,405,12:25,1
64,406,12:26,1
64,407,12:27,1
64,408,12:28,1
64,409,12:29,1
64,410,12:30,1
64,411,12:31,1
64,412,12:32,1
64,413,12:33,1
64,414,12:34,1
64,415,12:35,1
64,416,12:36,1
64,417,12:37,1
64,418,12:38,1
64,419,12:39,1
64,420,12:40,1
64,421,12:41,1
64,422,12:42,1
64,423,12:43,0
64,424,12:44,0
64,425,12:45,0
64,426,12:46,0
64,427,12:47,0
64,428,12:48,0
64,429,12:49,0
64,430,12:50,0
64,431,12:51,0
64,432,12:52,0
64,433,12:53,0
64,434,12:54,0
64,435,12:55,0
64,436,12:56,0
64,437,12:57,0
64,438,12:58,0
64,439,12:59,0
64,440,13:00,0
64,441,13:01,0
64,442,13:02,0
64,443,13:03,0
64,444,13:04,0
64,445,13:05,0
64,446,13:06,0
64,447,13:07,0
64,448,13:08,0
64,449,13:09,0
64,450,13:10,0
64,451,13:11,0
64,452,13:12,0
64,453,13:13,0
64,454,13:14,0
64,455,13:15,0
64,456,13:16,0
64,457,13:17,0
64,458,13:18,0
64,459,13:19,0
64,460,13:20,0
64,461,13:21,0
64,462,13:22,0
64,463,13:23,0
64,464,13:24,0
64,465,13:25,0
64,466,13:26,0
64,467,13:27,0
64,468,13:28,0
64,469,13:29,0
64,470,13:30,0
64,471,13:31,0
64,472,13:32,0
64,473,13:33,0
64,474,13:34,0
64,475,13:35,0
64,476,13:36,0
64,477,13:37,0
64,478,13:38,0
64,479,13:39,0
64,480,13:40,1
64,481,13:41,1
64,482,13:42,1
64,483,13:43,1
64,484,13:44,1
64,485,13:45,1
64,486,13:46,1
64,487,13:47,1
64,488,13:48,1
64,489,13:49,1
64,490,13:50,1
64,491,13:51,1
64,492,13:52,1
64,493,13:53,1
64,494,13:54,1
64,495,13:55,0
64,496,13:56,0
64,497,13:57,0
64,498,13:58,0
64,499,13:59,0
64,500,14:00,0
64,501,14:01,0
64,502,14:02,0
64,503,14:03,0
64,504,14:04,0
64,505,14:05,0
64,506,14:06,0
64,507,14:07,0
64,508,14:08,0
64,509,14:09,0
64,510,14:10,0
64,511,14:11,0
64,512,14:12,0
64,513,14:13,0
64,514,14:14,0
64,515,14:15,0
64,516,14:16,0
64,517,14:17,0
64,518,14:18,0
64,519,14:19,0
64,520,14:20,0
64,521,14:21,0
64,522,14:22,0
64,523,14:23,0
64,524,14:24,0
64,525,14:25,0
64,526,14:26,0
64,527,14:27,0
64,528,14:28,0
64,529,14:29,0
64,530,14:30,0
64,531,14:31,0
64,532,14:32,0
64,533,14:33,0
64,534,14:34,0
64,535,14:35,0
64,536,14:36,0
64,537,14:37,0
64,538,14:38,0
64,539,14:39,0
64,540,14:40,0
64,541,14:41,0
64,542,14:42,0
64,543,14:43,0
64,544,14:44,0
64,545,14:45,0
64,546,14:46,0
64,547,14:47,0
64,548,14:48,0
64,549,14:49,0
64,550,14:50,0
64,551,14:51,0
64,552,14:52,0
64,553,14:53,0
64,554,14:54,0
64,555,14:55,0
64,556,14:56,0
64,557,14:57,0
64,558,14:58,0
64,559,14:59,0
64,560,15:00,0
64,561,15:01,0
64,562,15:02,0
64,563,15:03,0
64,564,15:04,0
64,565,15:05,0
64,566,15:06,0
64,567,15:07,0
64,568,15:08,0
64,569,15:09,0
64,570,15:10,0
64,571,15:11,0
64,572,15:12,0
64,573,15:13,0
64,574,15:14,0
64,575,15:15,0
64,576,15:16,0
64,577,15:17,0
64,578,15:18,0
64,579,15:19,0
64,580,15:20,0
64,581,15:21,0
64,582,15:22,0
64,583,15:23,0
64,584,15:24,0
64,585,15:25,0
64,586,15:26,0
64,587,15:27,0
64,588,15:28,0
64,589,15:29,0
64,590,15:30,0
64,591,15:31,0
64,592,15:32,0
64,593,15:33,0
64,594,15:34,0
64,595,15:35,0
64,596,15:36,0
64,597,15:37,0
64,598,15:38,0
64,599,15:39,0
64,600,15:40,0
64,601,15:41,0
64,602,15:42,0
64,603,15:43,0
64,604,15:44,0
64,605,15:45,0
64,606,15:46,1
64,607,15:47,1
64,608,15:48,1
64,609,15:49,1
64,610,15:50,1
64,611,15:51,1
64,612,15:52,1
64,613,15:53,1
64,614,15:54,1
64,615,15:55,1
64,616,15:56,1
64,617,15:57,1
64,618,15:58,1
64,619,15:59,1
64,620,16:00,1
64,621,16:01,1
64,622,16:02,1
64,623,16:03,0
64,624,16:04,0
64,625,16:05,0
64,626,16:06,1
64,627,16:07,1
64,628,16:08,1
64,629,16:09,1
64,630,16:10,1
64,631,16:11,1
64,632,16:12,1
64,633,16:13,1
64,634,16:14,1
64,635,16:15,1
64,636,16:16,1
64,637,16:17,1
64,638,16:18,1
64,639,16:19,1
64,640,16:20,1
64,641,16:21,1
64,642,16:22,1
64,643,16:23,0
64,644,16:24,0
64,645,16:25,0
64,646,16:26,1
64,647,16:27,1
64,648,16:28,1
64,649,16:29,1
64,650,16:30,1
64,651,16:31,1
64,652,16:32,1
64,653,16:33,1
64,654,16:34,1
64,655,16:35,1
64,656,16:36,1
64,657,16:37,1
64,658,16:38,1
64,659,16:39,1
64,660,16:40,1
64,661,16:41,1
64,662,16:42,1
64,663,16:43,1
64,664,16:44,0
64,665,16:45,0
64,666,16:46,0
64,667,16:47,1
64,668,16:48,1
64,669,16:49,1
64,670,16:50,1
64,671,16:51,1
64,672,16:52,1
64,673,16:53,1
64,674,16:54,1
64,675,16:55,1
64,676,16:56,0
64,677,16:57,0
64,678,16:58,0
64,679,16:59,0
64,680,17:00,0
64,681,17:01,0
64,682,17:02,0
64,683,17:03,0
64,684,17:04,0
64,685,17:05,0
64,686,17:06,0
64,687,17:07,0
64,688,17:08,0
64,689,17:09,1
64,690,17:10,1
64,691,17:11,1
64,692,17:12,1
64,693,17:13,1
64,694,17:14,1
64,695,17:15,1
64,696,17:16,1
64,697,17:17,1
64,698,17:18,1
64,699,17:19,4
64,700,17:20,4
64,701,17:21,4
64,702,17:22,4
64,703,17:23,4
64,704,17:24,4
64,705,17:25,4
64,706,17:26,4
64,707,17:27,4
64,708,17:28,4
64,709,17:29,4
64,710,17:30,3
64,711,17:31,3
64,712,17:32,3
64,713,17:33,0
64,714,17:34,0
64,715,17:35,0
64,716,17:36,0
64,717,17:37,0
64,718,17:38,0
64,719,17:39,0
64,720,17:40,0
64,721,17:41,0
64,722,17:42,1
64,723,17:43,1
64,724,17:44,1
64,725,17:45,2
64,726,17:46,2
64,727,17:47,2
64,728,17:48,2
64,729,17:49,2
64,730,17:50,2
64,731,17:51,2
64,732,17:52,2
64,733,17:53,2
64,734,17:54,2
64,735,17:55,2
64,736,17:56,2
64,737,17:57,2
64,738,17:58,1
64,739,17:59,1
64,740,18:00,1
64,741,18:01,0
64,742,18:02,0
64,743,18:03,0
64,744,18:04,0
64,745,18:05,0
64,746,18:06,0
64,747,18:07,0
64,748,18:08,0
64,749,18:09,0
64,750,18:10,0
64,751,18:11,0
64,752,18:12,0
64,753,18:13,0
64,754,18:14,0
64,755,18:15,0
64,756,18:16,0
64,757,18:17,0
64,758,18:18,0
64,759,18:19,0
64,760,18:20,0
64,761,18:21,0
64,762,18:22,0
64,763,18:23,0
64,764,18:24,0
64,765,18:25,0
64,766,18:26,0
64,767,18:27,0
64,768,18:28,0
64,769,18:29,0
64,770,18:30,0
64,771,18:31,0
64,772,18:32,0
64,773,18:33,0
64,774,18:34,0
64,775,18:35,0
64,776,18:36,0
64,777,18:37,0
64,778,18:38,0
64,779,18:39,0
64,780,18:40,0
64,781,18:41,0
64,782,18:42,0
64,783,18:43,0
64,784,18:44,0
64,785,18:45,0
64,786,18:46,0
64,787,18:47,0
64,788,18:48,0
64,789,18:49,0
64,790,18:50,0
64,791,18:51,0
64,792,18:52,0
64,793,18:53,0
64,794,18:54,0
64,795,18:55,0
64,796,18:56,0
64,797,18:57,0
64,798,18:58,0
64,799,18:59,0
64,800,19:00,0
64,801,19:01,0
64,802,19:02,0
64,803,19:03,0
64,804,19:04,0
64,805,19:05,0
64,806,19:06,0
64,807,19:07,0
64,808,19:08,0
64,809,19:09,0
64,810,19:10,0
64,811,19:11,0
64,812,19:12,0
64,813,19:13,0
64,814,19:14,0
64,815,19:15,0
64,816,19:16,0
64,817,19:17,0
64,818,19:18,0
64,819,19:19,0
64,820,19:20,0
64,821,19:21,0
64,822,19:22,0
64,823,19:23,0
64,824,19:24,0
64,825,19:25,0
64,826,19:26,0
64,827,19:27,0
64,828,19:28,0
64,829,19:29,0
64,830,19:30,0
64,831,19:31,0
64,832,19:32,0
64,833,19:33,0
64,834,19:34,0
64,835,19:35,0
65,0,05:40,0
65,1,05:41,0
65,2,05:42,0
65,3,05:43,0
65,4,05:44,0
65,5,05:45,0
65,6,05:46,0
65,7,05:47,0
65,8,05:48,0
65,9,05:49,0
65,10,05:50,0
65,11,05:51,0
65,12,05:52,0
65,13,05:53,0
65,14,05:54,0
65,15,05:55,0
65,16,05:56,0
65,17,05:57,0
65,18,05:58,0
65,19,05:59,0
65,20,06:00,0
65,21,06:01,0
65,22,06:02,0
65,23,06:03,0
65,24,06:04,0
65,25,06:05,0
65,26,06:06,0
65,27,06:07,0
65,28,06:08,0
65,29,06:09,0
65,30,06:10,0
65,31,06:11,0
65,32,06:12,0
65,33,06:13,0
65,34,06:14,0
65,35,06:15,0
65,36,06:16,0
65,37,06:17,0
65,38,06:18,0
65,39,06:19,0
65,40,06:20,0
65,41,06:21,0
65,42,06:22,0
65,43,06:23,0
65,44,06:24,0
65,45,06:25,0
65,46,06:26,0
65,47,06:27,0
65,48,06:28,0
65,49,06:29,0
65,50,06:30,0
65,51,06:31,0
65,52,06:32,0
65,53,06:33,0
65,54,06:34,0
65,55,06:35,0
65,56,06:36,0
65,57,06:37,0
65,58,06:38,0
65,59,06:39,0
65,60,06:40,0
65,61,06:41,0
65,62,06:42,0
65,63,06:43,0
65,64,06:44,0
65,65,06:45,0
65,66,06:46,0
65,67,06:47,0
65,68,06:48,0
65,69,06:49,0
65,70,06:50,0
65,71,06:51,0
65,72,06:52,0
65,73,06:53,0
65,74,06:54,0
65,75,06:55,0
65,76,06:56,0
65,77,06:57,0
65,78,06:58,0
65,79,06:59,0
65,80,07:00,0
65,81,07:01,0
65,82,07:02,0
65,83,07:03,0
65,84,07:04,0
65,85,07:05,0
65,86,07:06,0
65,87,07:07,0
65,88,07:08,0
65,89,07:09,0
65,90,07:10,0
65,91,07:11,1
65,92,07:12,1
65,93,07:13,1
65,94,07:14,2
65,95,07:15,2
65,96,07:16,2
65,97,07:17,2
65,98,07:18,2
65,99,07:19,2
65,100,07:20,2
65,101,07:21,2
65,102,07:22,2
65,103,07:23,2
65,104,07:24,2
65,105,07:25,2
65,106,07:26,2
65,107,07:27,2
65,108,07:28,2
65,109,07:29,2
65,110,07:30,2
65,111,07:31,2
65,112,07:32,2
65,113,07:33,2
65,114,07:34,2
65,115,07:35,2
65,116,07:36,1
65,117,07:37,1
65,118,07:38,1
65,119,07:39,0
65,120,07:40,0
65,121,07:41,0
65,122,07:42,0
65,123,07:43,0
65,124,07:44,0
65,125,07:45,0
65,126,07:46,0
65,127,07:47,0
65,128,07:48,0
65,129,07:49,0
65,130,07:50,0
65,131,07:51,0
65,132,07:52,0
65,133,07:53,0
65,134,07:54,0
65,135,07:55,0
65,136,07:56,0
65,137,07:57,0
65,138,07:58,0
65,139,07:59,0
65,140,08:00,0
65,141,08:01,0
65,142,08:02,0
65,143,08:03,0
65,144,08:04,0
65,145,08:05,0
65,146,08:06,0
65,147,08:07,0
65,148,08:08,0
65,149,08:09,0
65,150,08:10,0
65,151,08:11,0
65,152,08:12,0
65,153,08:13,0
65,154,08:14,0
65,155,08:15,0
65,156,08:16,0
65,157,08:17,0
65,158,08:18,0
65,159,08:19,0
65,160,08:20,0
65,161,08:21,0
65,162,08:22,0
65,163,08:23,0
65,164,08:24,0
65,165,08:25,0
65,166,08:26,0
65,167,08:27,0
65,168,08:28,0
65,169,08:29,0
65,170,08:30,0
65,171,08:31,0
65,172,08:32,0
65,173,08:33,0
65,174,08:34,0
65,175,08:35,0
65,176,08:36,0
65,177,08:37,0
65,178,08:38,0
65,179,08:39,0
65,180,08:40,0
65,181,08:41,0
65,182,08:42,0
65,183,08:43,0
65,184,08:44,0
65,185,08:45,0
65,186,08:46,0
65,187,08:47,0
65,188,08:48,0
65,189,08:49,0
65,190,08:50,0
65,191,08:51,0
65,192,08:52,0
65,193,08:53,0
65,194,08:54,0
65,195,08:55,0
65,196,08:56,0
65,197,08:57,0
65,198,08:58,0
65,199,08:59,0
65,200,09:00,0
65,201,09:01,0
65,202,09:02,0
65,203,09:03,0
65,204,09:04,0
65,205,09:05,0
65,206,09:06,0
65,207,09:07,0
65,208,09:08,0
65,209,09:09,0
65,210,09:10,0
65,211,09:11,0
65,212,09:12,0
65,213,09:13,0
65,214,09:14,0
65,215,09:15,0
65,216,09:16,0
65,217,09:17,0
65,218,09:18,0
65,219,09:19,0
65,220,09:20,0
65,221,09:21,0
65,222,09:22,0
65,223,09:23,0
65,224,09:24,0
65,225,09:25,0
65,226,09:26,0
65,227,09:27,0
65,228,09:28,0
65,229,09:29,0
65,230,09:30,0
65,231,09:31,0
65,232,09:32,0
65,233,09:33,0
65,234,09:34,0
65,235,09:35,0
65,236,09:36,0
65,237,09:37,0
65,238,09:38,0
65,239,09:39,0
65,240,09:40,0
65,241,09:41,0
65,242,09:42,0
65,243,09:43,0
65,244,09:44,0
65,245,09:45,0
65,246,09:46,0
65,247,09:47,0
65,248,09:48,0
65,249,09:49,0
65,250,09:50,0
65,251,09:51,0
65,252,09:52,0
65,253,09:53,0
65,254,09:54,0
65,255,09:55,0
65,256,09:56,0
65,257,09:57,0
65,258,09:58,0
65,259,09:59,0
65,260,10:00,0
65,261,10:01,0
65,262,10:02,0
65,263,10:03,0
65,264,10:04,0
65,265,10:05,0
65,266,10:06,1
65,267,10:07,1
65,268,10:08,1
65,269,10:09,1
65,270,10:10,1
65,271,10:11,1
65,272,10:12,1
65,273,10:13,1
65,274,10:14,2
65,275,10:15,2
65,276,10:16,2
65,277,10:17,2
65,278,10:18,2
65,279,10:19,2
65,280,10:20,2
65,281,10:21,2
65,282,10:22,2
65,283,10:23,2
65,284,10:24,2
65,285,10:25,2
65,286,10:26,2
65,287,10:27,2
65,288,10:28,1
65,289,10:29,1
65,290,10:30,1
65,291,10:31,1
65,292,10:32,1
65,293,10:33,1
65,294,10:34,1
65,295,10:35,0
65,296,10:36,0
65,297,10:37,0
65,298,10:38,0
65,299,10:39,0
65,300,10:40,0
65,301,10:41,0
65,302,10:42,0
65,303,10:43,0
65,304,10:44,0
65,305,10:45,0
65,306,10:46,0
65,307,10:47,0
65,308,10:48,0
65,309,10:49,0
65,310,10:50,0
65,311,10:51,0
65,312,10:52,0
65,313,10:53,0
65,314,10:54,0
65,315,10:55,0
65,316,10:56,0
65,317,10:57,0
65,318,10:58,0
65,319,10:59,0
65,320,11:00,0
65,321,11:01,0
65,322,11:02,0
65,323,11:03,0
65,324,11:04,0
65,325,11:05,0
65,326,11:06,0
65,327,11:07,0
65,328,11:08,0
65,329,11:09,0
65,330,11:10,0
65,331,11:11,0
65,332,11:12,0
65,333,11:13,0
65,334,11:14,0
65,335,11:15,0
65,336,11:16,0
65,337,11:17,0
65,338,11:18,0
65,339,11:19,0
65,340,11:20,0
65,341,11:21,0
65,342,11:22,0
65,343,11:23,0
65,344,11:24,0
65,345,11:25,0
65,346,11:26,0
65,347,11:27,1
65,348,11:28,1
65,349,11:29,1
65,350,11:30,1
65,351,11:31,1
65,352,11:32,1
65,353,11:33,1
65,354,11:34,1
65,355,11:35,1
65,356,11:36,1
65,357,11:37,2
65,358,11:38,2
65,359,11:39,2
65,360,11:40,2
65,361,11:41,2
65,362,11:42,2
65,363,11:43,2
65,364,11:44,2
65,365,11:45,2
65,366,11:46,2
65,367,11:47,2
65,368,11:48,2
65,369,11:49,2
65,370,11:50,2
65,371,11:51,1
65,372,11:52,1
65,373,11:53,1
65,374,11:54,1
65,375,11:55,1
65,376,11:56,1
65,377,11:57,1
65,378,11:58,1
65,379,11:59,1
65,380,12:00,0
65,381,12:01,0
65,382,12:02,0
65,383,12:03,1
65,384,12:04,1
65,385,12:05,1
65,386,12:06,2
65,387,12:07,2
65,388,12:08,2
65,389,12:09,2
65,390,12:10,2
65,391,12:11,2
65,392,12:12,2
65,393,12:13,2
65,394,12:14,2
65,395,12:15,2
65,396,12:16,2
65,397,12:17,2
65,398,12:18,2
65,399,12:19,2
65,400,12:20,2
65,401,12:21,2
65,402,12:22,2
65,403,12:23,2
65,404,12:24,1
65,405,12:25,1
65,406,12:26,1
65,407,12:27,0
65,408,12:28,0
65,409,12:29,0
65,410,12:30,1
65,411,12:31,1
65,412,12:32,1
65,413,12:33,1
65,414,12:34,1
65,415,12:35,1
65,416,12:36,1
65,417,12:37,2
65,418,12:38,2
65,419,12:39,2
65,420,12:40,2
65,421,12:41,2
65,422,12:42,2
65,423,12:43,2
65,424,12:44,2
65,425,12:45,2
65,426,12:46,2
65,427,12:47,1
65,428,12:48,1
65,429,12:49,1
65,430,12:50,1
65,431,12:51,1
65,432,12:52,1
65,433,12:53,1
65,434,12:54,1
65,435,12:55,1
65,436,12:56,1
65,437,12:57,1
65,438,12:58,1
65,439,12:59,1
65,440,13:00,1
65,441,13:01,1
65,442,13:02,1
65,443,13:03,1
65,444,13:04,0
65,445,13:05,0
65,446,13:06,0
65,447,13:07,0
65,448,13:08,0
65,449,13:09,0
65,450,13:10,0
65,451,13:11,0
65,452,13:12,0
65,453,13:13,0
65,454,13:14,0
65,455,13:15,0
65,456,13:16,0
65,457,13:17,0
65,458,13:18,0
65,459,13:19,0
65,460,13:20,0
65,461,13:21,0
65,462,13:22,0
65,463,13:23,0
65,464,13:24,0
65,465,13:25,0
65,466,13:26,0
65,467,13:27,0
65,468,13:28,0
65,469,13:29,0
65,470,13:30,0
65,471,13:31,0
65,472,13:32,0
65,473,13:33,0
65,474,13:34,0
65,475,13:35,0
65,476,13:36,0
65,477,13:37,0
65,478,13:38,0
65,479,13:39,0
65,480,13:40,0
65,481,13:41,0
65,482,13:42,0
65,483,13:43,0
65,484,13:44,0
65,485,13:45,0
65,486,13:46,0
65,487,13:47,0
65,488,13:48,0
65,489,13:49,0
65,490,13:50,0
65,491,13:51,0
65,492,13:52,0
65,493,13:53,0
65,494,13:54,0
65,495,13:55,0
65,496,13:56,0
65,497,13:57,0
65,498,13:58,0
65,499,13:59,0
65,500,14:00,0
65,501,14:01,0
65,502,14:02,0
65,503,14:03,0
65,504,14:04,0
65,505,14:05,0
65,506,14:06,0
65,507,14:07,0
65,508,14:08,0
65,509,14:09,0
65,510,14:10,0
65,511,14:11,0
65,512,14:12,0
65,513,14:13,0
65,514,14:14,0
65,515,14:15,0
65,516,14:16,0
65,517,14:17,0
65,518,14:18,0
65,519,14:19,0
65,520,14:20,0
65,521,14:21,0
65,522,14:22,0
65,523,14:23,0
65,524,14:24,0
65,525,14:25,0
65,526,14:26,0
65,527,14:27,0
65,528,14:28,0
65,529,14:29,0
65,530,14:30,0
65,531,14:31,0
65,532,14:32,0
65,533,14:33,0
65,534,14:34,0
65,535,14:35,0
65,536,14:36,0
65,537,14:37,0
65,538,14:38,0
65,539,14:39,0
65,540,14:40,0
65,541,14:41,0
65,542,14:42,0
65,543,14:43,0
65,544,14:44,0
65,545,14:45,0
65,546,14:46,0
65,547,14:47,0
65,548,14:48,0
65,549,14:49,0
65,550,14:50,0
65,551,14:51,0
65,552,14:52,0
65,553,14:53,0
65,554,14:54,0
65,555,14:55,0
65,556,14:56,0
65,557,14:57,0
65,558,14:58,0
65,559,14:59,0
65,560,15:00,0
65,561,15:01,0
65,562,15:02,0
65,563,15:03,0
65,564,15:04,0
65,565,15:05,0
65,566,15:06,0
65,567,15:07,0
65,568,15:08,0
65,569,15:09,0
65,570,15:10,0
65,571,15:11,0
65,572,15:12,0
65,573,15:13,0
65,574,15:14,0
65,575,15:15,0
65,576,15:16,0
65,577,15:17,0
65,578,15:18,0
65,579,15:19,0
65,580,15:20,0
65,581,15:21,0
65,582,15:22,0
65,583,15:23,0
65,584,15:24,0
65,585,15:25,0
65,586,15:26,0
65,587,15:27,0
65,588,15:28,0
65,589,15:29,0
65,590,15:30,0
65,591,15:31,0
65,592,15:32,0
65,593,15:33,0
65,594,15:34,0
65,595,15:35,0
65,596,15:36,0
65,597,15:37,0
65,598,15:38,0
65,599,15:39,0
65,600,15:40,1
65,601,15:41,1
65,602,15:42,1
65,603,15:43,2
65,604,15:44,2
65,605,15:45,2
65,606,15:46,3
65,607,15:47,3
65,608,15:48,3
65,609,15:49,3
65,610,15:50,3
65,611,15:51,3
65,612,15:52,3
65,613,15:53,3
65,614,15:54,3
65,615,15:55,3
65,616,15:56,3
65,617,15:57,3
65,618,15:58,3
65,619,15:59,3
65,620,16:00,3
65,621,16:01,3
65,622,16:02,3
65,623,16:03,3
65,624,16:04,2
65,625,16:05,2
65,626,16:06,2
65,627,16:07,1
65,628,16:08,1
65,629,16:09,1
65,630,16:10,0
65,631,16:11,0
65,632,16:12,0
65,633,16:13,0
65,634,16:14,0
65,635,16:15,1
65,636,16:16,1
65,637,16:17,1
65,638,16:18,2
65,639,16:19,2
65,640,16:20,2
65,641,16:21,2
65,642,16:22,2
65,643,16:23,2
65,644,16:24,2
65,645,16:25,2
65,646,16:26,2
65,647,16:27,2
65,648,16:28,1
65,649,16:29,1
65,650,16:30,1
65,651,16:31,0
65,652,16:32,0
65,653,16:33,0
65,654,16:34,0
65,655,16:35,0
65,656,16:36,0
65,657,16:37,0
65,658,16:38,0
65,659,16:39,0
65,660,16:40,0
65,661,16:41,0
65,662,16:42,0
65,663,16:43,0
65,664,16:44,0
65,665,16:45,0
65,666,16:46,0
65,667,16:47,0
65,668,16:48,0
65,669,16:49,0
65,670,16:50,2
65,671,16:51,2
65,672,16:52,2
65,673,16:53,2
65,674,16:54,2
65,675,16:55,2
65,676,16:56,2
65,677,16:57,2
65,678,16:58,4
65,679,16:59,4
65,680,17:00,4
65,681,17:01,4
65,682,17:02,4
65,683,17:03,4
65,684,17:04,4
65,685,17:05,4
65,686,17:06,4
65,687,17:07,4
65,688,17:08,2
65,689,17:09,2
65,690,17:10,2
65,691,17:11,0
65,692,17:12,0
65,693,17:13,0
65,694,17:14,1
65,695,17:15,1
65,696,17:16,1
65,697,17:17,2
65,698,17:18,2
65,699,17:19,2
65,700,17:20,2
65,701,17:21,2
65,702,17:22,2
65,703,17:23,2
65,704,17:24,2
65,705,17:25,2
65,706,17:26,1
65,707,17:27,1
65,708,17:28,1
65,709,17:29,0
65,710,17:30,0
65,711,17:31,0
65,712,17:32,0
65,713,17:33,0
65,714,17:34,0
65,715,17:35,2
65,716,17:36,2
65,717,17:37,2
65,718,17:38,4
65,719,17:39,4
65,720,17:40,4
65,721,17:41,4
65,722,17:42,4
65,723,17:43,4
65,724,17:44,4
65,725,17:45,4
65,726,17:46,4
65,727,17:47,2
65,728,17:48,2
65,729,17:49,2
65,730,17:50,0
65,731,17:51,0
65,732,17:52,0
65,733,17:53,0
65,734,17:54,0
65,735,17:55,0
65,736,17:56,1
65,737,17:57,1
65,738,17:58,1
65,739,17:59,2
65,740,18:00,2
65,741,18:01,2
65,742,18:02,2
65,743,18:03,2
65,744,18:04,2
65,745,18:05,2
65,746,18:06,2
65,747,18:07,2
65,748,18:08,1
65,749,18:09,1
65,750,18:10,1
65,751,18:11,0
65,752,18:12,0
65,753,18:13,0
65,754,18:14,0
65,755,18:15,0
65,756,18:16,0
65,757,18:17,0
65,758,18:18,0
65,759,18:19,0
65,760,18:20,2
65,761,18:21,2
65,762,18:22,2
65,763,18:23,4
65,764,18:24,4
65,765,18:25,4
65,766,18:26,4
65,767,18:27,4
65,768,18:28,4
65,769,18:29,4
65,770,18:30,4
65,771,18:31,4
65,772,18:32,4
65,773,18:33,4
65,774,18:34,2
65,775,18:35,2
65,776,18:36,2
65,777,18:37,0
65,778,18:38,0
65,779,18:39,0
65,780,18:40,0
65,781,18:41,0
65,782,18:42,0
65,783,18:43,0
65,784,18:44,0
65,785,18:45,0
65,786,18:46,0
65,787,18:47,0
65,788,18:48,1
65,789,18:49,1
65,790,18:50,1
65,791,18:51,1
65,792,18:52,1
65,793,18:53,1
65,794,18:54,1
65,795,18:55,1
65,796,18:56,1
65,797,18:57,1
65,798,18:58,1
65,799,18:59,1
65,800,19:00,1
65,801,19:01,1
65,802,19:02,1
65,803,19:03,1
65,804,19:04,1
65,805,19:05,1
65,806,19:06,1
65,807,19:07,1
65,808,19:08,1
65,809,19:09,1
65,810,19:10,1
65,811,19:11,1
65,812,19:12,0
65,813,19:13,0
65,814,19:14,0
65,815,19:15,0
65,816,19:16,0
65,817,19:17,0
65,818,19:18,0
65,819,19:19,0
65,820,19:20,0
65,821,19:21,0
65,822,19:22,0
65,823,19:23,0
65,824,19:24,0
65,825,19:25,0
65,826,19:26,0
65,827,19:27,0
65,828,19:28,0
65,829,19:29,0
65,830,19:30,0
65,831,19:31,0
65,832,19:32,0
65,833,19:33,0
65,834,19:34,0
65,835,19:35,0
66,0,05:40,0
66,1,05:41,0
66,2,05:42,0
66,3,05:43,0
66,4,05:44,0
66,5,05:45,0
66,6,05:46,0
66,7,05:47,0
66,8,05:48,0
66,9,05:49,0
66,10,05:50,0
66,11,05:51,0
66,12,05:52,0
66,13,05:53,0
66,14,05:54,0
66,15,05:55,0
66,16,05:56,0
66,17,05:57,0
66,18,05:58,0
66,19,05:59,0
66,20,06:00,0
66,21,06:01,0
66,22,06:02,0
66,23,06:03,0
66,24,06:04,0
66,25,06:05,0
66,26,06:06,0
66,27,06:07,0
66,28,06:08,0
66,29,06:09,0
66,30,06:10,0
66,31,06:11,0
66,32,06:12,0
66,33,06:13,0
66,34,06:14,0
66,35,06:15,0
66,36,06:16,0
66,37,06:17,0
66,38,06:18,0
66,39,06:19,0
66,40,06:20,0
66,41,06:21,0
66,42,06:22,0
66,43,06:23,0
66,44,06:24,0
66,45,06:25,0
66,46,06:26,0
66,47,06:27,0
66,48,06:28,0
66,49,06:29,0
66,50,06:30,0
66,51,06:31,0
66,52,06:32,0
66,53,06:33,0
66,54,06:34,0
66,55,06:35,0
66,56,06:36,0
66,57,06:37,0
66,58,06:38,0
66,59,06:39,0
66,60,06:40,0
66,61,06:41,0
66,62,06:42,0
66,63,06:43,0
66,64,06:44,0
66,65,06:45,0
66,66,06:46,0
66,67,06:47,0
66,68,06:48,0
66,69,06:49,0
66,70,06:50,0
66,71,06:51,0
66,72,06:52,0
66,73,06:53,0
66,74,06:54,0
66,75,06:55,0
66,76,06:56,0
66,77,06:57,0
66,78,06:58,0
66,79,06:59,0
66,80,07:00,0
66,81,07:01,0
66,82,07:02,0
66,83,07:03,0
66,84,07:04,0
66,85,07:05,0
66,86,07:06,0
66,87,07:07,0
66,88,07:08,0
66,89,07:09,0
66,90,07:10,0
66,91,07:11,0
66,92,07:12,0
66,93,07:13,0
66,94,07:14,0
66,95,07:15,0
66,96,07:16,0
66,97,07:17,0
66,98,07:18,0
66,99,07:19,0
66,100,07:20,0
66,101,07:21,0
66,102,07:22,0
66,103,07:23,0
66,104,07:24,0
66,105,07:25,0
66,106,07:26,0
66,107,07:27,0
66,108,07:28,0
66,109,07:29,0
66,110,07:30,0
66,111,07:31,0
66,112,07:32,0
66,113,07:33,0
66,114,07:34,0
66,115,07:35,0
66,116,07:36,0
66,117,07:37,0
66,118,07:38,0
66,119,07:39,0
66,120,07:40,0
66,121,07:41,0
66,122,07:42,0
66,123,07:43,0
66,124,07:44,0
66,125,07:45,0
66,126,07:46,0
66,127,07:47,0
66,128,07:48,0
66,129,07:49,0
66,130,07:50,0
66,131,07:51,0
66,132,07:52,0
66,133,07:53,0
66,134,07:54,0
66,135,07:55,0
66,136,07:56,0
66,137,07:57,0
66,138,07:58,0
66,139,07:59,0
66,140,08:00,0
66,141,08:01,0
66,142,08:02,0
66,143,08:03,0
66,144,08:04,0
66,145,08:05,0
66,146,08:06,0
66,147,08:07,1
66,148,08:08,1
66,149,08:09,1
66,150,08:10,1
66,151,08:11,1
66,152,08:12,1
66,153,08:13,1
66,154,08:14,1
66,155,08:15,1
66,156,08:16,1
66,157,08:17,2
66,158,08:18,2
66,159,08:19,2
66,160,08:20,2
66,161,08:21,2
66,162,08:22,2
66,163,08:23,2
66,164,08:24,2
66,165,08:25,2
66,166,08:26,2
66,167,08:27,1
66,168,08:28,1
66,169,08:29,1
66,170,08:30,1
66,171,08:31,1
66,172,08:32,1
66,173,08:33,1
66,174,08:34,0
66,175,08:35,0
66,176,08:36,0
66,177,08:37,0
66,178,08:38,0
66,179,08:39,0
66,180,08:40,0
66,181,08:41,0
66,182,08:42,0
66,183,08:43,0
66,184,08:44,0
66,185,08:45,0
66,186,08:46,0
66,187,08:47,0
66,188,08:48,0
66,189,08:49,0
66,190,08:50,0
66,191,08:51,0
66,192,08:52,0
66,193,08:53,0
66,194,08:54,0
66,195,08:55,0
66,196,08:56,0
66,197,08:57,0
66,198,08:58,0
66,199,08:59,0
66,200,09:00,0
66,201,09:01,0
66,202,09:02,0
66,203,09:03,0
66,204,09:04,0
66,205,09:05,0
66,206,09:06,0
66,207,09:07,0
66,208,09:08,0
66,209,09:09,0
66,210,09:10,0
66,211,09:11,0
66,212,09:12,0
66,213,09:13,0
66,214,09:14,0
66,215,09:15,0
66,216,09:16,0
66,217,09:17,0
66,218,09:18,0
66,219,09:19,0
66,220,09:20,0
66,221,09:21,0
66,222,09:22,0
66,223,09:23,0
66,224,09:24,0
66,225,09:25,0
66,226,09:26,0
66,227,09:27,0
66,228,09:28,0
66,229,09:29,0
66,230,09:30,0
66,231,09:31,0
66,232,09:32,0
66,233,09:33,0
66,234,09:34,0
66,235,09:35,0
66,236,09:36,0
66,237,09:37,0
66,238,09:38,0
66,239,09:39,0
66,240,09:40,0
66,241,09:41,0
66,242,09:42,0
66,243,09:43,0
66,244,09:44,0
66,245,09:45,0
66,246,09:46,0
66,247,09:47,0
66,248,09:48,0
66,249,09:49,0
66,250,09:50,0
66,251,09:51,0
66,252,09:52,0
66,253,09:53,0
66,254,09:54,0
66,255,09:55,0
66,256,09:56,0
66,257,09:57,0
66,258,09:58,0
66,259,09:59,0
66,260,10:00,0
66,261,10:01,0
66,262,10:02,0
66,263,10:03,0
66,264,10:04,0
66,265,10:05,0
66,266,10:06,0
66,267,10:07,0
66,268,10:08,0
66,269,10:09,0
66,270,10:10,0
66,271,10:11,0
66,272,10:12,0
66,273,10:13,0
66,274,10:14,0
66,275,10:15,0
66,276,10:16,0
66,277,10:17,0
66,278,10:18,0
66,279,10:19,0
66,280,10:20,0
66,281,10:21,0
66,282,10:22,0
66,283,10:23,0
66,284,10:24,0
66,285,10:25,0
66,286,10:26,0
66,287,10:27,0
66,288,10:28,0
66,289,10:29,0
66,290,10:30,0
66,291,10:31,0
66,292,10:32,0
66,293,10:33,0
66,294,10:34,0
66,295,10:35,0
66,296,10:36,0
66,297,10:37,0
66,298,10:38,0
66,299,10:39,0
66,300,10:40,0
66,301,10:41,0
66,302,10:42,0
66,303,10:43,0
66,304,10:44,0
66,305,10:45,0
66,306,10:46,0
66,307,10:47,0
66,308,10:48,0
66,309,10:49,0
66,310,10:50,0
66,311,10:51,0
66,312,10:52,0
66,313,10:53,0
66,314,10:54,0
66,315,10:55,0
66,316,10:56,0
66,317,10:57,0
66,318,10:58,0
66,319,10:59,0
66,320,11:00,0
66,321,11:01,0
66,322,11:02,0
66,323,11:03,0
66,324,11:04,0
66,325,11:05,0
66,326,11:06,0
66,327,11:07,0
66,328,11:08,0
66,329,11:09,0
66,330,11:10,0
66,331,11:11,0
66,332,11:12,0
66,333,11:13,0
66,334,11:14,0
66,335,11:15,0
66,336,11:16,0
66,337,11:17,0
66,338,11:18,0
66,339,11:19,0
66,340,11:20,0
66,341,11:21,0
66,342,11:22,0
66,343,11:23,0
66,344,11:24,0
66,345,11:25,0
66,346,11:26,0
66,347,11:27,0
66,348,11:28,0
66,349,11:29,0
66,350,11:30,0
66,351,11:31,0
66,352,11:32,0
66,353,11:33,0
66,354,11:34,0
66,355,11:35,0
66,356,11:36,0
66,357,11:37,0
66,358,11:38,0
66,359,11:39,0
66,360,11:40,0
66,361,11:41,0
66,362,11:42,0
66,363,11:43,0
66,364,11:44,0
66,365,11:45,0
66,366,11:46,0
66,367,11:47,0
66,368,11:48,1
66,369,11:49,1
66,370,11:50,1
66,371,11:51,2
66,372,11:52,2
66,373,11:53,2
66,374,11:54,2
66,375,11:55,2
66,376,11:56,2
66,377,11:57,2
66,378,11:58,2
66,379,11:59,2
66,380,12:00,2
66,381,12:01,2
66,382,12:02,2
66,383,12:03,2
66,384,12:04,2
66,385,12:05,2
66,386,12:06,2
66,387,12:07,2
66,388,12:08,1
66,389,12:09,1
66,390,12:10,1
66,391,12:11,1
66,392,12:12,1
66,393,12:13,1
66,394,12:14,1
66,395,12:15,1
66,396,12:16,1
66,397,12:17,0
66,398,12:18,0
66,399,12:19,0
66,400,12:20,0
66,401,12:21,0
66,402,12:22,0
66,403,12:23,0
66,404,12:24,0
66,405,12:25,0
66,406,12:26,0
66,407,12:27,0
66,408,12:28,0
66,409,12:29,0
66,410,12:30,0
66,411,12:31,0
66,412,12:32,0
66,413,12:33,0
66,414,12:34,0
66,415,12:35,0
66,416,12:36,0
66,417,12:37,0
66,418,12:38,0
66,419,12:39,0
66,420,12:40,0
66,421,12:41,0
66,422,12:42,0
66,423,12:43,0
66,424,12:44,0
66,425,12:45,0
66,426,12:46,0
66,427,12:47,0
66,428,12:48,0
66,429,12:49,0
66,430,12:50,0
66,431,12:51,0
66,432,12:52,0
66,433,12:53,0
66,434,12:54,0
66,435,12:55,0
66,436,12:56,0
66,437,12:57,0
66,438,12:58,0
66,439,12:59,0
66,440,13:00,0
66,441,13:01,0
66,442,13:02,0
66,443,13:03,0
66,444,13:04,0
66,445,13:05,0
66,446,13:06,0
66,447,13:07,0
66,448,13:08,0
66,449,13:09,0
66,450,13:10,0
66,451,13:11,0
66,452,13:12,0
66,453,13:13,0
66,454,13:14,0
66,455,13:15,0
66,456,13:16,0
66,457,13:17,0
66,458,13:18,0
66,459,13:19,0
66,460,13:20,0
66,461,13:21,0
66,462,13:22,0
66,463,13:23,0
66,464,13:24,0
66,465,13:25,0
66,466,13:26,0
66,467,13:27,0
66,468,13:28,0
66,469,13:29,0
66,470,13:30,0
66,471,13:31,0
66,472,13:32,0
66,473,13:33,0
66,474,13:34,0
66,475,13:35,0
66,476,13:36,0
66,477,13:37,0
66,478,13:38,0
66,479,13:39,0
66,480,13:40,0
66,481,13:41,0
66,482,13:42,0
66,483,13:43,0
66,484,13:44,0
66,485,13:45,0
66,486,13:46,0
66,487,13:47,0
66,488,13:48,0
66,489,13:49,0
66,490,13:50,0
66,491,13:51,0
66,492,13:52,0
66,493,13:53,0
66,494,13:54,0
66,495,13:55,0
66,496,13:56,0
66,497,13:57,0
66,498,13:58,0
66,499,13:59,0
66,500,14:00,0
66,501,14:01,0
66,502,14:02,0
66,503,14:03,0
66,504,14:04,0
66,505,14:05,0
66,506,14:06,0
66,507,14:07,0
66,508,14:08,0
66,509,14:09,0
66,510,14:10,0
66,511,14:11,0
66,512,14:12,0
66,513,14:13,0
66,514,14:14,0
66,515,14:15,0
66,516,14:16,0
66,517,14:17,0
66,518,14:18,0
66,519,14:19,0
66,520,14:20,0
66,521,14:21,0
66,522,14:22,0
66,523,14:23,0
66,524,14:24,0
66,525,14:25,0
66,526,14:26,0
66,527,14:27,0
66,528,14:28,0
66,529,14:29,0
66,530,14:30,0
66,531,14:31,0
66,532,14:32,0
66,533,14:33,0
66,534,14:34,0
66,535,14:35,0
66,536,14:36,0
66,537,14:37,0
66,538,14:38,0
66,539,14:39,0
66,540,14:40,0
66,541,14:41,0
66,542,14:42,0
66,543,14:43,0
66,544,14:44,0
66,545,14:45,0
66,546,14:46,0
66,547,14:47,0
66,548,14:48,0
66,549,14:49,0
66,550,14:50,0
66,551,14:51,0
66,552,14:52,0
66,553,14:53,0
66,554,14:54,0
66,555,14:55,0
66,556,14:56,0
66,557,14:57,0
66,558,14:58,0
66,559,14:59,0
66,560,15:00,0
66,561,15:01,0
66,562,15:02,0
66,563,15:03,0
66,564,15:04,0
66,565,15:05,0
66,566,15:06,0
66,567,15:07,0
66,568,15:08,0
66,569,15:09,0
66,570,15:10,0
66,571,15:11,0
66,572,15:12,0
66,573,15:13,0
66,574,15:14,0
66,575,15:15,0
66,576,15:16,0
66,577,15:17,0
66,578,15:18,0
66,579,15:19,0
66,580,15:20,0
66,581,15:21,0
66,582,15:22,0
66,583,15:23,0
66,584,15:24,0
66,585,15:25,0
66,586,15:26,0
66,587,15:27,0
66,588,15:28,0
66,589,15:29,0
66,590,15:30,0
66,591,15:31,0
66,592,15:32,0
66,593,15:33,0
66,594,15:34,0
66,595,15:35,0
66,596,15:36,0
66,597,15:37,0
66,598,15:38,0
66,599,15:39,0
66,600,15:40,1
66,601,15:41,1
66,602,15:42,1
66,603,15:43,1
66,604,15:44,1
66,605,15:45,1
66,606,15:46,1
66,607,15:47,1
66,608,15:48,1
66,609,15:49,1
66,610,15:50,1
66,611,15:51,1
66,612,15:52,1
66,613,15:53,1
66,614,15:54,1
66,615,15:55,2
66,616,15:56,2
66,617,15:57,2
66,618,15:58,2
66,619,15:59,2
66,620,16:00,2
66,621,16:01,2
66,622,16:02,2
66,623,16:03,2
66,624,16:04,2
66,625,16:05,1
66,626,16:06,1
66,627,16:07,1
66,628,16:08,1
66,629,16:09,1
66,630,16:10,1
66,631,16:11,1
66,632,16:12,0
66,633,16:13,0
66,634,16:14,0
66,635,16:15,1
66,636,16:16,1
66,637,16:17,1
66,638,16:18,2
66,639,16:19,2
66,640,16:20,2
66,641,16:21,2
66,642,16:22,2
66,643,16:23,2
66,644,16:24,2
66,645,16:25,2
66,646,16:26,2
66,647,16:27,2
66,648,16:28,1
66,649,16:29,1
66,650,16:30,1
66,651,16:31,0
66,652,16:32,0
66,653,16:33,0
66,654,16:34,0
66,655,16:35,0
66,656,16:36,0
66,657,16:37,0
66,658,16:38,0
66,659,16:39,0
66,660,16:40,0
66,661,16:41,0
66,662,16:42,0
66,663,16:43,0
66,664,16:44,0
66,665,16:45,0
66,666,16:46,0
66,667,16:47,0
66,668,16:48,0
66,669,16:49,0
66,670,16:50,0
66,671,16:51,0
66,672,16:52,0
66,673,16:53,1
66,674,16:54,1
66,675,16:55,1
66,676,16:56,2
66,677,16:57,2
66,678,16:58,2
66,679,16:59,2
66,680,17:00,2
66,681,17:01,2
66,682,17:02,2
66,683,17:03,2
66,684,17:04,2
66,685,17:05,1
66,686,17:06,1
66,687,17:07,1
66,688,17:08,1
66,689,17:09,1
66,690,17:10,1
66,691,17:11,0
66,692,17:12,0
66,693,17:13,0
66,694,17:14,0
66,695,17:15,0
66,696,17:16,0
66,697,17:17,0
66,698,17:18,0
66,699,17:19,0
66,700,17:20,2
66,701,17:21,2
66,702,17:22,2
66,703,17:23,3
66,704,17:24,3
66,705,17:25,3
66,706,17:26,3
66,707,17:27,3
66,708,17:28,3
66,709,17:29,3
66,710,17:30,3
66,711,17:31,3
66,712,17:32,3
66,713,17:33,3
66,714,17:34,1
66,715,17:35,1
66,716,17:36,1
66,717,17:37,0
66,718,17:38,0
66,719,17:39,0
66,720,17:40,0
66,721,17:41,0
66,722,17:42,0
66,723,17:43,0
66,724,17:44,0
66,725,17:45,0
66,726,17:46,0
66,727,17:47,0
66,728,17:48,0
66,729,17:49,0
66,730,17:50,0
66,731,17:51,0
66,732,17:52,0
66,733,17:53,0
66,734,17:54,0
66,735,17:55,0
66,736,17:56,0
66,737,17:57,0
66,738,17:58,0
66,739,17:59,0
66,740,18:00,0
66,741,18:01,0
66,742,18:02,0
66,743,18:03,0
66,744,18:04,0
66,745,18:05,0
66,746,18:06,1
66,747,18:07,1
66,748,18:08,1
66,749,18:09,1
66,750,18:10,1
66,751,18:11,1
66,752,18:12,1
66,753,18:13,1
66,754,18:14,1
66,755,18:15,1
66,756,18:16,1
66,757,18:17,1
66,758,18:18,1
66,759,18:19,1
66,760,18:20,0
66,761,18:21,0
66,762,18:22,0
66,763,18:23,1
66,764,18:24,1
66,765,18:25,1
66,766,18:26,1
66,767,18:27,3
66,768,18:28,3
66,769,18:29,3
66,770,18:30,3
66,771,18:31,3
66,772,18:32,3
66,773,18:33,3
66,774,18:34,3
66,775,18:35,3
66,776,18:36,3
66,777,18:37,3
66,778,18:38,3
66,779,18:39,3
66,780,18:40,3
66,781,18:41,3
66,782,18:42,3
66,783,18:43,3
66,784,18:44,3
66,785,18:45,3
66,786,18:46,3
66,787,18:47,2
66,788,18:48,2
66,789,18:49,2
66,790,18:50,2
66,791,18:51,2
66,792,18:52,2
66,793,18:53,0
66,794,18:54,0
66,795,18:55,0
66,796,18:56,0
66,797,18:57,0
66,798,18:58,0
66,799,18:59,0
66,800,19:00,0
66,801,19:01,0
66,802,19:02,0
66,803,19:03,0
66,804,19:04,0
66,805,19:05,0
66,806,19:06,0
66,807,19:07,0
66,808,19:08,0
66,809,19:09,0
66,810,19:10,0
66,811,19:11,0
66,812,19:12,0
66,813,19:13,0
66,814,19:14,0
66,815,19:15,0
66,816,19:16,0
66,817,19:17,0
66,818,19:18,0
66,819,19:19,0
66,820,19:20,0
66,821,19:21,0
66,822,19:22,0
66,823,19:23,0
66,824,19:24,0
66,825,19:25,0
66,826,19:26,0
66,827,19:27,0
66,828,19:28,0
66,829,19:29,0
66,830,19:30,0
66,831,19:31,0
66,832,19:32,0
66,833,19:33,0
66,834,19:34,0
66,835,19:35,0
67,0,05:40,0
67,1,05:41,0
67,2,05:42,0
67,3,05:43,0
67,4,05:44,0
67,5,05:45,0
67,6,05:46,0
67,7,05:47,0
67,8,05:48,0
67,9,05:49,0
67,10,05:50,0
67,11,05:51,0
67,12,05:52,0
67,13,05:53,0
67,14,05:54,0
67,15,05:55,0
67,16,05:56,0
67,17,05:57,0
67,18,05:58,0
67,19,05:59,0
67,20,06:00,0
67,21,06:01,0
67,22,06:02,0
67,23,06:03,0
67,24,06:04,0
67,25,06:05,0
67,26,06:06,0
67,27,06:07,0
67,28,06:08,0
67,29,06:09,0
67,30,06:10,0
67,31,06:11,0
67,32,06:12,0
67,33,06:13,0
67,34,06:14,0
67,35,06:15,0
67,36,06:16,0
67,37,06:17,0
67,38,06:18,0
67,39,06:19,0
67,40,06:20,0
67,41,06:21,0
67,42,06:22,0
67,43,06:23,0
67,44,06:24,0
67,45,06:25,0
67,46,06:26,0
67,47,06:27,0
67,48,06:28,0
67,49,06:29,0
67,50,06:30,0
67,51,06:31,0
67,52,06:32,0
67,53,06:33,0
67,54,06:34,0
67,55,06:35,0
67,56,06:36,0
67,57,06:37,0
67,58,06:38,0
67,59,06:39,0
67,60,06:40,0
67,61,06:41,0
67,62,06:42,0
67,63,06:43,0
67,64,06:44,0
67,65,06:45,0
67,66,06:46,0
67,67,06:47,0
67,68,06:48,0
67,69,06:49,0
67,70,06:50,0
67,71,06:51,0
67,72,06:52,0
67,73,06:53,0
67,74,06:54,0
67,75,06:55,0
67,76,06:56,0
67,77,06:57,0
67,78,06:58,0
67,79,06:59,0
67,80,07:00,0
67,81,07:01,0
67,82,07:02,0
67,83,07:03,0
67,84,07:04,0
67,85,07:05,0
67,86,07:06,0
67,87,07:07,0
67,88,07:08,0
67,89,07:09,0
67,90,07:10,0
67,91,07:11,0
67,92,07:12,0
67,93,07:13,0
67,94,07:14,0
67,95,07:15,0
67,96,07:16,0
67,97,07:17,0
67,98,07:18,0
67,99,07:19,0
67,100,07:20,0
67,101,07:21,0
67,102,07:22,0
67,103,07:23,0
67,104,07:24,0
67,105,07:25,0
67,106,07:26,0
67,107,07:27,0
67,108,07:28,0
67,109,07:29,0
67,110,07:30,0
67,111,07:31,0
67,112,07:32,0
67,113,07:33,0
67,114,07:34,0
67,115,07:35,0
67,116,07:36,0
67,117,07:37,0
67,118,07:38,0
67,119,07:39,0
67,120,07:40,0
67,121,07:41,0
67,122,07:42,0
67,123,07:43,0
67,124,07:44,0
67,125,07:45,0
67,126,07:46,0
67,127,07:47,0
67,128,07:48,0
67,129,07:49,0
67,130,07:50,0
67,131,07:51,0
67,132,07:52,0
67,133,07:53,0
67,134,07:54,0
67,135,07:55,1
67,136,07:56,1
67,137,07:57,1
67,138,07:58,1
67,139,07:59,1
67,140,08:00,1
67,141,08:01,1
67,142,08:02,1
67,143,08:03,1
67,144,08:04,1
67,145,08:05,1
67,146,08:06,0
67,147,08:07,0
67,148,08:08,0
67,149,08:09,0
67,150,08:10,0
67,151,08:11,0
67,152,08:12,0
67,153,08:13,0
67,154,08:14,0
67,155,08:15,0
67,156,08:16,0
67,157,08:17,0
67,158,08:18,0
67,159,08:19,0
67,160,08:20,0
67,161,08:21,0
67,162,08:22,0
67,163,08:23,0
67,164,08:24,0
67,165,08:25,0
67,166,08:26,0
67,167,08:27,0
67,168,08:28,0
67,169,08:29,0
67,170,08:30,0
67,171,08:31,0
67,172,08:32,0
67,173,08:33,0
67,174,08:34,0
67,175,08:35,0
67,176,08:36,0
67,177,08:37,0
67,178,08:38,0
67,179,08:39,0
67,180,08:40,0
67,181,08:41,0
67,182,08:42,0
67,183,08:43,0
67,184,08:44,0
67,185,08:45,0
67,186,08:46,0
67,187,08:47,0
67,188,08:48,2
67,189,08:49,2
67,190,08:50,2
67,191,08:51,2
67,192,08:52,2
67,193,08:53,2
67,194,08:54,2
67,195,08:55,2
67,196,08:56,2
67,197,08:57,2
67,198,08:58,2
67,199,08:59,0
67,200,09:00,0
67,201,09:01,0
67,202,09:02,0
67,203,09:03,0
67,204,09:04,0
67,205,09:05,1
67,206,09:06,1
67,207,09:07,1
67,208,09:08,1
67,209,09:09,1
67,210,09:10,1
67,211,09:11,3
67,212,09:12,3
67,213,09:13,3
67,214,09:14,4
67,215,09:15,4
67,216,09:16,4
67,217,09:17,4
67,218,09:18,4
67,219,09:19,4
67,220,09:20,4
67,221,09:21,4
67,222,09:22,4
67,223,09:23,3
67,224,09:24,3
67,225,09:25,3
67,226,09:26,2
67,227,09:27,2
67,228,09:28,2
67,229,09:29,0
67,230,09:30,0
67,231,09:31,0
67,232,09:32,1
67,233,09:33,1
67,234,09:34,1
67,235,09:35,2
67,236,09:36,2
67,237,09:37,2
67,238,09:38,2
67,239,09:39,2
67,240,09:40,2
67,241,09:41,2
67,242,09:42,2
67,243,09:43,2
67,244,09:44,1
67,245,09:45,1
67,246,09:46,1
67,247,09:47,1
67,248,09:48,1
67,249,09:49,1
67,250,09:50,1
67,251,09:51,1
67,252,09:52,1
67,253,09:53,0
67,254,09:54,0
67,255,09:55,0
67,256,09:56,0
67,257,09:57,0
67,258,09:58,0
67,259,09:59,4
67,260,10:00,4
67,261,10:01,4
67,262,10:02,4
67,263,10:03,4
67,264,10:04,4
67,265,10:05,4
67,266,10:06,4
67,267,10:07,4
67,268,10:08,4
67,269,10:09,0
67,270,10:10,0
67,271,10:11,0
67,272,10:12,0
67,273,10:13,0
67,274,10:14,0
67,275,10:15,0
67,276,10:16,0
67,277,10:17,0
67,278,10:18,0
67,279,10:19,0
67,280,10:20,1
67,281,10:21,1
67,282,10:22,1
67,283,10:23,1
67,284,10:24,1
67,285,10:25,1
67,286,10:26,1
67,287,10:27,1
67,288,10:28,1
67,289,10:29,1
67,290,10:30,0
67,291,10:31,0
67,292,10:32,0
67,293,10:33,0
67,294,10:34,0
67,295,10:35,0
67,296,10:36,0
67,297,10:37,0
67,298,10:38,0
67,299,10:39,0
67,300,10:40,1
67,301,10:41,1
67,302,10:42,1
67,303,10:43,1
67,304,10:44,1
67,305,10:45,1
67,306,10:46,1
67,307,10:47,1
67,308,10:48,1
67,309,10:49,1
67,310,10:50,1
67,311,10:51,1
67,312,10:52,1
67,313,10:53,1
67,314,10:54,1
67,315,10:55,1
67,316,10:56,1
67,317,10:57,1
67,318,10:58,0
67,319,10:59,0
67,320,11:00,0
67,321,11:01,0
67,322,11:02,0
67,323,11:03,0
67,324,11:04,0
67,325,11:05,0
67,326,11:06,0
67,327,11:07,0
67,328,11:08,0
67,329,11:09,0
67,330,11:10,0
67,331,11:11,0
67,332,11:12,0
67,333,11:13,0
67,334,11:14,1
67,335,11:15,1
67,336,11:16,1
67,337,11:17,1
67,338,11:18,2
67,339,11:19,2
67,340,11:20,2
67,341,11:21,2
67,342,11:22,2
67,343,11:23,2
67,344,11:24,2
67,345,11:25,2
67,346,11:26,2
67,347,11:27,2
67,348,11:28,2
67,349,11:29,2
67,350,11:30,2
67,351,11:31,2
67,352,11:32,2
67,353,11:33,2
67,354,11:34,2
67,355,11:35,1
67,356,11:36,1
67,357,11:37,1
67,358,11:38,1
67,359,11:39,1
67,360,11:40,1
67,361,11:41,1
67,362,11:42,1
67,363,11:43,1
67,364,11:44,1
67,365,11:45,1
67,366,11:46,1
67,367,11:47,1
67,368,11:48,0
67,369,11:49,0
67,370,11:50,0
67,371,11:51,1
67,372,11:52,1
67,373,11:53,1
67,374,11:54,2
67,375,11:55,2
67,376,11:56,2
67,377,11:57,2
67,378,11:58,2
67,379,11:59,2
67,380,12:00,2
67,381,12:01,2
67,382,12:02,2
67,383,12:03,2
67,384,12:04,2
67,385,12:05,2
67,386,12:06,2
67,387,12:07,2
67,388,12:08,2
67,389,12:09,1
67,390,12:10,1
67,391,12:11,1
67,392,12:12,0
67,393,12:13,0
67,394,12:14,0
67,395,12:15,1
67,396,12:16,1
67,397,12:17,1
67,398,12:18,2
67,399,12:19,2
67,400,12:20,2
67,401,12:21,2
67,402,12:22,2
67,403,12:23,2
67,404,12:24,2
67,405,12:25,2
67,406,12:26,2
67,407,12:27,2
67,408,12:28,1
67,409,12:29,1
67,410,12:30,1
67,411,12:31,0
67,412,12:32,0
67,413,12:33,0
67,414,12:34,0
67,415,12:35,0
67,416,12:36,0
67,417,12:37,0
67,418,12:38,0
67,419,12:39,0
67,420,12:40,0
67,421,12:41,0
67,422,12:42,0
67,423,12:43,0
67,424,12:44,0
67,425,12:45,0
67,426,12:46,0
67,427,12:47,0
67,428,12:48,0
67,429,12:49,0
67,430,12:50,0
67,431,12:51,0
67,432,12:52,0
67,433,12:53,0
67,434,12:54,0
67,435,12:55,0
67,436,12:56,0
67,437,12:57,0
67,438,12:58,0
67,439,12:59,0
67,440,13:00,0
67,441,13:01,0
67,442,13:02,0
67,443,13:03,0
67,444,13:04,0
67,445,13:05,0
67,446,13:06,0
67,447,13:07,0
67,448,13:08,0
67,449,13:09,0
67,450,13:10,0
67,451,13:11,0
67,452,13:12,0
67,453,13:13,0
67,454,13:14,0
67,455,13:15,0
67,456,13:16,0
67,457,13:17,0
67,458,13:18,0
67,459,13:19,0
67,460,13:20,0
67,461,13:21,0
67,462,13:22,0
67,463,13:23,0
67,464,13:24,0
67,465,13:25,0
67,466,13:26,0
67,467,13:27,0
67,468,13:28,0
67,469,13:29,0
67,470,13:30,0
67,471,13:31,0
67,472,13:32,0
67,473,13:33,0
67,474,13:34,0
67,475,13:35,0
67,476,13:36,0
67,477,13:37,0
67,478,13:38,0
67,479,13:39,0
67,480,13:40,0
67,481,13:41,0
67,482,13:42,0
67,483,13:43,0
67,484,13:44,0
67,485,13:45,0
67,486,13:46,1
67,487,13:47,1
67,488,13:48,1
67,489,13:49,1
67,490,13:50,1
67,491,13:51,1
67,492,13:52,1
67,493,13:53,1
67,494,13:54,1
67,495,13:55,0
67,496,13:56,0
67,497,13:57,0
67,498,13:58,0
67,499,13:59,0
67,500,14:00,0
67,501,14:01,0
67,502,14:02,0
67,503,14:03,0
67,504,14:04,0
67,505,14:05,0
67,506,14:06,0
67,507,14:07,0
67,508,14:08,0
67,509,14:09,0
67,510,14:10,0
67,511,14:11,0
67,512,14:12,0
67,513,14:13,0
67,514,14:14,0
67,515,14:15,0
67,516,14:16,0
67,517,14:17,0
67,518,14:18,0
67,519,14:19,0
67,520,14:20,0
67,521,14:21,0
67,522,14:22,0
67,523,14:23,0
67,524,14:24,0
67,525,14:25,0
67,526,14:26,0
67,527,14:27,0
67,528,14:28,0
67,529,14:29,0
67,530,14:30,0
67,531,14:31,0
67,532,14:32,0
67,533,14:33,0
67,534,14:34,0
67,535,14:35,1
67,536,14:36,1
67,537,14:37,1
67,538,14:38,1
67,539,14:39,1
67,540,14:40,1
67,541,14:41,1
67,542,14:42,1
67,543,14:43,1
67,544,14:44,1
67,545,14:45,1
67,546,14:46,1
67,547,14:47,1
67,548,14:48,1
67,549,14:49,1
67,550,14:50,1
67,551,14:51,1
67,552,14:52,1
67,553,14:53,1
67,554,14:54,1
67,555,14:55,0
67,556,14:56,0
67,557,14:57,0
67,558,14:58,0
67,559,14:59,0
67,560,15:00,0
67,561,15:01,0
67,562,15:02,0
67,563,15:03,0
67,564,15:04,0
67,565,15:05,0
67,566,15:06,0
67,567,15:07,0
67,568,15:08,0
67,569,15:09,0
67,570,15:10,0
67,571,15:11,0
67,572,15:12,0
67,573,15:13,0
67,574,15:14,0
67,575,15:15,0
67,576,15:16,0
67,577,15:17,0
67,578,15:18,0
67,579,15:19,0
67,580,15:20,0
67,581,15:21,0
67,582,15:22,0
67,583,15:23,0
67,584,15:24,0
67,585,15:25,0
67,586,15:26,0
67,587,15:27,0
67,588,15:28,0
67,589,15:29,0
67,590,15:30,0
67,591,15:31,0
67,592,15:32,0
67,593,15:33,0
67,594,15:34,0
67,595,15:35,0
67,596,15:36,0
67,597,15:37,0
67,598,15:38,0
67,599,15:39,0
67,600,15:40,0
67,601,15:41,0
67,602,15:42,0
67,603,15:43,0
67,604,15:44,0
67,605,15:45,0
67,606,15:46,0
67,607,15:47,0
67,608,15:48,0
67,609,15:49,0
67,610,15:50,0
67,611,15:51,0
67,612,15:52,0
67,613,15:53,0
67,614,15:54,0
67,615,15:55,0
67,616,15:56,0
67,617,15:57,0
67,618,15:58,0
67,619,15:59,0
67,620,16:00,0
67,621,16:01,0
67,622,16:02,0
67,623,16:03,0
67,624,16:04,0
67,625,16:05,0
67,626,16:06,0
67,627,16:07,0
67,628,16:08,0
67,629,16:09,1
67,630,16:10,1
67,631,16:11,1
67,632,16:12,2
67,633,16:13,2
67,634,16:14,2
67,635,16:15,2
67,636,16:16,2
67,637,16:17,2
67,638,16:18,2
67,639,16:19,2
67,640,16:20,2
67,641,16:21,1
67,642,16:22,1
67,643,16:23,1
67,644,16:24,0
67,645,16:25,0
67,646,16:26,0
67,647,16:27,0
67,648,16:28,0
67,649,16:29,0
67,650,16:30,0
67,651,16:31,0
67,652,16:32,0
67,653,16:33,1
67,654,16:34,1
67,655,16:35,1
67,656,16:36,1
67,657,16:37,1
67,658,16:38,1
67,659,16:39,1
67,660,16:40,1
67,661,16:41,1
67,662,16:42,1
67,663,16:43,0
67,664,16:44,0
67,665,16:45,0
67,666,16:46,0
67,667,16:47,0
67,668,16:48,0
67,669,16:49,0
67,670,16:50,0
67,671,16:51,0
67,672,16:52,0
67,673,16:53,1
67,674,16:54,1
67,675,16:55,1
67,676,16:56,1
67,677,16:57,1
67,678,16:58,1
67,679,16:59,1
67,680,17:00,1
67,681,17:01,1
67,682,17:02,1
67,683,17:03,1
67,684,17:04,0
67,685,17:05,0
67,686,17:06,0
67,687,17:07,0
67,688,17:08,0
67,689,17:09,0
67,690,17:10,0
67,691,17:11,0
67,692,17:12,0
67,693,17:13,0
67,694,17:14,0
67,695,17:15,1
67,696,17:16,1
67,697,17:17,1
67,698,17:18,1
67,699,17:19,1
67,700,17:20,1
67,701,17:21,1
67,702,17:22,1
67,703,17:23,1
67,704,17:24,1
67,705,17:25,0
67,706,17:26,0
67,707,17:27,0
67,708,17:28,0
67,709,17:29,0
67,710,17:30,0
67,711,17:31,0
67,712,17:32,0
67,713,17:33,0
67,714,17:34,0
67,715,17:35,0
67,716,17:36,0
67,717,17:37,0
67,718,17:38,0
67,719,17:39,1
67,720,17:40,1
67,721,17:41,1
67,722,17:42,1
67,723,17:43,1
67,724,17:44,1
67,725,17:45,1
67,726,17:46,1
67,727,17:47,1
67,728,17:48,1
67,729,17:49,1
67,730,17:50,1
67,731,17:51,1
67,732,17:52,1
67,733,17:53,1
67,734,17:54,0
67,735,17:55,0
67,736,17:56,0
67,737,17:57,0
67,738,17:58,0
67,739,17:59,0
67,740,18:00,2
67,741,18:01,2
67,742,18:02,2
67,743,18:03,2
67,744,18:04,2
67,745,18:05,2
67,746,18:06,2
67,747,18:07,2
67,748,18:08,2
67,749,18:09,2
67,750,18:10,0
67,751,18:11,0
67,752,18:12,0
67,753,18:13,1
67,754,18:14,1
67,755,18:15,1
67,756,18:16,2
67,757,18:17,2
67,758,18:18,2
67,759,18:19,2
67,760,18:20,2
67,761,18:21,2
67,762,18:22,2
67,763,18:23,2
67,764,18:24,2
67,765,18:25,2
67,766,18:26,2
67,767,18:27,1
67,768,18:28,1
67,769,18:29,1
67,770,18:30,0
67,771,18:31,0
67,772,18:32,0
67,773,18:33,0
67,774,18:34,0
67,775,18:35,0
67,776,18:36,0
67,777,18:37,0
67,778,18:38,0
67,779,18:39,0
67,780,18:40,0
67,781,18:41,0
67,782,18:42,0
67,783,18:43,0
67,784,18:44,0
67,785,18:45,0
67,786,18:46,0
67,787,18:47,0
67,788,18:48,1
67,789,18:49,1
67,790,18:50,1
67,791,18:51,1
67,792,18:52,1
67,793,18:53,1
67,794,18:54,1
67,795,18:55,1
67,796,18:56,1
67,797,18:57,1
67,798,18:58,1
67,799,18:59,1
67,800,19:00,1
67,801,19:01,1
67,802,19:02,1
67,803,19:03,1
67,804,19:04,1
67,805,19:05,1
67,806,19:06,1
67,807,19:07,1
67,808,19:08,1
67,809,19:09,1
67,810,19:10,1
67,811,19:11,1
67,812,19:12,1
67,813,19:13,1
67,814,19:14,1
67,815,19:15,0
67,816,19:16,0
67,817,19:17,0
67,818,19:18,0
67,819,19:19,0
67,820,19:20,0
67,821,19:21,0
67,822,19:22,0
67,823,19:23,0
67,824,19:24,0
67,825,19:25,0
67,826,19:26,0
67,827,19:27,0
67,828,19:28,0
67,829,19:29,0
67,830,19:30,0
67,831,19:31,0
67,832,19:32,0
67,833,19:33,0
67,834,19:34,0
67,835,19:35,0
68,0,05:40,0
68,1,05:41,0
68,2,05:42,0
68,3,05:43,0
68,4,05:44,0
68,5,05:45,0
68,6,05:46,0
68,7,05:47,0
68,8,05:48,0
68,9,05:49,0
68,10,05:50,0
68,11,05:51,0
68,12,05:52,0
68,13,05:53,0
68,14,05:54,0
68,15,05:55,0
68,16,05:56,0
68,17,05:57,0
68,18,05:58,0
68,19,05:59,0
68,20,06:00,0
68,21,06:01,0
68,22,06:02,0
68,23,06:03,0
68,24,06:04,0
68,25,06:05,0
68,26,06:06,0
68,27,06:07,0
68,28,06:08,0
68,29,06:09,0
68,30,06:10,0
68,31,06:11,0
68,32,06:12,0
68,33,06:13,0
68,34,06:14,0
68,35,06:15,0
68,36,06:16,0
68,37,06:17,0
68,38,06:18,0
68,39,06:19,0
68,40,06:20,0
68,41,06:21,0
68,42,06:22,0
68,43,06:23,0
68,44,06:24,0
68,45,06:25,0
68,46,06:26,0
68,47,06:27,0
68,48,06:28,0
68,49,06:29,0
68,50,06:30,0
68,51,06:31,0
68,52,06:32,0
68,53,06:33,0
68,54,06:34,0
68,55,06:35,0
68,56,06:36,0
68,57,06:37,0
68,58,06:38,0
68,59,06:39,0
68,60,06:40,0
68,61,06:41,0
68,62,06:42,0
68,63,06:43,0
68,64,06:44,0
68,65,06:45,0
68,66,06:46,0
68,67,06:47,0
68,68,06:48,0
68,69,06:49,0
68,70,06:50,0
68,71,06:51,0
68,72,06:52,0
68,73,06:53,0
68,74,06:54,0
68,75,06:55,0
68,76,06:56,0
68,77,06:57,0
68,78,06:58,0
68,79,06:59,0
68,80,07:00,0
68,81,07:01,0
68,82,07:02,0
68,83,07:03,0
68,84,07:04,0
68,85,07:05,0
68,86,07:06,0
68,87,07:07,0
68,88,07:08,0
68,89,07:09,0
68,90,07:10,0
68,91,07:11,0
68,92,07:12,0
68,93,07:13,0
68,94,07:14,0
68,95,07:15,0
68,96,07:16,0
68,97,07:17,0
68,98,07:18,0
68,99,07:19,0
68,100,07:20,0
68,101,07:21,0
68,102,07:22,0
68,103,07:23,0
68,104,07:24,0
68,105,07:25,0
68,106,07:26,0
68,107,07:27,0
68,108,07:28,0
68,109,07:29,0
68,110,07:30,0
68,111,07:31,0
68,112,07:32,0
68,113,07:33,0
68,114,07:34,0
68,115,07:35,0
68,116,07:36,0
68,117,07:37,0
68,118,07:38,0
68,119,07:39,0
68,120,07:40,0
68,121,07:41,0
68,122,07:42,0
68,123,07:43,0
68,124,07:44,0
68,125,07:45,0
68,126,07:46,0
68,127,07:47,0
68,128,07:48,0
68,129,07:49,0
68,130,07:50,0
68,131,07:51,0
68,132,07:52,0
68,133,07:53,0
68,134,07:54,0
68,135,07:55,0
68,136,07:56,0
68,137,07:57,0
68,138,07:58,0
68,139,07:59,0
68,140,08:00,0
68,141,08:01,0
68,142,08:02,0
68,143,08:03,0
68,144,08:04,0
68,145,08:05,0
68,146,08:06,0
68,147,08:07,0
68,148,08:08,0
68,149,08:09,0
68,150,08:10,0
68,151,08:11,0
68,152,08:12,0
68,153,08:13,0
68,154,08:14,0
68,155,08:15,0
68,156,08:16,0
68,157,08:17,0
68,158,08:18,0
68,159,08:19,0
68,160,08:20,0
68,161,08:21,0
68,162,08:22,0
68,163,08:23,0
68,164,08:24,0
68,165,08:25,0
68,166,08:26,0
68,167,08:27,0
68,168,08:28,0
68,169,08:29,0
68,170,08:30,0
68,171,08:31,0
68,172,08:32,0
68,173,08:33,0
68,174,08:34,0
68,175,08:35,0
68,176,08:36,0
68,177,08:37,0
68,178,08:38,0
68,179,08:39,0
68,180,08:40,0
68,181,08:41,0
68,182,08:42,0
68,183,08:43,0
68,184,08:44,0
68,185,08:45,0
68,186,08:46,0
68,187,08:47,0
68,188,08:48,0
68,189,08:49,0
68,190,08:50,0
68,191,08:51,0
68,192,08:52,0
68,193,08:53,0
68,194,08:54,0
68,195,08:55,0
68,196,08:56,0
68,197,08:57,0
68,198,08:58,0
68,199,08:59,0
68,200,09:00,0
68,201,09:01,0
68,202,09:02,0
68,203,09:03,0
68,204,09:04,0
68,205,09:05,0
68,206,09:06,0
68,207,09:07,0
68,208,09:08,0
68,209,09:09,0
68,210,09:10,0
68,211,09:11,0
68,212,09:12,0
68,213,09:13,0
68,214,09:14,0
68,215,09:15,0
68,216,09:16,0
68,217,09:17,0
68,218,09:18,0
68,219,09:19,0
68,220,09:20,0
68,221,09:21,0
68,222,09:22,0
68,223,09:23,0
68,224,09:24,0
68,225,09:25,0
68,226,09:26,0
68,227,09:27,0
68,228,09:28,0
68,229,09:29,0
68,230,09:30,0
68,231,09:31,0
68,232,09:32,0
68,233,09:33,0
68,234,09:34,0
68,235,09:35,0
68,236,09:36,0
68,237,09:37,0
68,238,09:38,0
68,239,09:39,0
68,240,09:40,0
68,241,09:41,0
68,242,09:42,0
68,243,09:43,0
68,244,09:44,0
68,245,09:45,0
68,246,09:46,0
68,247,09:47,0
68,248,09:48,0
68,249,09:49,0
68,250,09:50,0
68,251,09:51,0
68,252,09:52,0
68,253,09:53,0
68,254,09:54,0
68,255,09:55,0
68,256,09:56,0
68,257,09:57,0
68,258,09:58,0
68,259,09:59,0
68,260,10:00,0
68,261,10:01,0
68,262,10:02,0
68,263,10:03,0
68,264,10:04,0
68,265,10:05,0
68,266,10:06,0
68,267,10:07,0
68,268,10:08,1
68,269,10:09,1
68,270,10:10,1
68,271,10:11,1
68,272,10:12,1
68,273,10:13,1
68,274,10:14,1
68,275,10:15,1
68,276,10:16,2
68,277,10:17,2
68,278,10:18,2
68,279,10:19,2
68,280,10:20,2
68,281,10:21,2
68,282,10:22,2
68,283,10:23,2
68,284,10:24,2
68,285,10:25,2
68,286,10:26,2
68,287,10:27,2
68,288,10:28,2
68,289,10:29,2
68,290,10:30,2
68,291,10:31,2
68,292,10:32,2
68,293,10:33,2
68,294,10:34,2
68,295,10:35,2
68,296,10:36,1
68,297,10:37,1
68,298,10:38,1
68,299,10:39,1
68,300,10:40,1
68,301,10:41,1
68,302,10:42,1
68,303,10:43,1
68,304,10:44,1
68,305,10:45,1
68,306,10:46,0
68,307,10:47,0
68,308,10:48,0
68,309,10:49,0
68,310,10:50,0
68,311,10:51,0
68,312,10:52,0
68,313,10:53,0
68,314,10:54,0
68,315,10:55,0
68,316,10:56,0
68,317,10:57,0
68,318,10:58,0
68,319,10:59,0
68,320,11:00,1
68,321,11:01,1
68,322,11:02,1
68,323,11:03,1
68,324,11:04,1
68,325,11:05,1
68,326,11:06,1
68,327,11:07,1
68,328,11:08,1
68,329,11:09,1
68,330,11:10,1
68,331,11:11,1
68,332,11:12,1
68,333,11:13,1
68,334,11:14,0
68,335,11:15,0
68,336,11:16,0
68,337,11:17,0
68,338,11:18,0
68,339,11:19,0
68,340,11:20,1
68,341,11:21,1
68,342,11:22,1
68,343,11:23,1
68,344,11:24,1
68,345,11:25,3
68,346,11:26,3
68,347,11:27,3
68,348,11:28,3
68,349,11:29,3
68,350,11:30,3
68,351,11:31,3
68,352,11:32,3
68,353,11:33,3
68,354,11:34,3
68,355,11:35,3
68,356,11:36,2
68,357,11:37,2
68,358,11:38,2
68,359,11:39,0
68,360,11:40,0
68,361,11:41,0
68,362,11:42,0
68,363,11:43,0
68,364,11:44,0
68,365,11:45,0
68,366,11:46,0
68,367,11:47,0
68,368,11:48,0
68,369,11:49,0
68,370,11:50,1
68,371,11:51,1
68,372,11:52,1
68,373,11:53,1
68,374,11:54,1
68,375,11:55,1
68,376,11:56,1
68,377,11:57,2
68,378,11:58,2
68,379,11:59,2
68,380,12:00,2
68,381,12:01,2
68,382,12:02,2
68,383,12:03,2
68,384,12:04,2
68,385,12:05,2
68,386,12:06,2
68,387,12:07,2
68,388,12:08,2
68,389,12:09,2
68,390,12:10,2
68,391,12:11,2
68,392,12:12,2
68,393,12:13,2
68,394,12:14,2
68,395,12:15,1
68,396,12:16,1
68,397,12:17,1
68,398,12:18,0
68,399,12:19,0
68,400,12:20,0
68,401,12:21,0
68,402,12:22,0
68,403,12:23,0
68,404,12:24,0
68,405,12:25,0
68,406,12:26,0
68,407,12:27,0
68,408,12:28,0
68,409,12:29,0
68,410,12:30,0
68,411,12:31,0
68,412,12:32,0
68,413,12:33,0
68,414,12:34,0
68,415,12:35,0
68,416,12:36,0
68,417,12:37,0
68,418,12:38,0
68,419,12:39,0
68,420,12:40,0
68,421,12:41,0
68,422,12:42,0
68,423,12:43,0
68,424,12:44,0
68,425,12:45,0
68,426,12:46,0
68,427,12:47,0
68,428,12:48,0
68,429,12:49,0
68,430,12:50,0
68,431,12:51,0
68,432,12:52,0
68,433,12:53,0
68,434,12:54,0
68,435,12:55,0
68,436,12:56,0
68,437,12:57,0
68,438,12:58,0
68,439,12:59,0
68,440,13:00,0
68,441,13:01,0
68,442,13:02,0
68,443,13:03,0
68,444,13:04,0
68,445,13:05,0
68,446,13:06,0
68,447,13:07,0
68,448,13:08,0
68,449,13:09,0
68,450,13:10,0
68,451,13:11,0
68,452,13:12,0
68,453,13:13,0
68,454,13:14,0
68,455,13:15,0
68,456,13:16,0
68,457,13:17,0
68,458,13:18,0
68,459,13:19,0
68,460,13:20,0
68,461,13:21,0
68,462,13:22,0
68,463,13:23,0
68,464,13:24,0
68,465,13:25,0
68,466,13:26,0
68,467,13:27,0
68,468,13:28,0
68,469,13:29,0
68,470,13:30,0
68,471,13:31,0
68,472,13:32,0
68,473,13:33,0
68,474,13:34,0
68,475,13:35,0
68,476,13:36,0
68,477,13:37,0
68,478,13:38,0
68,479,13:39,0
68,480,13:40,0
68,481,13:41,0
68,482,13:42,0
68,483,13:43,0
68,484,13:44,0
68,485,13:45,0
68,486,13:46,0
68,487,13:47,0
68,488,13:48,0
68,489,13:49,0
68,490,13:50,0
68,491,13:51,0
68,492,13:52,0
68,493,13:53,0
68,494,13:54,0
68,495,13:55,0
68,496,13:56,0
68,497,13:57,0
68,498,13:58,0
68,499,13:59,0
68,500,14:00,0
68,501,14:01,0
68,502,14:02,0
68,503,14:03,0
68,504,14:04,0
68,505,14:05,0
68,506,14:06,0
68,507,14:07,0
68,508,14:08,0
68,509,14:09,0
68,510,14:10,0
68,511,14:11,0
68,512,14:12,0
68,513,14:13,0
68,514,14:14,0
68,515,14:15,0
68,516,14:16,0
68,517,14:17,0
68,518,14:18,0
68,519,14:19,0
68,520,14:20,0
68,521,14:21,0
68,522,14:22,0
68,523,14:23,0
68,524,14:24,0
68,525,14:25,0
68,526,14:26,0
68,527,14:27,0
68,528,14:28,0
68,529,14:29,0
68,530,14:30,0
68,531,14:31,0
68,532,14:32,0
68,533,14:33,0
68,534,14:34,0
68,535,14:35,0
68,536,14:36,0
68,537,14:37,0
68,538,14:38,0
68,539,14:39,0
68,540,14:40,0
68,541,14:41,0
68,542,14:42,0
68,543,14:43,0
68,544,14:44,0
68,545,14:45,0
68,546,14:46,0
68,547,14:47,0
68,548,14:48,0
68,549,14:49,0
68,550,14:50,0
68,551,14:51,0
68,552,14:52,0
68,553,14:53,0
68,554,14:54,0
68,555,14:55,0
68,556,14:56,0
68,557,14:57,0
68,558,14:58,0
68,559,14:59,0
68,560,15:00,0
68,561,15:01,0
68,562,15:02,0
68,563,15:03,0
68,564,15:04,0
68,565,15:05,0
68,566,15:06,0
68,567,15:07,0
68,568,15:08,0
68,569,15:09,0
68,570,15:10,0
68,571,15:11,0
68,572,15:12,0
68,573,15:13,0
68,574,15:14,0
68,575,15:15,0
68,576,15:16,0
68,577,15:17,0
68,578,15:18,0
68,579,15:19,0
68,580,15:20,1
68,581,15:21,1
68,582,15:22,1
68,583,15:23,1
68,584,15:24,1
68,585,15:25,1
68,586,15:26,1
68,587,15:27,1
68,588,15:28,1
68,589,15:29,1
68,590,15:30,1
68,591,15:31,1
68,592,15:32,1
68,593,15:33,1
68,594,15:34,1
68,595,15:35,1
68,596,15:36,1
68,597,15:37,1
68,598,15:38,1
68,599,15:39,1
68,600,15:40,1
68,601,15:41,1
68,602,15:42,1
68,603,15:43,0
68,604,15:44,0
68,605,15:45,0
68,606,15:46,0
68,607,15:47,0
68,608,15:48,0
68,609,15:49,0
68,610,15:50,0
68,611,15:51,0
68,612,15:52,0
68,613,15:53,0
68,614,15:54,0
68,615,15:55,0
68,616,15:56,0
68,617,15:57,0
68,618,15:58,0
68,619,15:59,0
68,620,16:00,0
68,621,16:01,0
68,622,16:02,0
68,623,16:03,0
68,624,16:04,1
68,625,16:05,1
68,626,16:06,1
68,627,16:07,1
68,628,16:08,1
68,629,16:09,1
68,630,16:10,1
68,631,16:11,1
68,632,16:12,1
68,633,16:13,1
68,634,16:14,2
68,635,16:15,2
68,636,16:16,2
68,637,16:17,2
68,638,16:18,3
68,639,16:19,3
68,640,16:20,3
68,641,16:21,3
68,642,16:22,3
68,643,16:23,3
68,644,16:24,3
68,645,16:25,3
68,646,16:26,3
68,647,16:27,3
68,648,16:28,2
68,649,16:29,2
68,650,16:30,2
68,651,16:31,1
68,652,16:32,1
68,653,16:33,1
68,654,16:34,1
68,655,16:35,1
68,656,16:36,1
68,657,16:37,0
68,658,16:38,0
68,659,16:39,0
68,660,16:40,0
68,661,16:41,0
68,662,16:42,0
68,663,16:43,1
68,664,16:44,1
68,665,16:45,1
68,666,16:46,1
68,667,16:47,1
68,668,16:48,1
68,669,16:49,1
68,670,16:50,1
68,671,16:51,1
68,672,16:52,0
68,673,16:53,0
68,674,16:54,0
68,675,16:55,0
68,676,16:56,0
68,677,16:57,0
68,678,16:58,0
68,679,16:59,0
68,680,17:00,2
68,681,17:01,2
68,682,17:02,2
68,683,17:03,4
68,684,17:04,4
68,685,17:05,4
68,686,17:06,4
68,687,17:07,4
68,688,17:08,4
68,689,17:09,4
68,690,17:10,4
68,691,17:11,4
68,692,17:12,4
68,693,17:13,2
68,694,17:14,2
68,695,17:15,2
68,696,17:16,2
68,697,17:17,2
68,698,17:18,2
68,699,17:19,2
68,700,17:20,2
68,701,17:21,2
68,702,17:22,2
68,703,17:23,0
68,704,17:24,0
68,705,17:25,0
68,706,17:26,0
68,707,17:27,0
68,708,17:28,0
68,709,17:29,0
68,710,17:30,0
68,711,17:31,0
68,712,17:32,0
68,713,17:33,0
68,714,17:34,0
68,715,17:35,0
68,716,17:36,0
68,717,17:37,0
68,718,17:38,0
68,719,17:39,0
68,720,17:40,0
68,721,17:41,0
68,722,17:42,0
68,723,17:43,0
68,724,17:44,0
68,725,17:45,0
68,726,17:46,0
68,727,17:47,0
68,728,17:48,0
68,729,17:49,0
68,730,17:50,0
68,731,17:51,0
68,732,17:52,0
68,733,17:53,0
68,734,17:54,0
68,735,17:55,0
68,736,17:56,0
68,737,17:57,0
68,738,17:58,0
68,739,17:59,0
68,740,18:00,0
68,741,18:01,0
68,742,18:02,0
68,743,18:03,0
68,744,18:04,0
68,745,18:05,0
68,746,18:06,0
68,747,18:07,0
68,748,18:08,1
68,749,18:09,1
68,750,18:10,1
68,751,18:11,1
68,752,18:12,1
68,753,18:13,1
68,754,18:14,1
68,755,18:15,1
68,756,18:16,1
68,757,18:17,1
68,758,18:18,1
68,759,18:19,1
68,760,18:20,1
68,761,18:21,1
68,762,18:22,1
68,763,18:23,1
68,764,18:24,0
68,765,18:25,0
68,766,18:26,0
68,767,18:27,0
68,768,18:28,0
68,769,18:29,0
68,770,18:30,0
68,771,18:31,0
68,772,18:32,0
68,773,18:33,0
68,774,18:34,0
68,775,18:35,0
68,776,18:36,0
68,777,18:37,0
68,778,18:38,0
68,779,18:39,0
68,780,18:40,0
68,781,18:41,0
68,782,18:42,0
68,783,18:43,0
68,784,18:44,0
68,785,18:45,0
68,786,18:46,0
68,787,18:47,0
68,788,18:48,0
68,789,18:49,0
68,790,18:50,0
68,791,18:51,0
68,792,18:52,0
68,793,18:53,0
68,794,18:54,0
68,795,18:55,0
68,796,18:56,0
68,797,18:57,0
68,798,18:58,0
68,799,18:59,0
68,800,19:00,0
68,801,19:01,0
68,802,19:02,0
68,803,19:03,0
68,804,19:04,0
68,805,19:05,0
68,806,19:06,0
68,807,19:07,0
68,808,19:08,0
68,809,19:09,0
68,810,19:10,0
68,811,19:11,0
68,812,19:12,0
68,813,19:13,0
68,814,19:14,0
68,815,19:15,0
68,816,19:16,0
68,817,19:17,0
68,818,19:18,0
68,819,19:19,0
68,820,19:20,0
68,821,19:21,0
68,822,19:22,0
68,823,19:23,0
68,824,19:24,0
68,825,19:25,0
68,826,19:26,0
68,827,19:27,0
68,828,19:28,0
68,829,19:29,0
68,830,19:30,0
68,831,19:31,0
68,832,19:32,0
68,833,19:33,0
68,834,19:34,0
68,835,19:35,0
69,0,05:40,0
69,1,05:41,0
69,2,05:42,0
69,3,05:43,0
69,4,05:44,0
69,5,05:45,0
69,6,05:46,0
69,7,05:47,0
69,8,05:48,0
69,9,05:49,0
69,10,05:50,0
69,11,05:51,0
69,12,05:52,0
69,13,05:53,0
69,14,05:54,0
69,15,05:55,0
69,16,05:56,0
69,17,05:57,0
69,18,05:58,0
69,19,05:59,0
69,20,06:00,0
69,21,06:01,0
69,22,06:02,0
69,23,06:03,0
69,24,06:04,0
69,25,06:05,0
69,26,06:06,0
69,27,06:07,0
69,28,06:08,0
69,29,06:09,0
69,30,06:10,0
69,31,06:11,0
69,32,06:12,0
69,33,06:13,0
69,34,06:14,0
69,35,06:15,0
69,36,06:16,0
69,37,06:17,0
69,38,06:18,0
69,39,06:19,0
69,40,06:20,0
69,41,06:21,0
69,42,06:22,0
69,43,06:23,0
69,44,06:24,0
69,45,06:25,0
69,46,06:26,0
69,47,06:27,0
69,48,06:28,0
69,49,06:29,0
69,50,06:30,0
69,51,06:31,0
69,52,06:32,0
69,53,06:33,0
69,54,06:34,0
69,55,06:35,0
69,56,06:36,0
69,57,06:37,0
69,58,06:38,0
69,59,06:39,0
69,60,06:40,0
69,61,06:41,0
69,62,06:42,0
69,63,06:43,0
69,64,06:44,0
69,65,06:45,0
69,66,06:46,0
69,67,06:47,0
69,68,06:48,0
69,69,06:49,0
69,70,06:50,0
69,71,06:51,0
69,72,06:52,0
69,73,06:53,0
69,74,06:54,0
69,75,06:55,0
69,76,06:56,0
69,77,06:57,0
69,78,06:58,0
69,79,06:59,0
69,80,07:00,0
69,81,07:01,0
69,82,07:02,0
69,83,07:03,0
69,84,07:04,0
69,85,07:05,0
69,86,07:06,0
69,87,07:07,0
69,88,07:08,0
69,89,07:09,0
69,90,07:10,0
69,91,07:11,0
69,92,07:12,0
69,93,07:13,0
69,94,07:14,0
69,95,07:15,0
69,96,07:16,0
69,97,07:17,0
69,98,07:18,0
69,99,07:19,0
69,100,07:20,0
69,101,07:21,0
69,102,07:22,0
69,103,07:23,0
69,104,07:24,0
69,105,07:25,0
69,106,07:26,0
69,107,07:27,0
69,108,07:28,0
69,109,07:29,0
69,110,07:30,0
69,111,07:31,0
69,112,07:32,0
69,113,07:33,0
69,114,07:34,0
69,115,07:35,0
69,116,07:36,0
69,117,07:37,0
69,118,07:38,0
69,119,07:39,0
69,120,07:40,0
69,121,07:41,0
69,122,07:42,0
69,123,07:43,0
69,124,07:44,0
69,125,07:45,0
69,126,07:46,0
69,127,07:47,0
69,128,07:48,0
69,129,07:49,0
69,130,07:50,0
69,131,07:51,0
69,132,07:52,0
69,133,07:53,0
69,134,07:54,0
69,135,07:55,0
69,136,07:56,0
69,137,07:57,0
69,138,07:58,0
69,139,07:59,0
69,140,08:00,0
69,141,08:01,0
69,142,08:02,0
69,143,08:03,0
69,144,08:04,0
69,145,08:05,0
69,146,08:06,0
69,147,08:07,0
69,148,08:08,0
69,149,08:09,0
69,150,08:10,0
69,151,08:11,0
69,152,08:12,0
69,153,08:13,0
69,154,08:14,0
69,155,08:15,0
69,156,08:16,0
69,157,08:17,0
69,158,08:18,0
69,159,08:19,0
69,160,08:20,0
69,161,08:21,0
69,162,08:22,0
69,163,08:23,0
69,164,08:24,0
69,165,08:25,0
69,166,08:26,0
69,167,08:27,0
69,168,08:28,0
69,169,08:29,0
69,170,08:30,0
69,171,08:31,0
69,172,08:32,0
69,173,08:33,0
69,174,08:34,0
69,175,08:35,1
69,176,08:36,1
69,177,08:37,1
69,178,08:38,1
69,179,08:39,1
69,180,08:40,1
69,181,08:41,1
69,182,08:42,1
69,183,08:43,1
69,184,08:44,1
69,185,08:45,1
69,186,08:46,1
69,187,08:47,1
69,188,08:48,1
69,189,08:49,1
69,190,08:50,1
69,191,08:51,1
69,192,08:52,1
69,193,08:53,1
69,194,08:54,1
69,195,08:55,1
69,196,08:56,1
69,197,08:57,1
69,198,08:58,1
69,199,08:59,1
69,200,09:00,1
69,201,09:01,1
69,202,09:02,1
69,203,09:03,1
69,204,09:04,1
69,205,09:05,1
69,206,09:06,1
69,207,09:07,0
69,208,09:08,0
69,209,09:09,0
69,210,09:10,0
69,211,09:11,0
69,212,09:12,0
69,213,09:13,0
69,214,09:14,0
69,215,09:15,0
69,216,09:16,0
69,217,09:17,0
69,218,09:18,0
69,219,09:19,0
69,220,09:20,0
69,221,09:21,0
69,222,09:22,0
69,223,09:23,0
69,224,09:24,0
69,225,09:25,0
69,226,09:26,0
69,227,09:27,0
69,228,09:28,0
69,229,09:29,0
69,230,09:30,0
69,231,09:31,0
69,232,09:32,0
69,233,09:33,0
69,234,09:34,0
69,235,09:35,0
69,236,09:36,0
69,237,09:37,0
69,238,09:38,0
69,239,09:39,0
69,240,09:40,0
69,241,09:41,0
69,242,09:42,0
69,243,09:43,0
69,244,09:44,0
69,245,09:45,0
69,246,09:46,0
69,247,09:47,0
69,248,09:48,0
69,249,09:49,0
69,250,09:50,0
69,251,09:51,0
69,252,09:52,0
69,253,09:53,0
69,254,09:54,0
69,255,09:55,0
69,256,09:56,0
69,257,09:57,0
69,258,09:58,0
69,259,09:59,0
69,260,10:00,0
69,261,10:01,0
69,262,10:02,0
69,263,10:03,0
69,264,10:04,0
69,265,10:05,0
69,266,10:06,0
69,267,10:07,0
69,268,10:08,0
69,269,10:09,0
69,270,10:10,0
69,271,10:11,0
69,272,10:12,0
69,273,10:13,0
69,274,10:14,0
69,275,10:15,0
69,276,10:16,0
69,277,10:17,0
69,278,10:18,0
69,279,10:19,1
69,280,10:20,1
69,281,10:21,1
69,282,10:22,1
69,283,10:23,1
69,284,10:24,1
69,285,10:25,1
69,286,10:26,1
69,287,10:27,1
69,288,10:28,1
69,289,10:29,1
69,290,10:30,1
69,291,10:31,1
69,292,10:32,1
69,293,10:33,1
69,294,10:34,1
69,295,10:35,1
69,296,10:36,1
69,297,10:37,1
69,298,10:38,1
69,299,10:39,1
69,300,10:40,1
69,301,10:41,0
69,302,10:42,0
69,303,10:43,0
69,304,10:44,1
69,305,10:45,1
69,306,10:46,1
69,307,10:47,1
69,308,10:48,1
69,309,10:49,1
69,310,10:50,1
69,311,10:51,1
69,312,10:52,1
69,313,10:53,0
69,314,10:54,0
69,315,10:55,0
69,316,10:56,0
69,317,10:57,0
69,318,10:58,0
69,319,10:59,0
69,320,11:00,0
69,321,11:01,0
69,322,11:02,0
69,323,11:03,0
69,324,11:04,0
69,325,11:05,0
69,326,11:06,0
69,327,11:07,0
69,328,11:08,0
69,329,11:09,0
69,330,11:10,0
69,331,11:11,0
69,332,11:12,0
69,333,11:13,0
69,334,11:14,0
69,335,11:15,0
69,336,11:16,0
69,337,11:17,0
69,338,11:18,0
69,339,11:19,0
69,340,11:20,0
69,341,11:21,0
69,342,11:22,0
69,343,11:23,1
69,344,11:24,1
69,345,11:25,1
69,346,11:26,1
69,347,11:27,1
69,348,11:28,1
69,349,11:29,1
69,350,11:30,1
69,351,11:31,1
69,352,11:32,0
69,353,11:33,0
69,354,11:34,0
69,355,11:35,0
69,356,11:36,0
69,357,11:37,0
69,358,11:38,0
69,359,11:39,0
69,360,11:40,0
69,361,11:41,0
69,362,11:42,0
69,363,11:43,0
69,364,11:44,0
69,365,11:45,0
69,366,11:46,0
69,367,11:47,0
69,368,11:48,0
69,369,11:49,0
69,370,11:50,0
69,371,11:51,0
69,372,11:52,0
69,373,11:53,0
69,374,11:54,0
69,375,11:55,0
69,376,11:56,0
69,377,11:57,0
69,378,11:58,0
69,379,11:59,0
69,380,12:00,0
69,381,12:01,0
69,382,12:02,0
69,383,12:03,0
69,384,12:04,0
69,385,12:05,0
69,386,12:06,0
69,387,12:07,0
69,388,12:08,0
69,389,12:09,0
69,390,12:10,0
69,391,12:11,0
69,392,12:12,0
69,393,12:13,0
69,394,12:14,0
69,395,12:15,0
69,396,12:16,0
69,397,12:17,0
69,398,12:18,0
69,399,12:19,0
69,400,12:20,0
69,401,12:21,0
69,402,12:22,0
69,403,12:23,0
69,404,12:24,0
69,405,12:25,1
69,406,12:26,1
69,407,12:27,1
69,408,12:28,1
69,409,12:29,1
69,410,12:30,1
69,411,12:31,2
69,412,12:32,2
69,413,12:33,2
69,414,12:34,2
69,415,12:35,3
69,416,12:36,3
69,417,12:37,3
69,418,12:38,3
69,419,12:39,3
69,420,12:40,3
69,421,12:41,3
69,422,12:42,3
69,423,12:43,3
69,424,12:44,3
69,425,12:45,3
69,426,12:46,3
69,427,12:47,3
69,428,12:48,3
69,429,12:49,3
69,430,12:50,3
69,431,12:51,2
69,432,12:52,2
69,433,12:53,2
69,434,12:54,1
69,435,12:55,1
69,436,12:56,1
69,437,12:57,0
69,438,12:58,0
69,439,12:59,0
69,440,13:00,0
69,441,13:01,0
69,442,13:02,0
69,443,13:03,0
69,444,13:04,0
69,445,13:05,0
69,446,13:06,0
69,447,13:07,0
69,448,13:08,0
69,449,13:09,0
69,450,13:10,0
69,451,13:11,0
69,452,13:12,0
69,453,13:13,0
69,454,13:14,0
69,455,13:15,0
69,456,13:16,0
69,457,13:17,0
69,458,13:18,0
69,459,13:19,0
69,460,13:20,0
69,461,13:21,0
69,462,13:22,0
69,463,13:23,0
69,464,13:24,0
69,465,13:25,0
69,466,13:26,0
69,467,13:27,0
69,468,13:28,0
69,469,13:29,0
69,470,13:30,0
69,471,13:31,0
69,472,13:32,0
69,473,13:33,0
69,474,13:34,0
69,475,13:35,0
69,476,13:36,0
69,477,13:37,0
69,478,13:38,0
69,479,13:39,0
69,480,13:40,0
69,481,13:41,0
69,482,13:42,0
69,483,13:43,0
69,484,13:44,0
69,485,13:45,0
69,486,13:46,0
69,487,13:47,0
69,488,13:48,0
69,489,13:49,0
69,490,13:50,0
69,491,13:51,0
69,492,13:52,0
69,493,13:53,0
69,494,13:54,0
69,495,13:55,0
69,496,13:56,0
69,497,13:57,0
69,498,13:58,0
69,499,13:59,0
69,500,14:00,0
69,501,14:01,0
69,502,14:02,0
69,503,14:03,0
69,504,14:04,0
69,505,14:05,0
69,506,14:06,0
69,507,14:07,0
69,508,14:08,0
69,509,14:09,0
69,510,14:10,0
69,511,14:11,0
69,512,14:12,0
69,513,14:13,0
69,514,14:14,0
69,515,14:15,0
69,516,14:16,0
69,517,14:17,0
69,518,14:18,0
69,519,14:19,0
69,520,14:20,0
69,521,14:21,0
69,522,14:22,0
69,523,14:23,0
69,524,14:24,0
69,525,14:25,0
69,526,14:26,0
69,527,14:27,0
69,528,14:28,0
69,529,14:29,0
69,530,14:30,0
69,531,14:31,0
69,532,14:32,0
69,533,14:33,0
69,534,14:34,0
69,535,14:35,0
69,536,14:36,0
69,537,14:37,0
69,538,14:38,0
69,539,14:39,1
69,540,14:40,1
69,541,14:41,1
69,542,14:42,1
69,543,14:43,1
69,544,14:44,1
69,545,14:45,1
69,546,14:46,1
69,547,14:47,1
69,548,14:48,1
69,549,14:49,1
69,550,14:50,1
69,551,14:51,1
69,552,14:52,1
69,553,14:53,1
69,554,14:54,1
69,555,14:55,1
69,556,14:56,1
69,557,14:57,1
69,558,14:58,1
69,559,14:59,1
69,560,15:00,1
69,561,15:01,1
69,562,15:02,1
69,563,15:03,0
69,564,15:04,0
69,565,15:05,0
69,566,15:06,0
69,567,15:07,0
69,568,15:08,0
69,569,15:09,0
69,570,15:10,0
69,571,15:11,0
69,572,15:12,0
69,573,15:13,0
69,574,15:14,0
69,575,15:15,0
69,576,15:16,0
69,577,15:17,0
69,578,15:18,0
69,579,15:19,0
69,580,15:20,0
69,581,15:21,0
69,582,15:22,0
69,583,15:23,0
69,584,15:24,0
69,585,15:25,0
69,586,15:26,0
69,587,15:27,0
69,588,15:28,0
69,589,15:29,0
69,590,15:30,0
69,591,15:31,0
69,592,15:32,0
69,593,15:33,0
69,594,15:34,0
69,595,15:35,0
69,596,15:36,0
69,597,15:37,0
69,598,15:38,0
69,599,15:39,0
69,600,15:40,0
69,601,15:41,0
69,602,15:42,0
69,603,15:43,0
69,604,15:44,1
69,605,15:45,1
69,606,15:46,1
69,607,15:47,2
69,608,15:48,2
69,609,15:49,2
69,610,15:50,2
69,611,15:51,2
69,612,15:52,2
69,613,15:53,2
69,614,15:54,2
69,615,15:55,2
69,616,15:56,2
69,617,15:57,2
69,618,15:58,1
69,619,15:59,1
69,620,16:00,1
69,621,16:01,0
69,622,16:02,0
69,623,16:03,0
69,624,16:04,0
69,625,16:05,0
69,626,16:06,0
69,627,16:07,0
69,628,16:08,0
69,629,16:09,0
69,630,16:10,1
69,631,16:11,1
69,632,16:12,1
69,633,16:13,1
69,634,16:14,1
69,635,16:15,1
69,636,16:16,1
69,637,16:17,1
69,638,16:18,1
69,639,16:19,1
69,640,16:20,1
69,641,16:21,1
69,642,16:22,1
69,643,16:23,1
69,644,16:24,1
69,645,16:25,1
69,646,16:26,1
69,647,16:27,1
69,648,16:28,0
69,649,16:29,0
69,650,16:30,0
69,651,16:31,1
69,652,16:32,1
69,653,16:33,1
69,654,16:34,1
69,655,16:35,1
69,656,16:36,1
69,657,16:37,1
69,658,16:38,1
69,659,16:39,1
69,660,16:40,1
69,661,16:41,1
69,662,16:42,1
69,663,16:43,1
69,664,16:44,1
69,665,16:45,1
69,666,16:46,1
69,667,16:47,1
69,668,16:48,1
69,669,16:49,0
69,670,16:50,0
69,671,16:51,0
69,672,16:52,0
69,673,16:53,0
69,674,16:54,0
69,675,16:55,0
69,676,16:56,0
69,677,16:57,0
69,678,16:58,0
69,679,16:59,0
69,680,17:00,0
69,681,17:01,0
69,682,17:02,0
69,683,17:03,0
69,684,17:04,0
69,685,17:05,0
69,686,17:06,0
69,687,17:07,0
69,688,17:08,0
69,689,17:09,0
69,690,17:10,0
69,691,17:11,0
69,692,17:12,0
69,693,17:13,2
69,694,17:14,2
69,695,17:15,2
69,696,17:16,4
69,697,17:17,4
69,698,17:18,4
69,699,17:19,4
69,700,17:20,4
69,701,17:21,4
69,702,17:22,4
69,703,17:23,4
69,704,17:24,4
69,705,17:25,4
69,706,17:26,4
69,707,17:27,2
69,708,17:28,2
69,709,17:29,2
69,710,17:30,0
69,711,17:31,0
69,712,17:32,0
69,713,17:33,0
69,714,17:34,0
69,715,17:35,0
69,716,17:36,0
69,717,17:37,0
69,718,17:38,0
69,719,17:39,0
69,720,17:40,0
69,721,17:41,0
69,722,17:42,0
69,723,17:43,0
69,724,17:44,0
69,725,17:45,0
69,726,17:46,0
69,727,17:47,0
69,728,17:48,0
69,729,17:49,0
69,730,17:50,0
69,731,17:51,0
69,732,17:52,0
69,733,17:53,0
69,734,17:54,0
69,735,17:55,0
69,736,17:56,0
69,737,17:57,0
69,738,17:58,0
69,739,17:59,0
69,740,18:00,0
69,741,18:01,0
69,742,18:02,0
69,743,18:03,0
69,744,18:04,0
69,745,18:05,0
69,746,18:06,0
69,747,18:07,0
69,748,18:08,1
69,749,18:09,1
69,750,18:10,1
69,751,18:11,1
69,752,18:12,1
69,753,18:13,1
69,754,18:14,1
69,755,18:15,1
69,756,18:16,1
69,757,18:17,1
69,758,18:18,1
69,759,18:19,1
69,760,18:20,1
69,761,18:21,1
69,762,18:22,0
69,763,18:23,0
69,764,18:24,0
69,765,18:25,0
69,766,18:26,0
69,767,18:27,0
69,768,18:28,0
69,769,18:29,0
69,770,18:30,0
69,771,18:31,0
69,772,18:32,1
69,773,18:33,1
69,774,18:34,1
69,775,18:35,2
69,776,18:36,2
69,777,18:37,2
69,778,18:38,3
69,779,18:39,3
69,780,18:40,3
69,781,18:41,3
69,782,18:42,3
69,783,18:43,3
69,784,18:44,3
69,785,18:45,3
69,786,18:46,3
69,787,18:47,3
69,788,18:48,2
69,789,18:49,2
69,790,18:50,2
69,791,18:51,1
69,792,18:52,1
69,793,18:53,1
69,794,18:54,0
69,795,18:55,0
69,796,18:56,0
69,797,18:57,0
69,798,18:58,0
69,799,18:59,0
69,800,19:00,0
69,801,19:01,0
69,802,19:02,0
69,803,19:03,0
69,804,19:04,0
69,805,19:05,0
69,806,19:06,0
69,807,19:07,0
69,808,19:08,0
69,809,19:09,0
69,810,19:10,0
69,811,19:11,0
69,812,19:12,0
69,813,19:13,0
69,814,19:14,0
69,815,19:15,0
69,816,19:16,0
69,817,19:17,0
69,818,19:18,0
69,819,19:19,0
69,820,19:20,0
69,821,19:21,0
69,822,19:22,0
69,823,19:23,0
69,824,19:24,0
69,825,19:25,0
69,826,19:26,0
69,827,19:27,0
69,828,19:28,0
69,829,19:29,0
69,830,19:30,0
69,831,19:31,0
69,832,19:32,0
69,833,19:33,0
69,834,19:34,0
69,835,19:35,0
70,0,05:40,0
70,1,05:41,0
70,2,05:42,0
70,3,05:43,0
70,4,05:44,0
70,5,05:45,0
70,6,05:46,0
70,7,05:47,0
70,8,05:48,0
70,9,05:49,0
70,10,05:50,0
70,11,05:51,0
70,12,05:52,0
70,13,05:53,0
70,14,05:54,0
70,15,05:55,0
70,16,05:56,0
70,17,05:57,0
70,18,05:58,0
70,19,05:59,0
70,20,06:00,0
70,21,06:01,0
70,22,06:02,0
70,23,06:03,0
70,24,06:04,0
70,25,06:05,0
70,26,06:06,0
70,27,06:07,0
70,28,06:08,0
70,29,06:09,0
70,30,06:10,0
70,31,06:11,0
70,32,06:12,0
70,33,06:13,0
70,34,06:14,0
70,35,06:15,0
70,36,06:16,0
70,37,06:17,0
70,38,06:18,0
70,39,06:19,0
70,40,06:20,0
70,41,06:21,0
70,42,06:22,0
70,43,06:23,0
70,44,06:24,0
70,45,06:25,0
70,46,06:26,0
70,47,06:27,0
70,48,06:28,0
70,49,06:29,0
70,50,06:30,0
70,51,06:31,0
70,52,06:32,0
70,53,06:33,0
70,54,06:34,0
70,55,06:35,0
70,56,06:36,0
70,57,06:37,0
70,58,06:38,0
70,59,06:39,0
70,60,06:40,0
70,61,06:41,0
70,62,06:42,0
70,63,06:43,0
70,64,06:44,0
70,65,06:45,0
70,66,06:46,0
70,67,06:47,0
70,68,06:48,0
70,69,06:49,0
70,70,06:50,0
70,71,06:51,0
70,72,06:52,0
70,73,06:53,0
70,74,06:54,0
70,75,06:55,0
70,76,06:56,0
70,77,06:57,0
70,78,06:58,0
70,79,06:59,0
70,80,07:00,0
70,81,07:01,0
70,82,07:02,0
70,83,07:03,0
70,84,07:04,0
70,85,07:05,0
70,86,07:06,0
70,87,07:07,0
70,88,07:08,0
70,89,07:09,0
70,90,07:10,0
70,91,07:11,0
70,92,07:12,0
70,93,07:13,0
70,94,07:14,0
70,95,07:15,0
70,96,07:16,0
70,97,07:17,0
70,98,07:18,0
70,99,07:19,0
70,100,07:20,0
70,101,07:21,0
70,102,07:22,0
70,103,07:23,0
70,104,07:24,0
70,105,07:25,0
70,106,07:26,0
70,107,07:27,0
70,108,07:28,0
70,109,07:29,0
70,110,07:30,0
70,111,07:31,0
70,112,07:32,0
70,113,07:33,0
70,114,07:34,0
70,115,07:35,0
70,116,07:36,0
70,117,07:37,0
70,118,07:38,0
70,119,07:39,0
70,120,07:40,0
70,121,07:41,0
70,122,07:42,0
70,123,07:43,0
70,124,07:44,0
70,125,07:45,0
70,126,07:46,0
70,127,07:47,2
70,128,07:48,2
70,129,07:49,2
70,130,07:50,2
70,131,07:51,2
70,132,07:52,2
70,133,07:53,2
70,134,07:54,2
70,135,07:55,2
70,136,07:56,2
70,137,07:57,0
70,138,07:58,0
70,139,07:59,0
70,140,08:00,0
70,141,08:01,0
70,142,08:02,0
70,143,08:03,0
70,144,08:04,0
70,145,08:05,0
70,146,08:06,0
70,147,08:07,0
70,148,08:08,0
70,149,08:09,0
70,150,08:10,0
70,151,08:11,0
70,152,08:12,0
70,153,08:13,0
70,154,08:14,0
70,155,08:15,0
70,156,08:16,0
70,157,08:17,0
70,158,08:18,0
70,159,08:19,0
70,160,08:20,0
70,161,08:21,0
70,162,08:22,0
70,163,08:23,0
70,164,08:24,0
70,165,08:25,0
70,166,08:26,0
70,167,08:27,0
70,168,08:28,0
70,169,08:29,0
70,170,08:30,0
70,171,08:31,0
70,172,08:32,0
70,173,08:33,0
70,174,08:34,0
70,175,08:35,0
70,176,08:36,0
70,177,08:37,0
70,178,08:38,0
70,179,08:39,0
70,180,08:40,0
70,181,08:41,0
70,182,08:42,0
70,183,08:43,0
70,184,08:44,0
70,185,08:45,0
70,186,08:46,0
70,187,08:47,0
70,188,08:48,0
70,189,08:49,0
70,190,08:50,0
70,191,08:51,0
70,192,08:52,0
70,193,08:53,0
70,194,08:54,0
70,195,08:55,0
70,196,08:56,0
70,197,08:57,0
70,198,08:58,0
70,199,08:59,0
70,200,09:00,0
70,201,09:01,0
70,202,09:02,0
70,203,09:03,0
70,204,09:04,0
70,205,09:05,0
70,206,09:06,0
70,207,09:07,0
70,208,09:08,0
70,209,09:09,0
70,210,09:10,0
70,211,09:11,0
70,212,09:12,0
70,213,09:13,0
70,214,09:14,0
70,215,09:15,0
70,216,09:16,0
70,217,09:17,0
70,218,09:18,0
70,219,09:19,0
70,220,09:20,0
70,221,09:21,0
70,222,09:22,0
70,223,09:23,0
70,224,09:24,0
70,225,09:25,0
70,226,09:26,0
70,227,09:27,0
70,228,09:28,0
70,229,09:29,0
70,230,09:30,0
70,231,09:31,0
70,232,09:32,0
70,233,09:33,0
70,234,09:34,0
70,235,09:35,0
70,236,09:36,0
70,237,09:37,0
70,238,09:38,0
70,239,09:39,0
70,240,09:40,0
70,241,09:41,0
70,242,09:42,0
70,243,09:43,0
70,244,09:44,0
70,245,09:45,0
70,246,09:46,0
70,247,09:47,0
70,248,09:48,0
70,249,09:49,0
70,250,09:50,0
70,251,09:51,0
70,252,09:52,0
70,253,09:53,0
70,254,09:54,0
70,255,09:55,0
70,256,09:56,0
70,257,09:57,0
70,258,09:58,0
70,259,09:59,0
70,260,10:00,0
70,261,10:01,0
70,262,10:02,0
70,263,10:03,0
70,264,10:04,0
70,265,10:05,0
70,266,10:06,0
70,267,10:07,0
70,268,10:08,0
70,269,10:09,0
70,270,10:10,0
70,271,10:11,0
70,272,10:12,0
70,273,10:13,0
70,274,10:14,0
70,275,10:15,0
70,276,10:16,0
70,277,10:17,0
70,278,10:18,0
70,279,10:19,0
70,280,10:20,0
70,281,10:21,0
70,282,10:22,0
70,283,10:23,0
70,284,10:24,0
70,285,10:25,0
70,286,10:26,0
70,287,10:27,0
70,288,10:28,0
70,289,10:29,0
70,290,10:30,0
70,291,10:31,0
70,292,10:32,0
70,293,10:33,0
70,294,10:34,0
70,295,10:35,0
70,296,10:36,0
70,297,10:37,0
70,298,10:38,0
70,299,10:39,0
70,300,10:40,0
70,301,10:41,0
70,302,10:42,0
70,303,10:43,0
70,304,10:44,0
70,305,10:45,0
70,306,10:46,0
70,307,10:47,0
70,308,10:48,0
70,309,10:49,0
70,310,10:50,0
70,311,10:51,0
70,312,10:52,0
70,313,10:53,0
70,314,10:54,0
70,315,10:55,0
70,316,10:56,0
70,317,10:57,0
70,318,10:58,0
70,319,10:59,0
70,320,11:00,0
70,321,11:01,0
70,322,11:02,0
70,323,11:03,0
70,324,11:04,0
70,325,11:05,0
70,326,11:06,0
70,327,11:07,0
70,328,11:08,0
70,329,11:09,0
70,330,11:10,0
70,331,11:11,0
70,332,11:12,0
70,333,11:13,0
70,334,11:14,0
70,335,11:15,0
70,336,11:16,0
70,337,11:17,0
70,338,11:18,0
70,339,11:19,0
70,340,11:20,0
70,341,11:21,0
70,342,11:22,0
70,343,11:23,0
70,344,11:24,0
70,345,11:25,0
70,346,11:26,0
70,347,11:27,0
70,348,11:28,0
70,349,11:29,0
70,350,11:30,0
70,351,11:31,0
70,352,11:32,0
70,353,11:33,0
70,354,11:34,0
70,355,11:35,0
70,356,11:36,0
70,357,11:37,0
70,358,11:38,0
70,359,11:39,0
70,360,11:40,0
70,361,11:41,0
70,362,11:42,0
70,363,11:43,0
70,364,11:44,0
70,365,11:45,0
70,366,11:46,0
70,367,11:47,0
70,368,11:48,0
70,369,11:49,0
70,370,11:50,0
70,371,11:51,0
70,372,11:52,0
70,373,11:53,0
70,374,11:54,0
70,375,11:55,0
70,376,11:56,0
70,377,11:57,0
70,378,11:58,0
70,379,11:59,0
70,380,12:00,0
70,381,12:01,0
70,382,12:02,0
70,383,12:03,0
70,384,12:04,0
70,385,12:05,0
70,386,12:06,0
70,387,12:07,0
70,388,12:08,0
70,389,12:09,0
70,390,12:10,0
70,391,12:11,0
70,392,12:12,0
70,393,12:13,0
70,394,12:14,0
70,395,12:15,0
70,396,12:16,0
70,397,12:17,0
70,398,12:18,0
70,399,12:19,0
70,400,12:20,0
70,401,12:21,0
70,402,12:22,0
70,403,12:23,0
70,404,12:24,0
70,405,12:25,0
70,406,12:26,0
70,407,12:27,0
70,408,12:28,0
70,409,12:29,0
70,410,12:30,0
70,411,12:31,0
70,412,12:32,1
70,413,12:33,1
70,414,12:34,1
70,415,12:35,1
70,416,12:36,1
70,417,12:37,1
70,418,12:38,1
70,419,12:39,1
70,420,12:40,1
70,421,12:41,1
70,422,12:42,1
70,423,12:43,1
70,424,12:44,1
70,425,12:45,1
70,426,12:46,1
70,427,12:47,1
70,428,12:48,1
70,429,12:49,1
70,430,12:50,1
70,431,12:51,1
70,432,12:52,1
70,433,12:53,1
70,434,12:54,1
70,435,12:55,1
70,436,12:56,1
70,437,12:57,0
70,438,12:58,0
70,439,12:59,0
70,440,13:00,0
70,441,13:01,0
70,442,13:02,0
70,443,13:03,0
70,444,13:04,0
70,445,13:05,0
70,446,13:06,0
70,447,13:07,0
70,448,13:08,0
70,449,13:09,0
70,450,13:10,0
70,451,13:11,0
70,452,13:12,0
70,453,13:13,0
70,454,13:14,0
70,455,13:15,0
70,456,13:16,0
70,457,13:17,0
70,458,13:18,0
70,459,13:19,0
70,460,13:20,0
70,461,13:21,0
70,462,13:22,0
70,463,13:23,0
70,464,13:24,0
70,465,13:25,0
70,466,13:26,0
70,467,13:27,0
70,468,13:28,0
70,469,13:29,0
70,470,13:30,0
70,471,13:31,0
70,472,13:32,0
70,473,13:33,0
70,474,13:34,0
70,475,13:35,0
70,476,13:36,0
70,477,13:37,0
70,478,13:38,0
70,479,13:39,0
70,480,13:40,0
70,481,13:41,0
70,482,13:42,0
70,483,13:43,0
70,484,13:44,0
70,485,13:45,0
70,486,13:46,0
70,487,13:47,0
70,488,13:48,0
70,489,13:49,0
70,490,13:50,0
70,491,13:51,0
70,492,13:52,0
70,493,13:53,0
70,494,13:54,0
70,495,13:55,0
70,496,13:56,0
70,497,13:57,0
70,498,13:58,0
70,499,13:59,0
70,500,14:00,0
70,501,14:01,0
70,502,14:02,0
70,503,14:03,0
70,504,14:04,0
70,505,14:05,0
70,506,14:06,0
70,507,14:07,0
70,508,14:08,0
70,509,14:09,0
70,510,14:10,0
70,511,14:11,0
70,512,14:12,0
70,513,14:13,0
70,514,14:14,0
70,515,14:15,0
70,516,14:16,0
70,517,14:17,0
70,518,14:18,0
70,519,14:19,0
70,520,14:20,0
70,521,14:21,0
70,522,14:22,0
70,523,14:23,0
70,524,14:24,0
70,525,14:25,0
70,526,14:26,0
70,527,14:27,0
70,528,14:28,0
70,529,14:29,0
70,530,14:30,0
70,531,14:31,0
70,532,14:32,0
70,533,14:33,1
70,534,14:34,1
70,535,14:35,1
70,536,14:36,1
70,537,14:37,1
70,538,14:38,1
70,539,14:39,1
70,540,14:40,1
70,541,14:41,1
70,542,14:42,1
70,543,14:43,1
70,544,14:44,1
70,545,14:45,1
70,546,14:46,1
70,547,14:47,1
70,548,14:48,1
70,549,14:49,1
70,550,14:50,1
70,551,14:51,1
70,552,14:52,0
70,553,14:53,0
70,554,14:54,0
70,555,14:55,0
70,556,14:56,1
70,557,14:57,1
70,558,14:58,1
70,559,14:59,2
70,560,15:00,2
70,561,15:01,2
70,562,15:02,2
70,563,15:03,2
70,564,15:04,2
70,565,15:05,2
70,566,15:06,2
70,567,15:07,2
70,568,15:08,2
70,569,15:09,2
70,570,15:10,2
70,571,15:11,2
70,572,15:12,2
70,573,15:13,2
70,574,15:14,2
70,575,15:15,2
70,576,15:16,2
70,577,15:17,1
70,578,15:18,1
70,579,15:19,1
70,580,15:20,0
70,581,15:21,0
70,582,15:22,0
70,583,15:23,1
70,584,15:24,1
70,585,15:25,1
70,586,15:26,2
70,587,15:27,2
70,588,15:28,2
70,589,15:29,2
70,590,15:30,2
70,591,15:31,2
70,592,15:32,2
70,593,15:33,2
70,594,15:34,2
70,595,15:35,2
70,596,15:36,2
70,597,15:37,1
70,598,15:38,1
70,599,15:39,1
70,600,15:40,0
70,601,15:41,0
70,602,15:42,0
70,603,15:43,0
70,604,15:44,0
70,605,15:45,0
70,606,15:46,0
70,607,15:47,0
70,608,15:48,0
70,609,15:49,0
70,610,15:50,0
70,611,15:51,0
70,612,15:52,0
70,613,15:53,1
70,614,15:54,1
70,615,15:55,1
70,616,15:56,1
70,617,15:57,1
70,618,15:58,1
70,619,15:59,1
70,620,16:00,1
70,621,16:01,1
70,622,16:02,1
70,623,16:03,1
70,624,16:04,1
70,625,16:05,1
70,626,16:06,1
70,627,16:07,1
70,628,16:08,1
70,629,16:09,1
70,630,16:10,1
70,631,16:11,1
70,632,16:12,1
70,633,16:13,1
70,634,16:14,1
70,635,16:15,1
70,636,16:16,1
70,637,16:17,1
70,638,16:18,1
70,639,16:19,1
70,640,16:20,1
70,641,16:21,1
70,642,16:22,1
70,643,16:23,1
70,644,16:24,0
70,645,16:25,0
70,646,16:26,0
70,647,16:27,0
70,648,16:28,0
70,649,16:29,1
70,650,16:30,1
70,651,16:31,1
70,652,16:32,1
70,653,16:33,1
70,654,16:34,1
70,655,16:35,1
70,656,16:36,1
70,657,16:37,1
70,658,16:38,2
70,659,16:39,2
70,660,16:40,2
70,661,16:41,2
70,662,16:42,2
70,663,16:43,2
70,664,16:44,2
70,665,16:45,2
70,666,16:46,2
70,667,16:47,2
70,668,16:48,2
70,669,16:49,2
70,670,16:50,2
70,671,16:51,2
70,672,16:52,2
70,673,16:53,2
70,674,16:54,2
70,675,16:55,2
70,676,16:56,2
70,677,16:57,2
70,678,16:58,2
70,679,16:59,2
70,680,17:00,2
70,681,17:01,2
70,682,17:02,2
70,683,17:03,2
70,684,17:04,1
70,685,17:05,1
70,686,17:06,1
70,687,17:07,1
70,688,17:08,1
70,689,17:09,1
70,690,17:10,1
70,691,17:11,1
70,692,17:12,1
70,693,17:13,0
70,694,17:14,0
70,695,17:15,0
70,696,17:16,2
70,697,17:17,2
70,698,17:18,2
70,699,17:19,4
70,700,17:20,4
70,701,17:21,4
70,702,17:22,4
70,703,17:23,4
70,704,17:24,4
70,705,17:25,4
70,706,17:26,4
70,707,17:27,4
70,708,17:28,2
70,709,17:29,2
70,710,17:30,2
70,711,17:31,2
70,712,17:32,2
70,713,17:33,2
70,714,17:34,0
70,715,17:35,0
70,716,17:36,0
70,717,17:37,2
70,718,17:38,2
70,719,17:39,2
70,720,17:40,2
70,721,17:41,2
70,722,17:42,2
70,723,17:43,2
70,724,17:44,2
70,725,17:45,2
70,726,17:46,2
70,727,17:47,2
70,728,17:48,2
70,729,17:49,2
70,730,17:50,2
70,731,17:51,2
70,732,17:52,2
70,733,17:53,2
70,734,17:54,0
70,735,17:55,0
70,736,17:56,0
70,737,17:57,0
70,738,17:58,1
70,739,17:59,1
70,740,18:00,1
70,741,18:01,1
70,742,18:02,1
70,743,18:03,1
70,744,18:04,1
70,745,18:05,1
70,746,18:06,1
70,747,18:07,1
70,748,18:08,1
70,749,18:09,1
70,750,18:10,1
70,751,18:11,1
70,752,18:12,1
70,753,18:13,0
70,754,18:14,0
70,755,18:15,0
70,756,18:16,1
70,757,18:17,1
70,758,18:18,1
70,759,18:19,1
70,760,18:20,1
70,761,18:21,1
70,762,18:22,1
70,763,18:23,1
70,764,18:24,1
70,765,18:25,1
70,766,18:26,0
70,767,18:27,0
70,768,18:28,0
70,769,18:29,0
70,770,18:30,0
70,771,18:31,0
70,772,18:32,0
70,773,18:33,1
70,774,18:34,1
70,775,18:35,1
70,776,18:36,1
70,777,18:37,1
70,778,18:38,1
70,779,18:39,1
70,780,18:40,1
70,781,18:41,1
70,782,18:42,1
70,783,18:43,1
70,784,18:44,1
70,785,18:45,1
70,786,18:46,1
70,787,18:47,1
70,788,18:48,1
70,789,18:49,1
70,790,18:50,1
70,791,18:51,0
70,792,18:52,0
70,793,18:53,0
70,794,18:54,1
70,795,18:55,1
70,796,18:56,1
70,797,18:57,1
70,798,18:58,1
70,799,18:59,1
70,800,19:00,1
70,801,19:01,1
70,802,19:02,1
70,803,19:03,1
70,804,19:04,1
70,805,19:05,1
70,806,19:06,1
70,807,19:07,1
70,808,19:08,1
70,809,19:09,1
70,810,19:10,1
70,811,19:11,1
70,812,19:12,0
70,813,19:13,0
70,814,19:14,0
70,815,19:15,0
70,816,19:16,0
70,817,19:17,0
70,818,19:18,0
70,819,19:19,0
70,820,19:20,0
70,821,19:21,0
70,822,19:22,0
70,823,19:23,0
70,824,19:24,0
70,825,19:25,0
70,826,19:26,0
70,827,19:27,0
70,828,19:28,0
70,829,19:29,0
70,830,19:30,0
70,831,19:31,0
70,832,19:32,0
70,833,19:33,0
70,834,19:34,0
70,835,19:35,0
71,0,05:40,0
71,1,05:41,0
71,2,05:42,0
71,3,05:43,0
71,4,05:44,0
71,5,05:45,0
71,6,05:46,0
71,7,05:47,0
71,8,05:48,0
71,9,05:49,0
71,10,05:50,0
71,11,05:51,0
71,12,05:52,0
71,13,05:53,0
71,14,05:54,0
71,15,05:55,0
71,16,05:56,0
71,17,05:57,0
71,18,05:58,0
71,19,05:59,0
71,20,06:00,0
71,21,06:01,0
71,22,06:02,0
71,23,06:03,0
71,24,06:04,0
71,25,06:05,0
71,26,06:06,0
71,27,06:07,0
71,28,06:08,0
71,29,06:09,0
71,30,06:10,0
71,31,06:11,0
71,32,06:12,0
71,33,06:13,0
71,34,06:14,0
71,35,06:15,0
71,36,06:16,0
71,37,06:17,0
71,38,06:18,0
71,39,06:19,0
71,40,06:20,0
71,41,06:21,0
71,42,06:22,0
71,43,06:23,0
71,44,06:24,0
71,45,06:25,0
71,46,06:26,0
71,47,06:27,0
71,48,06:28,0
71,49,06:29,0
71,50,06:30,0
71,51,06:31,0
71,52,06:32,0
71,53,06:33,0
71,54,06:34,0
71,55,06:35,0
71,56,06:36,0
71,57,06:37,0
71,58,06:38,0
71,59,06:39,0
71,60,06:40,0
71,61,06:41,0
71,62,06:42,0
71,63,06:43,0
71,64,06:44,0
71,65,06:45,0
71,66,06:46,0
71,67,06:47,0
71,68,06:48,0
71,69,06:49,0
71,70,06:50,0
71,71,06:51,0
71,72,06:52,0
71,73,06:53,0
71,74,06:54,0
71,75,06:55,0
71,76,06:56,0
71,77,06:57,0
71,78,06:58,0
71,79,06:59,0
71,80,07:00,0
71,81,07:01,0
71,82,07:02,0
71,83,07:03,0
71,84,07:04,0
71,85,07:05,0
71,86,07:06,0
71,87,07:07,0
71,88,07:08,0
71,89,07:09,0
71,90,07:10,0
71,91,07:11,0
71,92,07:12,0
71,93,07:13,0
71,94,07:14,0
71,95,07:15,0
71,96,07:16,0
71,97,07:17,0
71,98,07:18,0
71,99,07:19,0
71,100,07:20,0
71,101,07:21,0
71,102,07:22,0
71,103,07:23,0
71,104,07:24,0
71,105,07:25,0
71,106,07:26,0
71,107,07:27,0
71,108,07:28,0
71,109,07:29,0
71,110,07:30,0
71,111,07:31,0
71,112,07:32,0
71,113,07:33,0
71,114,07:34,0
71,115,07:35,0
71,116,07:36,0
71,117,07:37,0
71,118,07:38,0
71,119,07:39,0
71,120,07:40,0
71,121,07:41,0
71,122,07:42,0
71,123,07:43,0
71,124,07:44,0
71,125,07:45,0
71,126,07:46,0
71,127,07:47,0
71,128,07:48,0
71,129,07:49,0
71,130,07:50,0
71,131,07:51,0
71,132,07:52,0
71,133,07:53,0
71,134,07:54,0
71,135,07:55,0
71,136,07:56,0
71,137,07:57,0
71,138,07:58,0
71,139,07:59,0
71,140,08:00,0
71,141,08:01,0
71,142,08:02,0
71,143,08:03,0
71,144,08:04,0
71,145,08:05,0
71,146,08:06,0
71,147,08:07,0
71,148,08:08,0
71,149,08:09,0
71,150,08:10,0
71,151,08:11,0
71,152,08:12,0
71,153,08:13,0
71,154,08:14,0
71,155,08:15,0
71,156,08:16,0
71,157,08:17,0
71,158,08:18,0
71,159,08:19,0
71,160,08:20,0
71,161,08:21,0
71,162,08:22,0
71,163,08:23,0
71,164,08:24,0
71,165,08:25,0
71,166,08:26,0
71,167,08:27,0
71,168,08:28,0
71,169,08:29,0
71,170,08:30,0
71,171,08:31,0
71,172,08:32,0
71,173,08:33,0
71,174,08:34,0
71,175,08:35,0
71,176,08:36,0
71,177,08:37,0
71,178,08:38,0
71,179,08:39,0
71,180,08:40,0
71,181,08:41,0
71,182,08:42,0
71,183,08:43,2
71,184,08:44,2
71,185,08:45,2
71,186,08:46,2
71,187,08:47,2
71,188,08:48,2
71,189,08:49,2
71,190,08:50,2
71,191,08:51,2
71,192,08:52,0
71,193,08:53,0
71,194,08:54,0
71,195,08:55,0
71,196,08:56,0
71,197,08:57,0
71,198,08:58,0
71,199,08:59,0
71,200,09:00,0
71,201,09:01,0
71,202,09:02,0
71,203,09:03,0
71,204,09:04,0
71,205,09:05,0
71,206,09:06,0
71,207,09:07,0
71,208,09:08,0
71,209,09:09,0
71,210,09:10,0
71,211,09:11,0
71,212,09:12,0
71,213,09:13,0
71,214,09:14,0
71,215,09:15,0
71,216,09:16,0
71,217,09:17,0
71,218,09:18,0
71,219,09:19,0
71,220,09:20,0
71,221,09:21,0
71,222,09:22,0
71,223,09:23,0
71,224,09:24,0
71,225,09:25,0
71,226,09:26,0
71,227,09:27,0
71,228,09:28,0
71,229,09:29,0
71,230,09:30,0
71,231,09:31,0
71,232,09:32,0
71,233,09:33,0
71,234,09:34,0
71,235,09:35,0
71,236,09:36,0
71,237,09:37,0
71,238,09:38,0
71,239,09:39,0
71,240,09:40,0
71,241,09:41,0
71,242,09:42,0
71,243,09:43,0
71,244,09:44,0
71,245,09:45,0
71,246,09:46,0
71,247,09:47,0
71,248,09:48,0
71,249,09:49,0
71,250,09:50,0
71,251,09:51,0
71,252,09:52,0
71,253,09:53,0
71,254,09:54,0
71,255,09:55,0
71,256,09:56,0
71,257,09:57,0
71,258,09:58,0
71,259,09:59,0
71,260,10:00,0
71,261,10:01,0
71,262,10:02,0
71,263,10:03,0
71,264,10:04,0
71,265,10:05,0
71,266,10:06,0
71,267,10:07,0
71,268,10:08,0
71,269,10:09,0
71,270,10:10,0
71,271,10:11,0
71,272,10:12,0
71,273,10:13,0
71,274,10:14,0
71,275,10:15,0
71,276,10:16,0
71,277,10:17,0
71,278,10:18,0
71,279,10:19,0
71,280,10:20,0
71,281,10:21,0
71,282,10:22,0
71,283,10:23,0
71,284,10:24,0
71,285,10:25,0
71,286,10:26,0
71,287,10:27,0
71,288,10:28,0
71,289,10:29,0
71,290,10:30,0
71,291,10:31,0
71,292,10:32,0
71,293,10:33,0
71,294,10:34,0
71,295,10:35,0
71,296,10:36,0
71,297,10:37,0
71,298,10:38,0
71,299,10:39,0
71,300,10:40,0
71,301,10:41,0
71,302,10:42,0
71,303,10:43,0
71,304,10:44,0
71,305,10:45,0
71,306,10:46,0
71,307,10:47,0
71,308,10:48,0
71,309,10:49,0
71,310,10:50,0
71,311,10:51,0
71,312,10:52,0
71,313,10:53,0
71,314,10:54,0
71,315,10:55,0
71,316,10:56,0
71,317,10:57,0
71,318,10:58,0
71,319,10:59,0
71,320,11:00,0
71,321,11:01,0
71,322,11:02,0
71,323,11:03,0
71,324,11:04,0
71,325,11:05,0
71,326,11:06,0
71,327,11:07,0
71,328,11:08,0
71,329,11:09,0
71,330,11:10,0
71,331,11:11,0
71,332,11:12,0
71,333,11:13,0
71,334,11:14,0
71,335,11:15,0
71,336,11:16,0
71,337,11:17,0
71,338,11:18,0
71,339,11:19,0
71,340,11:20,0
71,341,11:21,0
71,342,11:22,0
71,343,11:23,0
71,344,11:24,0
71,345,11:25,0
71,346,11:26,0
71,347,11:27,0
71,348,11:28,0
71,349,11:29,0
71,350,11:30,0
71,351,11:31,0
71,352,11:32,0
71,353,11:33,0
71,354,11:34,0
71,355,11:35,0
71,356,11:36,0
71,357,11:37,0
71,358,11:38,0
71,359,11:39,0
71,360,11:40,0
71,361,11:41,0
71,362,11:42,0
71,363,11:43,0
71,364,11:44,0
71,365,11:45,0
71,366,11:46,0
71,367,11:47,0
71,368,11:48,0
71,369,11:49,0
71,370,11:50,0
71,371,11:51,0
71,372,11:52,0
71,373,11:53,0
71,374,11:54,0
71,375,11:55,0
71,376,11:56,0
71,377,11:57,0
71,378,11:58,0
71,379,11:59,0
71,380,12:00,0
71,381,12:01,0
71,382,12:02,0
71,383,12:03,0
71,384,12:04,0
71,385,12:05,0
71,386,12:06,0
71,387,12:07,0
71,388,12:08,0
71,389,12:09,0
71,390,12:10,0
71,391,12:11,0
71,392,12:12,0
71,393,12:13,0
71,394,12:14,0
71,395,12:15,0
71,396,12:16,0
71,397,12:17,0
71,398,12:18,0
71,399,12:19,0
71,400,12:20,0
71,401,12:21,0
71,402,12:22,0
71,403,12:23,0
71,404,12:24,0
71,405,12:25,0
71,406,12:26,0
71,407,12:27,0
71,408,12:28,0
71,409,12:29,0
71,410,12:30,0
71,411,12:31,0
71,412,12:32,0
71,413,12:33,0
71,414,12:34,0
71,415,12:35,0
71,416,12:36,0
71,417,12:37,0
71,418,12:38,0
71,419,12:39,0
71,420,12:40,0
71,421,12:41,0
71,422,12:42,0
71,423,12:43,0
71,424,12:44,0
71,425,12:45,0
71,426,12:46,1
71,427,12:47,1
71,428,12:48,1
71,429,12:49,2
71,430,12:50,2
71,431,12:51,2
71,432,12:52,2
71,433,12:53,2
71,434,12:54,2
71,435,12:55,2
71,436,12:56,2
71,437,12:57,2
71,438,12:58,2
71,439,12:59,2
71,440,13:00,2
71,441,13:01,2
71,442,13:02,1
71,443,13:03,1
71,444,13:04,1
71,445,13:05,1
71,446,13:06,1
71,447,13:07,1
71,448,13:08,1
71,449,13:09,1
71,450,13:10,1
71,451,13:11,1
71,452,13:12,1
71,453,13:13,1
71,454,13:14,1
71,455,13:15,1
71,456,13:16,0
71,457,13:17,0
71,458,13:18,0
71,459,13:19,1
71,460,13:20,1
71,461,13:21,1
71,462,13:22,1
71,463,13:23,1
71,464,13:24,1
71,465,13:25,1
71,466,13:26,1
71,467,13:27,1
71,468,13:28,1
71,469,13:29,1
71,470,13:30,1
71,471,13:31,1
71,472,13:32,1
71,473,13:33,1
71,474,13:34,1
71,475,13:35,1
71,476,13:36,1
71,477,13:37,1
71,478,13:38,1
71,479,13:39,1
71,480,13:40,1
71,481,13:41,1
71,482,13:42,1
71,483,13:43,1
71,484,13:44,1
71,485,13:45,1
71,486,13:46,0
71,487,13:47,0
71,488,13:48,0
71,489,13:49,0
71,490,13:50,0
71,491,13:51,0
71,492,13:52,0
71,493,13:53,0
71,494,13:54,0
71,495,13:55,0
71,496,13:56,0
71,497,13:57,0
71,498,13:58,0
71,499,13:59,0
71,500,14:00,0
71,501,14:01,0
71,502,14:02,0
71,503,14:03,0
71,504,14:04,0
71,505,14:05,0
71,506,14:06,0
71,507,14:07,0
71,508,14:08,0
71,509,14:09,0
71,510,14:10,0
71,511,14:11,0
71,512,14:12,0
71,513,14:13,0
71,514,14:14,0
71,515,14:15,0
71,516,14:16,0
71,517,14:17,0
71,518,14:18,0
71,519,14:19,0
71,520,14:20,0
71,521,14:21,0
71,522,14:22,0
71,523,14:23,0
71,524,14:24,0
71,525,14:25,0
71,526,14:26,1
71,527,14:27,1
71,528,14:28,1
71,529,14:29,1
71,530,14:30,1
71,531,14:31,1
71,532,14:32,1
71,533,14:33,1
71,534,14:34,1
71,535,14:35,1
71,536,14:36,0
71,537,14:37,0
71,538,14:38,0
71,539,14:39,0
71,540,14:40,1
71,541,14:41,1
71,542,14:42,1
71,543,14:43,1
71,544,14:44,1
71,545,14:45,1
71,546,14:46,2
71,547,14:47,2
71,548,14:48,2
71,549,14:49,2
71,550,14:50,2
71,551,14:51,2
71,552,14:52,2
71,553,14:53,2
71,554,14:54,2
71,555,14:55,2
71,556,14:56,1
71,557,14:57,1
71,558,14:58,1
71,559,14:59,2
71,560,15:00,2
71,561,15:01,2
71,562,15:02,1
71,563,15:03,1
71,564,15:04,1
71,565,15:05,1
71,566,15:06,1
71,567,15:07,1
71,568,15:08,1
71,569,15:09,1
71,570,15:10,1
71,571,15:11,1
71,572,15:12,1
71,573,15:13,1
71,574,15:14,1
71,575,15:15,1
71,576,15:16,1
71,577,15:17,1
71,578,15:18,0
71,579,15:19,0
71,580,15:20,0
71,581,15:21,0
71,582,15:22,0
71,583,15:23,0
71,584,15:24,0
71,585,15:25,0
71,586,15:26,0
71,587,15:27,0
71,588,15:28,0
71,589,15:29,0
71,590,15:30,0
71,591,15:31,0
71,592,15:32,0
71,593,15:33,0
71,594,15:34,0
71,595,15:35,0
71,596,15:36,0
71,597,15:37,0
71,598,15:38,0
71,599,15:39,0
71,600,15:40,0
71,601,15:41,0
71,602,15:42,0
71,603,15:43,0
71,604,15:44,0
71,605,15:45,0
71,606,15:46,1
71,607,15:47,1
71,608,15:48,1
71,609,15:49,1
71,610,15:50,1
71,611,15:51,1
71,612,15:52,1
71,613,15:53,1
71,614,15:54,1
71,615,15:55,1
71,616,15:56,1
71,617,15:57,1
71,618,15:58,1
71,619,15:59,1
71,620,16:00,1
71,621,16:01,1
71,622,16:02,1
71,623,16:03,1
71,624,16:04,1
71,625,16:05,1
71,626,16:06,1
71,627,16:07,1
71,628,16:08,0
71,629,16:09,0
71,630,16:10,0
71,631,16:11,0
71,632,16:12,0
71,633,16:13,0
71,634,16:14,0
71,635,16:15,0
71,636,16:16,0
71,637,16:17,0
71,638,16:18,0
71,639,16:19,0
71,640,16:20,1
71,641,16:21,1
71,642,16:22,1
71,643,16:23,2
71,644,16:24,2
71,645,16:25,2
71,646,16:26,2
71,647,16:27,2
71,648,16:28,2
71,649,16:29,2
71,650,16:30,2
71,651,16:31,2
71,652,16:32,2
71,653,16:33,2
71,654,16:34,2
71,655,16:35,2
71,656,16:36,2
71,657,16:37,2
71,658,16:38,2
71,659,16:39,2
71,660,16:40,2
71,661,16:41,1
71,662,16:42,1
71,663,16:43,1
71,664,16:44,1
71,665,16:45,1
71,666,16:46,1
71,667,16:47,0
71,668,16:48,0
71,669,16:49,0
71,670,16:50,1
71,671,16:51,1
71,672,16:52,1
71,673,16:53,1
71,674,16:54,1
71,675,16:55,1
71,676,16:56,1
71,677,16:57,1
71,678,16:58,1
71,679,16:59,1
71,680,17:00,1
71,681,17:01,0
71,682,17:02,0
71,683,17:03,0
71,684,17:04,0
71,685,17:05,0
71,686,17:06,0
71,687,17:07,0
71,688,17:08,0
71,689,17:09,0
71,690,17:10,0
71,691,17:11,0
71,692,17:12,1
71,693,17:13,1
71,694,17:14,1
71,695,17:15,1
71,696,17:16,1
71,697,17:17,1
71,698,17:18,1
71,699,17:19,1
71,700,17:20,1
71,701,17:21,1
71,702,17:22,0
71,703,17:23,0
71,704,17:24,0
71,705,17:25,0
71,706,17:26,0
71,707,17:27,0
71,708,17:28,0
71,709,17:29,0
71,710,17:30,0
71,711,17:31,2
71,712,17:32,2
71,713,17:33,2
71,714,17:34,2
71,715,17:35,2
71,716,17:36,2
71,717,17:37,2
71,718,17:38,2
71,719,17:39,2
71,720,17:40,0
71,721,17:41,0
71,722,17:42,0
71,723,17:43,1
71,724,17:44,1
71,725,17:45,1
71,726,17:46,1
71,727,17:47,1
71,728,17:48,1
71,729,17:49,1
71,730,17:50,1
71,731,17:51,1
71,732,17:52,0
71,733,17:53,0
71,734,17:54,0
71,735,17:55,0
71,736,17:56,0
71,737,17:57,0
71,738,17:58,0
71,739,17:59,0
71,740,18:00,1
71,741,18:01,1
71,742,18:02,1
71,743,18:03,2
71,744,18:04,2
71,745,18:05,2
71,746,18:06,2
71,747,18:07,2
71,748,18:08,2
71,749,18:09,2
71,750,18:10,2
71,751,18:11,2
71,752,18:12,1
71,753,18:13,1
71,754,18:14,1
71,755,18:15,0
71,756,18:16,0
71,757,18:17,0
71,758,18:18,1
71,759,18:19,1
71,760,18:20,1
71,761,18:21,1
71,762,18:22,1
71,763,18:23,1
71,764,18:24,1
71,765,18:25,1
71,766,18:26,1
71,767,18:27,1
71,768,18:28,1
71,769,18:29,1
71,770,18:30,1
71,771,18:31,1
71,772,18:32,0
71,773,18:33,0
71,774,18:34,0
71,775,18:35,1
71,776,18:36,1
71,777,18:37,1
71,778,18:38,2
71,779,18:39,2
71,780,18:40,2
71,781,18:41,2
71,782,18:42,2
71,783,18:43,2
71,784,18:44,2
71,785,18:45,2
71,786,18:46,2
71,787,18:47,2
71,788,18:48,2
71,789,18:49,2
71,790,18:50,2
71,791,18:51,2
71,792,18:52,2
71,793,18:53,1
71,794,18:54,1
71,795,18:55,1
71,796,18:56,0
71,797,18:57,0
71,798,18:58,0
71,799,18:59,1
71,800,19:00,1
71,801,19:01,1
71,802,19:02,1
71,803,19:03,1
71,804,19:04,1
71,805,19:05,1
71,806,19:06,1
71,807,19:07,1
71,808,19:08,0
71,809,19:09,0
71,810,19:10,0
71,811,19:11,0
71,812,19:12,0
71,813,19:13,0
71,814,19:14,0
71,815,19:15,0
71,816,19:16,0
71,817,19:17,0
71,818,19:18,0
71,819,19:19,0
71,820,19:20,0
71,821,19:21,0
71,822,19:22,0
71,823,19:23,0
71,824,19:24,0
71,825,19:25,0
71,826,19:26,0
71,827,19:27,0
71,828,19:28,0
71,829,19:29,0
71,830,19:30,0
71,831,19:31,0
71,832,19:32,0
71,833,19:33,0
71,834,19:34,0
71,835,19:35,0
72,0,05:40,0
72,1,05:41,0
72,2,05:42,0
72,3,05:43,0
72,4,05:44,0
72,5,05:45,0
72,6,05:46,0
72,7,05:47,0
72,8,05:48,0
72,9,05:49,0
72,10,05:50,0
72,11,05:51,0
72,12,05:52,0
72,13,05:53,0
72,14,05:54,0
72,15,05:55,0
72,16,05:56,0
72,17,05:57,0
72,18,05:58,0
72,19,05:59,0
72,20,06:00,0
72,21,06:01,0
72,22,06:02,0
72,23,06:03,0
72,24,06:04,0
72,25,06:05,0
72,26,06:06,0
72,27,06:07,0
72,28,06:08,0
72,29,06:09,0
72,30,06:10,0
72,31,06:11,0
72,32,06:12,0
72,33,06:13,0
72,34,06:14,0
72,35,06:15,0
72,36,06:16,0
72,37,06:17,0
72,38,06:18,0
72,39,06:19,0
72,40,06:20,0
72,41,06:21,0
72,42,06:22,0
72,43,06:23,0
72,44,06:24,0
72,45,06:25,0
72,46,06:26,0
72,47,06:27,0
72,48,06:28,0
72,49,06:29,0
72,50,06:30,0
72,51,06:31,0
72,52,06:32,0
72,53,06:33,0
72,54,06:34,0
72,55,06:35,0
72,56,06:36,0
72,57,06:37,0
72,58,06:38,0
72,59,06:39,0
72,60,06:40,0
72,61,06:41,0
72,62,06:42,0
72,63,06:43,0
72,64,06:44,0
72,65,06:45,0
72,66,06:46,0
72,67,06:47,0
72,68,06:48,0
72,69,06:49,0
72,70,06:50,0
72,71,06:51,0
72,72,06:52,0
72,73,06:53,0
72,74,06:54,0
72,75,06:55,0
72,76,06:56,0
72,77,06:57,0
72,78,06:58,0
72,79,06:59,0
72,80,07:00,0
72,81,07:01,0
72,82,07:02,0
72,83,07:03,0
72,84,07:04,0
72,85,07:05,0
72,86,07:06,0
72,87,07:07,0
72,88,07:08,0
72,89,07:09,0
72,90,07:10,0
72,91,07:11,0
72,92,07:12,0
72,93,07:13,0
72,94,07:14,0
72,95,07:15,0
72,96,07:16,0
72,97,07:17,0
72,98,07:18,0
72,99,07:19,0
72,100,07:20,0
72,101,07:21,0
72,102,07:22,0
72,103,07:23,0
72,104,07:24,0
72,105,07:25,0
72,106,07:26,0
72,107,07:27,0
72,108,07:28,0
72,109,07:29,0
72,110,07:30,0
72,111,07:31,0
72,112,07:32,0
72,113,07:33,0
72,114,07:34,0
72,115,07:35,0
72,116,07:36,0
72,117,07:37,0
72,118,07:38,0
72,119,07:39,0
72,120,07:40,0
72,121,07:41,0
72,122,07:42,0
72,123,07:43,0
72,124,07:44,0
72,125,07:45,0
72,126,07:46,0
72,127,07:47,0
72,128,07:48,0
72,129,07:49,0
72,130,07:50,0
72,131,07:51,0
72,132,07:52,0
72,133,07:53,0
72,134,07:54,0
72,135,07:55,0
72,136,07:56,0
72,137,07:57,0
72,138,07:58,0
72,139,07:59,0
72,140,08:00,0
72,141,08:01,0
72,142,08:02,0
72,143,08:03,0
72,144,08:04,0
72,145,08:05,0
72,146,08:06,0
72,147,08:07,0
72,148,08:08,0
72,149,08:09,0
72,150,08:10,0
72,151,08:11,0
72,152,08:12,0
72,153,08:13,0
72,154,08:14,0
72,155,08:15,0
72,156,08:16,0
72,157,08:17,0
72,158,08:18,0
72,159,08:19,0
72,160,08:20,0
72,161,08:21,0
72,162,08:22,0
72,163,08:23,1
72,164,08:24,1
72,165,08:25,1
72,166,08:26,2
72,167,08:27,2
72,168,08:28,2
72,169,08:29,2
72,170,08:30,2
72,171,08:31,2
72,172,08:32,2
72,173,08:33,2
72,174,08:34,2
72,175,08:35,2
72,176,08:36,1
72,177,08:37,1
72,178,08:38,1
72,179,08:39,0
72,180,08:40,0
72,181,08:41,0
72,182,08:42,0
72,183,08:43,0
72,184,08:44,0
72,185,08:45,0
72,186,08:46,0
72,187,08:47,0
72,188,08:48,0
72,189,08:49,0
72,190,08:50,0
72,191,08:51,0
72,192,08:52,0
72,193,08:53,0
72,194,08:54,0
72,195,08:55,0
72,196,08:56,0
72,197,08:57,0
72,198,08:58,0
72,199,08:59,0
72,200,09:00,0
72,201,09:01,0
72,202,09:02,0
72,203,09:03,0
72,204,09:04,0
72,205,09:05,0
72,206,09:06,0
72,207,09:07,0
72,208,09:08,0
72,209,09:09,0
72,210,09:10,0
72,211,09:11,0
72,212,09:12,0
72,213,09:13,0
72,214,09:14,0
72,215,09:15,0
72,216,09:16,0
72,217,09:17,0
72,218,09:18,0
72,219,09:19,0
72,220,09:20,0
72,221,09:21,0
72,222,09:22,0
72,223,09:23,0
72,224,09:24,0
72,225,09:25,0
72,226,09:26,0
72,227,09:27,0
72,228,09:28,0
72,229,09:29,0
72,230,09:30,0
72,231,09:31,0
72,232,09:32,0
72,233,09:33,0
72,234,09:34,0
72,235,09:35,0
72,236,09:36,0
72,237,09:37,0
72,238,09:38,0
72,239,09:39,0
72,240,09:40,0
72,241,09:41,0
72,242,09:42,0
72,243,09:43,0
72,244,09:44,0
72,245,09:45,0
72,246,09:46,0
72,247,09:47,0
72,248,09:48,0
72,249,09:49,0
72,250,09:50,0
72,251,09:51,0
72,252,09:52,0
72,253,09:53,0
72,254,09:54,0
72,255,09:55,0
72,256,09:56,0
72,257,09:57,0
72,258,09:58,0
72,259,09:59,0
72,260,10:00,0
72,261,10:01,0
72,262,10:02,0
72,263,10:03,0
72,264,10:04,0
72,265,10:05,0
72,266,10:06,0
72,267,10:07,0
72,268,10:08,0
72,269,10:09,0
72,270,10:10,0
72,271,10:11,0
72,272,10:12,0
72,273,10:13,0
72,274,10:14,0
72,275,10:15,0
72,276,10:16,0
72,277,10:17,0
72,278,10:18,0
72,279,10:19,0
72,280,10:20,0
72,281,10:21,0
72,282,10:22,0
72,283,10:23,0
72,284,10:24,0
72,285,10:25,0
72,286,10:26,0
72,287,10:27,0
72,288,10:28,0
72,289,10:29,0
72,290,10:30,0
72,291,10:31,0
72,292,10:32,0
72,293,10:33,0
72,294,10:34,0
72,295,10:35,0
72,296,10:36,0
72,297,10:37,0
72,298,10:38,0
72,299,10:39,0
72,300,10:40,0
72,301,10:41,0
72,302,10:42,0
72,303,10:43,0
72,304,10:44,0
72,305,10:45,0
72,306,10:46,0
72,307,10:47,0
72,308,10:48,0
72,309,10:49,0
72,310,10:50,0
72,311,10:51,0
72,312,10:52,0
72,313,10:53,0
72,314,10:54,0
72,315,10:55,0
72,316,10:56,0
72,317,10:57,0
72,318,10:58,0
72,319,10:59,0
72,320,11:00,0
72,321,11:01,0
72,322,11:02,0
72,323,11:03,0
72,324,11:04,0
72,325,11:05,0
72,326,11:06,0
72,327,11:07,0
72,328,11:08,0
72,329,11:09,0
72,330,11:10,0
72,331,11:11,0
72,332,11:12,0
72,333,11:13,0
72,334,11:14,0
72,335,11:15,0
72,336,11:16,0
72,337,11:17,0
72,338,11:18,0
72,339,11:19,0
72,340,11:20,0
72,341,11:21,0
72,342,11:22,0
72,343,11:23,0
72,344,11:24,0
72,345,11:25,0
72,346,11:26,0
72,347,11:27,0
72,348,11:28,0
72,349,11:29,0
72,350,11:30,0
72,351,11:31,0
72,352,11:32,0
72,353,11:33,0
72,354,11:34,0
72,355,11:35,0
72,356,11:36,0
72,357,11:37,0
72,358,11:38,0
72,359,11:39,0
72,360,11:40,0
72,361,11:41,0
72,362,11:42,0
72,363,11:43,0
72,364,11:44,0
72,365,11:45,0
72,366,11:46,0
72,367,11:47,0
72,368,11:48,0
72,369,11:49,0
72,370,11:50,0
72,371,11:51,0
72,372,11:52,0
72,373,11:53,0
72,374,11:54,0
72,375,11:55,0
72,376,11:56,0
72,377,11:57,0
72,378,11:58,0
72,379,11:59,0
72,380,12:00,0
72,381,12:01,0
72,382,12:02,0
72,383,12:03,0
72,384,12:04,0
72,385,12:05,0
72,386,12:06,0
72,387,12:07,0
72,388,12:08,0
72,389,12:09,0
72,390,12:10,0
72,391,12:11,0
72,392,12:12,0
72,393,12:13,0
72,394,12:14,0
72,395,12:15,0
72,396,12:16,0
72,397,12:17,0
72,398,12:18,0
72,399,12:19,0
72,400,12:20,0
72,401,12:21,0
72,402,12:22,0
72,403,12:23,0
72,404,12:24,0
72,405,12:25,0
72,406,12:26,0
72,407,12:27,0
72,408,12:28,0
72,409,12:29,0
72,410,12:30,0
72,411,12:31,0
72,412,12:32,0
72,413,12:33,0
72,414,12:34,0
72,415,12:35,0
72,416,12:36,0
72,417,12:37,0
72,418,12:38,0
72,419,12:39,0
72,420,12:40,1
72,421,12:41,1
72,422,12:42,1
72,423,12:43,1
72,424,12:44,1
72,425,12:45,1
72,426,12:46,1
72,427,12:47,1
72,428,12:48,1
72,429,12:49,1
72,430,12:50,2
72,431,12:51,2
72,432,12:52,2
72,433,12:53,2
72,434,12:54,2
72,435,12:55,2
72,436,12:56,2
72,437,12:57,2
72,438,12:58,2
72,439,12:59,2
72,440,13:00,2
72,441,13:01,2
72,442,13:02,2
72,443,13:03,2
72,444,13:04,1
72,445,13:05,1
72,446,13:06,1
72,447,13:07,0
72,448,13:08,0
72,449,13:09,0
72,450,13:10,1
72,451,13:11,1
72,452,13:12,1
72,453,13:13,1
72,454,13:14,2
72,455,13:15,2
72,456,13:16,2
72,457,13:17,2
72,458,13:18,2
72,459,13:19,2
72,460,13:20,2
72,461,13:21,2
72,462,13:22,2
72,463,13:23,2
72,464,13:24,2
72,465,13:25,2
72,466,13:26,2
72,467,13:27,1
72,468,13:28,1
72,469,13:29,1
72,470,13:30,1
72,471,13:31,1
72,472,13:32,1
72,473,13:33,1
72,474,13:34,1
72,475,13:35,1
72,476,13:36,0
72,477,13:37,0
72,478,13:38,0
72,479,13:39,1
72,480,13:40,1
72,481,13:41,1
72,482,13:42,1
72,483,13:43,1
72,484,13:44,1
72,485,13:45,1
72,486,13:46,1
72,487,13:47,1
72,488,13:48,1
72,489,13:49,1
72,490,13:50,1
72,491,13:51,1
72,492,13:52,0
72,493,13:53,0
72,494,13:54,0
72,495,13:55,0
72,496,13:56,0
72,497,13:57,0
72,498,13:58,0
72,499,13:59,0
72,500,14:00,0
72,501,14:01,0
72,502,14:02,0
72,503,14:03,0
72,504,14:04,0
72,505,14:05,0
72,506,14:06,0
72,507,14:07,0
72,508,14:08,0
72,509,14:09,0
72,510,14:10,0
72,511,14:11,0
72,512,14:12,0
72,513,14:13,0
72,514,14:14,0
72,515,14:15,0
72,516,14:16,0
72,517,14:17,0
72,518,14:18,0
72,519,14:19,0
72,520,14:20,0
72,521,14:21,0
72,522,14:22,0
72,523,14:23,0
72,524,14:24,0
72,525,14:25,0
72,526,14:26,0
72,527,14:27,0
72,528,14:28,0
72,529,14:29,0
72,530,14:30,0
72,531,14:31,0
72,532,14:32,0
72,533,14:33,0
72,534,14:34,0
72,535,14:35,0
72,536,14:36,0
72,537,14:37,0
72,538,14:38,0
72,539,14:39,0
72,540,14:40,0
72,541,14:41,0
72,542,14:42,0
72,543,14:43,0
72,544,14:44,0
72,545,14:45,0
72,546,14:46,0
72,547,14:47,0
72,548,14:48,0
72,549,14:49,0
72,550,14:50,0
72,551,14:51,0
72,552,14:52,0
72,553,14:53,0
72,554,14:54,0
72,555,14:55,0
72,556,14:56,0
72,557,14:57,0
72,558,14:58,0
72,559,14:59,0
72,560,15:00,0
72,561,15:01,0
72,562,15:02,0
72,563,15:03,0
72,564,15:04,0
72,565,15:05,0
72,566,15:06,0
72,567,15:07,0
72,568,15:08,0
72,569,15:09,0
72,570,15:10,0
72,571,15:11,0
72,572,15:12,0
72,573,15:13,0
72,574,15:14,0
72,575,15:15,0
72,576,15:16,0
72,577,15:17,0
72,578,15:18,0
72,579,15:19,0
72,580,15:20,0
72,581,15:21,0
72,582,15:22,0
72,583,15:23,0
72,584,15:24,0
72,585,15:25,0
72,586,15:26,0
72,587,15:27,0
72,588,15:28,0
72,589,15:29,0
72,590,15:30,0
72,591,15:31,0
72,592,15:32,0
72,593,15:33,0
72,594,15:34,0
72,595,15:35,0
72,596,15:36,0
72,597,15:37,0
72,598,15:38,0
72,599,15:39,0
72,600,15:40,0
72,601,15:41,0
72,602,15:42,0
72,603,15:43,0
72,604,15:44,0
72,605,15:45,0
72,606,15:46,0
72,607,15:47,1
72,608,15:48,1
72,609,15:49,1
72,610,15:50,1
72,611,15:51,1
72,612,15:52,1
72,613,15:53,1
72,614,15:54,1
72,615,15:55,1
72,616,15:56,1
72,617,15:57,1
72,618,15:58,1
72,619,15:59,1
72,620,16:00,1
72,621,16:01,1
72,622,16:02,1
72,623,16:03,1
72,624,16:04,1
72,625,16:05,1
72,626,16:06,0
72,627,16:07,0
72,628,16:08,0
72,629,16:09,0
72,630,16:10,0
72,631,16:11,0
72,632,16:12,0
72,633,16:13,0
72,634,16:14,0
72,635,16:15,0
72,636,16:16,1
72,637,16:17,1
72,638,16:18,1
72,639,16:19,1
72,640,16:20,1
72,641,16:21,1
72,642,16:22,1
72,643,16:23,1
72,644,16:24,1
72,645,16:25,1
72,646,16:26,1
72,647,16:27,1
72,648,16:28,1
72,649,16:29,1
72,650,16:30,1
72,651,16:31,1
72,652,16:32,1
72,653,16:33,1
72,654,16:34,1
72,655,16:35,1
72,656,16:36,1
72,657,16:37,1
72,658,16:38,1
72,659,16:39,1
72,660,16:40,1
72,661,16:41,1
72,662,16:42,1
72,663,16:43,1
72,664,16:44,0
72,665,16:45,0
72,666,16:46,0
72,667,16:47,0
72,668,16:48,0
72,669,16:49,0
72,670,16:50,0
72,671,16:51,0
72,672,16:52,0
72,673,16:53,0
72,674,16:54,0
72,675,16:55,0
72,676,16:56,1
72,677,16:57,1
72,678,16:58,1
72,679,16:59,1
72,680,17:00,1
72,681,17:01,1
72,682,17:02,1
72,683,17:03,1
72,684,17:04,1
72,685,17:05,1
72,686,17:06,1
72,687,17:07,1
72,688,17:08,1
72,689,17:09,1
72,690,17:10,1
72,691,17:11,1
72,692,17:12,1
72,693,17:13,0
72,694,17:14,0
72,695,17:15,0
72,696,17:16,0
72,697,17:17,0
72,698,17:18,0
72,699,17:19,0
72,700,17:20,0
72,701,17:21,0
72,702,17:22,0
72,703,17:23,0
72,704,17:24,0
72,705,17:25,0
72,706,17:26,0
72,707,17:27,0
72,708,17:28,0
72,709,17:29,0
72,710,17:30,0
72,711,17:31,0
72,712,17:32,0
72,713,17:33,0
72,714,17:34,0
72,715,17:35,0
72,716,17:36,0
72,717,17:37,0
72,718,17:38,0
72,719,17:39,0
72,720,17:40,0
72,721,17:41,0
72,722,17:42,0
72,723,17:43,0
72,724,17:44,0
72,725,17:45,0
72,726,17:46,0
72,727,17:47,0
72,728,17:48,0
72,729,17:49,0
72,730,17:50,0
72,731,17:51,0
72,732,17:52,0
72,733,17:53,0
72,734,17:54,0
72,735,17:55,0
72,736,17:56,0
72,737,17:57,0
72,738,17:58,0
72,739,17:59,0
72,740,18:00,0
72,741,18:01,0
72,742,18:02,0
72,743,18:03,0
72,744,18:04,0
72,745,18:05,0
72,746,18:06,0
72,747,18:07,1
72,748,18:08,1
72,749,18:09,1
72,750,18:10,1
72,751,18:11,1
72,752,18:12,1
72,753,18:13,1
72,754,18:14,1
72,755,18:15,1
72,756,18:16,1
72,757,18:17,1
72,758,18:18,1
72,759,18:19,1
72,760,18:20,1
72,761,18:21,1
72,762,18:22,0
72,763,18:23,0
72,764,18:24,0
72,765,18:25,0
72,766,18:26,0
72,767,18:27,0
72,768,18:28,0
72,769,18:29,0
72,770,18:30,0
72,771,18:31,1
72,772,18:32,1
72,773,18:33,1
72,774,18:34,2
72,775,18:35,2
72,776,18:36,2
72,777,18:37,2
72,778,18:38,2
72,779,18:39,2
72,780,18:40,2
72,781,18:41,2
72,782,18:42,2
72,783,18:43,2
72,784,18:44,2
72,785,18:45,1
72,786,18:46,1
72,787,18:47,1
72,788,18:48,0
72,789,18:49,0
72,790,18:50,0
72,791,18:51,0
72,792,18:52,0
72,793,18:53,0
72,794,18:54,0
72,795,18:55,0
72,796,18:56,0
72,797,18:57,0
72,798,18:58,0
72,799,18:59,0
72,800,19:00,0
72,801,19:01,0
72,802,19:02,0
72,803,19:03,0
72,804,19:04,0
72,805,19:05,0
72,806,19:06,0
72,807,19:07,0
72,808,19:08,0
72,809,19:09,0
72,810,19:10,0
72,811,19:11,0
72,812,19:12,0
72,813,19:13,0
72,814,19:14,0
72,815,19:15,0
72,816,19:16,0
72,817,19:17,0
72,818,19:18,0
72,819,19:19,0
72,820,19:20,0
72,821,19:21,0
72,822,19:22,0
72,823,19:23,0
72,824,19:24,0
72,825,19:25,0
72,826,19:26,0
72,827,19:27,0
72,828,19:28,0
72,829,19:29,0
72,830,19:30,0
72,831,19:31,0
72,832,19:32,0
72,833,19:33,0
72,834,19:34,0
72,835,19:35,0
73,0,05:40,0
73,1,05:41,0
73,2,05:42,0
73,3,05:43,0
73,4,05:44,0
73,5,05:45,0
73,6,05:46,0
73,7,05:47,0
73,8,05:48,0
73,9,05:49,0
73,10,05:50,0
73,11,05:51,0
73,12,05:52,0
73,13,05:53,0
73,14,05:54,0
73,15,05:55,0
73,16,05:56,0
73,17,05:57,0
73,18,05:58,0
73,19,05:59,0
73,20,06:00,0
73,21,06:01,0
73,22,06:02,0
73,23,06:03,0
73,24,06:04,0
73,25,06:05,0
73,26,06:06,0
73,27,06:07,0
73,28,06:08,0
73,29,06:09,0
73,30,06:10,0
73,31,06:11,0
73,32,06:12,0
73,33,06:13,0
73,34,06:14,0
73,35,06:15,0
73,36,06:16,0
73,37,06:17,0
73,38,06:18,0
73,39,06:19,0
73,40,06:20,0
73,41,06:21,0
73,42,06:22,0
73,43,06:23,0
73,44,06:24,0
73,45,06:25,0
73,46,06:26,0
73,47,06:27,0
73,48,06:28,0
73,49,06:29,0
73,50,06:30,0
73,51,06:31,0
73,52,06:32,0
73,53,06:33,0
73,54,06:34,0
73,55,06:35,0
73,56,06:36,0
73,57,06:37,0
73,58,06:38,0
73,59,06:39,0
73,60,06:40,0
73,61,06:41,0
73,62,06:42,0
73,63,06:43,0
73,64,06:44,0
73,65,06:45,0
73,66,06:46,0
73,67,06:47,0
73,68,06:48,0
73,69,06:49,0
73,70,06:50,0
73,71,06:51,0
73,72,06:52,0
73,73,06:53,0
73,74,06:54,0
73,75,06:55,0
73,76,06:56,0
73,77,06:57,0
73,78,06:58,0
73,79,06:59,0
73,80,07:00,0
73,81,07:01,0
73,82,07:02,0
73,83,07:03,0
73,84,07:04,0
73,85,07:05,0
73,86,07:06,0
73,87,07:07,0
73,88,07:08,0
73,89,07:09,0
73,90,07:10,0
73,91,07:11,0
73,92,07:12,0
73,93,07:13,0
73,94,07:14,0
73,95,07:15,0
73,96,07:16,0
73,97,07:17,0
73,98,07:18,0
73,99,07:19,0
73,100,07:20,0
73,101,07:21,0
73,102,07:22,0
73,103,07:23,0
73,104,07:24,0
73,105,07:25,0
73,106,07:26,0
73,107,07:27,0
73,108,07:28,0
73,109,07:29,0
73,110,07:30,0
73,111,07:31,0
73,112,07:32,0
73,113,07:33,0
73,114,07:34,0
73,115,07:35,0
73,116,07:36,0
73,117,07:37,0
73,118,07:38,0
73,119,07:39,0
73,120,07:40,0
73,121,07:41,0
73,122,07:42,0
73,123,07:43,0
73,124,07:44,0
73,125,07:45,0
73,126,07:46,0
73,127,07:47,0
73,128,07:48,0
73,129,07:49,0
73,130,07:50,0
73,131,07:51,0
73,132,07:52,0
73,133,07:53,0
73,134,07:54,0
73,135,07:55,0
73,136,07:56,0
73,137,07:57,0
73,138,07:58,0
73,139,07:59,0
73,140,08:00,0
73,141,08:01,0
73,142,08:02,0
73,143,08:03,0
73,144,08:04,0
73,145,08:05,0
73,146,08:06,0
73,147,08:07,0
73,148,08:08,0
73,149,08:09,0
73,150,08:10,0
73,151,08:11,0
73,152,08:12,0
73,153,08:13,0
73,154,08:14,0
73,155,08:15,0
73,156,08:16,0
73,157,08:17,0
73,158,08:18,0
73,159,08:19,0
73,160,08:20,0
73,161,08:21,0
73,162,08:22,0
73,163,08:23,0
73,164,08:24,0
73,165,08:25,0
73,166,08:26,0
73,167,08:27,0
73,168,08:28,0
73,169,08:29,0
73,170,08:30,0
73,171,08:31,0
73,172,08:32,0
73,173,08:33,0
73,174,08:34,0
73,175,08:35,0
73,176,08:36,0
73,177,08:37,0
73,178,08:38,0
73,179,08:39,0
73,180,08:40,0
73,181,08:41,0
73,182,08:42,0
73,183,08:43,0
73,184,08:44,0
73,185,08:45,0
73,186,08:46,0
73,187,08:47,0
73,188,08:48,0
73,189,08:49,0
73,190,08:50,0
73,191,08:51,0
73,192,08:52,0
73,193,08:53,0
73,194,08:54,0
73,195,08:55,0
73,196,08:56,0
73,197,08:57,0
73,198,08:58,0
73,199,08:59,0
73,200,09:00,0
73,201,09:01,0
73,202,09:02,0
73,203,09:03,0
73,204,09:04,0
73,205,09:05,0
73,206,09:06,0
73,207,09:07,0
73,208,09:08,0
73,209,09:09,0
73,210,09:10,0
73,211,09:11,0
73,212,09:12,0
73,213,09:13,0
73,214,09:14,0
73,215,09:15,0
73,216,09:16,0
73,217,09:17,0
73,218,09:18,0
73,219,09:19,0
73,220,09:20,0
73,221,09:21,0
73,222,09:22,0
73,223,09:23,0
73,224,09:24,0
73,225,09:25,0
73,226,09:26,0
73,227,09:27,0
73,228,09:28,0
73,229,09:29,0
73,230,09:30,0
73,231,09:31,0
73,232,09:32,0
73,233,09:33,0
73,234,09:34,0
73,235,09:35,0
73,236,09:36,0
73,237,09:37,0
73,238,09:38,0
73,239,09:39,0
73,240,09:40,0
73,241,09:41,0
73,242,09:42,0
73,243,09:43,0
73,244,09:44,0
73,245,09:45,0
73,246,09:46,0
73,247,09:47,0
73,248,09:48,0
73,249,09:49,0
73,250,09:50,0
73,251,09:51,0
73,252,09:52,0
73,253,09:53,0
73,254,09:54,0
73,255,09:55,0
73,256,09:56,0
73,257,09:57,0
73,258,09:58,0
73,259,09:59,0
73,260,10:00,0
73,261,10:01,0
73,262,10:02,0
73,263,10:03,0
73,264,10:04,0
73,265,10:05,0
73,266,10:06,1
73,267,10:07,1
73,268,10:08,1
73,269,10:09,1
73,270,10:10,1
73,271,10:11,1
73,272,10:12,1
73,273,10:13,1
73,274,10:14,1
73,275,10:15,1
73,276,10:16,1
73,277,10:17,1
73,278,10:18,1
73,279,10:19,1
73,280,10:20,1
73,281,10:21,1
73,282,10:22,1
73,283,10:23,1
73,284,10:24,1
73,285,10:25,1
73,286,10:26,0
73,287,10:27,0
73,288,10:28,0
73,289,10:29,0
73,290,10:30,0
73,291,10:31,0
73,292,10:32,0
73,293,10:33,0
73,294,10:34,0
73,295,10:35,0
73,296,10:36,0
73,297,10:37,0
73,298,10:38,0
73,299,10:39,0
73,300,10:40,0
73,301,10:41,0
73,302,10:42,1
73,303,10:43,1
73,304,10:44,1
73,305,10:45,2
73,306,10:46,2
73,307,10:47,2
73,308,10:48,2
73,309,10:49,2
73,310,10:50,2
73,311,10:51,2
73,312,10:52,2
73,313,10:53,2
73,314,10:54,2
73,315,10:55,2
73,316,10:56,2
73,317,10:57,2
73,318,10:58,2
73,319,10:59,2
73,320,11:00,2
73,321,11:01,2
73,322,11:02,2
73,323,11:03,1
73,324,11:04,1
73,325,11:05,1
73,326,11:06,1
73,327,11:07,1
73,328,11:08,1
73,329,11:09,1
73,330,11:10,1
73,331,11:11,1
73,332,11:12,0
73,333,11:13,0
73,334,11:14,0
73,335,11:15,0
73,336,11:16,0
73,337,11:17,0
73,338,11:18,0
73,339,11:19,0
73,340,11:20,0
73,341,11:21,0
73,342,11:22,0
73,343,11:23,0
73,344,11:24,0
73,345,11:25,0
73,346,11:26,0
73,347,11:27,0
73,348,11:28,0
73,349,11:29,0
73,350,11:30,0
73,351,11:31,0
73,352,11:32,0
73,353,11:33,0
73,354,11:34,0
73,355,11:35,0
73,356,11:36,0
73,357,11:37,0
73,358,11:38,0
73,359,11:39,0
73,360,11:40,0
73,361,11:41,0
73,362,11:42,0
73,363,11:43,0
73,364,11:44,0
73,365,11:45,0
73,366,11:46,0
73,367,11:47,0
73,368,11:48,0
73,369,11:49,0
73,370,11:50,0
73,371,11:51,0
73,372,11:52,0
73,373,11:53,0
73,374,11:54,0
73,375,11:55,0
73,376,11:56,0
73,377,11:57,0
73,378,11:58,0
73,379,11:59,0
73,380,12:00,0
73,381,12:01,0
73,382,12:02,0
73,383,12:03,0
73,384,12:04,0
73,385,12:05,0
73,386,12:06,0
73,387,12:07,0
73,388,12:08,0
73,389,12:09,0
73,390,12:10,0
73,391,12:11,0
73,392,12:12,0
73,393,12:13,0
73,394,12:14,0
73,395,12:15,0
73,396,12:16,0
73,397,12:17,0
73,398,12:18,0
73,399,12:19,0
73,400,12:20,0
73,401,12:21,0
73,402,12:22,0
73,403,12:23,0
73,404,12:24,0
73,405,12:25,0
73,406,12:26,0
73,407,12:27,0
73,408,12:28,0
73,409,12:29,0
73,410,12:30,0
73,411,12:31,0
73,412,12:32,0
73,413,12:33,0
73,414,12:34,0
73,415,12:35,0
73,416,12:36,0
73,417,12:37,0
73,418,12:38,0
73,419,12:39,0
73,420,12:40,0
73,421,12:41,0
73,422,12:42,0
73,423,12:43,0
73,424,12:44,0
73,425,12:45,0
73,426,12:46,0
73,427,12:47,0
73,428,12:48,0
73,429,12:49,0
73,430,12:50,0
73,431,12:51,0
73,432,12:52,0
73,433,12:53,0
73,434,12:54,0
73,435,12:55,0
73,436,12:56,0
73,437,12:57,0
73,438,12:58,0
73,439,12:59,0
73,440,13:00,1
73,441,13:01,1
73,442,13:02,1
73,443,13:03,1
73,444,13:04,1
73,445,13:05,1
73,446,13:06,1
73,447,13:07,1
73,448,13:08,1
73,449,13:09,1
73,450,13:10,0
73,451,13:11,0
73,452,13:12,0
73,453,13:13,0
73,454,13:14,0
73,455,13:15,0
73,456,13:16,0
73,457,13:17,0
73,458,13:18,0
73,459,13:19,1
73,460,13:20,1
73,461,13:21,1
73,462,13:22,1
73,463,13:23,1
73,464,13:24,1
73,465,13:25,1
73,466,13:26,1
73,467,13:27,1
73,468,13:28,1
73,469,13:29,1
73,470,13:30,1
73,471,13:31,1
73,472,13:32,1
73,473,13:33,1
73,474,13:34,1
73,475,13:35,0
73,476,13:36,0
73,477,13:37,0
73,478,13:38,0
73,479,13:39,0
73,480,13:40,0
73,481,13:41,0
73,482,13:42,0
73,483,13:43,0
73,484,13:44,0
73,485,13:45,0
73,486,13:46,0
73,487,13:47,0
73,488,13:48,0
73,489,13:49,0
73,490,13:50,0
73,491,13:51,0
73,492,13:52,0
73,493,13:53,0
73,494,13:54,0
73,495,13:55,0
73,496,13:56,0
73,497,13:57,0
73,498,13:58,0
73,499,13:59,0
73,500,14:00,0
73,501,14:01,0
73,502,14:02,0
73,503,14:03,0
73,504,14:04,0
73,505,14:05,1
73,506,14:06,1
73,507,14:07,1
73,508,14:08,1
73,509,14:09,2
73,510,14:10,2
73,511,14:11,2
73,512,14:12,2
73,513,14:13,2
73,514,14:14,2
73,515,14:15,2
73,516,14:16,2
73,517,14:17,2
73,518,14:18,2
73,519,14:19,1
73,520,14:20,1
73,521,14:21,1
73,522,14:22,0
73,523,14:23,0
73,524,14:24,0
73,525,14:25,0
73,526,14:26,0
73,527,14:27,0
73,528,14:28,0
73,529,14:29,0
73,530,14:30,0
73,531,14:31,0
73,532,14:32,0
73,533,14:33,0
73,534,14:34,0
73,535,14:35,0
73,536,14:36,0
73,537,14:37,0
73,538,14:38,0
73,539,14:39,0
73,540,14:40,0
73,541,14:41,0
73,542,14:42,0
73,543,14:43,0
73,544,14:44,0
73,545,14:45,0
73,546,14:46,0
73,547,14:47,0
73,548,14:48,0
73,549,14:49,0
73,550,14:50,0
73,551,14:51,0
73,552,14:52,0
73,553,14:53,0
73,554,14:54,0
73,555,14:55,0
73,556,14:56,0
73,557,14:57,0
73,558,14:58,0
73,559,14:59,0
73,560,15:00,0
73,561,15:01,0
73,562,15:02,0
73,563,15:03,0
73,564,15:04,0
73,565,15:05,0
73,566,15:06,0
73,567,15:07,0
73,568,15:08,0
73,569,15:09,0
73,570,15:10,0
73,571,15:11,0
73,572,15:12,0
73,573,15:13,0
73,574,15:14,0
73,575,15:15,0
73,576,15:16,0
73,577,15:17,0
73,578,15:18,0
73,579,15:19,0
73,580,15:20,0
73,581,15:21,0
73,582,15:22,0
73,583,15:23,0
73,584,15:24,0
73,585,15:25,0
73,586,15:26,0
73,587,15:27,0
73,588,15:28,0
73,589,15:29,0
73,590,15:30,0
73,591,15:31,0
73,592,15:32,0
73,593,15:33,0
73,594,15:34,0
73,595,15:35,0
73,596,15:36,0
73,597,15:37,0
73,598,15:38,0
73,599,15:39,0
73,600,15:40,0
73,601,15:41,0
73,602,15:42,0
73,603,15:43,0
73,604,15:44,0
73,605,15:45,0
73,606,15:46,0
73,607,15:47,0
73,608,15:48,0
73,609,15:49,0
73,610,15:50,0
73,611,15:51,0
73,612,15:52,0
73,613,15:53,0
73,614,15:54,0
73,615,15:55,0
73,616,15:56,0
73,617,15:57,0
73,618,15:58,0
73,619,15:59,0
73,620,16:00,0
73,621,16:01,0
73,622,16:02,0
73,623,16:03,0
73,624,16:04,0
73,625,16:05,0
73,626,16:06,0
73,627,16:07,0
73,628,16:08,0
73,629,16:09,0
73,630,16:10,0
73,631,16:11,0
73,632,16:12,0
73,633,16:13,0
73,634,16:14,0
73,635,16:15,0
73,636,16:16,0
73,637,16:17,0
73,638,16:18,1
73,639,16:19,1
73,640,16:20,1
73,641,16:21,1
73,642,16:22,1
73,643,16:23,1
73,644,16:24,1
73,645,16:25,1
73,646,16:26,1
73,647,16:27,1
73,648,16:28,1
73,649,16:29,1
73,650,16:30,1
73,651,16:31,1
73,652,16:32,1
73,653,16:33,1
73,654,16:34,1
73,655,16:35,1
73,656,16:36,0
73,657,16:37,0
73,658,16:38,0
73,659,16:39,0
73,660,16:40,0
73,661,16:41,0
73,662,16:42,0
73,663,16:43,0
73,664,16:44,0
73,665,16:45,0
73,666,16:46,0
73,667,16:47,1
73,668,16:48,1
73,669,16:49,1
73,670,16:50,1
73,671,16:51,1
73,672,16:52,1
73,673,16:53,1
73,674,16:54,1
73,675,16:55,1
73,676,16:56,1
73,677,16:57,1
73,678,16:58,0
73,679,16:59,0
73,680,17:00,0
73,681,17:01,0
73,682,17:02,0
73,683,17:03,0
73,684,17:04,0
73,685,17:05,0
73,686,17:06,0
73,687,17:07,0
73,688,17:08,0
73,689,17:09,1
73,690,17:10,1
73,691,17:11,1
73,692,17:12,2
73,693,17:13,2
73,694,17:14,2
73,695,17:15,2
73,696,17:16,2
73,697,17:17,2
73,698,17:18,2
73,699,17:19,2
73,700,17:20,2
73,701,17:21,2
73,702,17:22,1
73,703,17:23,1
73,704,17:24,1
73,705,17:25,0
73,706,17:26,0
73,707,17:27,0
73,708,17:28,0
73,709,17:29,0
73,710,17:30,0
73,711,17:31,0
73,712,17:32,0
73,713,17:33,0
73,714,17:34,0
73,715,17:35,0
73,716,17:36,0
73,717,17:37,0
73,718,17:38,0
73,719,17:39,0
73,720,17:40,0
73,721,17:41,0
73,722,17:42,0
73,723,17:43,0
73,724,17:44,0
73,725,17:45,0
73,726,17:46,0
73,727,17:47,0
73,728,17:48,0
73,729,17:49,0
73,730,17:50,0
73,731,17:51,0
73,732,17:52,0
73,733,17:53,0
73,734,17:54,0
73,735,17:55,0
73,736,17:56,0
73,737,17:57,0
73,738,17:58,0
73,739,17:59,0
73,740,18:00,0
73,741,18:01,0
73,742,18:02,0
73,743,18:03,0
73,744,18:04,0
73,745,18:05,0
73,746,18:06,1
73,747,18:07,1
73,748,18:08,1
73,749,18:09,1
73,750,18:10,1
73,751,18:11,1
73,752,18:12,1
73,753,18:13,1
73,754,18:14,1
73,755,18:15,1
73,756,18:16,0
73,757,18:17,0
73,758,18:18,0
73,759,18:19,0
73,760,18:20,2
73,761,18:21,2
73,762,18:22,2
73,763,18:23,2
73,764,18:24,2
73,765,18:25,2
73,766,18:26,2
73,767,18:27,2
73,768,18:28,2
73,769,18:29,2
73,770,18:30,0
73,771,18:31,0
73,772,18:32,0
73,773,18:33,0
73,774,18:34,0
73,775,18:35,0
73,776,18:36,0
73,777,18:37,0
73,778,18:38,0
73,779,18:39,0
73,780,18:40,1
73,781,18:41,1
73,782,18:42,1
73,783,18:43,2
73,784,18:44,2
73,785,18:45,2
73,786,18:46,2
73,787,18:47,2
73,788,18:48,2
73,789,18:49,2
73,790,18:50,2
73,791,18:51,2
73,792,18:52,2
73,793,18:53,1
73,794,18:54,1
73,795,18:55,1
73,796,18:56,0
73,797,18:57,0
73,798,18:58,0
73,799,18:59,0
73,800,19:00,0
73,801,19:01,0
73,802,19:02,0
73,803,19:03,0
73,804,19:04,0
73,805,19:05,1
73,806,19:06,1
73,807,19:07,1
73,808,19:08,1
73,809,19:09,1
73,810,19:10,1
73,811,19:11,1
73,812,19:12,1
73,813,19:13,1
73,814,19:14,0
73,815,19:15,0
73,816,19:16,0
73,817,19:17,0
73,818,19:18,0
73,819,19:19,0
73,820,19:20,0
73,821,19:21,0
73,822,19:22,0
73,823,19:23,0
73,824,19:24,0
73,825,19:25,0
73,826,19:26,0
73,827,19:27,0
73,828,19:28,0
73,829,19:29,0
73,830,19:30,0
73,831,19:31,0
73,832,19:32,0
73,833,19:33,0
73,834,19:34,0
73,835,19:35,0
74,0,05:40,0
74,1,05:41,0
74,2,05:42,0
74,3,05:43,0
74,4,05:44,0
74,5,05:45,0
74,6,05:46,0
74,7,05:47,0
74,8,05:48,0
74,9,05:49,0
74,10,05:50,0
74,11,05:51,0
74,12,05:52,0
74,13,05:53,0
74,14,05:54,0
74,15,05:55,0
74,16,05:56,0
74,17,05:57,0
74,18,05:58,0
74,19,05:59,0
74,20,06:00,0
74,21,06:01,0
74,22,06:02,0
74,23,06:03,0
74,24,06:04,0
74,25,06:05,0
74,26,06:06,0
74,27,06:07,0
74,28,06:08,0
74,29,06:09,0
74,30,06:10,0
74,31,06:11,0
74,32,06:12,0
74,33,06:13,0
74,34,06:14,0
74,35,06:15,0
74,36,06:16,0
74,37,06:17,0
74,38,06:18,0
74,39,06:19,0
74,40,06:20,0
74,41,06:21,0
74,42,06:22,0
74,43,06:23,0
74,44,06:24,0
74,45,06:25,0
74,46,06:26,0
74,47,06:27,0
74,48,06:28,0
74,49,06:29,0
74,50,06:30,0
74,51,06:31,0
74,52,06:32,0
74,53,06:33,0
74,54,06:34,0
74,55,06:35,0
74,56,06:36,0
74,57,06:37,0
74,58,06:38,0
74,59,06:39,0
74,60,06:40,0
74,61,06:41,0
74,62,06:42,0
74,63,06:43,0
74,64,06:44,0
74,65,06:45,0
74,66,06:46,0
74,67,06:47,0
74,68,06:48,0
74,69,06:49,0
74,70,06:50,0
74,71,06:51,0
74,72,06:52,0
74,73,06:53,0
74,74,06:54,0
74,75,06:55,0
74,76,06:56,0
74,77,06:57,0
74,78,06:58,0
74,79,06:59,0
74,80,07:00,0
74,81,07:01,0
74,82,07:02,0
74,83,07:03,0
74,84,07:04,0
74,85,07:05,0
74,86,07:06,0
74,87,07:07,0
74,88,07:08,0
74,89,07:09,0
74,90,07:10,0
74,91,07:11,0
74,92,07:12,0
74,93,07:13,0
74,94,07:14,0
74,95,07:15,0
74,96,07:16,0
74,97,07:17,0
74,98,07:18,0
74,99,07:19,0
74,100,07:20,0
74,101,07:21,0
74,102,07:22,0
74,103,07:23,0
74,104,07:24,0
74,105,07:25,0
74,106,07:26,0
74,107,07:27,0
74,108,07:28,0
74,109,07:29,0
74,110,07:30,0
74,111,07:31,0
74,112,07:32,0
74,113,07:33,0
74,114,07:34,0
74,115,07:35,0
74,116,07:36,0
74,117,07:37,0
74,118,07:38,0
74,119,07:39,0
74,120,07:40,0
74,121,07:41,0
74,122,07:42,0
74,123,07:43,0
74,124,07:44,0
74,125,07:45,0
74,126,07:46,0
74,127,07:47,0
74,128,07:48,1
74,129,07:49,1
74,130,07:50,1
74,131,07:51,1
74,132,07:52,1
74,133,07:53,1
74,134,07:54,1
74,135,07:55,1
74,136,07:56,1
74,137,07:57,1
74,138,07:58,1
74,139,07:59,1
74,140,08:00,1
74,141,08:01,0
74,142,08:02,0
74,143,08:03,0
74,144,08:04,0
74,145,08:05,0
74,146,08:06,0
74,147,08:07,0
74,148,08:08,0
74,149,08:09,0
74,150,08:10,0
74,151,08:11,1
74,152,08:12,1
74,153,08:13,1
74,154,08:14,1
74,155,08:15,1
74,156,08:16,1
74,157,08:17,1
74,158,08:18,1
74,159,08:19,1
74,160,08:20,1
74,161,08:21,1
74,162,08:22,1
74,163,08:23,1
74,164,08:24,1
74,165,08:25,1
74,166,08:26,1
74,167,08:27,0
74,168,08:28,0
74,169,08:29,0
74,170,08:30,1
74,171,08:31,1
74,172,08:32,1
74,173,08:33,1
74,174,08:34,1
74,175,08:35,1
74,176,08:36,1
74,177,08:37,1
74,178,08:38,1
74,179,08:39,1
74,180,08:40,1
74,181,08:41,1
74,182,08:42,1
74,183,08:43,1
74,184,08:44,1
74,185,08:45,1
74,186,08:46,1
74,187,08:47,1
74,188,08:48,1
74,189,08:49,1
74,190,08:50,1
74,191,08:51,0
74,192,08:52,0
74,193,08:53,0
74,194,08:54,0
74,195,08:55,0
74,196,08:56,0
74,197,08:57,0
74,198,08:58,0
74,199,08:59,0
74,200,09:00,0
74,201,09:01,0
74,202,09:02,0
74,203,09:03,0
74,204,09:04,0
74,205,09:05,0
74,206,09:06,0
74,207,09:07,0
74,208,09:08,0
74,209,09:09,0
74,210,09:10,0
74,211,09:11,0
74,212,09:12,0
74,213,09:13,0
74,214,09:14,0
74,215,09:15,0
74,216,09:16,0
74,217,09:17,0
74,218,09:18,0
74,219,09:19,0
74,220,09:20,0
74,221,09:21,0
74,222,09:22,0
74,223,09:23,0
74,224,09:24,0
74,225,09:25,0
74,226,09:26,0
74,227,09:27,0
74,228,09:28,0
74,229,09:29,0
74,230,09:30,0
74,231,09:31,0
74,232,09:32,0
74,233,09:33,0
74,234,09:34,0
74,235,09:35,0
74,236,09:36,0
74,237,09:37,0
74,238,09:38,0
74,239,09:39,0
74,240,09:40,0
74,241,09:41,0
74,242,09:42,0
74,243,09:43,0
74,244,09:44,0
74,245,09:45,0
74,246,09:46,0
74,247,09:47,0
74,248,09:48,0
74,249,09:49,0
74,250,09:50,0
74,251,09:51,0
74,252,09:52,0
74,253,09:53,0
74,254,09:54,0
74,255,09:55,0
74,256,09:56,0
74,257,09:57,0
74,258,09:58,0
74,259,09:59,0
74,260,10:00,0
74,261,10:01,0
74,262,10:02,0
74,263,10:03,0
74,264,10:04,0
74,265,10:05,0
74,266,10:06,0
74,267,10:07,0
74,268,10:08,0
74,269,10:09,0
74,270,10:10,0
74,271,10:11,0
74,272,10:12,0
74,273,10:13,0
74,274,10:14,0
74,275,10:15,0
74,276,10:16,0
74,277,10:17,0
74,278,10:18,0
74,279,10:19,0
74,280,10:20,0
74,281,10:21,0
74,282,10:22,0
74,283,10:23,0
74,284,10:24,0
74,285,10:25,0
74,286,10:26,0
74,287,10:27,0
74,288,10:28,0
74,289,10:29,0
74,290,10:30,0
74,291,10:31,0
74,292,10:32,0
74,293,10:33,0
74,294,10:34,0
74,295,10:35,0
74,296,10:36,0
74,297,10:37,0
74,298,10:38,0
74,299,10:39,0
74,300,10:40,0
74,301,10:41,0
74,302,10:42,0
74,303,10:43,1
74,304,10:44,1
74,305,10:45,1
74,306,10:46,2
74,307,10:47,2
74,308,10:48,2
74,309,10:49,2
74,310,10:50,2
74,311,10:51,2
74,312,10:52,2
74,313,10:53,2
74,314,10:54,2
74,315,10:55,3
74,316,10:56,3
74,317,10:57,3
74,318,10:58,3
74,319,10:59,3
74,320,11:00,3
74,321,11:01,3
74,322,11:02,3
74,323,11:03,3
74,324,11:04,3
74,325,11:05,3
74,326,11:06,3
74,327,11:07,3
74,328,11:08,3
74,329,11:09,3
74,330,11:10,2
74,331,11:11,2
74,332,11:12,2
74,333,11:13,1
74,334,11:14,1
74,335,11:15,1
74,336,11:16,0
74,337,11:17,0
74,338,11:18,0
74,339,11:19,0
74,340,11:20,0
74,341,11:21,0
74,342,11:22,0
74,343,11:23,0
74,344,11:24,0
74,345,11:25,0
74,346,11:26,0
74,347,11:27,0
74,348,11:28,0
74,349,11:29,0
74,350,11:30,0
74,351,11:31,0
74,352,11:32,0
74,353,11:33,0
74,354,11:34,0
74,355,11:35,0
74,356,11:36,0
74,357,11:37,0
74,358,11:38,0
74,359,11:39,0
74,360,11:40,0
74,361,11:41,0
74,362,11:42,0
74,363,11:43,0
74,364,11:44,0
74,365,11:45,0
74,366,11:46,0
74,367,11:47,0
74,368,11:48,0
74,369,11:49,0
74,370,11:50,0
74,371,11:51,0
74,372,11:52,0
74,373,11:53,0
74,374,11:54,0
74,375,11:55,0
74,376,11:56,0
74,377,11:57,0
74,378,11:58,0
74,379,11:59,0
74,380,12:00,0
74,381,12:01,0
74,382,12:02,0
74,383,12:03,0
74,384,12:04,0
74,385,12:05,0
74,386,12:06,0
74,387,12:07,0
74,388,12:08,0
74,389,12:09,0
74,390,12:10,0
74,391,12:11,0
74,392,12:12,0
74,393,12:13,0
74,394,12:14,0
74,395,12:15,0
74,396,12:16,0
74,397,12:17,0
74,398,12:18,0
74,399,12:19,0
74,400,12:20,0
74,401,12:21,0
74,402,12:22,0
74,403,12:23,0
74,404,12:24,0
74,405,12:25,0
74,406,12:26,0
74,407,12:27,0
74,408,12:28,0
74,409,12:29,0
74,410,12:30,0
74,411,12:31,0
74,412,12:32,0
74,413,12:33,0
74,414,12:34,0
74,415,12:35,0
74,416,12:36,0
74,417,12:37,0
74,418,12:38,0
74,419,12:39,0
74,420,12:40,0
74,421,12:41,0
74,422,12:42,0
74,423,12:43,0
74,424,12:44,0
74,425,12:45,0
74,426,12:46,0
74,427,12:47,0
74,428,12:48,0
74,429,12:49,0
74,430,12:50,0
74,431,12:51,0
74,432,12:52,0
74,433,12:53,0
74,434,12:54,0
74,435,12:55,0
74,436,12:56,0
74,437,12:57,0
74,438,12:58,0
74,439,12:59,0
74,440,13:00,1
74,441,13:01,1
74,442,13:02,1
74,443,13:03,1
74,444,13:04,1
74,445,13:05,1
74,446,13:06,1
74,447,13:07,1
74,448,13:08,1
74,449,13:09,1
74,450,13:10,0
74,451,13:11,0
74,452,13:12,0
74,453,13:13,1
74,454,13:14,1
74,455,13:15,1
74,456,13:16,1
74,457,13:17,1
74,458,13:18,1
74,459,13:19,1
74,460,13:20,1
74,461,13:21,1
74,462,13:22,1
74,463,13:23,1
74,464,13:24,1
74,465,13:25,1
74,466,13:26,0
74,467,13:27,0
74,468,13:28,0
74,469,13:29,0
74,470,13:30,0
74,471,13:31,0
74,472,13:32,0
74,473,13:33,0
74,474,13:34,0
74,475,13:35,0
74,476,13:36,1
74,477,13:37,1
74,478,13:38,1
74,479,13:39,1
74,480,13:40,1
74,481,13:41,1
74,482,13:42,1
74,483,13:43,1
74,484,13:44,1
74,485,13:45,1
74,486,13:46,1
74,487,13:47,1
74,488,13:48,1
74,489,13:49,1
74,490,13:50,1
74,491,13:51,1
74,492,13:52,0
74,493,13:53,0
74,494,13:54,0
74,495,13:55,0
74,496,13:56,0
74,497,13:57,0
74,498,13:58,0
74,499,13:59,0
74,500,14:00,0
74,501,14:01,0
74,502,14:02,0
74,503,14:03,0
74,504,14:04,0
74,505,14:05,0
74,506,14:06,0
74,507,14:07,0
74,508,14:08,0
74,509,14:09,0
74,510,14:10,0
74,511,14:11,0
74,512,14:12,0
74,513,14:13,1
74,514,14:14,1
74,515,14:15,1
74,516,14:16,3
74,517,14:17,3
74,518,14:18,3
74,519,14:19,3
74,520,14:20,3
74,521,14:21,3
74,522,14:22,3
74,523,14:23,3
74,524,14:24,3
74,525,14:25,3
74,526,14:26,3
74,527,14:27,3
74,528,14:28,3
74,529,14:29,3
74,530,14:30,3
74,531,14:31,3
74,532,14:32,2
74,533,14:33,2
74,534,14:34,2
74,535,14:35,0
74,536,14:36,0
74,537,14:37,0
74,538,14:38,0
74,539,14:39,0
74,540,14:40,0
74,541,14:41,0
74,542,14:42,0
74,543,14:43,0
74,544,14:44,0
74,545,14:45,0
74,546,14:46,0
74,547,14:47,0
74,548,14:48,0
74,549,14:49,0
74,550,14:50,0
74,551,14:51,0
74,552,14:52,0
74,553,14:53,0
74,554,14:54,0
74,555,14:55,0
74,556,14:56,0
74,557,14:57,0
74,558,14:58,0
74,559,14:59,0
74,560,15:00,0
74,561,15:01,0
74,562,15:02,0
74,563,15:03,0
74,564,15:04,0
74,565,15:05,0
74,566,15:06,0
74,567,15:07,0
74,568,15:08,0
74,569,15:09,0
74,570,15:10,0
74,571,15:11,0
74,572,15:12,0
74,573,15:13,0
74,574,15:14,0
74,575,15:15,0
74,576,15:16,0
74,577,15:17,0
74,578,15:18,0
74,579,15:19,0
74,580,15:20,0
74,581,15:21,0
74,582,15:22,0
74,583,15:23,0
74,584,15:24,0
74,585,15:25,0
74,586,15:26,0
74,587,15:27,0
74,588,15:28,0
74,589,15:29,0
74,590,15:30,0
74,591,15:31,0
74,592,15:32,0
74,593,15:33,0
74,594,15:34,0
74,595,15:35,0
74,596,15:36,0
74,597,15:37,0
74,598,15:38,0
74,599,15:39,0
74,600,15:40,0
74,601,15:41,0
74,602,15:42,0
74,603,15:43,0
74,604,15:44,0
74,605,15:45,0
74,606,15:46,0
74,607,15:47,0
74,608,15:48,0
74,609,15:49,0
74,610,15:50,0
74,611,15:51,0
74,612,15:52,0
74,613,15:53,0
74,614,15:54,0
74,615,15:55,0
74,616,15:56,0
74,617,15:57,0
74,618,15:58,0
74,619,15:59,0
74,620,16:00,0
74,621,16:01,0
74,622,16:02,0
74,623,16:03,0
74,624,16:04,0
74,625,16:05,0
74,626,16:06,0
74,627,16:07,0
74,628,16:08,1
74,629,16:09,1
74,630,16:10,1
74,631,16:11,1
74,632,16:12,1
74,633,16:13,1
74,634,16:14,1
74,635,16:15,1
74,636,16:16,1
74,637,16:17,1
74,638,16:18,1
74,639,16:19,0
74,640,16:20,0
74,641,16:21,0
74,642,16:22,0
74,643,16:23,0
74,644,16:24,0
74,645,16:25,0
74,646,16:26,0
74,647,16:27,0
74,648,16:28,1
74,649,16:29,1
74,650,16:30,1
74,651,16:31,1
74,652,16:32,1
74,653,16:33,1
74,654,16:34,1
74,655,16:35,1
74,656,16:36,1
74,657,16:37,1
74,658,16:38,1
74,659,16:39,1
74,660,16:40,1
74,661,16:41,1
74,662,16:42,1
74,663,16:43,1
74,664,16:44,1
74,665,16:45,1
74,666,16:46,0
74,667,16:47,0
74,668,16:48,0
74,669,16:49,0
74,670,16:50,0
74,671,16:51,0
74,672,16:52,0
74,673,16:53,0
74,674,16:54,0
74,675,16:55,0
74,676,16:56,0
74,677,16:57,0
74,678,16:58,0
74,679,16:59,0
74,680,17:00,1
74,681,17:01,1
74,682,17:02,1
74,683,17:03,2
74,684,17:04,2
74,685,17:05,2
74,686,17:06,2
74,687,17:07,2
74,688,17:08,2
74,689,17:09,2
74,690,17:10,2
74,691,17:11,2
74,692,17:12,2
74,693,17:13,2
74,694,17:14,2
74,695,17:15,2
74,696,17:16,2
74,697,17:17,2
74,698,17:18,2
74,699,17:19,2
74,700,17:20,2
74,701,17:21,1
74,702,17:22,1
74,703,17:23,1
74,704,17:24,0
74,705,17:25,0
74,706,17:26,0
74,707,17:27,1
74,708,17:28,1
74,709,17:29,1
74,710,17:30,1
74,711,17:31,1
74,712,17:32,1
74,713,17:33,1
74,714,17:34,1
74,715,17:35,1
74,716,17:36,1
74,717,17:37,0
74,718,17:38,0
74,719,17:39,0
74,720,17:40,0
74,721,17:41,2
74,722,17:42,2
74,723,17:43,2
74,724,17:44,2
74,725,17:45,2
74,726,17:46,2
74,727,17:47,2
74,728,17:48,2
74,729,17:49,2
74,730,17:50,2
74,731,17:51,2
74,732,17:52,2
74,733,17:53,2
74,734,17:54,2
74,735,17:55,2
74,736,17:56,0
74,737,17:57,0
74,738,17:58,0
74,739,17:59,0
74,740,18:00,0
74,741,18:01,0
74,742,18:02,0
74,743,18:03,0
74,744,18:04,0
74,745,18:05,0
74,746,18:06,0
74,747,18:07,0
74,748,18:08,0
74,749,18:09,0
74,750,18:10,0
74,751,18:11,0
74,752,18:12,0
74,753,18:13,0
74,754,18:14,1
74,755,18:15,1
74,756,18:16,1
74,757,18:17,1
74,758,18:18,2
74,759,18:19,2
74,760,18:20,2
74,761,18:21,2
74,762,18:22,2
74,763,18:23,2
74,764,18:24,2
74,765,18:25,2
74,766,18:26,2
74,767,18:27,2
74,768,18:28,2
74,769,18:29,2
74,770,18:30,2
74,771,18:31,2
74,772,18:32,2
74,773,18:33,2
74,774,18:34,2
74,775,18:35,2
74,776,18:36,2
74,777,18:37,2
74,778,18:38,2
74,779,18:39,2
74,780,18:40,2
74,781,18:41,2
74,782,18:42,2
74,783,18:43,2
74,784,18:44,1
74,785,18:45,1
74,786,18:46,1
74,787,18:47,0
74,788,18:48,0
74,789,18:49,0
74,790,18:50,0
74,791,18:51,0
74,792,18:52,1
74,793,18:53,1
74,794,18:54,1
74,795,18:55,2
74,796,18:56,2
74,797,18:57,2
74,798,18:58,2
74,799,18:59,2
74,800,19:00,2
74,801,19:01,2
74,802,19:02,2
74,803,19:03,2
74,804,19:04,2
74,805,19:05,2
74,806,19:06,2
74,807,19:07,2
74,808,19:08,2
74,809,19:09,2
74,810,19:10,2
74,811,19:11,2
74,812,19:12,2
74,813,19:13,1
74,814,19:14,1
74,815,19:15,1
74,816,19:16,0
74,817,19:17,0
74,818,19:18,0
74,819,19:19,0
74,820,19:20,0
74,821,19:21,0
74,822,19:22,0
74,823,19:23,0
74,824,19:24,0
74,825,19:25,0
74,826,19:26,0
74,827,19:27,0
74,828,19:28,0
74,829,19:29,0
74,830,19:30,0
74,831,19:31,0
74,832,19:32,0
74,833,19:33,0
74,834,19:34,0
74,835,19:35,0
75,0,05:40,0
75,1,05:41,0
75,2,05:42,0
75,3,05:43,0
75,4,05:44,0
75,5,05:45,0
75,6,05:46,0
75,7,05:47,0
75,8,05:48,0
75,9,05:49,0
75,10,05:50,0
75,11,05:51,0
75,12,05:52,0
75,13,05:53,0
75,14,05:54,0
75,15,05:55,0
75,16,05:56,0
75,17,05:57,0
75,18,05:58,0
75,19,05:59,0
75,20,06:00,0
75,21,06:01,0
75,22,06:02,0
75,23,06:03,0
75,24,06:04,0
75,25,06:05,0
75,26,06:06,0
75,27,06:07,0
75,28,06:08,0
75,29,06:09,0
75,30,06:10,0
75,31,06:11,0
75,32,06:12,0
75,33,06:13,0
75,34,06:14,0
75,35,06:15,0
75,36,06:16,0
75,37,06:17,0
75,38,06:18,0
75,39,06:19,0
75,40,06:20,0
75,41,06:21,0
75,42,06:22,0
75,43,06:23,0
75,44,06:24,0
75,45,06:25,0
75,46,06:26,0
75,47,06:27,0
75,48,06:28,0
75,49,06:29,0
75,50,06:30,0
75,51,06:31,0
75,52,06:32,0
75,53,06:33,0
75,54,06:34,0
75,55,06:35,0
75,56,06:36,0
75,57,06:37,0
75,58,06:38,0
75,59,06:39,0
75,60,06:40,0
75,61,06:41,0
75,62,06:42,0
75,63,06:43,0
75,64,06:44,0
75,65,06:45,0
75,66,06:46,0
75,67,06:47,0
75,68,06:48,0
75,69,06:49,0
75,70,06:50,0
75,71,06:51,0
75,72,06:52,0
75,73,06:53,0
75,74,06:54,0
75,75,06:55,0
75,76,06:56,0
75,77,06:57,0
75,78,06:58,0
75,79,06:59,0
75,80,07:00,0
75,81,07:01,0
75,82,07:02,0
75,83,07:03,0
75,84,07:04,0
75,85,07:05,0
75,86,07:06,0
75,87,07:07,0
75,88,07:08,0
75,89,07:09,0
75,90,07:10,0
75,91,07:11,0
75,92,07:12,0
75,93,07:13,0
75,94,07:14,0
75,95,07:15,0
75,96,07:16,0
75,97,07:17,0
75,98,07:18,0
75,99,07:19,0
75,100,07:20,0
75,101,07:21,0
75,102,07:22,0
75,103,07:23,0
75,104,07:24,0
75,105,07:25,0
75,106,07:26,0
75,107,07:27,0
75,108,07:28,0
75,109,07:29,0
75,110,07:30,0
75,111,07:31,0
75,112,07:32,0
75,113,07:33,0
75,114,07:34,0
75,115,07:35,0
75,116,07:36,0
75,117,07:37,0
75,118,07:38,0
75,119,07:39,0
75,120,07:40,0
75,121,07:41,1
75,122,07:42,1
75,123,07:43,1
75,124,07:44,1
75,125,07:45,1
75,126,07:46,1
75,127,07:47,1
75,128,07:48,1
75,129,07:49,1
75,130,07:50,1
75,131,07:51,0
75,132,07:52,0
75,133,07:53,0
75,134,07:54,0
75,135,07:55,0
75,136,07:56,0
75,137,07:57,0
75,138,07:58,0
75,139,07:59,0
75,140,08:00,0
75,141,08:01,0
75,142,08:02,0
75,143,08:03,0
75,144,08:04,0
75,145,08:05,0
75,146,08:06,0
75,147,08:07,0
75,148,08:08,0
75,149,08:09,0
75,150,08:10,0
75,151,08:11,0
75,152,08:12,0
75,153,08:13,0
75,154,08:14,0
75,155,08:15,0
75,156,08:16,0
75,157,08:17,0
75,158,08:18,0
75,159,08:19,0
75,160,08:20,0
75,161,08:21,0
75,162,08:22,0
75,163,08:23,0
75,164,08:24,0
75,165,08:25,0
75,166,08:26,0
75,167,08:27,0
75,168,08:28,0
75,169,08:29,0
75,170,08:30,0
75,171,08:31,0
75,172,08:32,0
75,173,08:33,0
75,174,08:34,0
75,175,08:35,0
75,176,08:36,0
75,177,08:37,0
75,178,08:38,0
75,179,08:39,0
75,180,08:40,0
75,181,08:41,0
75,182,08:42,0
75,183,08:43,0
75,184,08:44,0
75,185,08:45,0
75,186,08:46,0
75,187,08:47,0
75,188,08:48,0
75,189,08:49,0
75,190,08:50,0
75,191,08:51,0
75,192,08:52,0
75,193,08:53,0
75,194,08:54,0
75,195,08:55,0
75,196,08:56,0
75,197,08:57,0
75,198,08:58,0
75,199,08:59,0
75,200,09:00,0
75,201,09:01,0
75,202,09:02,0
75,203,09:03,0
75,204,09:04,0
75,205,09:05,0
75,206,09:06,0
75,207,09:07,0
75,208,09:08,0
75,209,09:09,0
75,210,09:10,0
75,211,09:11,0
75,212,09:12,0
75,213,09:13,0
75,214,09:14,0
75,215,09:15,0
75,216,09:16,0
75,217,09:17,0
75,218,09:18,0
75,219,09:19,0
75,220,09:20,0
75,221,09:21,0
75,222,09:22,0
75,223,09:23,0
75,224,09:24,0
75,225,09:25,0
75,226,09:26,0
75,227,09:27,0
75,228,09:28,0
75,229,09:29,0
75,230,09:30,0
75,231,09:31,0
75,232,09:32,0
75,233,09:33,0
75,234,09:34,0
75,235,09:35,0
75,236,09:36,0
75,237,09:37,0
75,238,09:38,0
75,239,09:39,0
75,240,09:40,0
75,241,09:41,0
75,242,09:42,0
75,243,09:43,0
75,244,09:44,0
75,245,09:45,0
75,246,09:46,0
75,247,09:47,0
75,248,09:48,0
75,249,09:49,0
75,250,09:50,0
75,251,09:51,0
75,252,09:52,0
75,253,09:53,0
75,254,09:54,0
75,255,09:55,0
75,256,09:56,0
75,257,09:57,0
75,258,09:58,0
75,259,09:59,0
75,260,10:00,0
75,261,10:01,0
75,262,10:02,0
75,263,10:03,0
75,264,10:04,0
75,265,10:05,0
75,266,10:06,0
75,267,10:07,0
75,268,10:08,0
75,269,10:09,0
75,270,10:10,0
75,271,10:11,0
75,272,10:12,0
75,273,10:13,0
75,274,10:14,0
75,275,10:15,0
75,276,10:16,0
75,277,10:17,0
75,278,10:18,0
75,279,10:19,0
75,280,10:20,0
75,281,10:21,0
75,282,10:22,0
75,283,10:23,0
75,284,10:24,0
75,285,10:25,0
75,286,10:26,0
75,287,10:27,0
75,288,10:28,0
75,289,10:29,0
75,290,10:30,0
75,291,10:31,0
75,292,10:32,0
75,293,10:33,0
75,294,10:34,0
75,295,10:35,0
75,296,10:36,0
75,297,10:37,0
75,298,10:38,0
75,299,10:39,0
75,300,10:40,0
75,301,10:41,0
75,302,10:42,0
75,303,10:43,0
75,304,10:44,0
75,305,10:45,0
75,306,10:46,0
75,307,10:47,0
75,308,10:48,0
75,309,10:49,0
75,310,10:50,0
75,311,10:51,0
75,312,10:52,0
75,313,10:53,0
75,314,10:54,0
75,315,10:55,0
75,316,10:56,0
75,317,10:57,0
75,318,10:58,0
75,319,10:59,0
75,320,11:00,0
75,321,11:01,0
75,322,11:02,0
75,323,11:03,0
75,324,11:04,0
75,325,11:05,0
75,326,11:06,0
75,327,11:07,0
75,328,11:08,0
75,329,11:09,0
75,330,11:10,0
75,331,11:11,0
75,332,11:12,0
75,333,11:13,0
75,334,11:14,0
75,335,11:15,0
75,336,11:16,0
75,337,11:17,0
75,338,11:18,0
75,339,11:19,0
75,340,11:20,0
75,341,11:21,0
75,342,11:22,0
75,343,11:23,0
75,344,11:24,0
75,345,11:25,0
75,346,11:26,0
75,347,11:27,0
75,348,11:28,0
75,349,11:29,0
75,350,11:30,0
75,351,11:31,0
75,352,11:32,0
75,353,11:33,0
75,354,11:34,0
75,355,11:35,0
75,356,11:36,0
75,357,11:37,0
75,358,11:38,0
75,359,11:39,0
75,360,11:40,0
75,361,11:41,0
75,362,11:42,0
75,363,11:43,0
75,364,11:44,0
75,365,11:45,0
75,366,11:46,0
75,367,11:47,0
75,368,11:48,0
75,369,11:49,0
75,370,11:50,0
75,371,11:51,0
75,372,11:52,0
75,373,11:53,0
75,374,11:54,0
75,375,11:55,0
75,376,11:56,0
75,377,11:57,0
75,378,11:58,0
75,379,11:59,0
75,380,12:00,0
75,381,12:01,0
75,382,12:02,0
75,383,12:03,0
75,384,12:04,0
75,385,12:05,0
75,386,12:06,0
75,387,12:07,0
75,388,12:08,0
75,389,12:09,0
75,390,12:10,0
75,391,12:11,0
75,392,12:12,0
75,393,12:13,0
75,394,12:14,0
75,395,12:15,0
75,396,12:16,0
75,397,12:17,0
75,398,12:18,0
75,399,12:19,0
75,400,12:20,0
75,401,12:21,0
75,402,12:22,0
75,403,12:23,0
75,404,12:24,0
75,405,12:25,0
75,406,12:26,0
75,407,12:27,0
75,408,12:28,0
75,409,12:29,0
75,410,12:30,0
75,411,12:31,0
75,412,12:32,0
75,413,12:33,0
75,414,12:34,0
75,415,12:35,0
75,416,12:36,0
75,417,12:37,0
75,418,12:38,0
75,419,12:39,0
75,420,12:40,0
75,421,12:41,0
75,422,12:42,0
75,423,12:43,0
75,424,12:44,0
75,425,12:45,0
75,426,12:46,0
75,427,12:47,0
75,428,12:48,0
75,429,12:49,0
75,430,12:50,0
75,431,12:51,0
75,432,12:52,0
75,433,12:53,0
75,434,12:54,0
75,435,12:55,0
75,436,12:56,0
75,437,12:57,0
75,438,12:58,0
75,439,12:59,0
75,440,13:00,0
75,441,13:01,0
75,442,13:02,0
75,443,13:03,0
75,444,13:04,1
75,445,13:05,1
75,446,13:06,1
75,447,13:07,1
75,448,13:08,1
75,449,13:09,1
75,450,13:10,1
75,451,13:11,1
75,452,13:12,1
75,453,13:13,1
75,454,13:14,1
75,455,13:15,1
75,456,13:16,1
75,457,13:17,1
75,458,13:18,1
75,459,13:19,1
75,460,13:20,1
75,461,13:21,1
75,462,13:22,0
75,463,13:23,0
75,464,13:24,0
75,465,13:25,1
75,466,13:26,1
75,467,13:27,1
75,468,13:28,1
75,469,13:29,1
75,470,13:30,1
75,471,13:31,1
75,472,13:32,1
75,473,13:33,1
75,474,13:34,1
75,475,13:35,1
75,476,13:36,3
75,477,13:37,3
75,478,13:38,3
75,479,13:39,3
75,480,13:40,3
75,481,13:41,3
75,482,13:42,3
75,483,13:43,3
75,484,13:44,3
75,485,13:45,3
75,486,13:46,3
75,487,13:47,3
75,488,13:48,3
75,489,13:49,3
75,490,13:50,3
75,491,13:51,2
75,492,13:52,2
75,493,13:53,2
75,494,13:54,2
75,495,13:55,2
75,496,13:56,2
75,497,13:57,2
75,498,13:58,2
75,499,13:59,2
75,500,14:00,2
75,501,14:01,0
75,502,14:02,0
75,503,14:03,0
75,504,14:04,1
75,505,14:05,1
75,506,14:06,1
75,507,14:07,1
75,508,14:08,1
75,509,14:09,1
75,510,14:10,1
75,511,14:11,1
75,512,14:12,1
75,513,14:13,1
75,514,14:14,2
75,515,14:15,2
75,516,14:16,2
75,517,14:17,2
75,518,14:18,2
75,519,14:19,2
75,520,14:20,2
75,521,14:21,2
75,522,14:22,2
75,523,14:23,2
75,524,14:24,1
75,525,14:25,1
75,526,14:26,1
75,527,14:27,1
75,528,14:28,1
75,529,14:29,1
75,530,14:30,1
75,531,14:31,1
75,532,14:32,1
75,533,14:33,1
75,534,14:34,0
75,535,14:35,0
75,536,14:36,0
75,537,14:37,0
75,538,14:38,0
75,539,14:39,0
75,540,14:40,0
75,541,14:41,0
75,542,14:42,0
75,543,14:43,0
75,544,14:44,0
75,545,14:45,0
75,546,14:46,0
75,547,14:47,0
75,548,14:48,0
75,549,14:49,0
75,550,14:50,0
75,551,14:51,0
75,552,14:52,0
75,553,14:53,0
75,554,14:54,0
75,555,14:55,0
75,556,14:56,1
75,557,14:57,1
75,558,14:58,1
75,559,14:59,1
75,560,15:00,1
75,561,15:01,1
75,562,15:02,1
75,563,15:03,1
75,564,15:04,1
75,565,15:05,1
75,566,15:06,1
75,567,15:07,1
75,568,15:08,1
75,569,15:09,1
75,570,15:10,1
75,571,15:11,1
75,572,15:12,1
75,573,15:13,1
75,574,15:14,1
75,575,15:15,1
75,576,15:16,1
75,577,15:17,1
75,578,15:18,1
75,579,15:19,1
75,580,15:20,1
75,581,15:21,1
75,582,15:22,0
75,583,15:23,0
75,584,15:24,0
75,585,15:25,0
75,586,15:26,0
75,587,15:27,0
75,588,15:28,0
75,589,15:29,0
75,590,15:30,0
75,591,15:31,0
75,592,15:32,2
75,593,15:33,2
75,594,15:34,2
75,595,15:35,2
75,596,15:36,2
75,597,15:37,3
75,598,15:38,3
75,599,15:39,3
75,600,15:40,3
75,601,15:41,3
75,602,15:42,3
75,603,15:43,3
75,604,15:44,3
75,605,15:45,3
75,606,15:46,3
75,607,15:47,3
75,608,15:48,3
75,609,15:49,3
75,610,15:50,1
75,611,15:51,1
75,612,15:52,1
75,613,15:53,0
75,614,15:54,0
75,615,15:55,0
75,616,15:56,0
75,617,15:57,0
75,618,15:58,0
75,619,15:59,0
75,620,16:00,0
75,621,16:01,0
75,622,16:02,0
75,623,16:03,0
75,624,16:04,0
75,625,16:05,0
75,626,16:06,0
75,627,16:07,1
75,628,16:08,1
75,629,16:09,1
75,630,16:10,2
75,631,16:11,2
75,632,16:12,2
75,633,16:13,2
75,634,16:14,2
75,635,16:15,2
75,636,16:16,2
75,637,16:17,2
75,638,16:18,2
75,639,16:19,2
75,640,16:20,1
75,641,16:21,1
75,642,16:22,1
75,643,16:23,0
75,644,16:24,0
75,645,16:25,0
75,646,16:26,0
75,647,16:27,0
75,648,16:28,0
75,649,16:29,0
75,650,16:30,0
75,651,16:31,0
75,652,16:32,0
75,653,16:33,0
75,654,16:34,0
75,655,16:35,0
75,656,16:36,1
75,657,16:37,1
75,658,16:38,1
75,659,16:39,1
75,660,16:40,1
75,661,16:41,1
75,662,16:42,1
75,663,16:43,1
75,664,16:44,1
75,665,16:45,1
75,666,16:46,1
75,667,16:47,1
75,668,16:48,1
75,669,16:49,1
75,670,16:50,1
75,671,16:51,1
75,672,16:52,0
75,673,16:53,0
75,674,16:54,0
75,675,16:55,0
75,676,16:56,0
75,677,16:57,0
75,678,16:58,0
75,679,16:59,0
75,680,17:00,0
75,681,17:01,0
75,682,17:02,0
75,683,17:03,0
75,684,17:04,2
75,685,17:05,2
75,686,17:06,2
75,687,17:07,4
75,688,17:08,4
75,689,17:09,4
75,690,17:10,4
75,691,17:11,4
75,692,17:12,4
75,693,17:13,4
75,694,17:14,4
75,695,17:15,4
75,696,17:16,2
75,697,17:17,2
75,698,17:18,2
75,699,17:19,0
75,700,17:20,0
75,701,17:21,0
75,702,17:22,0
75,703,17:23,0
75,704,17:24,0
75,705,17:25,0
75,706,17:26,0
75,707,17:27,0
75,708,17:28,2
75,709,17:29,2
75,710,17:30,2
75,711,17:31,4
75,712,17:32,4
75,713,17:33,4
75,714,17:34,4
75,715,17:35,4
75,716,17:36,4
75,717,17:37,4
75,718,17:38,4
75,719,17:39,4
75,720,17:40,4
75,721,17:41,2
75,722,17:42,2
75,723,17:43,2
75,724,17:44,0
75,725,17:45,0
75,726,17:46,0
75,727,17:47,1
75,728,17:48,1
75,729,17:49,1
75,730,17:50,2
75,731,17:51,2
75,732,17:52,2
75,733,17:53,2
75,734,17:54,2
75,735,17:55,2
75,736,17:56,2
75,737,17:57,2
75,738,17:58,2
75,739,17:59,2
75,740,18:00,1
75,741,18:01,1
75,742,18:02,1
75,743,18:03,0
75,744,18:04,0
75,745,18:05,0
75,746,18:06,1
75,747,18:07,1
75,748,18:08,1
75,749,18:09,2
75,750,18:10,2
75,751,18:11,2
75,752,18:12,2
75,753,18:13,2
75,754,18:14,2
75,755,18:15,2
75,756,18:16,2
75,757,18:17,2
75,758,18:18,2
75,759,18:19,1
75,760,18:20,1
75,761,18:21,1
75,762,18:22,1
75,763,18:23,1
75,764,18:24,1
75,765,18:25,1
75,766,18:26,1
75,767,18:27,1
75,768,18:28,1
75,769,18:29,1
75,770,18:30,1
75,771,18:31,1
75,772,18:32,0
75,773,18:33,0
75,774,18:34,0
75,775,18:35,0
75,776,18:36,0
75,777,18:37,0
75,778,18:38,0
75,779,18:39,0
75,780,18:40,0
75,781,18:41,0
75,782,18:42,0
75,783,18:43,0
75,784,18:44,0
75,785,18:45,0
75,786,18:46,0
75,787,18:47,0
75,788,18:48,0
75,789,18:49,0
75,790,18:50,0
75,791,18:51,0
75,792,18:52,0
75,793,18:53,0
75,794,18:54,0
75,795,18:55,0
75,796,18:56,0
75,797,18:57,1
75,798,18:58,1
75,799,18:59,1
75,800,19:00,1
75,801,19:01,1
75,802,19:02,1
75,803,19:03,1
75,804,19:04,1
75,805,19:05,1
75,806,19:06,1
75,807,19:07,1
75,808,19:08,1
75,809,19:09,1
75,810,19:10,1
75,811,19:11,0
75,812,19:12,0
75,813,19:13,0
75,814,19:14,0
75,815,19:15,0
75,816,19:16,0
75,817,19:17,0
75,818,19:18,0
75,819,19:19,0
75,820,19:20,0
75,821,19:21,0
75,822,19:22,0
75,823,19:23,0
75,824,19:24,0
75,825,19:25,0
75,826,19:26,0
75,827,19:27,0
75,828,19:28,0
75,829,19:29,0
75,830,19:30,0
75,831,19:31,0
75,832,19:32,0
75,833,19:33,0
75,834,19:34,0
75,835,19:35,0
76,0,05:40,0
76,1,05:41,0
76,2,05:42,0
76,3,05:43,0
76,4,05:44,0
76,5,05:45,0
76,6,05:46,0
76,7,05:47,0
76,8,05:48,0
76,9,05:49,0
76,10,05:50,0
76,11,05:51,0
76,12,05:52,0
76,13,05:53,0
76,14,05:54,0
76,15,05:55,0
76,16,05:56,0
76,17,05:57,0
76,18,05:58,0
76,19,05:59,0
76,20,06:00,0
76,21,06:01,0
76,22,06:02,0
76,23,06:03,0
76,24,06:04,0
76,25,06:05,0
76,26,06:06,0
76,27,06:07,0
76,28,06:08,0
76,29,06:09,0
76,30,06:10,0
76,31,06:11,0
76,32,06:12,0
76,33,06:13,0
76,34,06:14,0
76,35,06:15,0
76,36,06:16,0
76,37,06:17,0
76,38,06:18,0
76,39,06:19,0
76,40,06:20,0
76,41,06:21,0
76,42,06:22,0
76,43,06:23,0
76,44,06:24,0
76,45,06:25,0
76,46,06:26,0
76,47,06:27,0
76,48,06:28,0
76,49,06:29,0
76,50,06:30,0
76,51,06:31,0
76,52,06:32,0
76,53,06:33,0
76,54,06:34,0
76,55,06:35,0
76,56,06:36,0
76,57,06:37,0
76,58,06:38,0
76,59,06:39,0
76,60,06:40,0
76,61,06:41,0
76,62,06:42,0
76,63,06:43,0
76,64,06:44,0
76,65,06:45,0
76,66,06:46,0
76,67,06:47,0
76,68,06:48,0
76,69,06:49,0
76,70,06:50,0
76,71,06:51,0
76,72,06:52,0
76,73,06:53,0
76,74,06:54,0
76,75,06:55,0
76,76,06:56,0
76,77,06:57,0
76,78,06:58,0
76,79,06:59,0
76,80,07:00,0
76,81,07:01,0
76,82,07:02,0
76,83,07:03,0
76,84,07:04,0
76,85,07:05,0
76,86,07:06,0
76,87,07:07,0
76,88,07:08,0
76,89,07:09,0
76,90,07:10,0
76,91,07:11,0
76,92,07:12,0
76,93,07:13,0
76,94,07:14,0
76,95,07:15,0
76,96,07:16,0
76,97,07:17,0
76,98,07:18,0
76,99,07:19,0
76,100,07:20,0
76,101,07:21,0
76,102,07:22,0
76,103,07:23,0
76,104,07:24,0
76,105,07:25,0
76,106,07:26,0
76,107,07:27,0
76,108,07:28,0
76,109,07:29,0
76,110,07:30,0
76,111,07:31,0
76,112,07:32,0
76,113,07:33,0
76,114,07:34,0
76,115,07:35,0
76,116,07:36,0
76,117,07:37,0
76,118,07:38,0
76,119,07:39,0
76,120,07:40,0
76,121,07:41,0
76,122,07:42,0
76,123,07:43,0
76,124,07:44,0
76,125,07:45,0
76,126,07:46,0
76,127,07:47,0
76,128,07:48,0
76,129,07:49,0
76,130,07:50,0
76,131,07:51,0
76,132,07:52,0
76,133,07:53,0
76,134,07:54,0
76,135,07:55,0
76,136,07:56,0
76,137,07:57,0
76,138,07:58,0
76,139,07:59,0
76,140,08:00,0
76,141,08:01,1
76,142,08:02,1
76,143,08:03,1
76,144,08:04,1
76,145,08:05,1
76,146,08:06,1
76,147,08:07,1
76,148,08:08,1
76,149,08:09,1
76,150,08:10,1
76,151,08:11,0
76,152,08:12,0
76,153,08:13,0
76,154,08:14,0
76,155,08:15,0
76,156,08:16,0
76,157,08:17,0
76,158,08:18,0
76,159,08:19,0
76,160,08:20,0
76,161,08:21,0
76,162,08:22,0
76,163,08:23,0
76,164,08:24,0
76,165,08:25,0
76,166,08:26,0
76,167,08:27,0
76,168,08:28,0
76,169,08:29,0
76,170,08:30,0
76,171,08:31,0
76,172,08:32,0
76,173,08:33,0
76,174,08:34,0
76,175,08:35,0
76,176,08:36,0
76,177,08:37,0
76,178,08:38,0
76,179,08:39,0
76,180,08:40,0
76,181,08:41,0
76,182,08:42,0
76,183,08:43,0
76,184,08:44,0
76,185,08:45,0
76,186,08:46,0
76,187,08:47,0
76,188,08:48,0
76,189,08:49,0
76,190,08:50,0
76,191,08:51,0
76,192,08:52,0
76,193,08:53,0
76,194,08:54,0
76,195,08:55,0
76,196,08:56,0
76,197,08:57,0
76,198,08:58,0
76,199,08:59,0
76,200,09:00,0
76,201,09:01,0
76,202,09:02,0
76,203,09:03,0
76,204,09:04,0
76,205,09:05,0
76,206,09:06,0
76,207,09:07,0
76,208,09:08,0
76,209,09:09,0
76,210,09:10,0
76,211,09:11,0
76,212,09:12,0
76,213,09:13,0
76,214,09:14,0
76,215,09:15,0
76,216,09:16,0
76,217,09:17,0
76,218,09:18,0
76,219,09:19,0
76,220,09:20,0
76,221,09:21,0
76,222,09:22,0
76,223,09:23,0
76,224,09:24,0
76,225,09:25,0
76,226,09:26,0
76,227,09:27,0
76,228,09:28,0
76,229,09:29,0
76,230,09:30,0
76,231,09:31,0
76,232,09:32,0
76,233,09:33,0
76,234,09:34,0
76,235,09:35,0
76,236,09:36,0
76,237,09:37,0
76,238,09:38,0
76,239,09:39,0
76,240,09:40,0
76,241,09:41,0
76,242,09:42,0
76,243,09:43,0
76,244,09:44,0
76,245,09:45,0
76,246,09:46,0
76,247,09:47,0
76,248,09:48,0
76,249,09:49,0
76,250,09:50,0
76,251,09:51,0
76,252,09:52,0
76,253,09:53,0
76,254,09:54,0
76,255,09:55,0
76,256,09:56,0
76,257,09:57,0
76,258,09:58,0
76,259,09:59,0
76,260,10:00,0
76,261,10:01,0
76,262,10:02,0
76,263,10:03,0
76,264,10:04,0
76,265,10:05,0
76,266,10:06,0
76,267,10:07,0
76,268,10:08,0
76,269,10:09,0
76,270,10:10,0
76,271,10:11,0
76,272,10:12,0
76,273,10:13,0
76,274,10:14,0
76,275,10:15,0
76,276,10:16,0
76,277,10:17,0
76,278,10:18,0
76,279,10:19,0
76,280,10:20,0
76,281,10:21,0
76,282,10:22,0
76,283,10:23,0
76,284,10:24,0
76,285,10:25,0
76,286,10:26,0
76,287,10:27,0
76,288,10:28,0
76,289,10:29,0
76,290,10:30,0
76,291,10:31,0
76,292,10:32,0
76,293,10:33,0
76,294,10:34,0
76,295,10:35,0
76,296,10:36,0
76,297,10:37,0
76,298,10:38,0
76,299,10:39,0
76,300,10:40,0
76,301,10:41,0
76,302,10:42,0
76,303,10:43,0
76,304,10:44,0
76,305,10:45,0
76,306,10:46,0
76,307,10:47,0
76,308,10:48,0
76,309,10:49,0
76,310,10:50,0
76,311,10:51,0
76,312,10:52,0
76,313,10:53,0
76,314,10:54,0
76,315,10:55,0
76,316,10:56,0
76,317,10:57,0
76,318,10:58,0
76,319,10:59,0
76,320,11:00,0
76,321,11:01,0
76,322,11:02,0
76,323,11:03,0
76,324,11:04,0
76,325,11:05,0
76,326,11:06,0
76,327,11:07,0
76,328,11:08,0
76,329,11:09,0
76,330,11:10,0
76,331,11:11,0
76,332,11:12,0
76,333,11:13,0
76,334,11:14,0
76,335,11:15,0
76,336,11:16,0
76,337,11:17,0
76,338,11:18,0
76,339,11:19,0
76,340,11:20,0
76,341,11:21,0
76,342,11:22,0
76,343,11:23,0
76,344,11:24,0
76,345,11:25,0
76,346,11:26,0
76,347,11:27,0
76,348,11:28,0
76,349,11:29,0
76,350,11:30,0
76,351,11:31,0
76,352,11:32,0
76,353,11:33,0
76,354,11:34,0
76,355,11:35,0
76,356,11:36,0
76,357,11:37,0
76,358,11:38,0
76,359,11:39,0
76,360,11:40,0
76,361,11:41,0
76,362,11:42,0
76,363,11:43,0
76,364,11:44,0
76,365,11:45,0
76,366,11:46,0
76,367,11:47,0
76,368,11:48,0
76,369,11:49,0
76,370,11:50,0
76,371,11:51,0
76,372,11:52,0
76,373,11:53,0
76,374,11:54,0
76,375,11:55,0
76,376,11:56,0
76,377,11:57,0
76,378,11:58,0
76,379,11:59,0
76,380,12:00,0
76,381,12:01,0
76,382,12:02,0
76,383,12:03,0
76,384,12:04,0
76,385,12:05,0
76,386,12:06,0
76,387,12:07,0
76,388,12:08,0
76,389,12:09,0
76,390,12:10,0
76,391,12:11,0
76,392,12:12,0
76,393,12:13,0
76,394,12:14,0
76,395,12:15,0
76,396,12:16,0
76,397,12:17,0
76,398,12:18,0
76,399,12:19,0
76,400,12:20,0
76,401,12:21,0
76,402,12:22,0
76,403,12:23,0
76,404,12:24,0
76,405,12:25,0
76,406,12:26,0
76,407,12:27,0
76,408,12:28,0
76,409,12:29,0
76,410,12:30,0
76,411,12:31,0
76,412,12:32,0
76,413,12:33,0
76,414,12:34,0
76,415,12:35,0
76,416,12:36,0
76,417,12:37,0
76,418,12:38,0
76,419,12:39,0
76,420,12:40,0
76,421,12:41,0
76,422,12:42,0
76,423,12:43,0
76,424,12:44,0
76,425,12:45,0
76,426,12:46,0
76,427,12:47,0
76,428,12:48,0
76,429,12:49,0
76,430,12:50,0
76,431,12:51,0
76,432,12:52,0
76,433,12:53,0
76,434,12:54,0
76,435,12:55,0
76,436,12:56,0
76,437,12:57,0
76,438,12:58,0
76,439,12:59,0
76,440,13:00,0
76,441,13:01,0
76,442,13:02,0
76,443,13:03,0
76,444,13:04,0
76,445,13:05,0
76,446,13:06,0
76,447,13:07,0
76,448,13:08,0
76,449,13:09,0
76,450,13:10,0
76,451,13:11,0
76,452,13:12,0
76,453,13:13,0
76,454,13:14,0
76,455,13:15,0
76,456,13:16,0
76,457,13:17,0
76,458,13:18,0
76,459,13:19,0
76,460,13:20,0
76,461,13:21,0
76,462,13:22,0
76,463,13:23,0
76,464,13:24,0
76,465,13:25,0
76,466,13:26,0
76,467,13:27,0
76,468,13:28,0
76,469,13:29,0
76,470,13:30,0
76,471,13:31,0
76,472,13:32,0
76,473,13:33,0
76,474,13:34,0
76,475,13:35,0
76,476,13:36,0
76,477,13:37,0
76,478,13:38,0
76,479,13:39,0
76,480,13:40,0
76,481,13:41,0
76,482,13:42,0
76,483,13:43,0
76,484,13:44,0
76,485,13:45,0
76,486,13:46,0
76,487,13:47,0
76,488,13:48,0
76,489,13:49,0
76,490,13:50,0
76,491,13:51,0
76,492,13:52,0
76,493,13:53,0
76,494,13:54,0
76,495,13:55,0
76,496,13:56,0
76,497,13:57,0
76,498,13:58,0
76,499,13:59,0
76,500,14:00,0
76,501,14:01,0
76,502,14:02,0
76,503,14:03,0
76,504,14:04,1
76,505,14:05,1
76,506,14:06,1
76,507,14:07,1
76,508,14:08,1
76,509,14:09,1
76,510,14:10,1
76,511,14:11,1
76,512,14:12,1
76,513,14:13,0
76,514,14:14,0
76,515,14:15,0
76,516,14:16,0
76,517,14:17,0
76,518,14:18,0
76,519,14:19,0
76,520,14:20,0
76,521,14:21,0
76,522,14:22,0
76,523,14:23,0
76,524,14:24,0
76,525,14:25,0
76,526,14:26,0
76,527,14:27,0
76,528,14:28,0
76,529,14:29,0
76,530,14:30,0
76,531,14:31,0
76,532,14:32,0
76,533,14:33,0
76,534,14:34,0
76,535,14:35,0
76,536,14:36,0
76,537,14:37,0
76,538,14:38,0
76,539,14:39,0
76,540,14:40,0
76,541,14:41,0
76,542,14:42,0
76,543,14:43,0
76,544,14:44,0
76,545,14:45,0
76,546,14:46,0
76,547,14:47,0
76,548,14:48,0
76,549,14:49,0
76,550,14:50,0
76,551,14:51,0
76,552,14:52,0
76,553,14:53,0
76,554,14:54,0
76,555,14:55,1
76,556,14:56,1
76,557,14:57,1
76,558,14:58,1
76,559,14:59,2
76,560,15:00,2
76,561,15:01,2
76,562,15:02,2
76,563,15:03,2
76,564,15:04,2
76,565,15:05,2
76,566,15:06,2
76,567,15:07,2
76,568,15:08,1
76,569,15:09,1
76,570,15:10,1
76,571,15:11,1
76,572,15:12,1
76,573,15:13,1
76,574,15:14,1
76,575,15:15,1
76,576,15:16,1
76,577,15:17,0
76,578,15:18,0
76,579,15:19,0
76,580,15:20,0
76,581,15:21,0
76,582,15:22,0
76,583,15:23,0
76,584,15:24,0
76,585,15:25,0
76,586,15:26,0
76,587,15:27,0
76,588,15:28,0
76,589,15:29,0
76,590,15:30,0
76,591,15:31,0
76,592,15:32,0
76,593,15:33,0
76,594,15:34,0
76,595,15:35,0
76,596,15:36,0
76,597,15:37,0
76,598,15:38,0
76,599,15:39,0
76,600,15:40,0
76,601,15:41,0
76,602,15:42,0
76,603,15:43,0
76,604,15:44,0
76,605,15:45,0
76,606,15:46,0
76,607,15:47,0
76,608,15:48,0
76,609,15:49,0
76,610,15:50,0
76,611,15:51,0
76,612,15:52,0
76,613,15:53,0
76,614,15:54,0
76,615,15:55,0
76,616,15:56,0
76,617,15:57,0
76,618,15:58,0
76,619,15:59,0
76,620,16:00,0
76,621,16:01,0
76,622,16:02,0
76,623,16:03,0
76,624,16:04,0
76,625,16:05,0
76,626,16:06,0
76,627,16:07,1
76,628,16:08,1
76,629,16:09,1
76,630,16:10,1
76,631,16:11,1
76,632,16:12,1
76,633,16:13,1
76,634,16:14,1
76,635,16:15,1
76,636,16:16,1
76,637,16:17,3
76,638,16:18,3
76,639,16:19,3
76,640,16:20,3
76,641,16:21,3
76,642,16:22,3
76,643,16:23,3
76,644,16:24,3
76,645,16:25,3
76,646,16:26,3
76,647,16:27,3
76,648,16:28,3
76,649,16:29,3
76,650,16:30,3
76,651,16:31,3
76,652,16:32,3
76,653,16:33,3
76,654,16:34,3
76,655,16:35,2
76,656,16:36,2
76,657,16:37,2
76,658,16:38,0
76,659,16:39,0
76,660,16:40,0
76,661,16:41,1
76,662,16:42,1
76,663,16:43,1
76,664,16:44,1
76,665,16:45,1
76,666,16:46,1
76,667,16:47,1
76,668,16:48,2
76,669,16:49,2
76,670,16:50,2
76,671,16:51,2
76,672,16:52,2
76,673,16:53,2
76,674,16:54,2
76,675,16:55,2
76,676,16:56,2
76,677,16:57,2
76,678,16:58,2
76,679,16:59,2
76,680,17:00,2
76,681,17:01,2
76,682,17:02,2
76,683,17:03,2
76,684,17:04,2
76,685,17:05,2
76,686,17:06,1
76,687,17:07,1
76,688,17:08,1
76,689,17:09,1
76,690,17:10,1
76,691,17:11,1
76,692,17:12,1
76,693,17:13,1
76,694,17:14,1
76,695,17:15,1
76,696,17:16,1
76,697,17:17,1
76,698,17:18,0
76,699,17:19,0
76,700,17:20,0
76,701,17:21,2
76,702,17:22,2
76,703,17:23,2
76,704,17:24,2
76,705,17:25,2
76,706,17:26,2
76,707,17:27,2
76,708,17:28,2
76,709,17:29,2
76,710,17:30,2
76,711,17:31,0
76,712,17:32,0
76,713,17:33,0
76,714,17:34,0
76,715,17:35,0
76,716,17:36,0
76,717,17:37,2
76,718,17:38,2
76,719,17:39,2
76,720,17:40,2
76,721,17:41,2
76,722,17:42,2
76,723,17:43,2
76,724,17:44,2
76,725,17:45,2
76,726,17:46,2
76,727,17:47,2
76,728,17:48,2
76,729,17:49,2
76,730,17:50,0
76,731,17:51,0
76,732,17:52,0
76,733,17:53,3
76,734,17:54,3
76,735,17:55,3
76,736,17:56,3
76,737,17:57,3
76,738,17:58,3
76,739,17:59,3
76,740,18:00,3
76,741,18:01,3
76,742,18:02,3
76,743,18:03,3
76,744,18:04,3
76,745,18:05,3
76,746,18:06,3
76,747,18:07,3
76,748,18:08,0
76,749,18:09,0
76,750,18:10,0
76,751,18:11,0
76,752,18:12,0
76,753,18:13,0
76,754,18:14,0
76,755,18:15,0
76,756,18:16,0
76,757,18:17,0
76,758,18:18,0
76,759,18:19,0
76,760,18:20,0
76,761,18:21,0
76,762,18:22,0
76,763,18:23,0
76,764,18:24,0
76,765,18:25,0
76,766,18:26,0
76,767,18:27,1
76,768,18:28,1
76,769,18:29,1
76,770,18:30,1
76,771,18:31,1
76,772,18:32,1
76,773,18:33,1
76,774,18:34,1
76,775,18:35,1
76,776,18:36,1
76,777,18:37,0
76,778,18:38,0
76,779,18:39,0
76,780,18:40,1
76,781,18:41,1
76,782,18:42,1
76,783,18:43,1
76,784,18:44,1
76,785,18:45,1
76,786,18:46,1
76,787,18:47,1
76,788,18:48,1
76,789,18:49,1
76,790,18:50,1
76,791,18:51,0
76,792,18:52,0
76,793,18:53,0
76,794,18:54,0
76,795,18:55,0
76,796,18:56,0
76,797,18:57,0
76,798,18:58,0
76,799,18:59,0
76,800,19:00,0
76,801,19:01,0
76,802,19:02,0
76,803,19:03,0
76,804,19:04,0
76,805,19:05,0
76,806,19:06,1
76,807,19:07,1
76,808,19:08,1
76,809,19:09,1
76,810,19:10,1
76,811,19:11,1
76,812,19:12,1
76,813,19:13,1
76,814,19:14,1
76,815,19:15,1
76,816,19:16,0
76,817,19:17,0
76,818,19:18,0
76,819,19:19,0
76,820,19:20,0
76,821,19:21,0
76,822,19:22,0
76,823,19:23,0
76,824,19:24,0
76,825,19:25,0
76,826,19:26,0
76,827,19:27,0
76,828,19:28,0
76,829,19:29,0
76,830,19:30,0
76,831,19:31,0
76,832,19:32,0
76,833,19:33,0
76,834,19:34,0
76,835,19:35,0
77,0,05:40,0
77,1,05:41,0
77,2,05:42,0
77,3,05:43,0
77,4,05:44,0
77,5,05:45,0
77,6,05:46,0
77,7,05:47,0
77,8,05:48,0
77,9,05:49,0
77,10,05:50,0
77,11,05:51,0
77,12,05:52,0
77,13,05:53,0
77,14,05:54,0
77,15,05:55,0
77,16,05:56,0
77,17,05:57,0
77,18,05:58,0
77,19,05:59,0
77,20,06:00,0
77,21,06:01,0
77,22,06:02,0
77,23,06:03,0
77,24,06:04,0
77,25,06:05,0
77,26,06:06,0
77,27,06:07,0
77,28,06:08,0
77,29,06:09,0
77,30,06:10,0
77,31,06:11,0
77,32,06:12,0
77,33,06:13,0
77,34,06:14,0
77,35,06:15,0
77,36,06:16,0
77,37,06:17,0
77,38,06:18,0
77,39,06:19,0
77,40,06:20,0
77,41,06:21,0
77,42,06:22,0
77,43,06:23,0
77,44,06:24,0
77,45,06:25,0
77,46,06:26,0
77,47,06:27,0
77,48,06:28,0
77,49,06:29,0
77,50,06:30,0
77,51,06:31,0
77,52,06:32,0
77,53,06:33,0
77,54,06:34,0
77,55,06:35,0
77,56,06:36,0
77,57,06:37,0
77,58,06:38,0
77,59,06:39,0
77,60,06:40,0
77,61,06:41,0
77,62,06:42,0
77,63,06:43,0
77,64,06:44,0
77,65,06:45,0
77,66,06:46,0
77,67,06:47,0
77,68,06:48,0
77,69,06:49,0
77,70,06:50,0
77,71,06:51,0
77,72,06:52,0
77,73,06:53,0
77,74,06:54,0
77,75,06:55,0
77,76,06:56,0
77,77,06:57,0
77,78,06:58,0
77,79,06:59,0
77,80,07:00,0
77,81,07:01,0
77,82,07:02,0
77,83,07:03,0
77,84,07:04,0
77,85,07:05,0
77,86,07:06,0
77,87,07:07,0
77,88,07:08,0
77,89,07:09,0
77,90,07:10,0
77,91,07:11,0
77,92,07:12,0
77,93,07:13,0
77,94,07:14,0
77,95,07:15,0
77,96,07:16,0
77,97,07:17,0
77,98,07:18,0
77,99,07:19,0
77,100,07:20,0
77,101,07:21,0
77,102,07:22,0
77,103,07:23,0
77,104,07:24,0
77,105,07:25,0
77,106,07:26,0
77,107,07:27,0
77,108,07:28,0
77,109,07:29,0
77,110,07:30,0
77,111,07:31,0
77,112,07:32,0
77,113,07:33,0
77,114,07:34,0
77,115,07:35,0
77,116,07:36,0
77,117,07:37,0
77,118,07:38,0
77,119,07:39,0
77,120,07:40,0
77,121,07:41,0
77,122,07:42,0
77,123,07:43,0
77,124,07:44,0
77,125,07:45,0
77,126,07:46,0
77,127,07:47,0
77,128,07:48,0
77,129,07:49,0
77,130,07:50,0
77,131,07:51,0
77,132,07:52,0
77,133,07:53,0
77,134,07:54,0
77,135,07:55,0
77,136,07:56,0
77,137,07:57,0
77,138,07:58,0
77,139,07:59,0
77,140,08:00,0
77,141,08:01,0
77,142,08:02,0
77,143,08:03,0
77,144,08:04,0
77,145,08:05,0
77,146,08:06,0
77,147,08:07,0
77,148,08:08,0
77,149,08:09,0
77,150,08:10,0
77,151,08:11,0
77,152,08:12,0
77,153,08:13,0
77,154,08:14,0
77,155,08:15,0
77,156,08:16,0
77,157,08:17,0
77,158,08:18,0
77,159,08:19,0
77,160,08:20,0
77,161,08:21,0
77,162,08:22,0
77,163,08:23,0
77,164,08:24,0
77,165,08:25,0
77,166,08:26,0
77,167,08:27,0
77,168,08:28,0
77,169,08:29,0
77,170,08:30,0
77,171,08:31,0
77,172,08:32,0
77,173,08:33,0
77,174,08:34,0
77,175,08:35,0
77,176,08:36,1
77,177,08:37,1
77,178,08:38,1
77,179,08:39,2
77,180,08:40,2
77,181,08:41,2
77,182,08:42,2
77,183,08:43,2
77,184,08:44,2
77,185,08:45,2
77,186,08:46,2
77,187,08:47,2
77,188,08:48,2
77,189,08:49,2
77,190,08:50,2
77,191,08:51,2
77,192,08:52,2
77,193,08:53,1
77,194,08:54,1
77,195,08:55,1
77,196,08:56,1
77,197,08:57,1
77,198,08:58,1
77,199,08:59,1
77,200,09:00,1
77,201,09:01,1
77,202,09:02,0
77,203,09:03,0
77,204,09:04,0
77,205,09:05,0
77,206,09:06,0
77,207,09:07,0
77,208,09:08,0
77,209,09:09,0
77,210,09:10,0
77,211,09:11,0
77,212,09:12,0
77,213,09:13,0
77,214,09:14,0
77,215,09:15,1
77,216,09:16,1
77,217,09:17,1
77,218,09:18,1
77,219,09:19,1
77,220,09:20,1
77,221,09:21,1
77,222,09:22,1
77,223,09:23,1
77,224,09:24,1
77,225,09:25,1
77,226,09:26,1
77,227,09:27,1
77,228,09:28,1
77,229,09:29,1
77,230,09:30,1
77,231,09:31,1
77,232,09:32,1
77,233,09:33,1
77,234,09:34,1
77,235,09:35,1
77,236,09:36,1
77,237,09:37,0
77,238,09:38,0
77,239,09:39,0
77,240,09:40,0
77,241,09:41,0
77,242,09:42,0
77,243,09:43,0
77,244,09:44,0
77,245,09:45,0
77,246,09:46,0
77,247,09:47,0
77,248,09:48,0
77,249,09:49,0
77,250,09:50,0
77,251,09:51,0
77,252,09:52,0
77,253,09:53,0
77,254,09:54,0
77,255,09:55,0
77,256,09:56,0
77,257,09:57,0
77,258,09:58,0
77,259,09:59,0
77,260,10:00,0
77,261,10:01,0
77,262,10:02,0
77,263,10:03,0
77,264,10:04,0
77,265,10:05,0
77,266,10:06,0
77,267,10:07,0
77,268,10:08,0
77,269,10:09,0
77,270,10:10,0
77,271,10:11,0
77,272,10:12,0
77,273,10:13,0
77,274,10:14,0
77,275,10:15,0
77,276,10:16,0
77,277,10:17,0
77,278,10:18,0
77,279,10:19,0
77,280,10:20,0
77,281,10:21,0
77,282,10:22,0
77,283,10:23,0
77,284,10:24,0
77,285,10:25,0
77,286,10:26,1
77,287,10:27,1
77,288,10:28,1
77,289,10:29,1
77,290,10:30,1
77,291,10:31,1
77,292,10:32,1
77,293,10:33,2
77,294,10:34,2
77,295,10:35,2
77,296,10:36,3
77,297,10:37,3
77,298,10:38,3
77,299,10:39,3
77,300,10:40,3
77,301,10:41,3
77,302,10:42,3
77,303,10:43,3
77,304,10:44,3
77,305,10:45,3
77,306,10:46,3
77,307,10:47,3
77,308,10:48,3
77,309,10:49,3
77,310,10:50,2
77,311,10:51,2
77,312,10:52,2
77,313,10:53,1
77,314,10:54,1
77,315,10:55,1
77,316,10:56,1
77,317,10:57,1
77,318,10:58,1
77,319,10:59,1
77,320,11:00,1
77,321,11:01,1
77,322,11:02,1
77,323,11:03,0
77,324,11:04,0
77,325,11:05,0
77,326,11:06,1
77,327,11:07,1
77,328,11:08,1
77,329,11:09,1
77,330,11:10,1
77,331,11:11,1
77,332,11:12,1
77,333,11:13,1
77,334,11:14,1
77,335,11:15,1
77,336,11:16,1
77,337,11:17,1
77,338,11:18,1
77,339,11:19,1
77,340,11:20,1
77,341,11:21,1
77,342,11:22,1
77,343,11:23,1
77,344,11:24,1
77,345,11:25,1
77,346,11:26,1
77,347,11:27,1
77,348,11:28,1
77,349,11:29,0
77,350,11:30,0
77,351,11:31,0
77,352,11:32,1
77,353,11:33,1
77,354,11:34,1
77,355,11:35,2
77,356,11:36,2
77,357,11:37,2
77,358,11:38,2
77,359,11:39,2
77,360,11:40,2
77,361,11:41,2
77,362,11:42,2
77,363,11:43,2
77,364,11:44,2
77,365,11:45,2
77,366,11:46,2
77,367,11:47,2
77,368,11:48,2
77,369,11:49,1
77,370,11:50,1
77,371,11:51,1
77,372,11:52,1
77,373,11:53,1
77,374,11:54,1
77,375,11:55,1
77,376,11:56,1
77,377,11:57,1
77,378,11:58,1
77,379,11:59,0
77,380,12:00,0
77,381,12:01,0
77,382,12:02,0
77,383,12:03,0
77,384,12:04,0
77,385,12:05,0
77,386,12:06,0
77,387,12:07,0
77,388,12:08,0
77,389,12:09,0
77,390,12:10,0
77,391,12:11,0
77,392,12:12,0
77,393,12:13,0
77,394,12:14,0
77,395,12:15,0
77,396,12:16,0
77,397,12:17,0
77,398,12:18,0
77,399,12:19,0
77,400,12:20,1
77,401,12:21,1
77,402,12:22,1
77,403,12:23,1
77,404,12:24,1
77,405,12:25,1
77,406,12:26,1
77,407,12:27,1
77,408,12:28,1
77,409,12:29,1
77,410,12:30,1
77,411,12:31,1
77,412,12:32,1
77,413,12:33,1
77,414,12:34,0
77,415,12:35,0
77,416,12:36,0
77,417,12:37,0
77,418,12:38,0
77,419,12:39,0
77,420,12:40,0
77,421,12:41,0
77,422,12:42,0
77,423,12:43,0
77,424,12:44,0
77,425,12:45,0
77,426,12:46,0
77,427,12:47,0
77,428,12:48,0
77,429,12:49,0
77,430,12:50,0
77,431,12:51,0
77,432,12:52,0
77,433,12:53,0
77,434,12:54,0
77,435,12:55,0
77,436,12:56,0
77,437,12:57,0
77,438,12:58,0
77,439,12:59,0
77,440,13:00,0
77,441,13:01,0
77,442,13:02,0
77,443,13:03,0
77,444,13:04,0
77,445,13:05,0
77,446,13:06,0
77,447,13:07,0
77,448,13:08,0
77,449,13:09,0
77,450,13:10,0
77,451,13:11,0
77,452,13:12,0
77,453,13:13,0
77,454,13:14,0
77,455,13:15,0
77,456,13:16,0
77,457,13:17,0
77,458,13:18,0
77,459,13:19,0
77,460,13:20,0
77,461,13:21,0
77,462,13:22,0
77,463,13:23,0
77,464,13:24,0
77,465,13:25,0
77,466,13:26,0
77,467,13:27,0
77,468,13:28,0
77,469,13:29,0
77,470,13:30,0
77,471,13:31,0
77,472,13:32,0
77,473,13:33,0
77,474,13:34,0
77,475,13:35,0
77,476,13:36,0
77,477,13:37,0
77,478,13:38,0
77,479,13:39,0
77,480,13:40,0
77,481,13:41,0
77,482,13:42,0
77,483,13:43,0
77,484,13:44,0
77,485,13:45,0
77,486,13:46,0
77,487,13:47,0
77,488,13:48,0
77,489,13:49,0
77,490,13:50,0
77,491,13:51,0
77,492,13:52,0
77,493,13:53,0
77,494,13:54,0
77,495,13:55,0
77,496,13:56,0
77,497,13:57,0
77,498,13:58,0
77,499,13:59,0
77,500,14:00,0
77,501,14:01,0
77,502,14:02,0
77,503,14:03,0
77,504,14:04,0
77,505,14:05,0
77,506,14:06,0
77,507,14:07,0
77,508,14:08,0
77,509,14:09,0
77,510,14:10,0
77,511,14:11,0
77,512,14:12,0
77,513,14:13,0
77,514,14:14,0
77,515,14:15,0
77,516,14:16,0
77,517,14:17,0
77,518,14:18,0
77,519,14:19,0
77,520,14:20,0
77,521,14:21,0
77,522,14:22,0
77,523,14:23,0
77,524,14:24,0
77,525,14:25,0
77,526,14:26,0
77,527,14:27,0
77,528,14:28,0
77,529,14:29,0
77,530,14:30,0
77,531,14:31,0
77,532,14:32,0
77,533,14:33,0
77,534,14:34,0
77,535,14:35,0
77,536,14:36,0
77,537,14:37,0
77,538,14:38,0
77,539,14:39,0
77,540,14:40,1
77,541,14:41,1
77,542,14:42,1
77,543,14:43,1
77,544,14:44,1
77,545,14:45,1
77,546,14:46,1
77,547,14:47,1
77,548,14:48,1
77,549,14:49,1
77,550,14:50,1
77,551,14:51,1
77,552,14:52,1
77,553,14:53,1
77,554,14:54,1
77,555,14:55,1
77,556,14:56,1
77,557,14:57,1
77,558,14:58,2
77,559,14:59,2
77,560,15:00,2
77,561,15:01,1
77,562,15:02,1
77,563,15:03,1
77,564,15:04,1
77,565,15:05,1
77,566,15:06,1
77,567,15:07,1
77,568,15:08,1
77,569,15:09,1
77,570,15:10,1
77,571,15:11,1
77,572,15:12,1
77,573,15:13,1
77,574,15:14,1
77,575,15:15,1
77,576,15:16,1
77,577,15:17,1
77,578,15:18,1
77,579,15:19,0
77,580,15:20,0
77,581,15:21,0
77,582,15:22,0
77,583,15:23,0
77,584,15:24,0
77,585,15:25,0
77,586,15:26,0
77,587,15:27,0
77,588,15:28,0
77,589,15:29,0
77,590,15:30,0
77,591,15:31,0
77,592,15:32,0
77,593,15:33,0
77,594,15:34,0
77,595,15:35,0
77,596,15:36,0
77,597,15:37,0
77,598,15:38,0
77,599,15:39,0
77,600,15:40,0
77,601,15:41,0
77,602,15:42,0
77,603,15:43,0
77,604,15:44,0
77,605,15:45,0
77,606,15:46,0
77,607,15:47,0
77,608,15:48,0
77,609,15:49,0
77,610,15:50,0
77,611,15:51,0
77,612,15:52,0
77,613,15:53,0
77,614,15:54,0
77,615,15:55,0
77,616,15:56,0
77,617,15:57,0
77,618,15:58,0
77,619,15:59,0
77,620,16:00,0
77,621,16:01,0
77,622,16:02,0
77,623,16:03,0
77,624,16:04,0
77,625,16:05,0
77,626,16:06,0
77,627,16:07,0
77,628,16:08,1
77,629,16:09,1
77,630,16:10,1
77,631,16:11,1
77,632,16:12,1
77,633,16:13,1
77,634,16:14,1
77,635,16:15,1
77,636,16:16,1
77,637,16:17,1
77,638,16:18,1
77,639,16:19,1
77,640,16:20,1
77,641,16:21,1
77,642,16:22,1
77,643,16:23,1
77,644,16:24,1
77,645,16:25,1
77,646,16:26,1
77,647,16:27,1
77,648,16:28,1
77,649,16:29,1
77,650,16:30,1
77,651,16:31,1
77,652,16:32,1
77,653,16:33,0
77,654,16:34,0
77,655,16:35,0
77,656,16:36,1
77,657,16:37,1
77,658,16:38,1
77,659,16:39,2
77,660,16:40,2
77,661,16:41,2
77,662,16:42,2
77,663,16:43,2
77,664,16:44,2
77,665,16:45,2
77,666,16:46,2
77,667,16:47,2
77,668,16:48,2
77,669,16:49,2
77,670,16:50,2
77,671,16:51,2
77,672,16:52,2
77,673,16:53,2
77,674,16:54,2
77,675,16:55,2
77,676,16:56,2
77,677,16:57,1
77,678,16:58,1
77,679,16:59,1
77,680,17:00,0
77,681,17:01,0
77,682,17:02,0
77,683,17:03,0
77,684,17:04,0
77,685,17:05,0
77,686,17:06,0
77,687,17:07,0
77,688,17:08,0
77,689,17:09,0
77,690,17:10,0
77,691,17:11,0
77,692,17:12,0
77,693,17:13,0
77,694,17:14,0
77,695,17:15,0
77,696,17:16,0
77,697,17:17,0
77,698,17:18,0
77,699,17:19,0
77,700,17:20,2
77,701,17:21,2
77,702,17:22,2
77,703,17:23,4
77,704,17:24,4
77,705,17:25,4
77,706,17:26,4
77,707,17:27,4
77,708,17:28,4
77,709,17:29,4
77,710,17:30,4
77,711,17:31,4
77,712,17:32,4
77,713,17:33,4
77,714,17:34,2
77,715,17:35,2
77,716,17:36,2
77,717,17:37,0
77,718,17:38,0
77,719,17:39,0
77,720,17:40,0
77,721,17:41,0
77,722,17:42,0
77,723,17:43,0
77,724,17:44,0
77,725,17:45,0
77,726,17:46,0
77,727,17:47,0
77,728,17:48,0
77,729,17:49,0
77,730,17:50,0
77,731,17:51,0
77,732,17:52,0
77,733,17:53,0
77,734,17:54,0
77,735,17:55,0
77,736,17:56,0
77,737,17:57,0
77,738,17:58,0
77,739,17:59,0
77,740,18:00,0
77,741,18:01,0
77,742,18:02,0
77,743,18:03,0
77,744,18:04,0
77,745,18:05,0
77,746,18:06,0
77,747,18:07,1
77,748,18:08,1
77,749,18:09,1
77,750,18:10,1
77,751,18:11,1
77,752,18:12,1
77,753,18:13,1
77,754,18:14,1
77,755,18:15,1
77,756,18:16,1
77,757,18:17,1
77,758,18:18,1
77,759,18:19,1
77,760,18:20,1
77,761,18:21,1
77,762,18:22,0
77,763,18:23,0
77,764,18:24,0
77,765,18:25,0
77,766,18:26,0
77,767,18:27,0
77,768,18:28,0
77,769,18:29,0
77,770,18:30,0
77,771,18:31,0
77,772,18:32,0
77,773,18:33,0
77,774,18:34,0
77,775,18:35,0
77,776,18:36,0
77,777,18:37,0
77,778,18:38,0
77,779,18:39,0
77,780,18:40,0
77,781,18:41,0
77,782,18:42,0
77,783,18:43,0
77,784,18:44,0
77,785,18:45,0
77,786,18:46,0
77,787,18:47,1
77,788,18:48,1
77,789,18:49,1
77,790,18:50,1
77,791,18:51,1
77,792,18:52,1
77,793,18:53,1
77,794,18:54,1
77,795,18:55,1
77,796,18:56,0
77,797,18:57,0
77,798,18:58,0
77,799,18:59,0
77,800,19:00,0
77,801,19:01,0
77,802,19:02,0
77,803,19:03,0
77,804,19:04,0
77,805,19:05,0
77,806,19:06,0
77,807,19:07,0
77,808,19:08,0
77,809,19:09,0
77,810,19:10,0
77,811,19:11,0
77,812,19:12,0
77,813,19:13,0
77,814,19:14,0
77,815,19:15,0
77,816,19:16,0
77,817,19:17,0
77,818,19:18,0
77,819,19:19,0
77,820,19:20,0
77,821,19:21,0
77,822,19:22,0
77,823,19:23,0
77,824,19:24,0
77,825,19:25,0
77,826,19:26,0
77,827,19:27,0
77,828,19:28,0
77,829,19:29,0
77,830,19:30,0
77,831,19:31,0
77,832,19:32,0
77,833,19:33,0
77,834,19:34,0
77,835,19:35,0
78,0,05:40,0
78,1,05:41,0
78,2,05:42,0
78,3,05:43,0
78,4,05:44,0
78,5,05:45,0
78,6,05:46,0
78,7,05:47,0
78,8,05:48,0
78,9,05:49,0
78,10,05:50,0
78,11,05:51,0
78,12,05:52,0
78,13,05:53,0
78,14,05:54,0
78,15,05:55,0
78,16,05:56,0
78,17,05:57,0
78,18,05:58,0
78,19,05:59,0
78,20,06:00,0
78,21,06:01,0
78,22,06:02,0
78,23,06:03,0
78,24,06:04,0
78,25,06:05,0
78,26,06:06,0
78,27,06:07,0
78,28,06:08,0
78,29,06:09,0
78,30,06:10,0
78,31,06:11,0
78,32,06:12,0
78,33,06:13,0
78,34,06:14,0
78,35,06:15,0
78,36,06:16,0
78,37,06:17,0
78,38,06:18,0
78,39,06:19,0
78,40,06:20,0
78,41,06:21,0
78,42,06:22,0
78,43,06:23,0
78,44,06:24,0
78,45,06:25,0
78,46,06:26,0
78,47,06:27,0
78,48,06:28,0
78,49,06:29,0
78,50,06:30,0
78,51,06:31,0
78,52,06:32,0
78,53,06:33,0
78,54,06:34,0
78,55,06:35,0
78,56,06:36,0
78,57,06:37,0
78,58,06:38,0
78,59,06:39,0
78,60,06:40,0
78,61,06:41,0
78,62,06:42,0
78,63,06:43,0
78,64,06:44,0
78,65,06:45,0
78,66,06:46,0
78,67,06:47,0
78,68,06:48,0
78,69,06:49,0
78,70,06:50,0
78,71,06:51,0
78,72,06:52,0
78,73,06:53,0
78,74,06:54,0
78,75,06:55,0
78,76,06:56,0
78,77,06:57,0
78,78,06:58,0
78,79,06:59,0
78,80,07:00,0
78,81,07:01,0
78,82,07:02,0
78,83,07:03,0
78,84,07:04,0
78,85,07:05,0
78,86,07:06,0
78,87,07:07,0
78,88,07:08,0
78,89,07:09,0
78,90,07:10,0
78,91,07:11,0
78,92,07:12,0
78,93,07:13,0
78,94,07:14,0
78,95,07:15,0
78,96,07:16,0
78,97,07:17,0
78,98,07:18,0
78,99,07:19,0
78,100,07:20,0
78,101,07:21,0
78,102,07:22,0
78,103,07:23,0
78,104,07:24,0
78,105,07:25,0
78,106,07:26,0
78,107,07:27,0
78,108,07:28,0
78,109,07:29,0
78,110,07:30,0
78,111,07:31,0
78,112,07:32,0
78,113,07:33,0
78,114,07:34,0
78,115,07:35,0
78,116,07:36,0
78,117,07:37,0
78,118,07:38,0
78,119,07:39,0
78,120,07:40,0
78,121,07:41,0
78,122,07:42,0
78,123,07:43,0
78,124,07:44,0
78,125,07:45,0
78,126,07:46,0
78,127,07:47,0
78,128,07:48,0
78,129,07:49,0
78,130,07:50,0
78,131,07:51,0
78,132,07:52,0
78,133,07:53,0
78,134,07:54,0
78,135,07:55,0
78,136,07:56,0
78,137,07:57,0
78,138,07:58,0
78,139,07:59,0
78,140,08:00,0
78,141,08:01,0
78,142,08:02,0
78,143,08:03,0
78,144,08:04,0
78,145,08:05,0
78,146,08:06,0
78,147,08:07,0
78,148,08:08,0
78,149,08:09,0
78,150,08:10,0
78,151,08:11,0
78,152,08:12,0
78,153,08:13,0
78,154,08:14,0
78,155,08:15,0
78,156,08:16,0
78,157,08:17,0
78,158,08:18,0
78,159,08:19,0
78,160,08:20,0
78,161,08:21,0
78,162,08:22,0
78,163,08:23,0
78,164,08:24,0
78,165,08:25,0
78,166,08:26,0
78,167,08:27,0
78,168,08:28,0
78,169,08:29,0
78,170,08:30,0
78,171,08:31,0
78,172,08:32,0
78,173,08:33,0
78,174,08:34,0
78,175,08:35,0
78,176,08:36,0
78,177,08:37,0
78,178,08:38,0
78,179,08:39,0
78,180,08:40,0
78,181,08:41,0
78,182,08:42,0
78,183,08:43,0
78,184,08:44,0
78,185,08:45,0
78,186,08:46,0
78,187,08:47,0
78,188,08:48,0
78,189,08:49,0
78,190,08:50,0
78,191,08:51,0
78,192,08:52,0
78,193,08:53,0
78,194,08:54,0
78,195,08:55,0
78,196,08:56,0
78,197,08:57,0
78,198,08:58,0
78,199,08:59,0
78,200,09:00,0
78,201,09:01,0
78,202,09:02,0
78,203,09:03,0
78,204,09:04,0
78,205,09:05,0
78,206,09:06,0
78,207,09:07,0
78,208,09:08,0
78,209,09:09,0
78,210,09:10,0
78,211,09:11,0
78,212,09:12,0
78,213,09:13,0
78,214,09:14,0
78,215,09:15,0
78,216,09:16,0
78,217,09:17,0
78,218,09:18,0
78,219,09:19,0
78,220,09:20,0
78,221,09:21,0
78,222,09:22,0
78,223,09:23,0
78,224,09:24,0
78,225,09:25,0
78,226,09:26,0
78,227,09:27,0
78,228,09:28,0
78,229,09:29,0
78,230,09:30,0
78,231,09:31,0
78,232,09:32,0
78,233,09:33,0
78,234,09:34,0
78,235,09:35,0
78,236,09:36,0
78,237,09:37,0
78,238,09:38,0
78,239,09:39,0
78,240,09:40,0
78,241,09:41,0
78,242,09:42,0
78,243,09:43,0
78,244,09:44,0
78,245,09:45,0
78,246,09:46,0
78,247,09:47,0
78,248,09:48,0
78,249,09:49,0
78,250,09:50,0
78,251,09:51,0
78,252,09:52,0
78,253,09:53,0
78,254,09:54,0
78,255,09:55,0
78,256,09:56,0
78,257,09:57,0
78,258,09:58,0
78,259,09:59,0
78,260,10:00,0
78,261,10:01,0
78,262,10:02,0
78,263,10:03,0
78,264,10:04,0
78,265,10:05,0
78,266,10:06,0
78,267,10:07,1
78,268,10:08,1
78,269,10:09,1
78,270,10:10,1
78,271,10:11,1
78,272,10:12,2
78,273,10:13,2
78,274,10:14,2
78,275,10:15,2
78,276,10:16,2
78,277,10:17,2
78,278,10:18,2
78,279,10:19,2
78,280,10:20,2
78,281,10:21,2
78,282,10:22,2
78,283,10:23,2
78,284,10:24,2
78,285,10:25,2
78,286,10:26,2
78,287,10:27,2
78,288,10:28,2
78,289,10:29,2
78,290,10:30,2
78,291,10:31,2
78,292,10:32,1
78,293,10:33,1
78,294,10:34,1
78,295,10:35,0
78,296,10:36,0
78,297,10:37,0
78,298,10:38,1
78,299,10:39,1
78,300,10:40,1
78,301,10:41,1
78,302,10:42,1
78,303,10:43,1
78,304,10:44,1
78,305,10:45,1
78,306,10:46,1
78,307,10:47,1
78,308,10:48,1
78,309,10:49,1
78,310,10:50,1
78,311,10:51,1
78,312,10:52,1
78,313,10:53,0
78,314,10:54,0
78,315,10:55,0
78,316,10:56,0
78,317,10:57,0
78,318,10:58,0
78,319,10:59,0
78,320,11:00,0
78,321,11:01,0
78,322,11:02,0
78,323,11:03,0
78,324,11:04,0
78,325,11:05,0
78,326,11:06,0
78,327,11:07,0
78,328,11:08,0
78,329,11:09,0
78,330,11:10,0
78,331,11:11,0
78,332,11:12,0
78,333,11:13,0
78,334,11:14,0
78,335,11:15,0
78,336,11:16,0
78,337,11:17,0
78,338,11:18,0
78,339,11:19,0
78,340,11:20,0
78,341,11:21,0
78,342,11:22,0
78,343,11:23,0
78,344,11:24,0
78,345,11:25,0
78,346,11:26,0
78,347,11:27,0
78,348,11:28,0
78,349,11:29,0
78,350,11:30,0
78,351,11:31,0
78,352,11:32,0
78,353,11:33,0
78,354,11:34,0
78,355,11:35,0
78,356,11:36,0
78,357,11:37,0
78,358,11:38,0
78,359,11:39,0
78,360,11:40,0
78,361,11:41,0
78,362,11:42,0
78,363,11:43,0
78,364,11:44,0
78,365,11:45,0
78,366,11:46,0
78,367,11:47,0
78,368,11:48,0
78,369,11:49,0
78,370,11:50,0
78,371,11:51,0
78,372,11:52,0
78,373,11:53,0
78,374,11:54,0
78,375,11:55,0
78,376,11:56,0
78,377,11:57,0
78,378,11:58,0
78,379,11:59,0
78,380,12:00,1
78,381,12:01,1
78,382,12:02,1
78,383,12:03,2
78,384,12:04,2
78,385,12:05,2
78,386,12:06,2
78,387,12:07,2
78,388,12:08,2
78,389,12:09,2
78,390,12:10,2
78,391,12:11,2
78,392,12:12,2
78,393,12:13,1
78,394,12:14,1
78,395,12:15,1
78,396,12:16,1
78,397,12:17,1
78,398,12:18,1
78,399,12:19,1
78,400,12:20,1
78,401,12:21,1
78,402,12:22,1
78,403,12:23,0
78,404,12:24,0
78,405,12:25,0
78,406,12:26,0
78,407,12:27,0
78,408,12:28,0
78,409,12:29,0
78,410,12:30,0
78,411,12:31,0
78,412,12:32,0
78,413,12:33,0
78,414,12:34,0
78,415,12:35,0
78,416,12:36,0
78,417,12:37,0
78,418,12:38,0
78,419,12:39,0
78,420,12:40,0
78,421,12:41,0
78,422,12:42,0
78,423,12:43,0
78,424,12:44,0
78,425,12:45,0
78,426,12:46,0
78,427,12:47,0
78,428,12:48,0
78,429,12:49,0
78,430,12:50,0
78,431,12:51,0
78,432,12:52,0
78,433,12:53,0
78,434,12:54,0
78,435,12:55,0
78,436,12:56,0
78,437,12:57,0
78,438,12:58,0
78,439,12:59,0
78,440,13:00,0
78,441,13:01,0
78,442,13:02,0
78,443,13:03,0
78,444,13:04,0
78,445,13:05,0
78,446,13:06,0
78,447,13:07,0
78,448,13:08,0
78,449,13:09,0
78,450,13:10,0
78,451,13:11,0
78,452,13:12,0
78,453,13:13,0
78,454,13:14,0
78,455,13:15,0
78,456,13:16,0
78,457,13:17,0
78,458,13:18,0
78,459,13:19,0
78,460,13:20,0
78,461,13:21,0
78,462,13:22,0
78,463,13:23,0
78,464,13:24,0
78,465,13:25,0
78,466,13:26,0
78,467,13:27,0
78,468,13:28,0
78,469,13:29,0
78,470,13:30,0
78,471,13:31,0
78,472,13:32,0
78,473,13:33,0
78,474,13:34,0
78,475,13:35,0
78,476,13:36,0
78,477,13:37,0
78,478,13:38,0
78,479,13:39,0
78,480,13:40,0
78,481,13:41,0
78,482,13:42,0
78,483,13:43,0
78,484,13:44,0
78,485,13:45,0
78,486,13:46,0
78,487,13:47,0
78,488,13:48,0
78,489,13:49,0
78,490,13:50,0
78,491,13:51,0
78,492,13:52,0
78,493,13:53,0
78,494,13:54,0
78,495,13:55,0
78,496,13:56,0
78,497,13:57,0
78,498,13:58,0
78,499,13:59,0
78,500,14:00,0
78,501,14:01,0
78,502,14:02,0
78,503,14:03,0
78,504,14:04,0
78,505,14:05,0
78,506,14:06,0
78,507,14:07,1
78,508,14:08,1
78,509,14:09,1
78,510,14:10,1
78,511,14:11,2
78,512,14:12,2
78,513,14:13,2
78,514,14:14,2
78,515,14:15,2
78,516,14:16,2
78,517,14:17,2
78,518,14:18,2
78,519,14:19,2
78,520,14:20,2
78,521,14:21,2
78,522,14:22,2
78,523,14:23,2
78,524,14:24,2
78,525,14:25,2
78,526,14:26,2
78,527,14:27,2
78,528,14:28,2
78,529,14:29,2
78,530,14:30,2
78,531,14:31,2
78,532,14:32,2
78,533,14:33,1
78,534,14:34,1
78,535,14:35,1
78,536,14:36,0
78,537,14:37,0
78,538,14:38,0
78,539,14:39,1
78,540,14:40,1
78,541,14:41,1
78,542,14:42,1
78,543,14:43,1
78,544,14:44,1
78,545,14:45,1
78,546,14:46,1
78,547,14:47,1
78,548,14:48,1
78,549,14:49,1
78,550,14:50,1
78,551,14:51,1
78,552,14:52,1
78,553,14:53,1
78,554,14:54,1
78,555,14:55,1
78,556,14:56,1
78,557,14:57,1
78,558,14:58,0
78,559,14:59,0
78,560,15:00,0
78,561,15:01,1
78,562,15:02,1
78,563,15:03,1
78,564,15:04,1
78,565,15:05,1
78,566,15:06,1
78,567,15:07,1
78,568,15:08,2
78,569,15:09,2
78,570,15:10,2
78,571,15:11,2
78,572,15:12,2
78,573,15:13,2
78,574,15:14,2
78,575,15:15,2
78,576,15:16,2
78,577,15:17,1
78,578,15:18,1
78,579,15:19,1
78,580,15:20,0
78,581,15:21,0
78,582,15:22,0
78,583,15:23,0
78,584,15:24,0
78,585,15:25,0
78,586,15:26,1
78,587,15:27,1
78,588,15:28,1
78,589,15:29,1
78,590,15:30,1
78,591,15:31,1
78,592,15:32,1
78,593,15:33,1
78,594,15:34,1
78,595,15:35,1
78,596,15:36,1
78,597,15:37,1
78,598,15:38,1
78,599,15:39,1
78,600,15:40,1
78,601,15:41,1
78,602,15:42,1
78,603,15:43,1
78,604,15:44,0
78,605,15:45,0
78,606,15:46,0
78,607,15:47,0
78,608,15:48,0
78,609,15:49,0
78,610,15:50,0
78,611,15:51,0
78,612,15:52,0
78,613,15:53,0
78,614,15:54,0
78,615,15:55,0
78,616,15:56,0
78,617,15:57,0
78,618,15:58,0
78,619,15:59,0
78,620,16:00,0
78,621,16:01,0
78,622,16:02,0
78,623,16:03,0
78,624,16:04,0
78,625,16:05,0
78,626,16:06,0
78,627,16:07,0
78,628,16:08,0
78,629,16:09,0
78,630,16:10,0
78,631,16:11,0
78,632,16:12,0
78,633,16:13,0
78,634,16:14,0
78,635,16:15,0
78,636,16:16,0
78,637,16:17,0
78,638,16:18,0
78,639,16:19,0
78,640,16:20,0
78,641,16:21,0
78,642,16:22,0
78,643,16:23,0
78,644,16:24,0
78,645,16:25,0
78,646,16:26,1
78,647,16:27,1
78,648,16:28,1
78,649,16:29,1
78,650,16:30,1
78,651,16:31,1
78,652,16:32,1
78,653,16:33,1
78,654,16:34,1
78,655,16:35,1
78,656,16:36,1
78,657,16:37,1
78,658,16:38,1
78,659,16:39,1
78,660,16:40,1
78,661,16:41,1
78,662,16:42,1
78,663,16:43,0
78,664,16:44,0
78,665,16:45,0
78,666,16:46,0
78,667,16:47,0
78,668,16:48,0
78,669,16:49,0
78,670,16:50,0
78,671,16:51,0
78,672,16:52,0
78,673,16:53,0
78,674,16:54,0
78,675,16:55,0
78,676,16:56,0
78,677,16:57,0
78,678,16:58,0
78,679,16:59,0
78,680,17:00,0
78,681,17:01,0
78,682,17:02,0
78,683,17:03,0
78,684,17:04,1
78,685,17:05,1
78,686,17:06,1
78,687,17:07,3
78,688,17:08,3
78,689,17:09,3
78,690,17:10,3
78,691,17:11,3
78,692,17:12,3
78,693,17:13,3
78,694,17:14,3
78,695,17:15,3
78,696,17:16,3
78,697,17:17,3
78,698,17:18,1
78,699,17:19,1
78,700,17:20,1
78,701,17:21,0
78,702,17:22,0
78,703,17:23,0
78,704,17:24,0
78,705,17:25,0
78,706,17:26,0
78,707,17:27,0
78,708,17:28,0
78,709,17:29,0
78,710,17:30,0
78,711,17:31,0
78,712,17:32,0
78,713,17:33,0
78,714,17:34,0
78,715,17:35,0
78,716,17:36,0
78,717,17:37,0
78,718,17:38,0
78,719,17:39,0
78,720,17:40,0
78,721,17:41,0
78,722,17:42,0
78,723,17:43,0
78,724,17:44,0
78,725,17:45,0
78,726,17:46,0
78,727,17:47,0
78,728,17:48,0
78,729,17:49,0
78,730,17:50,0
78,731,17:51,0
78,732,17:52,0
78,733,17:53,0
78,734,17:54,0
78,735,17:55,0
78,736,17:56,0
78,737,17:57,0
78,738,17:58,0
78,739,17:59,0
78,740,18:00,0
78,741,18:01,0
78,742,18:02,0
78,743,18:03,0
78,744,18:04,0
78,745,18:05,0
78,746,18:06,0
78,747,18:07,0
78,748,18:08,1
78,749,18:09,1
78,750,18:10,1
78,751,18:11,1
78,752,18:12,1
78,753,18:13,1
78,754,18:14,1
78,755,18:15,1
78,756,18:16,1
78,757,18:17,1
78,758,18:18,1
78,759,18:19,1
78,760,18:20,1
78,761,18:21,1
78,762,18:22,1
78,763,18:23,1
78,764,18:24,1
78,765,18:25,1
78,766,18:26,0
78,767,18:27,0
78,768,18:28,0
78,769,18:29,1
78,770,18:30,1
78,771,18:31,1
78,772,18:32,1
78,773,18:33,1
78,774,18:34,1
78,775,18:35,1
78,776,18:36,1
78,777,18:37,1
78,778,18:38,1
78,779,18:39,1
78,780,18:40,1
78,781,18:41,1
78,782,18:42,1
78,783,18:43,1
78,784,18:44,0
78,785,18:45,0
78,786,18:46,0
78,787,18:47,1
78,788,18:48,1
78,789,18:49,1
78,790,18:50,2
78,791,18:51,2
78,792,18:52,2
78,793,18:53,2
78,794,18:54,2
78,795,18:55,2
78,796,18:56,2
78,797,18:57,2
78,798,18:58,2
78,799,18:59,2
78,800,19:00,1
78,801,19:01,1
78,802,19:02,1
78,803,19:03,0
78,804,19:04,0
78,805,19:05,0
78,806,19:06,0
78,807,19:07,0
78,808,19:08,0
78,809,19:09,0
78,810,19:10,0
78,811,19:11,0
78,812,19:12,0
78,813,19:13,0
78,814,19:14,0
78,815,19:15,0
78,816,19:16,0
78,817,19:17,0
78,818,19:18,0
78,819,19:19,0
78,820,19:20,0
78,821,19:21,0
78,822,19:22,0
78,823,19:23,0
78,824,19:24,0
78,825,19:25,0
78,826,19:26,0
78,827,19:27,0
78,828,19:28,0
78,829,19:29,0
78,830,19:30,0
78,831,19:31,0
78,832,19:32,0
78,833,19:33,0
78,834,19:34,0
78,835,19:35,0
79,0,05:40,0
79,1,05:41,0
79,2,05:42,0
79,3,05:43,0
79,4,05:44,0
79,5,05:45,0
79,6,05:46,0
79,7,05:47,0
79,8,05:48,0
79,9,05:49,0
79,10,05:50,0
79,11,05:51,0
79,12,05:52,0
79,13,05:53,0
79,14,05:54,0
79,15,05:55,0
79,16,05:56,0
79,17,05:57,0
79,18,05:58,0
79,19,05:59,0
79,20,06:00,0
79,21,06:01,0
79,22,06:02,0
79,23,06:03,0
79,24,06:04,0
79,25,06:05,0
79,26,06:06,0
79,27,06:07,0
79,28,06:08,0
79,29,06:09,0
79,30,06:10,0
79,31,06:11,0
79,32,06:12,0
79,33,06:13,0
79,34,06:14,0
79,35,06:15,0
79,36,06:16,0
79,37,06:17,0
79,38,06:18,0
79,39,06:19,0
79,40,06:20,0
79,41,06:21,0
79,42,06:22,0
79,43,06:23,0
79,44,06:24,0
79,45,06:25,0
79,46,06:26,0
79,47,06:27,0
79,48,06:28,0
79,49,06:29,0
79,50,06:30,0
79,51,06:31,0
79,52,06:32,0
79,53,06:33,0
79,54,06:34,0
79,55,06:35,0
79,56,06:36,0
79,57,06:37,0
79,58,06:38,0
79,59,06:39,0
79,60,06:40,0
79,61,06:41,0
79,62,06:42,0
79,63,06:43,0
79,64,06:44,0
79,65,06:45,0
79,66,06:46,0
79,67,06:47,0
79,68,06:48,0
79,69,06:49,0
79,70,06:50,0
79,71,06:51,0
79,72,06:52,0
79,73,06:53,0
79,74,06:54,0
79,75,06:55,0
79,76,06:56,0
79,77,06:57,0
79,78,06:58,0
79,79,06:59,0
79,80,07:00,0
79,81,07:01,0
79,82,07:02,0
79,83,07:03,0
79,84,07:04,0
79,85,07:05,0
79,86,07:06,0
79,87,07:07,0
79,88,07:08,0
79,89,07:09,0
79,90,07:10,0
79,91,07:11,0
79,92,07:12,0
79,93,07:13,0
79,94,07:14,0
79,95,07:15,0
79,96,07:16,0
79,97,07:17,0
79,98,07:18,0
79,99,07:19,0
79,100,07:20,0
79,101,07:21,0
79,102,07:22,0
79,103,07:23,0
79,104,07:24,0
79,105,07:25,0
79,106,07:26,0
79,107,07:27,0
79,108,07:28,0
79,109,07:29,0
79,110,07:30,0
79,111,07:31,0
79,112,07:32,0
79,113,07:33,0
79,114,07:34,0
79,115,07:35,0
79,116,07:36,0
79,117,07:37,0
79,118,07:38,0
79,119,07:39,0
79,120,07:40,0
79,121,07:41,0
79,122,07:42,0
79,123,07:43,0
79,124,07:44,0
79,125,07:45,0
79,126,07:46,0
79,127,07:47,0
79,128,07:48,0
79,129,07:49,0
79,130,07:50,0
79,131,07:51,0
79,132,07:52,0
79,133,07:53,0
79,134,07:54,0
79,135,07:55,0
79,136,07:56,0
79,137,07:57,0
79,138,07:58,0
79,139,07:59,0
79,140,08:00,0
79,141,08:01,0
79,142,08:02,0
79,143,08:03,0
79,144,08:04,0
79,145,08:05,0
79,146,08:06,0
79,147,08:07,0
79,148,08:08,0
79,149,08:09,0
79,150,08:10,0
79,151,08:11,0
79,152,08:12,0
79,153,08:13,0
79,154,08:14,0
79,155,08:15,0
79,156,08:16,0
79,157,08:17,0
79,158,08:18,0
79,159,08:19,0
79,160,08:20,0
79,161,08:21,0
79,162,08:22,0
79,163,08:23,0
79,164,08:24,0
79,165,08:25,0
79,166,08:26,0
79,167,08:27,0
79,168,08:28,0
79,169,08:29,0
79,170,08:30,0
79,171,08:31,0
79,172,08:32,0
79,173,08:33,0
79,174,08:34,0
79,175,08:35,0
79,176,08:36,0
79,177,08:37,0
79,178,08:38,0
79,179,08:39,0
79,180,08:40,0
79,181,08:41,0
79,182,08:42,0
79,183,08:43,0
79,184,08:44,0
79,185,08:45,0
79,186,08:46,0
79,187,08:47,0
79,188,08:48,0
79,189,08:49,0
79,190,08:50,0
79,191,08:51,0
79,192,08:52,0
79,193,08:53,0
79,194,08:54,0
79,195,08:55,0
79,196,08:56,0
79,197,08:57,0
79,198,08:58,0
79,199,08:59,0
79,200,09:00,0
79,201,09:01,0
79,202,09:02,0
79,203,09:03,0
79,204,09:04,0
79,205,09:05,0
79,206,09:06,0
79,207,09:07,0
79,208,09:08,0
79,209,09:09,0
79,210,09:10,0
79,211,09:11,0
79,212,09:12,0
79,213,09:13,0
79,214,09:14,0
79,215,09:15,0
79,216,09:16,0
79,217,09:17,0
79,218,09:18,0
79,219,09:19,0
79,220,09:20,0
79,221,09:21,1
79,222,09:22,1
79,223,09:23,1
79,224,09:24,1
79,225,09:25,1
79,226,09:26,1
79,227,09:27,1
79,228,09:28,1
79,229,09:29,1
79,230,09:30,1
79,231,09:31,1
79,232,09:32,1
79,233,09:33,1
79,234,09:34,1
79,235,09:35,1
79,236,09:36,1
79,237,09:37,1
79,238,09:38,1
79,239,09:39,1
79,240,09:40,1
79,241,09:41,1
79,242,09:42,1
79,243,09:43,1
79,244,09:44,1
79,245,09:45,1
79,246,09:46,1
79,247,09:47,1
79,248,09:48,1
79,249,09:49,0
79,250,09:50,0
79,251,09:51,0
79,252,09:52,0
79,253,09:53,0
79,254,09:54,0
79,255,09:55,0
79,256,09:56,0
79,257,09:57,0
79,258,09:58,0
79,259,09:59,0
79,260,10:00,0
79,261,10:01,0
79,262,10:02,0
79,263,10:03,0
79,264,10:04,0
79,265,10:05,0
79,266,10:06,0
79,267,10:07,0
79,268,10:08,0
79,269,10:09,0
79,270,10:10,0
79,271,10:11,0
79,272,10:12,0
79,273,10:13,0
79,274,10:14,0
79,275,10:15,0
79,276,10:16,0
79,277,10:17,0
79,278,10:18,0
79,279,10:19,0
79,280,10:20,0
79,281,10:21,0
79,282,10:22,0
79,283,10:23,0
79,284,10:24,0
79,285,10:25,0
79,286,10:26,0
79,287,10:27,0
79,288,10:28,0
79,289,10:29,0
79,290,10:30,0
79,291,10:31,0
79,292,10:32,0
79,293,10:33,0
79,294,10:34,0
79,295,10:35,0
79,296,10:36,0
79,297,10:37,0
79,298,10:38,0
79,299,10:39,0
79,300,10:40,0
79,301,10:41,0
79,302,10:42,0
79,303,10:43,0
79,304,10:44,0
79,305,10:45,0
79,306,10:46,0
79,307,10:47,0
79,308,10:48,0
79,309,10:49,0
79,310,10:50,0
79,311,10:51,0
79,312,10:52,0
79,313,10:53,0
79,314,10:54,0
79,315,10:55,0
79,316,10:56,0
79,317,10:57,0
79,318,10:58,0
79,319,10:59,0
79,320,11:00,0
79,321,11:01,0
79,322,11:02,0
79,323,11:03,0
79,324,11:04,0
79,325,11:05,0
79,326,11:06,0
79,327,11:07,0
79,328,11:08,0
79,329,11:09,0
79,330,11:10,0
79,331,11:11,0
79,332,11:12,0
79,333,11:13,0
79,334,11:14,0
79,335,11:15,0
79,336,11:16,0
79,337,11:17,0
79,338,11:18,0
79,339,11:19,0
79,340,11:20,0
79,341,11:21,0
79,342,11:22,0
79,343,11:23,0
79,344,11:24,0
79,345,11:25,0
79,346,11:26,0
79,347,11:27,0
79,348,11:28,0
79,349,11:29,0
79,350,11:30,0
79,351,11:31,0
79,352,11:32,0
79,353,11:33,0
79,354,11:34,0
79,355,11:35,0
79,356,11:36,0
79,357,11:37,0
79,358,11:38,0
79,359,11:39,0
79,360,11:40,0
79,361,11:41,0
79,362,11:42,0
79,363,11:43,0
79,364,11:44,0
79,365,11:45,0
79,366,11:46,0
79,367,11:47,0
79,368,11:48,0
79,369,11:49,0
79,370,11:50,0
79,371,11:51,0
79,372,11:52,0
79,373,11:53,0
79,374,11:54,0
79,375,11:55,0
79,376,11:56,0
79,377,11:57,0
79,378,11:58,0
79,379,11:59,0
79,380,12:00,0
79,381,12:01,0
79,382,12:02,0
79,383,12:03,0
79,384,12:04,0
79,385,12:05,0
79,386,12:06,0
79,387,12:07,0
79,388,12:08,0
79,389,12:09,0
79,390,12:10,0
79,391,12:11,0
79,392,12:12,0
79,393,12:13,0
79,394,12:14,0
79,395,12:15,0
79,396,12:16,0
79,397,12:17,0
79,398,12:18,0
79,399,12:19,0
79,400,12:20,0
79,401,12:21,0
79,402,12:22,0
79,403,12:23,0
79,404,12:24,0
79,405,12:25,0
79,406,12:26,0
79,407,12:27,0
79,408,12:28,0
79,409,12:29,0
79,410,12:30,0
79,411,12:31,0
79,412,12:32,0
79,413,12:33,0
79,414,12:34,0
79,415,12:35,0
79,416,12:36,0
79,417,12:37,0
79,418,12:38,0
79,419,12:39,0
79,420,12:40,0
79,421,12:41,0
79,422,12:42,0
79,423,12:43,0
79,424,12:44,0
79,425,12:45,0
79,426,12:46,0
79,427,12:47,0
79,428,12:48,0
79,429,12:49,0
79,430,12:50,0
79,431,12:51,0
79,432,12:52,0
79,433,12:53,0
79,434,12:54,0
79,435,12:55,0
79,436,12:56,0
79,437,12:57,0
79,438,12:58,0
79,439,12:59,0
79,440,13:00,0
79,441,13:01,0
79,442,13:02,0
79,443,13:03,0
79,444,13:04,0
79,445,13:05,0
79,446,13:06,0
79,447,13:07,0
79,448,13:08,0
79,449,13:09,0
79,450,13:10,0
79,451,13:11,0
79,452,13:12,0
79,453,13:13,0
79,454,13:14,0
79,455,13:15,0
79,456,13:16,0
79,457,13:17,0
79,458,13:18,0
79,459,13:19,0
79,460,13:20,0
79,461,13:21,0
79,462,13:22,0
79,463,13:23,0
79,464,13:24,0
79,465,13:25,0
79,466,13:26,0
79,467,13:27,0
79,468,13:28,0
79,469,13:29,0
79,470,13:30,0
79,471,13:31,0
79,472,13:32,0
79,473,13:33,0
79,474,13:34,0
79,475,13:35,0
79,476,13:36,0
79,477,13:37,0
79,478,13:38,0
79,479,13:39,0
79,480,13:40,0
79,481,13:41,0
79,482,13:42,0
79,483,13:43,0
79,484,13:44,0
79,485,13:45,0
79,486,13:46,0
79,487,13:47,0
79,488,13:48,0
79,489,13:49,0
79,490,13:50,0
79,491,13:51,0
79,492,13:52,0
79,493,13:53,0
79,494,13:54,0
79,495,13:55,0
79,496,13:56,0
79,497,13:57,0
79,498,13:58,0
79,499,13:59,0
79,500,14:00,0
79,501,14:01,0
79,502,14:02,0
79,503,14:03,0
79,504,14:04,0
79,505,14:05,0
79,506,14:06,0
79,507,14:07,0
79,508,14:08,0
79,509,14:09,0
79,510,14:10,0
79,511,14:11,0
79,512,14:12,0
79,513,14:13,0
79,514,14:14,0
79,515,14:15,0
79,516,14:16,0
79,517,14:17,0
79,518,14:18,0
79,519,14:19,0
79,520,14:20,0
79,521,14:21,0
79,522,14:22,0
79,523,14:23,0
79,524,14:24,0
79,525,14:25,0
79,526,14:26,0
79,527,14:27,0
79,528,14:28,0
79,529,14:29,0
79,530,14:30,0
79,531,14:31,0
79,532,14:32,0
79,533,14:33,0
79,534,14:34,0
79,535,14:35,0
79,536,14:36,0
79,537,14:37,0
79,538,14:38,0
79,539,14:39,0
79,540,14:40,0
79,541,14:41,0
79,542,14:42,0
79,543,14:43,0
79,544,14:44,0
79,545,14:45,0
79,546,14:46,0
79,547,14:47,0
79,548,14:48,0
79,549,14:49,0
79,550,14:50,0
79,551,14:51,0
79,552,14:52,0
79,553,14:53,0
79,554,14:54,0
79,555,14:55,0
79,556,14:56,0
79,557,14:57,0
79,558,14:58,0
79,559,14:59,0
79,560,15:00,0
79,561,15:01,0
79,562,15:02,0
79,563,15:03,0
79,564,15:04,0
79,565,15:05,0
79,566,15:06,0
79,567,15:07,0
79,568,15:08,0
79,569,15:09,0
79,570,15:10,0
79,571,15:11,0
79,572,15:12,0
79,573,15:13,0
79,574,15:14,0
79,575,15:15,0
79,576,15:16,0
79,577,15:17,0
79,578,15:18,0
79,579,15:19,0
79,580,15:20,0
79,581,15:21,0
79,582,15:22,0
79,583,15:23,0
79,584,15:24,0
79,585,15:25,0
79,586,15:26,0
79,587,15:27,0
79,588,15:28,0
79,589,15:29,0
79,590,15:30,0
79,591,15:31,0
79,592,15:32,0
79,593,15:33,0
79,594,15:34,0
79,595,15:35,0
79,596,15:36,0
79,597,15:37,0
79,598,15:38,0
79,599,15:39,0
79,600,15:40,0
79,601,15:41,0
79,602,15:42,0
79,603,15:43,0
79,604,15:44,0
79,605,15:45,0
79,606,15:46,0
79,607,15:47,0
79,608,15:48,0
79,609,15:49,0
79,610,15:50,0
79,611,15:51,0
79,612,15:52,0
79,613,15:53,0
79,614,15:54,0
79,615,15:55,0
79,616,15:56,0
79,617,15:57,0
79,618,15:58,0
79,619,15:59,0
79,620,16:00,0
79,621,16:01,0
79,622,16:02,0
79,623,16:03,0
79,624,16:04,0
79,625,16:05,0
79,626,16:06,0
79,627,16:07,0
79,628,16:08,0
79,629,16:09,0
79,630,16:10,0
79,631,16:11,0
79,632,16:12,0
79,633,16:13,0
79,634,16:14,0
79,635,16:15,0
79,636,16:16,0
79,637,16:17,0
79,638,16:18,0
79,639,16:19,0
79,640,16:20,0
79,641,16:21,0
79,642,16:22,0
79,643,16:23,0
79,644,16:24,0
79,645,16:25,0
79,646,16:26,0
79,647,16:27,1
79,648,16:28,1
79,649,16:29,1
79,650,16:30,1
79,651,16:31,1
79,652,16:32,1
79,653,16:33,1
79,654,16:34,2
79,655,16:35,2
79,656,16:36,2
79,657,16:37,2
79,658,16:38,2
79,659,16:39,2
79,660,16:40,2
79,661,16:41,2
79,662,16:42,2
79,663,16:43,2
79,664,16:44,2
79,665,16:45,2
79,666,16:46,2
79,667,16:47,2
79,668,16:48,2
79,669,16:49,2
79,670,16:50,2
79,671,16:51,2
79,672,16:52,2
79,673,16:53,2
79,674,16:54,1
79,675,16:55,1
79,676,16:56,1
79,677,16:57,1
79,678,16:58,1
79,679,16:59,1
79,680,17:00,1
79,681,17:01,1
79,682,17:02,1
79,683,17:03,1
79,684,17:04,1
79,685,17:05,1
79,686,17:06,1
79,687,17:07,0
79,688,17:08,0
79,689,17:09,0
79,690,17:10,1
79,691,17:11,1
79,692,17:12,1
79,693,17:13,2
79,694,17:14,2
79,695,17:15,2
79,696,17:16,2
79,697,17:17,2
79,698,17:18,2
79,699,17:19,2
79,700,17:20,2
79,701,17:21,2
79,702,17:22,2
79,703,17:23,2
79,704,17:24,2
79,705,17:25,2
79,706,17:26,2
79,707,17:27,2
79,708,17:28,2
79,709,17:29,1
79,710,17:30,1
79,711,17:31,1
79,712,17:32,1
79,713,17:33,1
79,714,17:34,1
79,715,17:35,1
79,716,17:36,1
79,717,17:37,1
79,718,17:38,0
79,719,17:39,0
79,720,17:40,0
79,721,17:41,0
79,722,17:42,0
79,723,17:43,0
79,724,17:44,0
79,725,17:45,0
79,726,17:46,2
79,727,17:47,2
79,728,17:48,2
79,729,17:49,4
79,730,17:50,4
79,731,17:51,4
79,732,17:52,4
79,733,17:53,4
79,734,17:54,4
79,735,17:55,4
79,736,17:56,4
79,737,17:57,4
79,738,17:58,4
79,739,17:59,4
79,740,18:00,2
79,741,18:01,2
79,742,18:02,2
79,743,18:03,0
79,744,18:04,0
79,745,18:05,0
79,746,18:06,0
79,747,18:07,0
79,748,18:08,0
79,749,18:09,0
79,750,18:10,0
79,751,18:11,0
79,752,18:12,0
79,753,18:13,0
79,754,18:14,0
79,755,18:15,0
79,756,18:16,0
79,757,18:17,0
79,758,18:18,0
79,759,18:19,0
79,760,18:20,0
79,761,18:21,0
79,762,18:22,0
79,763,18:23,0
79,764,18:24,0
79,765,18:25,0
79,766,18:26,0
79,767,18:27,0
79,768,18:28,0
79,769,18:29,0
79,770,18:30,0
79,771,18:31,0
79,772,18:32,0
79,773,18:33,0
79,774,18:34,0
79,775,18:35,0
79,776,18:36,0
79,777,18:37,0
79,778,18:38,0
79,779,18:39,0
79,780,18:40,0
79,781,18:41,0
79,782,18:42,0
79,783,18:43,0
79,784,18:44,0
79,785,18:45,0
79,786,18:46,0
79,787,18:47,0
79,788,18:48,1
79,789,18:49,1
79,790,18:50,1
79,791,18:51,1
79,792,18:52,1
79,793,18:53,1
79,794,18:54,1
79,795,18:55,1
79,796,18:56,1
79,797,18:57,1
79,798,18:58,0
79,799,18:59,0
79,800,19:00,0
79,801,19:01,0
79,802,19:02,0
79,803,19:03,0
79,804,19:04,0
79,805,19:05,0
79,806,19:06,0
79,807,19:07,0
79,808,19:08,0
79,809,19:09,0
79,810,19:10,0
79,811,19:11,0
79,812,19:12,0
79,813,19:13,0
79,814,19:14,0
79,815,19:15,0
79,816,19:16,0
79,817,19:17,0
79,818,19:18,0
79,819,19:19,0
79,820,19:20,0
79,821,19:21,0
79,822,19:22,0
79,823,19:23,0
79,824,19:24,0
79,825,19:25,0
79,826,19:26,0
79,827,19:27,0
79,828,19:28,0
79,829,19:29,0
79,830,19:30,0
79,831,19:31,0
79,832,19:32,0
79,833,19:33,0
79,834,19:34,0
79,835,19:35,0
80,0,05:40,0
80,1,05:41,0
80,2,05:42,0
80,3,05:43,0
80,4,05:44,0
80,5,05:45,0
80,6,05:46,0
80,7,05:47,0
80,8,05:48,0
80,9,05:49,0
80,10,05:50,0
80,11,05:51,0
80,12,05:52,0
80,13,05:53,0
80,14,05:54,0
80,15,05:55,0
80,16,05:56,0
80,17,05:57,0
80,18,05:58,0
80,19,05:59,0
80,20,06:00,0
80,21,06:01,0
80,22,06:02,0
80,23,06:03,0
80,24,06:04,0
80,25,06:05,0
80,26,06:06,0
80,27,06:07,0
80,28,06:08,0
80,29,06:09,0
80,30,06:10,0
80,31,06:11,0
80,32,06:12,0
80,33,06:13,0
80,34,06:14,0
80,35,06:15,0
80,36,06:16,0
80,37,06:17,0
80,38,06:18,0
80,39,06:19,0
80,40,06:20,0
80,41,06:21,0
80,42,06:22,0
80,43,06:23,0
80,44,06:24,0
80,45,06:25,0
80,46,06:26,0
80,47,06:27,0
80,48,06:28,0
80,49,06:29,0
80,50,06:30,0
80,51,06:31,0
80,52,06:32,0
80,53,06:33,0
80,54,06:34,0
80,55,06:35,0
80,56,06:36,0
80,57,06:37,0
80,58,06:38,0
80,59,06:39,0
80,60,06:40,0
80,61,06:41,0
80,62,06:42,0
80,63,06:43,0
80,64,06:44,0
80,65,06:45,0
80,66,06:46,0
80,67,06:47,0
80,68,06:48,0
80,69,06:49,0
80,70,06:50,0
80,71,06:51,0
80,72,06:52,0
80,73,06:53,0
80,74,06:54,0
80,75,06:55,0
80,76,06:56,0
80,77,06:57,0
80,78,06:58,0
80,79,06:59,0
80,80,07:00,0
80,81,07:01,0
80,82,07:02,0
80,83,07:03,0
80,84,07:04,0
80,85,07:05,0
80,86,07:06,0
80,87,07:07,0
80,88,07:08,0
80,89,07:09,0
80,90,07:10,0
80,91,07:11,0
80,92,07:12,0
80,93,07:13,0
80,94,07:14,0
80,95,07:15,0
80,96,07:16,0
80,97,07:17,0
80,98,07:18,0
80,99,07:19,0
80,100,07:20,0
80,101,07:21,0
80,102,07:22,0
80,103,07:23,0
80,104,07:24,0
80,105,07:25,0
80,106,07:26,0
80,107,07:27,0
80,108,07:28,0
80,109,07:29,0
80,110,07:30,0
80,111,07:31,0
80,112,07:32,0
80,113,07:33,0
80,114,07:34,0
80,115,07:35,0
80,116,07:36,0
80,117,07:37,0
80,118,07:38,0
80,119,07:39,0
80,120,07:40,0
80,121,07:41,0
80,122,07:42,0
80,123,07:43,0
80,124,07:44,0
80,125,07:45,0
80,126,07:46,0
80,127,07:47,0
80,128,07:48,0
80,129,07:49,0
80,130,07:50,0
80,131,07:51,0
80,132,07:52,0
80,133,07:53,0
80,134,07:54,0
80,135,07:55,0
80,136,07:56,0
80,137,07:57,0
80,138,07:58,0
80,139,07:59,0
80,140,08:00,0
80,141,08:01,0
80,142,08:02,0
80,143,08:03,0
80,144,08:04,0
80,145,08:05,0
80,146,08:06,0
80,147,08:07,0
80,148,08:08,0
80,149,08:09,0
80,150,08:10,0
80,151,08:11,0
80,152,08:12,0
80,153,08:13,0
80,154,08:14,0
80,155,08:15,0
80,156,08:16,0
80,157,08:17,0
80,158,08:18,0
80,159,08:19,0
80,160,08:20,0
80,161,08:21,0
80,162,08:22,0
80,163,08:23,0
80,164,08:24,0
80,165,08:25,0
80,166,08:26,0
80,167,08:27,0
80,168,08:28,0
80,169,08:29,0
80,170,08:30,0
80,171,08:31,0
80,172,08:32,0
80,173,08:33,0
80,174,08:34,0
80,175,08:35,0
80,176,08:36,0
80,177,08:37,0
80,178,08:38,0
80,179,08:39,0
80,180,08:40,0
80,181,08:41,0
80,182,08:42,0
80,183,08:43,0
80,184,08:44,0
80,185,08:45,0
80,186,08:46,0
80,187,08:47,0
80,188,08:48,0
80,189,08:49,0
80,190,08:50,0
80,191,08:51,0
80,192,08:52,0
80,193,08:53,0
80,194,08:54,0
80,195,08:55,0
80,196,08:56,0
80,197,08:57,0
80,198,08:58,0
80,199,08:59,0
80,200,09:00,0
80,201,09:01,0
80,202,09:02,0
80,203,09:03,0
80,204,09:04,0
80,205,09:05,0
80,206,09:06,0
80,207,09:07,0
80,208,09:08,0
80,209,09:09,0
80,210,09:10,0
80,211,09:11,0
80,212,09:12,0
80,213,09:13,0
80,214,09:14,0
80,215,09:15,0
80,216,09:16,0
80,217,09:17,0
80,218,09:18,0
80,219,09:19,0
80,220,09:20,0
80,221,09:21,0
80,222,09:22,0
80,223,09:23,0
80,224,09:24,0
80,225,09:25,0
80,226,09:26,0
80,227,09:27,0
80,228,09:28,0
80,229,09:29,0
80,230,09:30,0
80,231,09:31,0
80,232,09:32,0
80,233,09:33,0
80,234,09:34,0
80,235,09:35,0
80,236,09:36,0
80,237,09:37,0
80,238,09:38,0
80,239,09:39,0
80,240,09:40,0
80,241,09:41,0
80,242,09:42,0
80,243,09:43,0
80,244,09:44,0
80,245,09:45,0
80,246,09:46,0
80,247,09:47,0
80,248,09:48,0
80,249,09:49,0
80,250,09:50,0
80,251,09:51,0
80,252,09:52,0
80,253,09:53,0
80,254,09:54,0
80,255,09:55,0
80,256,09:56,0
80,257,09:57,0
80,258,09:58,0
80,259,09:59,0
80,260,10:00,0
80,261,10:01,0
80,262,10:02,0
80,263,10:03,0
80,264,10:04,0
80,265,10:05,0
80,266,10:06,0
80,267,10:07,0
80,268,10:08,0
80,269,10:09,0
80,270,10:10,0
80,271,10:11,0
80,272,10:12,0
80,273,10:13,0
80,274,10:14,0
80,275,10:15,0
80,276,10:16,0
80,277,10:17,0
80,278,10:18,0
80,279,10:19,0
80,280,10:20,0
80,281,10:21,0
80,282,10:22,0
80,283,10:23,0
80,284,10:24,0
80,285,10:25,0
80,286,10:26,0
80,287,10:27,0
80,288,10:28,0
80,289,10:29,0
80,290,10:30,0
80,291,10:31,0
80,292,10:32,0
80,293,10:33,0
80,294,10:34,0
80,295,10:35,0
80,296,10:36,0
80,297,10:37,0
80,298,10:38,0
80,299,10:39,0
80,300,10:40,0
80,301,10:41,0
80,302,10:42,0
80,303,10:43,0
80,304,10:44,0
80,305,10:45,0
80,306,10:46,0
80,307,10:47,0
80,308,10:48,0
80,309,10:49,0
80,310,10:50,0
80,311,10:51,0
80,312,10:52,0
80,313,10:53,0
80,314,10:54,0
80,315,10:55,0
80,316,10:56,0
80,317,10:57,0
80,318,10:58,0
80,319,10:59,0
80,320,11:00,0
80,321,11:01,0
80,322,11:02,0
80,323,11:03,0
80,324,11:04,0
80,325,11:05,0
80,326,11:06,0
80,327,11:07,0
80,328,11:08,0
80,329,11:09,0
80,330,11:10,0
80,331,11:11,0
80,332,11:12,0
80,333,11:13,0
80,334,11:14,0
80,335,11:15,0
80,336,11:16,0
80,337,11:17,0
80,338,11:18,0
80,339,11:19,0
80,340,11:20,0
80,341,11:21,0
80,342,11:22,0
80,343,11:23,0
80,344,11:24,0
80,345,11:25,0
80,346,11:26,0
80,347,11:27,0
80,348,11:28,0
80,349,11:29,0
80,350,11:30,0
80,351,11:31,0
80,352,11:32,0
80,353,11:33,0
80,354,11:34,0
80,355,11:35,0
80,356,11:36,0
80,357,11:37,0
80,358,11:38,0
80,359,11:39,0
80,360,11:40,0
80,361,11:41,0
80,362,11:42,0
80,363,11:43,0
80,364,11:44,0
80,365,11:45,0
80,366,11:46,0
80,367,11:47,0
80,368,11:48,0
80,369,11:49,0
80,370,11:50,0
80,371,11:51,0
80,372,11:52,0
80,373,11:53,0
80,374,11:54,0
80,375,11:55,0
80,376,11:56,0
80,377,11:57,0
80,378,11:58,0
80,379,11:59,0
80,380,12:00,0
80,381,12:01,0
80,382,12:02,0
80,383,12:03,0
80,384,12:04,0
80,385,12:05,0
80,386,12:06,0
80,387,12:07,0
80,388,12:08,0
80,389,12:09,0
80,390,12:10,0
80,391,12:11,0
80,392,12:12,0
80,393,12:13,0
80,394,12:14,0
80,395,12:15,0
80,396,12:16,0
80,397,12:17,0
80,398,12:18,0
80,399,12:19,0
80,400,12:20,0
80,401,12:21,0
80,402,12:22,0
80,403,12:23,0
80,404,12:24,0
80,405,12:25,0
80,406,12:26,0
80,407,12:27,0
80,408,12:28,0
80,409,12:29,0
80,410,12:30,0
80,411,12:31,0
80,412,12:32,0
80,413,12:33,0
80,414,12:34,0
80,415,12:35,0
80,416,12:36,0
80,417,12:37,0
80,418,12:38,0
80,419,12:39,0
80,420,12:40,0
80,421,12:41,0
80,422,12:42,0
80,423,12:43,0
80,424,12:44,0
80,425,12:45,0
80,426,12:46,0
80,427,12:47,0
80,428,12:48,0
80,429,12:49,0
80,430,12:50,0
80,431,12:51,0
80,432,12:52,0
80,433,12:53,0
80,434,12:54,0
80,435,12:55,0
80,436,12:56,0
80,437,12:57,0
80,438,12:58,0
80,439,12:59,0
80,440,13:00,0
80,441,13:01,0
80,442,13:02,0
80,443,13:03,0
80,444,13:04,0
80,445,13:05,0
80,446,13:06,0
80,447,13:07,0
80,448,13:08,0
80,449,13:09,0
80,450,13:10,0
80,451,13:11,0
80,452,13:12,0
80,453,13:13,0
80,454,13:14,0
80,455,13:15,0
80,456,13:16,0
80,457,13:17,0
80,458,13:18,0
80,459,13:19,0
80,460,13:20,0
80,461,13:21,0
80,462,13:22,0
80,463,13:23,0
80,464,13:24,0
80,465,13:25,0
80,466,13:26,0
80,467,13:27,0
80,468,13:28,0
80,469,13:29,0
80,470,13:30,0
80,471,13:31,0
80,472,13:32,0
80,473,13:33,0
80,474,13:34,0
80,475,13:35,0
80,476,13:36,0
80,477,13:37,0
80,478,13:38,0
80,479,13:39,0
80,480,13:40,0
80,481,13:41,0
80,482,13:42,0
80,483,13:43,0
80,484,13:44,0
80,485,13:45,0
80,486,13:46,0
80,487,13:47,0
80,488,13:48,0
80,489,13:49,0
80,490,13:50,0
80,491,13:51,0
80,492,13:52,0
80,493,13:53,0
80,494,13:54,0
80,495,13:55,0
80,496,13:56,0
80,497,13:57,0
80,498,13:58,0
80,499,13:59,0
80,500,14:00,0
80,501,14:01,0
80,502,14:02,0
80,503,14:03,0
80,504,14:04,0
80,505,14:05,0
80,506,14:06,0
80,507,14:07,0
80,508,14:08,0
80,509,14:09,0
80,510,14:10,0
80,511,14:11,0
80,512,14:12,0
80,513,14:13,0
80,514,14:14,0
80,515,14:15,0
80,516,14:16,0
80,517,14:17,0
80,518,14:18,0
80,519,14:19,0
80,520,14:20,0
80,521,14:21,0
80,522,14:22,0
80,523,14:23,0
80,524,14:24,0
80,525,14:25,0
80,526,14:26,0
80,527,14:27,0
80,528,14:28,0
80,529,14:29,0
80,530,14:30,0
80,531,14:31,0
80,532,14:32,0
80,533,14:33,0
80,534,14:34,0
80,535,14:35,0
80,536,14:36,0
80,537,14:37,0
80,538,14:38,0
80,539,14:39,0
80,540,14:40,0
80,541,14:41,0
80,542,14:42,0
80,543,14:43,0
80,544,14:44,0
80,545,14:45,0
80,546,14:46,1
80,547,14:47,1
80,548,14:48,1
80,549,14:49,1
80,550,14:50,1
80,551,14:51,1
80,552,14:52,1
80,553,14:53,1
80,554,14:54,1
80,555,14:55,0
80,556,14:56,0
80,557,14:57,0
80,558,14:58,0
80,559,14:59,0
80,560,15:00,0
80,561,15:01,0
80,562,15:02,0
80,563,15:03,0
80,564,15:04,0
80,565,15:05,0
80,566,15:06,0
80,567,15:07,1
80,568,15:08,1
80,569,15:09,1
80,570,15:10,1
80,571,15:11,1
80,572,15:12,1
80,573,15:13,1
80,574,15:14,1
80,575,15:15,1
80,576,15:16,1
80,577,15:17,2
80,578,15:18,2
80,579,15:19,2
80,580,15:20,2
80,581,15:21,2
80,582,15:22,2
80,583,15:23,2
80,584,15:24,2
80,585,15:25,2
80,586,15:26,2
80,587,15:27,1
80,588,15:28,1
80,589,15:29,1
80,590,15:30,0
80,591,15:31,0
80,592,15:32,0
80,593,15:33,0
80,594,15:34,0
80,595,15:35,0
80,596,15:36,0
80,597,15:37,0
80,598,15:38,0
80,599,15:39,0
80,600,15:40,0
80,601,15:41,0
80,602,15:42,0
80,603,15:43,0
80,604,15:44,0
80,605,15:45,0
80,606,15:46,0
80,607,15:47,0
80,608,15:48,0
80,609,15:49,0
80,610,15:50,0
80,611,15:51,0
80,612,15:52,0
80,613,15:53,0
80,614,15:54,0
80,615,15:55,0
80,616,15:56,0
80,617,15:57,0
80,618,15:58,0
80,619,15:59,0
80,620,16:00,0
80,621,16:01,0
80,622,16:02,0
80,623,16:03,0
80,624,16:04,0
80,625,16:05,0
80,626,16:06,0
80,627,16:07,0
80,628,16:08,0
80,629,16:09,0
80,630,16:10,0
80,631,16:11,0
80,632,16:12,0
80,633,16:13,1
80,634,16:14,1
80,635,16:15,1
80,636,16:16,2
80,637,16:17,2
80,638,16:18,2
80,639,16:19,2
80,640,16:20,2
80,641,16:21,2
80,642,16:22,2
80,643,16:23,2
80,644,16:24,2
80,645,16:25,1
80,646,16:26,1
80,647,16:27,1
80,648,16:28,1
80,649,16:29,1
80,650,16:30,1
80,651,16:31,0
80,652,16:32,0
80,653,16:33,0
80,654,16:34,0
80,655,16:35,0
80,656,16:36,0
80,657,16:37,1
80,658,16:38,1
80,659,16:39,1
80,660,16:40,1
80,661,16:41,1
80,662,16:42,1
80,663,16:43,1
80,664,16:44,1
80,665,16:45,1
80,666,16:46,1
80,667,16:47,1
80,668,16:48,1
80,669,16:49,1
80,670,16:50,1
80,671,16:51,0
80,672,16:52,0
80,673,16:53,0
80,674,16:54,0
80,675,16:55,0
80,676,16:56,0
80,677,16:57,0
80,678,16:58,0
80,679,16:59,0
80,680,17:00,1
80,681,17:01,1
80,682,17:02,1
80,683,17:03,1
80,684,17:04,1
80,685,17:05,1
80,686,17:06,1
80,687,17:07,1
80,688,17:08,1
80,689,17:09,1
80,690,17:10,2
80,691,17:11,2
80,692,17:12,2
80,693,17:13,3
80,694,17:14,3
80,695,17:15,3
80,696,17:16,3
80,697,17:17,3
80,698,17:18,3
80,699,17:19,3
80,700,17:20,3
80,701,17:21,3
80,702,17:22,3
80,703,17:23,2
80,704,17:24,2
80,705,17:25,2
80,706,17:26,1
80,707,17:27,1
80,708,17:28,1
80,709,17:29,0
80,710,17:30,0
80,711,17:31,0
80,712,17:32,1
80,713,17:33,1
80,714,17:34,1
80,715,17:35,1
80,716,17:36,1
80,717,17:37,1
80,718,17:38,1
80,719,17:39,1
80,720,17:40,1
80,721,17:41,1
80,722,17:42,0
80,723,17:43,0
80,724,17:44,0
80,725,17:45,1
80,726,17:46,1
80,727,17:47,1
80,728,17:48,1
80,729,17:49,1
80,730,17:50,1
80,731,17:51,1
80,732,17:52,1
80,733,17:53,1
80,734,17:54,0
80,735,17:55,0
80,736,17:56,0
80,737,17:57,1
80,738,17:58,1
80,739,17:59,1
80,740,18:00,1
80,741,18:01,1
80,742,18:02,1
80,743,18:03,1
80,744,18:04,1
80,745,18:05,1
80,746,18:06,0
80,747,18:07,0
80,748,18:08,0
80,749,18:09,1
80,750,18:10,1
80,751,18:11,1
80,752,18:12,2
80,753,18:13,2
80,754,18:14,2
80,755,18:15,3
80,756,18:16,3
80,757,18:17,3
80,758,18:18,3
80,759,18:19,3
80,760,18:20,3
80,761,18:21,3
80,762,18:22,3
80,763,18:23,3
80,764,18:24,2
80,765,18:25,2
80,766,18:26,2
80,767,18:27,1
80,768,18:28,1
80,769,18:29,1
80,770,18:30,0
80,771,18:31,0
80,772,18:32,0
80,773,18:33,1
80,774,18:34,1
80,775,18:35,1
80,776,18:36,1
80,777,18:37,1
80,778,18:38,1
80,779,18:39,1
80,780,18:40,1
80,781,18:41,1
80,782,18:42,1
80,783,18:43,1
80,784,18:44,1
80,785,18:45,1
80,786,18:46,0
80,787,18:47,0
80,788,18:48,0
80,789,18:49,0
80,790,18:50,0
80,791,18:51,0
80,792,18:52,0
80,793,18:53,0
80,794,18:54,0
80,795,18:55,0
80,796,18:56,0
80,797,18:57,0
80,798,18:58,0
80,799,18:59,0
80,800,19:00,0
80,801,19:01,0
80,802,19:02,0
80,803,19:03,0
80,804,19:04,0
80,805,19:05,0
80,806,19:06,0
80,807,19:07,0
80,808,19:08,0
80,809,19:09,0
80,810,19:10,0
80,811,19:11,0
80,812,19:12,0
80,813,19:13,0
80,814,19:14,0
80,815,19:15,0
80,816,19:16,0
80,817,19:17,0
80,818,19:18,0
80,819,19:19,0
80,820,19:20,0
80,821,19:21,0
80,822,19:22,0
80,823,19:23,0
80,824,19:24,0
80,825,19:25,0
80,826,19:26,0
80,827,19:27,0
80,828,19:28,0
80,829,19:29,0
80,830,19:30,0
80,831,19:31,0
80,832,19:32,0
80,833,19:33,0
80,834,19:34,0
80,835,19:35,0
81,0,05:40,0
81,1,05:41,0
81,2,05:42,0
81,3,05:43,0
81,4,05:44,0
81,5,05:45,0
81,6,05:46,0
81,7,05:47,0
81,8,05:48,0
81,9,05:49,0
81,10,05:50,0
81,11,05:51,0
81,12,05:52,0
81,13,05:53,0
81,14,05:54,0
81,15,05:55,0
81,16,05:56,0
81,17,05:57,0
81,18,05:58,0
81,19,05:59,0
81,20,06:00,0
81,21,06:01,0
81,22,06:02,0
81,23,06:03,0
81,24,06:04,0
81,25,06:05,0
81,26,06:06,0
81,27,06:07,0
81,28,06:08,0
81,29,06:09,0
81,30,06:10,0
81,31,06:11,0
81,32,06:12,0
81,33,06:13,0
81,34,06:14,0
81,35,06:15,0
81,36,06:16,0
81,37,06:17,0
81,38,06:18,0
81,39,06:19,0
81,40,06:20,0
81,41,06:21,0
81,42,06:22,0
81,43,06:23,0
81,44,06:24,0
81,45,06:25,0
81,46,06:26,0
81,47,06:27,0
81,48,06:28,0
81,49,06:29,0
81,50,06:30,0
81,51,06:31,0
81,52,06:32,0
81,53,06:33,0
81,54,06:34,0
81,55,06:35,0
81,56,06:36,0
81,57,06:37,0
81,58,06:38,0
81,59,06:39,0
81,60,06:40,0
81,61,06:41,0
81,62,06:42,0
81,63,06:43,0
81,64,06:44,0
81,65,06:45,0
81,66,06:46,0
81,67,06:47,0
81,68,06:48,0
81,69,06:49,0
81,70,06:50,0
81,71,06:51,0
81,72,06:52,0
81,73,06:53,0
81,74,06:54,0
81,75,06:55,0
81,76,06:56,0
81,77,06:57,0
81,78,06:58,0
81,79,06:59,0
81,80,07:00,0
81,81,07:01,0
81,82,07:02,0
81,83,07:03,0
81,84,07:04,0
81,85,07:05,0
81,86,07:06,0
81,87,07:07,0
81,88,07:08,0
81,89,07:09,0
81,90,07:10,0
81,91,07:11,0
81,92,07:12,0
81,93,07:13,0
81,94,07:14,0
81,95,07:15,0
81,96,07:16,0
81,97,07:17,0
81,98,07:18,0
81,99,07:19,0
81,100,07:20,0
81,101,07:21,0
81,102,07:22,0
81,103,07:23,0
81,104,07:24,0
81,105,07:25,0
81,106,07:26,0
81,107,07:27,0
81,108,07:28,0
81,109,07:29,0
81,110,07:30,0
81,111,07:31,0
81,112,07:32,0
81,113,07:33,0
81,114,07:34,0
81,115,07:35,0
81,116,07:36,0
81,117,07:37,0
81,118,07:38,0
81,119,07:39,0
81,120,07:40,0
81,121,07:41,0
81,122,07:42,0
81,123,07:43,0
81,124,07:44,0
81,125,07:45,0
81,126,07:46,0
81,127,07:47,0
81,128,07:48,0
81,129,07:49,0
81,130,07:50,0
81,131,07:51,0
81,132,07:52,0
81,133,07:53,0
81,134,07:54,0
81,135,07:55,0
81,136,07:56,0
81,137,07:57,0
81,138,07:58,0
81,139,07:59,0
81,140,08:00,0
81,141,08:01,0
81,142,08:02,0
81,143,08:03,0
81,144,08:04,0
81,145,08:05,0
81,146,08:06,0
81,147,08:07,0
81,148,08:08,0
81,149,08:09,0
81,150,08:10,0
81,151,08:11,0
81,152,08:12,0
81,153,08:13,0
81,154,08:14,0
81,155,08:15,0
81,156,08:16,0
81,157,08:17,0
81,158,08:18,0
81,159,08:19,0
81,160,08:20,0
81,161,08:21,0
81,162,08:22,0
81,163,08:23,0
81,164,08:24,0
81,165,08:25,0
81,166,08:26,0
81,167,08:27,0
81,168,08:28,0
81,169,08:29,0
81,170,08:30,0
81,171,08:31,0
81,172,08:32,0
81,173,08:33,0
81,174,08:34,0
81,175,08:35,0
81,176,08:36,0
81,177,08:37,0
81,178,08:38,0
81,179,08:39,0
81,180,08:40,0
81,181,08:41,0
81,182,08:42,0
81,183,08:43,0
81,184,08:44,0
81,185,08:45,0
81,186,08:46,0
81,187,08:47,0
81,188,08:48,0
81,189,08:49,0
81,190,08:50,0
81,191,08:51,0
81,192,08:52,0
81,193,08:53,0
81,194,08:54,0
81,195,08:55,0
81,196,08:56,0
81,197,08:57,0
81,198,08:58,0
81,199,08:59,0
81,200,09:00,1
81,201,09:01,1
81,202,09:02,1
81,203,09:03,1
81,204,09:04,1
81,205,09:05,1
81,206,09:06,1
81,207,09:07,1
81,208,09:08,1
81,209,09:09,0
81,210,09:10,0
81,211,09:11,0
81,212,09:12,0
81,213,09:13,0
81,214,09:14,0
81,215,09:15,0
81,216,09:16,0
81,217,09:17,0
81,218,09:18,0
81,219,09:19,0
81,220,09:20,0
81,221,09:21,0
81,222,09:22,0
81,223,09:23,0
81,224,09:24,0
81,225,09:25,0
81,226,09:26,0
81,227,09:27,0
81,228,09:28,0
81,229,09:29,0
81,230,09:30,0
81,231,09:31,0
81,232,09:32,0
81,233,09:33,0
81,234,09:34,0
81,235,09:35,0
81,236,09:36,0
81,237,09:37,0
81,238,09:38,0
81,239,09:39,0
81,240,09:40,0
81,241,09:41,0
81,242,09:42,0
81,243,09:43,0
81,244,09:44,0
81,245,09:45,0
81,246,09:46,0
81,247,09:47,0
81,248,09:48,0
81,249,09:49,0
81,250,09:50,0
81,251,09:51,0
81,252,09:52,0
81,253,09:53,0
81,254,09:54,0
81,255,09:55,0
81,256,09:56,0
81,257,09:57,0
81,258,09:58,0
81,259,09:59,0
81,260,10:00,0
81,261,10:01,0
81,262,10:02,0
81,263,10:03,0
81,264,10:04,0
81,265,10:05,0
81,266,10:06,0
81,267,10:07,0
81,268,10:08,0
81,269,10:09,0
81,270,10:10,0
81,271,10:11,0
81,272,10:12,0
81,273,10:13,0
81,274,10:14,0
81,275,10:15,0
81,276,10:16,0
81,277,10:17,0
81,278,10:18,0
81,279,10:19,0
81,280,10:20,0
81,281,10:21,0
81,282,10:22,0
81,283,10:23,0
81,284,10:24,1
81,285,10:25,1
81,286,10:26,1
81,287,10:27,2
81,288,10:28,2
81,289,10:29,2
81,290,10:30,2
81,291,10:31,2
81,292,10:32,2
81,293,10:33,2
81,294,10:34,2
81,295,10:35,2
81,296,10:36,2
81,297,10:37,1
81,298,10:38,1
81,299,10:39,1
81,300,10:40,0
81,301,10:41,0
81,302,10:42,0
81,303,10:43,0
81,304,10:44,0
81,305,10:45,0
81,306,10:46,0
81,307,10:47,0
81,308,10:48,0
81,309,10:49,0
81,310,10:50,0
81,311,10:51,0
81,312,10:52,0
81,313,10:53,0
81,314,10:54,0
81,315,10:55,0
81,316,10:56,0
81,317,10:57,0
81,318,10:58,0
81,319,10:59,0
81,320,11:00,0
81,321,11:01,0
81,322,11:02,0
81,323,11:03,0
81,324,11:04,0
81,325,11:05,0
81,326,11:06,0
81,327,11:07,0
81,328,11:08,0
81,329,11:09,0
81,330,11:10,0
81,331,11:11,0
81,332,11:12,0
81,333,11:13,0
81,334,11:14,0
81,335,11:15,0
81,336,11:16,0
81,337,11:17,0
81,338,11:18,0
81,339,11:19,0
81,340,11:20,0
81,341,11:21,0
81,342,11:22,0
81,343,11:23,0
81,344,11:24,0
81,345,11:25,0
81,346,11:26,0
81,347,11:27,0
81,348,11:28,0
81,349,11:29,0
81,350,11:30,0
81,351,11:31,0
81,352,11:32,0
81,353,11:33,0
81,354,11:34,0
81,355,11:35,0
81,356,11:36,0
81,357,11:37,0
81,358,11:38,0
81,359,11:39,0
81,360,11:40,0
81,361,11:41,0
81,362,11:42,0
81,363,11:43,0
81,364,11:44,0
81,365,11:45,1
81,366,11:46,1
81,367,11:47,1
81,368,11:48,1
81,369,11:49,1
81,370,11:50,1
81,371,11:51,1
81,372,11:52,1
81,373,11:53,1
81,374,11:54,1
81,375,11:55,0
81,376,11:56,0
81,377,11:57,0
81,378,11:58,1
81,379,11:59,1
81,380,12:00,1
81,381,12:01,1
81,382,12:02,1
81,383,12:03,1
81,384,12:04,1
81,385,12:05,1
81,386,12:06,1
81,387,12:07,1
81,388,12:08,1
81,389,12:09,1
81,390,12:10,1
81,391,12:11,1
81,392,12:12,1
81,393,12:13,1
81,394,12:14,1
81,395,12:15,1
81,396,12:16,1
81,397,12:17,1
81,398,12:18,1
81,399,12:19,1
81,400,12:20,1
81,401,12:21,1
81,402,12:22,1
81,403,12:23,0
81,404,12:24,0
81,405,12:25,0
81,406,12:26,0
81,407,12:27,0
81,408,12:28,0
81,409,12:29,0
81,410,12:30,0
81,411,12:31,0
81,412,12:32,0
81,413,12:33,0
81,414,12:34,0
81,415,12:35,0
81,416,12:36,0
81,417,12:37,0
81,418,12:38,0
81,419,12:39,0
81,420,12:40,0
81,421,12:41,0
81,422,12:42,0
81,423,12:43,0
81,424,12:44,0
81,425,12:45,0
81,426,12:46,0
81,427,12:47,0
81,428,12:48,0
81,429,12:49,0
81,430,12:50,0
81,431,12:51,0
81,432,12:52,0
81,433,12:53,0
81,434,12:54,0
81,435,12:55,0
81,436,12:56,0
81,437,12:57,0
81,438,12:58,0
81,439,12:59,0
81,440,13:00,0
81,441,13:01,0
81,442,13:02,0
81,443,13:03,0
81,444,13:04,0
81,445,13:05,0
81,446,13:06,0
81,447,13:07,0
81,448,13:08,0
81,449,13:09,0
81,450,13:10,0
81,451,13:11,0
81,452,13:12,0
81,453,13:13,0
81,454,13:14,0
81,455,13:15,0
81,456,13:16,0
81,457,13:17,0
81,458,13:18,0
81,459,13:19,0
81,460,13:20,0
81,461,13:21,0
81,462,13:22,0
81,463,13:23,0
81,464,13:24,0
81,465,13:25,0
81,466,13:26,0
81,467,13:27,0
81,468,13:28,0
81,469,13:29,0
81,470,13:30,0
81,471,13:31,0
81,472,13:32,0
81,473,13:33,0
81,474,13:34,0
81,475,13:35,0
81,476,13:36,0
81,477,13:37,0
81,478,13:38,0
81,479,13:39,0
81,480,13:40,0
81,481,13:41,0
81,482,13:42,0
81,483,13:43,0
81,484,13:44,0
81,485,13:45,0
81,486,13:46,0
81,487,13:47,0
81,488,13:48,0
81,489,13:49,0
81,490,13:50,0
81,491,13:51,0
81,492,13:52,0
81,493,13:53,0
81,494,13:54,0
81,495,13:55,0
81,496,13:56,0
81,497,13:57,0
81,498,13:58,0
81,499,13:59,0
81,500,14:00,0
81,501,14:01,0
81,502,14:02,0
81,503,14:03,0
81,504,14:04,0
81,505,14:05,0
81,506,14:06,0
81,507,14:07,0
81,508,14:08,0
81,509,14:09,0
81,510,14:10,0
81,511,14:11,0
81,512,14:12,0
81,513,14:13,0
81,514,14:14,0
81,515,14:15,0
81,516,14:16,0
81,517,14:17,0
81,518,14:18,0
81,519,14:19,0
81,520,14:20,0
81,521,14:21,0
81,522,14:22,0
81,523,14:23,0
81,524,14:24,0
81,525,14:25,0
81,526,14:26,0
81,527,14:27,0
81,528,14:28,0
81,529,14:29,0
81,530,14:30,0
81,531,14:31,0
81,532,14:32,0
81,533,14:33,0
81,534,14:34,0
81,535,14:35,0
81,536,14:36,0
81,537,14:37,0
81,538,14:38,0
81,539,14:39,0
81,540,14:40,0
81,541,14:41,0
81,542,14:42,0
81,543,14:43,0
81,544,14:44,0
81,545,14:45,0
81,546,14:46,0
81,547,14:47,0
81,548,14:48,0
81,549,14:49,0
81,550,14:50,0
81,551,14:51,0
81,552,14:52,0
81,553,14:53,0
81,554,14:54,0
81,555,14:55,0
81,556,14:56,0
81,557,14:57,0
81,558,14:58,0
81,559,14:59,0
81,560,15:00,0
81,561,15:01,0
81,562,15:02,0
81,563,15:03,0
81,564,15:04,0
81,565,15:05,0
81,566,15:06,0
81,567,15:07,0
81,568,15:08,0
81,569,15:09,0
81,570,15:10,0
81,571,15:11,0
81,572,15:12,0
81,573,15:13,0
81,574,15:14,0
81,575,15:15,0
81,576,15:16,0
81,577,15:17,0
81,578,15:18,0
81,579,15:19,0
81,580,15:20,0
81,581,15:21,0
81,582,15:22,0
81,583,15:23,0
81,584,15:24,0
81,585,15:25,0
81,586,15:26,0
81,587,15:27,0
81,588,15:28,0
81,589,15:29,0
81,590,15:30,0
81,591,15:31,0
81,592,15:32,0
81,593,15:33,0
81,594,15:34,0
81,595,15:35,0
81,596,15:36,0
81,597,15:37,0
81,598,15:38,0
81,599,15:39,0
81,600,15:40,0
81,601,15:41,0
81,602,15:42,0
81,603,15:43,0
81,604,15:44,0
81,605,15:45,0
81,606,15:46,0
81,607,15:47,0
81,608,15:48,0
81,609,15:49,0
81,610,15:50,0
81,611,15:51,0
81,612,15:52,0
81,613,15:53,0
81,614,15:54,0
81,615,15:55,0
81,616,15:56,0
81,617,15:57,0
81,618,15:58,0
81,619,15:59,0
81,620,16:00,0
81,621,16:01,0
81,622,16:02,0
81,623,16:03,0
81,624,16:04,0
81,625,16:05,0
81,626,16:06,0
81,627,16:07,0
81,628,16:08,0
81,629,16:09,0
81,630,16:10,0
81,631,16:11,0
81,632,16:12,0
81,633,16:13,0
81,634,16:14,0
81,635,16:15,0
81,636,16:16,0
81,637,16:17,0
81,638,16:18,0
81,639,16:19,0
81,640,16:20,0
81,641,16:21,0
81,642,16:22,0
81,643,16:23,0
81,644,16:24,0
81,645,16:25,0
81,646,16:26,0
81,647,16:27,0
81,648,16:28,0
81,649,16:29,0
81,650,16:30,0
81,651,16:31,0
81,652,16:32,0
81,653,16:33,0
81,654,16:34,0
81,655,16:35,0
81,656,16:36,0
81,657,16:37,0
81,658,16:38,0
81,659,16:39,0
81,660,16:40,0
81,661,16:41,0
81,662,16:42,0
81,663,16:43,0
81,664,16:44,0
81,665,16:45,0
81,666,16:46,0
81,667,16:47,0
81,668,16:48,0
81,669,16:49,0
81,670,16:50,0
81,671,16:51,0
81,672,16:52,0
81,673,16:53,0
81,674,16:54,0
81,675,16:55,0
81,676,16:56,0
81,677,16:57,0
81,678,16:58,0
81,679,16:59,1
81,680,17:00,1
81,681,17:01,1
81,682,17:02,1
81,683,17:03,1
81,684,17:04,1
81,685,17:05,1
81,686,17:06,1
81,687,17:07,1
81,688,17:08,1
81,689,17:09,1
81,690,17:10,1
81,691,17:11,1
81,692,17:12,1
81,693,17:13,1
81,694,17:14,1
81,695,17:15,1
81,696,17:16,1
81,697,17:17,1
81,698,17:18,1
81,699,17:19,1
81,700,17:20,1
81,701,17:21,1
81,702,17:22,1
81,703,17:23,1
81,704,17:24,1
81,705,17:25,1
81,706,17:26,1
81,707,17:27,1
81,708,17:28,1
81,709,17:29,0
81,710,17:30,0
81,711,17:31,0
81,712,17:32,0
81,713,17:33,0
81,714,17:34,0
81,715,17:35,0
81,716,17:36,0
81,717,17:37,1
81,718,17:38,1
81,719,17:39,1
81,720,17:40,1
81,721,17:41,1
81,722,17:42,1
81,723,17:43,1
81,724,17:44,1
81,725,17:45,1
81,726,17:46,1
81,727,17:47,1
81,728,17:48,1
81,729,17:49,1
81,730,17:50,1
81,731,17:51,1
81,732,17:52,0
81,733,17:53,0
81,734,17:54,0
81,735,17:55,2
81,736,17:56,2
81,737,17:57,2
81,738,17:58,4
81,739,17:59,4
81,740,18:00,4
81,741,18:01,4
81,742,18:02,4
81,743,18:03,4
81,744,18:04,4
81,745,18:05,4
81,746,18:06,4
81,747,18:07,4
81,748,18:08,4
81,749,18:09,2
81,750,18:10,2
81,751,18:11,2
81,752,18:12,0
81,753,18:13,0
81,754,18:14,0
81,755,18:15,0
81,756,18:16,0
81,757,18:17,0
81,758,18:18,0
81,759,18:19,0
81,760,18:20,0
81,761,18:21,0
81,762,18:22,0
81,763,18:23,0
81,764,18:24,0
81,765,18:25,0
81,766,18:26,0
81,767,18:27,0
81,768,18:28,0
81,769,18:29,0
81,770,18:30,0
81,771,18:31,0
81,772,18:32,0
81,773,18:33,0
81,774,18:34,0
81,775,18:35,0
81,776,18:36,0
81,777,18:37,0
81,778,18:38,0
81,779,18:39,0
81,780,18:40,0
81,781,18:41,0
81,782,18:42,0
81,783,18:43,0
81,784,18:44,0
81,785,18:45,0
81,786,18:46,0
81,787,18:47,0
81,788,18:48,0
81,789,18:49,0
81,790,18:50,0
81,791,18:51,0
81,792,18:52,0
81,793,18:53,0
81,794,18:54,0
81,795,18:55,0
81,796,18:56,0
81,797,18:57,0
81,798,18:58,0
81,799,18:59,0
81,800,19:00,0
81,801,19:01,0
81,802,19:02,0
81,803,19:03,0
81,804,19:04,0
81,805,19:05,0
81,806,19:06,0
81,807,19:07,0
81,808,19:08,0
81,809,19:09,0
81,810,19:10,0
81,811,19:11,0
81,812,19:12,0
81,813,19:13,0
81,814,19:14,0
81,815,19:15,0
81,816,19:16,0
81,817,19:17,0
81,818,19:18,0
81,819,19:19,0
81,820,19:20,0
81,821,19:21,0
81,822,19:22,0
81,823,19:23,0
81,824,19:24,0
81,825,19:25,0
81,826,19:26,0
81,827,19:27,0
81,828,19:28,0
81,829,19:29,0
81,830,19:30,0
81,831,19:31,0
81,832,19:32,0
81,833,19:33,0
81,834,19:34,0
81,835,19:35,0
82,0,05:40,0
82,1,05:41,0
82,2,05:42,0
82,3,05:43,0
82,4,05:44,0
82,5,05:45,0
82,6,05:46,0
82,7,05:47,0
82,8,05:48,0
82,9,05:49,0
82,10,05:50,0
82,11,05:51,0
82,12,05:52,0
82,13,05:53,0
82,14,05:54,0
82,15,05:55,0
82,16,05:56,0
82,17,05:57,0
82,18,05:58,0
82,19,05:59,0
82,20,06:00,0
82,21,06:01,0
82,22,06:02,0
82,23,06:03,0
82,24,06:04,0
82,25,06:05,0
82,26,06:06,0
82,27,06:07,0
82,28,06:08,0
82,29,06:09,0
82,30,06:10,0
82,31,06:11,0
82,32,06:12,0
82,33,06:13,0
82,34,06:14,0
82,35,06:15,0
82,36,06:16,0
82,37,06:17,0
82,38,06:18,0
82,39,06:19,0
82,40,06:20,0
82,41,06:21,0
82,42,06:22,0
82,43,06:23,0
82,44,06:24,0
82,45,06:25,0
82,46,06:26,0
82,47,06:27,0
82,48,06:28,0
82,49,06:29,0
82,50,06:30,0
82,51,06:31,0
82,52,06:32,0
82,53,06:33,0
82,54,06:34,0
82,55,06:35,0
82,56,06:36,0
82,57,06:37,0
82,58,06:38,0
82,59,06:39,0
82,60,06:40,0
82,61,06:41,0
82,62,06:42,0
82,63,06:43,0
82,64,06:44,0
82,65,06:45,0
82,66,06:46,0
82,67,06:47,0
82,68,06:48,0
82,69,06:49,0
82,70,06:50,0
82,71,06:51,0
82,72,06:52,0
82,73,06:53,0
82,74,06:54,0
82,75,06:55,0
82,76,06:56,0
82,77,06:57,0
82,78,06:58,0
82,79,06:59,0
82,80,07:00,0
82,81,07:01,0
82,82,07:02,0
82,83,07:03,0
82,84,07:04,0
82,85,07:05,0
82,86,07:06,0
82,87,07:07,0
82,88,07:08,0
82,89,07:09,0
82,90,07:10,0
82,91,07:11,0
82,92,07:12,0
82,93,07:13,0
82,94,07:14,0
82,95,07:15,0
82,96,07:16,0
82,97,07:17,0
82,98,07:18,0
82,99,07:19,0
82,100,07:20,0
82,101,07:21,0
82,102,07:22,0
82,103,07:23,0
82,104,07:24,0
82,105,07:25,0
82,106,07:26,0
82,107,07:27,0
82,108,07:28,0
82,109,07:29,0
82,110,07:30,0
82,111,07:31,0
82,112,07:32,0
82,113,07:33,0
82,114,07:34,0
82,115,07:35,0
82,116,07:36,0
82,117,07:37,0
82,118,07:38,0
82,119,07:39,0
82,120,07:40,0
82,121,07:41,0
82,122,07:42,0
82,123,07:43,0
82,124,07:44,0
82,125,07:45,0
82,126,07:46,0
82,127,07:47,0
82,128,07:48,0
82,129,07:49,0
82,130,07:50,0
82,131,07:51,0
82,132,07:52,0
82,133,07:53,0
82,134,07:54,0
82,135,07:55,0
82,136,07:56,0
82,137,07:57,0
82,138,07:58,0
82,139,07:59,0
82,140,08:00,0
82,141,08:01,0
82,142,08:02,0
82,143,08:03,0
82,144,08:04,0
82,145,08:05,0
82,146,08:06,0
82,147,08:07,0
82,148,08:08,2
82,149,08:09,2
82,150,08:10,2
82,151,08:11,2
82,152,08:12,2
82,153,08:13,2
82,154,08:14,2
82,155,08:15,2
82,156,08:16,2
82,157,08:17,2
82,158,08:18,2
82,159,08:19,0
82,160,08:20,0
82,161,08:21,0
82,162,08:22,1
82,163,08:23,1
82,164,08:24,1
82,165,08:25,1
82,166,08:26,1
82,167,08:27,1
82,168,08:28,1
82,169,08:29,1
82,170,08:30,1
82,171,08:31,1
82,172,08:32,1
82,173,08:33,0
82,174,08:34,0
82,175,08:35,0
82,176,08:36,0
82,177,08:37,0
82,178,08:38,0
82,179,08:39,0
82,180,08:40,2
82,181,08:41,2
82,182,08:42,2
82,183,08:43,2
82,184,08:44,2
82,185,08:45,2
82,186,08:46,2
82,187,08:47,2
82,188,08:48,2
82,189,08:49,2
82,190,08:50,2
82,191,08:51,0
82,192,08:52,0
82,193,08:53,0
82,194,08:54,1
82,195,08:55,1
82,196,08:56,1
82,197,08:57,3
82,198,08:58,3
82,199,08:59,3
82,200,09:00,3
82,201,09:01,3
82,202,09:02,3
82,203,09:03,3
82,204,09:04,3
82,205,09:05,3
82,206,09:06,3
82,207,09:07,2
82,208,09:08,2
82,209,09:09,2
82,210,09:10,0
82,211,09:11,0
82,212,09:12,0
82,213,09:13,0
82,214,09:14,0
82,215,09:15,0
82,216,09:16,0
82,217,09:17,0
82,218,09:18,0
82,219,09:19,0
82,220,09:20,0
82,221,09:21,0
82,222,09:22,0
82,223,09:23,0
82,224,09:24,0
82,225,09:25,0
82,226,09:26,0
82,227,09:27,0
82,228,09:28,0
82,229,09:29,0
82,230,09:30,0
82,231,09:31,0
82,232,09:32,0
82,233,09:33,0
82,234,09:34,0
82,235,09:35,0
82,236,09:36,0
82,237,09:37,0
82,238,09:38,0
82,239,09:39,0
82,240,09:40,0
82,241,09:41,0
82,242,09:42,0
82,243,09:43,0
82,244,09:44,0
82,245,09:45,0
82,246,09:46,0
82,247,09:47,0
82,248,09:48,0
82,249,09:49,0
82,250,09:50,0
82,251,09:51,0
82,252,09:52,0
82,253,09:53,0
82,254,09:54,0
82,255,09:55,0
82,256,09:56,0
82,257,09:57,0
82,258,09:58,0
82,259,09:59,0
82,260,10:00,0
82,261,10:01,0
82,262,10:02,0
82,263,10:03,0
82,264,10:04,0
82,265,10:05,0
82,266,10:06,0
82,267,10:07,0
82,268,10:08,0
82,269,10:09,0
82,270,10:10,0
82,271,10:11,0
82,272,10:12,0
82,273,10:13,0
82,274,10:14,0
82,275,10:15,0
82,276,10:16,0
82,277,10:17,0
82,278,10:18,0
82,279,10:19,0
82,280,10:20,0
82,281,10:21,0
82,282,10:22,0
82,283,10:23,0
82,284,10:24,0
82,285,10:25,0
82,286,10:26,0
82,287,10:27,0
82,288,10:28,0
82,289,10:29,0
82,290,10:30,0
82,291,10:31,0
82,292,10:32,0
82,293,10:33,0
82,294,10:34,0
82,295,10:35,0
82,296,10:36,0
82,297,10:37,1
82,298,10:38,1
82,299,10:39,1
82,300,10:40,1
82,301,10:41,1
82,302,10:42,1
82,303,10:43,1
82,304,10:44,1
82,305,10:45,1
82,306,10:46,1
82,307,10:47,1
82,308,10:48,1
82,309,10:49,1
82,310,10:50,1
82,311,10:51,1
82,312,10:52,1
82,313,10:53,1
82,314,10:54,1
82,315,10:55,1
82,316,10:56,1
82,317,10:57,1
82,318,10:58,1
82,319,10:59,1
82,320,11:00,0
82,321,11:01,0
82,322,11:02,0
82,323,11:03,1
82,324,11:04,1
82,325,11:05,1
82,326,11:06,2
82,327,11:07,2
82,328,11:08,2
82,329,11:09,2
82,330,11:10,2
82,331,11:11,2
82,332,11:12,2
82,333,11:13,2
82,334,11:14,2
82,335,11:15,2
82,336,11:16,2
82,337,11:17,2
82,338,11:18,2
82,339,11:19,2
82,340,11:20,1
82,341,11:21,1
82,342,11:22,1
82,343,11:23,1
82,344,11:24,1
82,345,11:25,1
82,346,11:26,1
82,347,11:27,1
82,348,11:28,1
82,349,11:29,1
82,350,11:30,0
82,351,11:31,0
82,352,11:32,0
82,353,11:33,0
82,354,11:34,0
82,355,11:35,0
82,356,11:36,0
82,357,11:37,0
82,358,11:38,0
82,359,11:39,1
82,360,11:40,1
82,361,11:41,1
82,362,11:42,1
82,363,11:43,1
82,364,11:44,1
82,365,11:45,1
82,366,11:46,1
82,367,11:47,1
82,368,11:48,1
82,369,11:49,1
82,370,11:50,1
82,371,11:51,1
82,372,11:52,1
82,373,11:53,1
82,374,11:54,1
82,375,11:55,1
82,376,11:56,1
82,377,11:57,1
82,378,11:58,1
82,379,11:59,0
82,380,12:00,0
82,381,12:01,0
82,382,12:02,0
82,383,12:03,0
82,384,12:04,0
82,385,12:05,0
82,386,12:06,0
82,387,12:07,0
82,388,12:08,0
82,389,12:09,0
82,390,12:10,0
82,391,12:11,0
82,392,12:12,0
82,393,12:13,0
82,394,12:14,0
82,395,12:15,0
82,396,12:16,0
82,397,12:17,0
82,398,12:18,0
82,399,12:19,0
82,400,12:20,0
82,401,12:21,0
82,402,12:22,0
82,403,12:23,0
82,404,12:24,0
82,405,12:25,0
82,406,12:26,0
82,407,12:27,0
82,408,12:28,0
82,409,12:29,0
82,410,12:30,0
82,411,12:31,0
82,412,12:32,0
82,413,12:33,0
82,414,12:34,0
82,415,12:35,0
82,416,12:36,0
82,417,12:37,0
82,418,12:38,0
82,419,12:39,0
82,420,12:40,0
82,421,12:41,0
82,422,12:42,0
82,423,12:43,0
82,424,12:44,0
82,425,12:45,0
82,426,12:46,0
82,427,12:47,0
82,428,12:48,0
82,429,12:49,0
82,430,12:50,0
82,431,12:51,0
82,432,12:52,0
82,433,12:53,0
82,434,12:54,0
82,435,12:55,0
82,436,12:56,0
82,437,12:57,0
82,438,12:58,0
82,439,12:59,0
82,440,13:00,0
82,441,13:01,0
82,442,13:02,0
82,443,13:03,0
82,444,13:04,0
82,445,13:05,0
82,446,13:06,0
82,447,13:07,0
82,448,13:08,0
82,449,13:09,0
82,450,13:10,0
82,451,13:11,0
82,452,13:12,0
82,453,13:13,0
82,454,13:14,0
82,455,13:15,0
82,456,13:16,0
82,457,13:17,0
82,458,13:18,0
82,459,13:19,0
82,460,13:20,0
82,461,13:21,0
82,462,13:22,0
82,463,13:23,0
82,464,13:24,0
82,465,13:25,0
82,466,13:26,0
82,467,13:27,0
82,468,13:28,0
82,469,13:29,0
82,470,13:30,0
82,471,13:31,0
82,472,13:32,0
82,473,13:33,0
82,474,13:34,0
82,475,13:35,0
82,476,13:36,0
82,477,13:37,0
82,478,13:38,0
82,479,13:39,0
82,480,13:40,0
82,481,13:41,0
82,482,13:42,0
82,483,13:43,0
82,484,13:44,0
82,485,13:45,0
82,486,13:46,0
82,487,13:47,0
82,488,13:48,0
82,489,13:49,0
82,490,13:50,0
82,491,13:51,0
82,492,13:52,0
82,493,13:53,0
82,494,13:54,0
82,495,13:55,0
82,496,13:56,0
82,497,13:57,0
82,498,13:58,0
82,499,13:59,0
82,500,14:00,0
82,501,14:01,0
82,502,14:02,0
82,503,14:03,0
82,504,14:04,2
82,505,14:05,2
82,506,14:06,2
82,507,14:07,2
82,508,14:08,2
82,509,14:09,2
82,510,14:10,2
82,511,14:11,2
82,512,14:12,2
82,513,14:13,2
82,514,14:14,0
82,515,14:15,0
82,516,14:16,0
82,517,14:17,0
82,518,14:18,0
82,519,14:19,0
82,520,14:20,0
82,521,14:21,0
82,522,14:22,0
82,523,14:23,0
82,524,14:24,0
82,525,14:25,0
82,526,14:26,0
82,527,14:27,0
82,528,14:28,0
82,529,14:29,0
82,530,14:30,0
82,531,14:31,0
82,532,14:32,0
82,533,14:33,0
82,534,14:34,0
82,535,14:35,0
82,536,14:36,0
82,537,14:37,0
82,538,14:38,0
82,539,14:39,0
82,540,14:40,0
82,541,14:41,0
82,542,14:42,0
82,543,14:43,0
82,544,14:44,0
82,545,14:45,0
82,546,14:46,0
82,547,14:47,0
82,548,14:48,0
82,549,14:49,0
82,550,14:50,0
82,551,14:51,0
82,552,14:52,0
82,553,14:53,0
82,554,14:54,0
82,555,14:55,0
82,556,14:56,0
82,557,14:57,0
82,558,14:58,0
82,559,14:59,0
82,560,15:00,0
82,561,15:01,0
82,562,15:02,0
82,563,15:03,0
82,564,15:04,0
82,565,15:05,0
82,566,15:06,0
82,567,15:07,0
82,568,15:08,0
82,569,15:09,0
82,570,15:10,0
82,571,15:11,0
82,572,15:12,0
82,573,15:13,0
82,574,15:14,0
82,575,15:15,0
82,576,15:16,0
82,577,15:17,0
82,578,15:18,0
82,579,15:19,0
82,580,15:20,0
82,581,15:21,0
82,582,15:22,0
82,583,15:23,0
82,584,15:24,0
82,585,15:25,0
82,586,15:26,0
82,587,15:27,0
82,588,15:28,0
82,589,15:29,0
82,590,15:30,0
82,591,15:31,0
82,592,15:32,0
82,593,15:33,0
82,594,15:34,0
82,595,15:35,0
82,596,15:36,0
82,597,15:37,0
82,598,15:38,0
82,599,15:39,0
82,600,15:40,0
82,601,15:41,0
82,602,15:42,0
82,603,15:43,0
82,604,15:44,0
82,605,15:45,0
82,606,15:46,0
82,607,15:47,0
82,608,15:48,0
82,609,15:49,0
82,610,15:50,0
82,611,15:51,0
82,612,15:52,0
82,613,15:53,0
82,614,15:54,0
82,615,15:55,0
82,616,15:56,0
82,617,15:57,0
82,618,15:58,0
82,619,15:59,0
82,620,16:00,0
82,621,16:01,0
82,622,16:02,0
82,623,16:03,0
82,624,16:04,0
82,625,16:05,0
82,626,16:06,0
82,627,16:07,1
82,628,16:08,1
82,629,16:09,1
82,630,16:10,1
82,631,16:11,1
82,632,16:12,1
82,633,16:13,1
82,634,16:14,1
82,635,16:15,1
82,636,16:16,1
82,637,16:17,1
82,638,16:18,0
82,639,16:19,0
82,640,16:20,0
82,641,16:21,0
82,642,16:22,0
82,643,16:23,0
82,644,16:24,0
82,645,16:25,0
82,646,16:26,0
82,647,16:27,0
82,648,16:28,0
82,649,16:29,0
82,650,16:30,0
82,651,16:31,1
82,652,16:32,1
82,653,16:33,1
82,654,16:34,1
82,655,16:35,1
82,656,16:36,1
82,657,16:37,1
82,658,16:38,2
82,659,16:39,2
82,660,16:40,2
82,661,16:41,2
82,662,16:42,2
82,663,16:43,2
82,664,16:44,2
82,665,16:45,2
82,666,16:46,2
82,667,16:47,2
82,668,16:48,2
82,669,16:49,2
82,670,16:50,2
82,671,16:51,2
82,672,16:52,2
82,673,16:53,2
82,674,16:54,2
82,675,16:55,2
82,676,16:56,2
82,677,16:57,2
82,678,16:58,2
82,679,16:59,2
82,680,17:00,1
82,681,17:01,1
82,682,17:02,1
82,683,17:03,0
82,684,17:04,0
82,685,17:05,0
82,686,17:06,1
82,687,17:07,1
82,688,17:08,1
82,689,17:09,2
82,690,17:10,2
82,691,17:11,2
82,692,17:12,2
82,693,17:13,2
82,694,17:14,2
82,695,17:15,2
82,696,17:16,2
82,697,17:17,2
82,698,17:18,2
82,699,17:19,2
82,700,17:20,2
82,701,17:21,2
82,702,17:22,2
82,703,17:23,2
82,704,17:24,2
82,705,17:25,2
82,706,17:26,2
82,707,17:27,1
82,708,17:28,1
82,709,17:29,1
82,710,17:30,0
82,711,17:31,0
82,712,17:32,0
82,713,17:33,0
82,714,17:34,0
82,715,17:35,0
82,716,17:36,1
82,717,17:37,1
82,718,17:38,1
82,719,17:39,2
82,720,17:40,2
82,721,17:41,2
82,722,17:42,2
82,723,17:43,2
82,724,17:44,2
82,725,17:45,2
82,726,17:46,2
82,727,17:47,2
82,728,17:48,2
82,729,17:49,1
82,730,17:50,1
82,731,17:51,1
82,732,17:52,0
82,733,17:53,0
82,734,17:54,0
82,735,17:55,1
82,736,17:56,1
82,737,17:57,1
82,738,17:58,3
82,739,17:59,3
82,740,18:00,3
82,741,18:01,3
82,742,18:02,3
82,743,18:03,3
82,744,18:04,3
82,745,18:05,3
82,746,18:06,3
82,747,18:07,3
82,748,18:08,3
82,749,18:09,1
82,750,18:10,1
82,751,18:11,1
82,752,18:12,0
82,753,18:13,0
82,754,18:14,0
82,755,18:15,0
82,756,18:16,0
82,757,18:17,0
82,758,18:18,0
82,759,18:19,0
82,760,18:20,0
82,761,18:21,0
82,762,18:22,0
82,763,18:23,0
82,764,18:24,0
82,765,18:25,0
82,766,18:26,0
82,767,18:27,0
82,768,18:28,0
82,769,18:29,0
82,770,18:30,0
82,771,18:31,0
82,772,18:32,0
82,773,18:33,0
82,774,18:34,0
82,775,18:35,0
82,776,18:36,0
82,777,18:37,0
82,778,18:38,0
82,779,18:39,0
82,780,18:40,0
82,781,18:41,0
82,782,18:42,0
82,783,18:43,0
82,784,18:44,0
82,785,18:45,0
82,786,18:46,1
82,787,18:47,1
82,788,18:48,1
82,789,18:49,2
82,790,18:50,2
82,791,18:51,2
82,792,18:52,2
82,793,18:53,2
82,794,18:54,2
82,795,18:55,2
82,796,18:56,3
82,797,18:57,3
82,798,18:58,3
82,799,18:59,3
82,800,19:00,3
82,801,19:01,3
82,802,19:02,3
82,803,19:03,3
82,804,19:04,3
82,805,19:05,3
82,806,19:06,3
82,807,19:07,3
82,808,19:08,3
82,809,19:09,3
82,810,19:10,2
82,811,19:11,2
82,812,19:12,2
82,813,19:13,1
82,814,19:14,1
82,815,19:15,1
82,816,19:16,0
82,817,19:17,0
82,818,19:18,0
82,819,19:19,0
82,820,19:20,0
82,821,19:21,0
82,822,19:22,0
82,823,19:23,0
82,824,19:24,0
82,825,19:25,0
82,826,19:26,0
82,827,19:27,0
82,828,19:28,0
82,829,19:29,0
82,830,19:30,0
82,831,19:31,0
82,832,19:32,0
82,833,19:33,0
82,834,19:34,0
82,835,19:35,0
83,0,05:40,0
83,1,05:41,0
83,2,05:42,0
83,3,05:43,0
83,4,05:44,0
83,5,05:45,0
83,6,05:46,0
83,7,05:47,0
83,8,05:48,0
83,9,05:49,0
83,10,05:50,0
83,11,05:51,0
83,12,05:52,0
83,13,05:53,0
83,14,05:54,0
83,15,05:55,0
83,16,05:56,0
83,17,05:57,0
83,18,05:58,0
83,19,05:59,0
83,20,06:00,0
83,21,06:01,0
83,22,06:02,0
83,23,06:03,0
83,24,06:04,0
83,25,06:05,0
83,26,06:06,0
83,27,06:07,0
83,28,06:08,0
83,29,06:09,0
83,30,06:10,0
83,31,06:11,0
83,32,06:12,0
83,33,06:13,0
83,34,06:14,0
83,35,06:15,0
83,36,06:16,0
83,37,06:17,0
83,38,06:18,0
83,39,06:19,0
83,40,06:20,0
83,41,06:21,0
83,42,06:22,0
83,43,06:23,0
83,44,06:24,0
83,45,06:25,0
83,46,06:26,0
83,47,06:27,0
83,48,06:28,0
83,49,06:29,0
83,50,06:30,0
83,51,06:31,0
83,52,06:32,0
83,53,06:33,0
83,54,06:34,0
83,55,06:35,0
83,56,06:36,0
83,57,06:37,0
83,58,06:38,0
83,59,06:39,0
83,60,06:40,0
83,61,06:41,0
83,62,06:42,0
83,63,06:43,0
83,64,06:44,0
83,65,06:45,0
83,66,06:46,0
83,67,06:47,0
83,68,06:48,0
83,69,06:49,0
83,70,06:50,0
83,71,06:51,0
83,72,06:52,0
83,73,06:53,0
83,74,06:54,0
83,75,06:55,0
83,76,06:56,0
83,77,06:57,0
83,78,06:58,0
83,79,06:59,0
83,80,07:00,0
83,81,07:01,0
83,82,07:02,0
83,83,07:03,0
83,84,07:04,0
83,85,07:05,0
83,86,07:06,0
83,87,07:07,0
83,88,07:08,0
83,89,07:09,0
83,90,07:10,0
83,91,07:11,0
83,92,07:12,0
83,93,07:13,0
83,94,07:14,0
83,95,07:15,0
83,96,07:16,0
83,97,07:17,0
83,98,07:18,0
83,99,07:19,0
83,100,07:20,0
83,101,07:21,0
83,102,07:22,0
83,103,07:23,0
83,104,07:24,0
83,105,07:25,0
83,106,07:26,0
83,107,07:27,0
83,108,07:28,0
83,109,07:29,0
83,110,07:30,0
83,111,07:31,0
83,112,07:32,0
83,113,07:33,0
83,114,07:34,0
83,115,07:35,0
83,116,07:36,0
83,117,07:37,0
83,118,07:38,0
83,119,07:39,0
83,120,07:40,0
83,121,07:41,0
83,122,07:42,0
83,123,07:43,0
83,124,07:44,0
83,125,07:45,0
83,126,07:46,0
83,127,07:47,0
83,128,07:48,0
83,129,07:49,0
83,130,07:50,0
83,131,07:51,0
83,132,07:52,0
83,133,07:53,0
83,134,07:54,0
83,135,07:55,0
83,136,07:56,0
83,137,07:57,0
83,138,07:58,0
83,139,07:59,0
83,140,08:00,0
83,141,08:01,0
83,142,08:02,0
83,143,08:03,0
83,144,08:04,0
83,145,08:05,0
83,146,08:06,0
83,147,08:07,0
83,148,08:08,0
83,149,08:09,0
83,150,08:10,0
83,151,08:11,0
83,152,08:12,0
83,153,08:13,0
83,154,08:14,0
83,155,08:15,0
83,156,08:16,0
83,157,08:17,0
83,158,08:18,0
83,159,08:19,0
83,160,08:20,0
83,161,08:21,0
83,162,08:22,0
83,163,08:23,0
83,164,08:24,0
83,165,08:25,0
83,166,08:26,0
83,167,08:27,0
83,168,08:28,0
83,169,08:29,0
83,170,08:30,0
83,171,08:31,0
83,172,08:32,0
83,173,08:33,0
83,174,08:34,0
83,175,08:35,0
83,176,08:36,0
83,177,08:37,0
83,178,08:38,0
83,179,08:39,0
83,180,08:40,0
83,181,08:41,0
83,182,08:42,0
83,183,08:43,0
83,184,08:44,0
83,185,08:45,0
83,186,08:46,0
83,187,08:47,0
83,188,08:48,0
83,189,08:49,0
83,190,08:50,0
83,191,08:51,0
83,192,08:52,0
83,193,08:53,0
83,194,08:54,0
83,195,08:55,0
83,196,08:56,0
83,197,08:57,0
83,198,08:58,0
83,199,08:59,0
83,200,09:00,0
83,201,09:01,0
83,202,09:02,0
83,203,09:03,0
83,204,09:04,0
83,205,09:05,0
83,206,09:06,0
83,207,09:07,0
83,208,09:08,0
83,209,09:09,0
83,210,09:10,0
83,211,09:11,0
83,212,09:12,0
83,213,09:13,0
83,214,09:14,0
83,215,09:15,0
83,216,09:16,0
83,217,09:17,0
83,218,09:18,0
83,219,09:19,0
83,220,09:20,0
83,221,09:21,0
83,222,09:22,0
83,223,09:23,0
83,224,09:24,0
83,225,09:25,0
83,226,09:26,0
83,227,09:27,0
83,228,09:28,0
83,229,09:29,0
83,230,09:30,0
83,231,09:31,0
83,232,09:32,0
83,233,09:33,0
83,234,09:34,0
83,235,09:35,0
83,236,09:36,0
83,237,09:37,0
83,238,09:38,0
83,239,09:39,0
83,240,09:40,0
83,241,09:41,0
83,242,09:42,0
83,243,09:43,0
83,244,09:44,0
83,245,09:45,0
83,246,09:46,0
83,247,09:47,0
83,248,09:48,0
83,249,09:49,0
83,250,09:50,0
83,251,09:51,0
83,252,09:52,0
83,253,09:53,0
83,254,09:54,0
83,255,09:55,0
83,256,09:56,0
83,257,09:57,0
83,258,09:58,0
83,259,09:59,0
83,260,10:00,0
83,261,10:01,0
83,262,10:02,0
83,263,10:03,0
83,264,10:04,0
83,265,10:05,0
83,266,10:06,0
83,267,10:07,0
83,268,10:08,0
83,269,10:09,0
83,270,10:10,0
83,271,10:11,0
83,272,10:12,0
83,273,10:13,0
83,274,10:14,0
83,275,10:15,0
83,276,10:16,0
83,277,10:17,0
83,278,10:18,0
83,279,10:19,0
83,280,10:20,0
83,281,10:21,0
83,282,10:22,0
83,283,10:23,0
83,284,10:24,0
83,285,10:25,0
83,286,10:26,0
83,287,10:27,1
83,288,10:28,1
83,289,10:29,1
83,290,10:30,1
83,291,10:31,1
83,292,10:32,1
83,293,10:33,1
83,294,10:34,1
83,295,10:35,1
83,296,10:36,1
83,297,10:37,0
83,298,10:38,0
83,299,10:39,0
83,300,10:40,1
83,301,10:41,1
83,302,10:42,1
83,303,10:43,1
83,304,10:44,1
83,305,10:45,1
83,306,10:46,1
83,307,10:47,1
83,308,10:48,1
83,309,10:49,0
83,310,10:50,0
83,311,10:51,0
83,312,10:52,0
83,313,10:53,0
83,314,10:54,0
83,315,10:55,0
83,316,10:56,0
83,317,10:57,0
83,318,10:58,0
83,319,10:59,0
83,320,11:00,0
83,321,11:01,0
83,322,11:02,0
83,323,11:03,0
83,324,11:04,0
83,325,11:05,0
83,326,11:06,0
83,327,11:07,0
83,328,11:08,0
83,329,11:09,0
83,330,11:10,0
83,331,11:11,0
83,332,11:12,0
83,333,11:13,0
83,334,11:14,0
83,335,11:15,0
83,336,11:16,0
83,337,11:17,0
83,338,11:18,0
83,339,11:19,0
83,340,11:20,0
83,341,11:21,0
83,342,11:22,0
83,343,11:23,0
83,344,11:24,0
83,345,11:25,0
83,346,11:26,0
83,347,11:27,0
83,348,11:28,0
83,349,11:29,0
83,350,11:30,0
83,351,11:31,0
83,352,11:32,0
83,353,11:33,0
83,354,11:34,0
83,355,11:35,0
83,356,11:36,0
83,357,11:37,0
83,358,11:38,0
83,359,11:39,0
83,360,11:40,0
83,361,11:41,0
83,362,11:42,2
83,363,11:43,2
83,364,11:44,2
83,365,11:45,2
83,366,11:46,2
83,367,11:47,2
83,368,11:48,2
83,369,11:49,2
83,370,11:50,2
83,371,11:51,2
83,372,11:52,2
83,373,11:53,0
83,374,11:54,0
83,375,11:55,0
83,376,11:56,0
83,377,11:57,0
83,378,11:58,0
83,379,11:59,0
83,380,12:00,0
83,381,12:01,0
83,382,12:02,0
83,383,12:03,0
83,384,12:04,0
83,385,12:05,0
83,386,12:06,0
83,387,12:07,0
83,388,12:08,0
83,389,12:09,0
83,390,12:10,0
83,391,12:11,0
83,392,12:12,0
83,393,12:13,0
83,394,12:14,0
83,395,12:15,0
83,396,12:16,0
83,397,12:17,0
83,398,12:18,0
83,399,12:19,0
83,400,12:20,0
83,401,12:21,0
83,402,12:22,0
83,403,12:23,0
83,404,12:24,0
83,405,12:25,0
83,406,12:26,0
83,407,12:27,0
83,408,12:28,0
83,409,12:29,0
83,410,12:30,0
83,411,12:31,0
83,412,12:32,0
83,413,12:33,0
83,414,12:34,0
83,415,12:35,0
83,416,12:36,0
83,417,12:37,0
83,418,12:38,0
83,419,12:39,0
83,420,12:40,0
83,421,12:41,0
83,422,12:42,0
83,423,12:43,0
83,424,12:44,0
83,425,12:45,0
83,426,12:46,0
83,427,12:47,0
83,428,12:48,0
83,429,12:49,0
83,430,12:50,0
83,431,12:51,0
83,432,12:52,0
83,433,12:53,0
83,434,12:54,0
83,435,12:55,0
83,436,12:56,0
83,437,12:57,0
83,438,12:58,0
83,439,12:59,0
83,440,13:00,0
83,441,13:01,0
83,442,13:02,0
83,443,13:03,0
83,444,13:04,0
83,445,13:05,0
83,446,13:06,0
83,447,13:07,0
83,448,13:08,0
83,449,13:09,0
83,450,13:10,0
83,451,13:11,0
83,452,13:12,0
83,453,13:13,0
83,454,13:14,0
83,455,13:15,0
83,456,13:16,0
83,457,13:17,0
83,458,13:18,0
83,459,13:19,0
83,460,13:20,0
83,461,13:21,0
83,462,13:22,0
83,463,13:23,0
83,464,13:24,0
83,465,13:25,0
83,466,13:26,0
83,467,13:27,0
83,468,13:28,0
83,469,13:29,0
83,470,13:30,0
83,471,13:31,0
83,472,13:32,0
83,473,13:33,0
83,474,13:34,0
83,475,13:35,0
83,476,13:36,0
83,477,13:37,0
83,478,13:38,0
83,479,13:39,0
83,480,13:40,0
83,481,13:41,0
83,482,13:42,0
83,483,13:43,0
83,484,13:44,0
83,485,13:45,0
83,486,13:46,0
83,487,13:47,0
83,488,13:48,0
83,489,13:49,0
83,490,13:50,0
83,491,13:51,0
83,492,13:52,0
83,493,13:53,0
83,494,13:54,0
83,495,13:55,0
83,496,13:56,0
83,497,13:57,0
83,498,13:58,0
83,499,13:59,0
83,500,14:00,0
83,501,14:01,0
83,502,14:02,0
83,503,14:03,0
83,504,14:04,0
83,505,14:05,0
83,506,14:06,0
83,507,14:07,0
83,508,14:08,0
83,509,14:09,0
83,510,14:10,0
83,511,14:11,0
83,512,14:12,0
83,513,14:13,0
83,514,14:14,0
83,515,14:15,0
83,516,14:16,0
83,517,14:17,0
83,518,14:18,0
83,519,14:19,0
83,520,14:20,0
83,521,14:21,0
83,522,14:22,0
83,523,14:23,0
83,524,14:24,0
83,525,14:25,0
83,526,14:26,0
83,527,14:27,0
83,528,14:28,0
83,529,14:29,0
83,530,14:30,0
83,531,14:31,0
83,532,14:32,0
83,533,14:33,0
83,534,14:34,0
83,535,14:35,0
83,536,14:36,0
83,537,14:37,0
83,538,14:38,0
83,539,14:39,0
83,540,14:40,0
83,541,14:41,0
83,542,14:42,0
83,543,14:43,0
83,544,14:44,0
83,545,14:45,0
83,546,14:46,0
83,547,14:47,0
83,548,14:48,0
83,549,14:49,0
83,550,14:50,0
83,551,14:51,0
83,552,14:52,0
83,553,14:53,0
83,554,14:54,0
83,555,14:55,0
83,556,14:56,0
83,557,14:57,0
83,558,14:58,0
83,559,14:59,0
83,560,15:00,0
83,561,15:01,0
83,562,15:02,0
83,563,15:03,0
83,564,15:04,0
83,565,15:05,0
83,566,15:06,0
83,567,15:07,0
83,568,15:08,0
83,569,15:09,0
83,570,15:10,0
83,571,15:11,0
83,572,15:12,0
83,573,15:13,0
83,574,15:14,0
83,575,15:15,0
83,576,15:16,0
83,577,15:17,0
83,578,15:18,0
83,579,15:19,0
83,580,15:20,0
83,581,15:21,0
83,582,15:22,0
83,583,15:23,0
83,584,15:24,0
83,585,15:25,0
83,586,15:26,0
83,587,15:27,0
83,588,15:28,0
83,589,15:29,0
83,590,15:30,0
83,591,15:31,0
83,592,15:32,0
83,593,15:33,0
83,594,15:34,0
83,595,15:35,0
83,596,15:36,0
83,597,15:37,0
83,598,15:38,0
83,599,15:39,0
83,600,15:40,0
83,601,15:41,0
83,602,15:42,0
83,603,15:43,0
83,604,15:44,0
83,605,15:45,0
83,606,15:46,0
83,607,15:47,0
83,608,15:48,0
83,609,15:49,0
83,610,15:50,0
83,611,15:51,0
83,612,15:52,0
83,613,15:53,0
83,614,15:54,0
83,615,15:55,0
83,616,15:56,0
83,617,15:57,0
83,618,15:58,0
83,619,15:59,0
83,620,16:00,0
83,621,16:01,0
83,622,16:02,0
83,623,16:03,0
83,624,16:04,0
83,625,16:05,0
83,626,16:06,0
83,627,16:07,0
83,628,16:08,0
83,629,16:09,0
83,630,16:10,0
83,631,16:11,1
83,632,16:12,1
83,633,16:13,1
83,634,16:14,1
83,635,16:15,1
83,636,16:16,1
83,637,16:17,1
83,638,16:18,1
83,639,16:19,1
83,640,16:20,1
83,641,16:21,0
83,642,16:22,0
83,643,16:23,0
83,644,16:24,1
83,645,16:25,1
83,646,16:26,1
83,647,16:27,1
83,648,16:28,1
83,649,16:29,1
83,650,16:30,1
83,651,16:31,1
83,652,16:32,1
83,653,16:33,1
83,654,16:34,0
83,655,16:35,0
83,656,16:36,0
83,657,16:37,0
83,658,16:38,0
83,659,16:39,0
83,660,16:40,0
83,661,16:41,2
83,662,16:42,2
83,663,16:43,2
83,664,16:44,2
83,665,16:45,2
83,666,16:46,2
83,667,16:47,2
83,668,16:48,2
83,669,16:49,2
83,670,16:50,3
83,671,16:51,3
83,672,16:52,3
83,673,16:53,3
83,674,16:54,3
83,675,16:55,3
83,676,16:56,3
83,677,16:57,3
83,678,16:58,3
83,679,16:59,3
83,680,17:00,1
83,681,17:01,1
83,682,17:02,1
83,683,17:03,1
83,684,17:04,1
83,685,17:05,1
83,686,17:06,1
83,687,17:07,1
83,688,17:08,1
83,689,17:09,0
83,690,17:10,0
83,691,17:11,0
83,692,17:12,0
83,693,17:13,0
83,694,17:14,0
83,695,17:15,0
83,696,17:16,0
83,697,17:17,2
83,698,17:18,2
83,699,17:19,2
83,700,17:20,2
83,701,17:21,2
83,702,17:22,2
83,703,17:23,2
83,704,17:24,2
83,705,17:25,2
83,706,17:26,2
83,707,17:27,2
83,708,17:28,2
83,709,17:29,2
83,710,17:30,2
83,711,17:31,2
83,712,17:32,2
83,713,17:33,2
83,714,17:34,2
83,715,17:35,2
83,716,17:36,2
83,717,17:37,2
83,718,17:38,0
83,719,17:39,0
83,720,17:40,0
83,721,17:41,0
83,722,17:42,0
83,723,17:43,0
83,724,17:44,0
83,725,17:45,0
83,726,17:46,0
83,727,17:47,1
83,728,17:48,1
83,729,17:49,1
83,730,17:50,2
83,731,17:51,2
83,732,17:52,2
83,733,17:53,3
83,734,17:54,3
83,735,17:55,3
83,736,17:56,3
83,737,17:57,3
83,738,17:58,3
83,739,17:59,3
83,740,18:00,3
83,741,18:01,3
83,742,18:02,3
83,743,18:03,2
83,744,18:04,2
83,745,18:05,2
83,746,18:06,1
83,747,18:07,1
83,748,18:08,1
83,749,18:09,0
83,750,18:10,0
83,751,18:11,0
83,752,18:12,1
83,753,18:13,1
83,754,18:14,1
83,755,18:15,1
83,756,18:16,1
83,757,18:17,1
83,758,18:18,1
83,759,18:19,1
83,760,18:20,1
83,761,18:21,1
83,762,18:22,1
83,763,18:23,1
83,764,18:24,1
83,765,18:25,1
83,766,18:26,1
83,767,18:27,0
83,768,18:28,0
83,769,18:29,0
83,770,18:30,0
83,771,18:31,0
83,772,18:32,0
83,773,18:33,0
83,774,18:34,0
83,775,18:35,0
83,776,18:36,0
83,777,18:37,0
83,778,18:38,0
83,779,18:39,0
83,780,18:40,0
83,781,18:41,0
83,782,18:42,0
83,783,18:43,0
83,784,18:44,0
83,785,18:45,0
83,786,18:46,0
83,787,18:47,0
83,788,18:48,0
83,789,18:49,0
83,790,18:50,0
83,791,18:51,0
83,792,18:52,0
83,793,18:53,0
83,794,18:54,0
83,795,18:55,0
83,796,18:56,0
83,797,18:57,0
83,798,18:58,0
83,799,18:59,0
83,800,19:00,0
83,801,19:01,0
83,802,19:02,0
83,803,19:03,0
83,804,19:04,0
83,805,19:05,0
83,806,19:06,0
83,807,19:07,0
83,808,19:08,0
83,809,19:09,0
83,810,19:10,0
83,811,19:11,0
83,812,19:12,0
83,813,19:13,0
83,814,19:14,0
83,815,19:15,0
83,816,19:16,0
83,817,19:17,0
83,818,19:18,0
83,819,19:19,0
83,820,19:20,0
83,821,19:21,0
83,822,19:22,0
83,823,19:23,0
83,824,19:24,0
83,825,19:25,0
83,826,19:26,0
83,827,19:27,0
83,828,19:28,0
83,829,19:29,0
83,830,19:30,0
83,831,19:31,0
83,832,19:32,0
83,833,19:33,0
83,834,19:34,0
83,835,19:35,0
84,0,05:40,0
84,1,05:41,0
84,2,05:42,0
84,3,05:43,0
84,4,05:44,0
84,5,05:45,0
84,6,05:46,0
84,7,05:47,0
84,8,05:48,0
84,9,05:49,0
84,10,05:50,0
84,11,05:51,0
84,12,05:52,0
84,13,05:53,0
84,14,05:54,0
84,15,05:55,0
84,16,05:56,0
84,17,05:57,0
84,18,05:58,0
84,19,05:59,0
84,20,06:00,0
84,21,06:01,0
84,22,06:02,0
84,23,06:03,0
84,24,06:04,0
84,25,06:05,0
84,26,06:06,0
84,27,06:07,0
84,28,06:08,0
84,29,06:09,0
84,30,06:10,0
84,31,06:11,0
84,32,06:12,0
84,33,06:13,0
84,34,06:14,0
84,35,06:15,0
84,36,06:16,0
84,37,06:17,0
84,38,06:18,0
84,39,06:19,0
84,40,06:20,0
84,41,06:21,0
84,42,06:22,0
84,43,06:23,0
84,44,06:24,0
84,45,06:25,0
84,46,06:26,0
84,47,06:27,0
84,48,06:28,0
84,49,06:29,0
84,50,06:30,0
84,51,06:31,0
84,52,06:32,0
84,53,06:33,0
84,54,06:34,0
84,55,06:35,0
84,56,06:36,0
84,57,06:37,0
84,58,06:38,0
84,59,06:39,0
84,60,06:40,0
84,61,06:41,0
84,62,06:42,0
84,63,06:43,0
84,64,06:44,0
84,65,06:45,0
84,66,06:46,0
84,67,06:47,0
84,68,06:48,0
84,69,06:49,0
84,70,06:50,0
84,71,06:51,0
84,72,06:52,0
84,73,06:53,0
84,74,06:54,0
84,75,06:55,0
84,76,06:56,0
84,77,06:57,0
84,78,06:58,0
84,79,06:59,0
84,80,07:00,0
84,81,07:01,0
84,82,07:02,0
84,83,07:03,0
84,84,07:04,0
84,85,07:05,0
84,86,07:06,0
84,87,07:07,0
84,88,07:08,0
84,89,07:09,0
84,90,07:10,0
84,91,07:11,0
84,92,07:12,0
84,93,07:13,0
84,94,07:14,0
84,95,07:15,0
84,96,07:16,0
84,97,07:17,0
84,98,07:18,0
84,99,07:19,0
84,100,07:20,0
84,101,07:21,0
84,102,07:22,0
84,103,07:23,0
84,104,07:24,0
84,105,07:25,0
84,106,07:26,0
84,107,07:27,0
84,108,07:28,0
84,109,07:29,0
84,110,07:30,0
84,111,07:31,0
84,112,07:32,0
84,113,07:33,0
84,114,07:34,0
84,115,07:35,0
84,116,07:36,0
84,117,07:37,0
84,118,07:38,0
84,119,07:39,0
84,120,07:40,0
84,121,07:41,0
84,122,07:42,0
84,123,07:43,0
84,124,07:44,0
84,125,07:45,0
84,126,07:46,0
84,127,07:47,0
84,128,07:48,0
84,129,07:49,0
84,130,07:50,0
84,131,07:51,0
84,132,07:52,0
84,133,07:53,0
84,134,07:54,0
84,135,07:55,0
84,136,07:56,0
84,137,07:57,0
84,138,07:58,0
84,139,07:59,0
84,140,08:00,0
84,141,08:01,0
84,142,08:02,0
84,143,08:03,0
84,144,08:04,0
84,145,08:05,0
84,146,08:06,0
84,147,08:07,1
84,148,08:08,1
84,149,08:09,1
84,150,08:10,1
84,151,08:11,1
84,152,08:12,1
84,153,08:13,1
84,154,08:14,1
84,155,08:15,1
84,156,08:16,1
84,157,08:17,0
84,158,08:18,0
84,159,08:19,0
84,160,08:20,0
84,161,08:21,0
84,162,08:22,0
84,163,08:23,0
84,164,08:24,0
84,165,08:25,0
84,166,08:26,0
84,167,08:27,0
84,168,08:28,0
84,169,08:29,0
84,170,08:30,0
84,171,08:31,0
84,172,08:32,0
84,173,08:33,0
84,174,08:34,0
84,175,08:35,0
84,176,08:36,0
84,177,08:37,0
84,178,08:38,0
84,179,08:39,0
84,180,08:40,0
84,181,08:41,0
84,182,08:42,0
84,183,08:43,0
84,184,08:44,0
84,185,08:45,0
84,186,08:46,0
84,187,08:47,0
84,188,08:48,0
84,189,08:49,0
84,190,08:50,0
84,191,08:51,0
84,192,08:52,0
84,193,08:53,0
84,194,08:54,0
84,195,08:55,0
84,196,08:56,0
84,197,08:57,0
84,198,08:58,0
84,199,08:59,0
84,200,09:00,0
84,201,09:01,0
84,202,09:02,0
84,203,09:03,0
84,204,09:04,0
84,205,09:05,0
84,206,09:06,0
84,207,09:07,0
84,208,09:08,0
84,209,09:09,0
84,210,09:10,0
84,211,09:11,0
84,212,09:12,0
84,213,09:13,0
84,214,09:14,0
84,215,09:15,0
84,216,09:16,0
84,217,09:17,0
84,218,09:18,0
84,219,09:19,0
84,220,09:20,0
84,221,09:21,0
84,222,09:22,0
84,223,09:23,0
84,224,09:24,0
84,225,09:25,0
84,226,09:26,0
84,227,09:27,0
84,228,09:28,0
84,229,09:29,0
84,230,09:30,0
84,231,09:31,0
84,232,09:32,0
84,233,09:33,0
84,234,09:34,0
84,235,09:35,0
84,236,09:36,0
84,237,09:37,0
84,238,09:38,0
84,239,09:39,0
84,240,09:40,0
84,241,09:41,0
84,242,09:42,0
84,243,09:43,0
84,244,09:44,0
84,245,09:45,0
84,246,09:46,0
84,247,09:47,0
84,248,09:48,0
84,249,09:49,0
84,250,09:50,0
84,251,09:51,0
84,252,09:52,0
84,253,09:53,0
84,254,09:54,0
84,255,09:55,0
84,256,09:56,0
84,257,09:57,0
84,258,09:58,0
84,259,09:59,0
84,260,10:00,0
84,261,10:01,0
84,262,10:02,0
84,263,10:03,0
84,264,10:04,0
84,265,10:05,0
84,266,10:06,0
84,267,10:07,0
84,268,10:08,0
84,269,10:09,0
84,270,10:10,0
84,271,10:11,0
84,272,10:12,0
84,273,10:13,0
84,274,10:14,0
84,275,10:15,0
84,276,10:16,0
84,277,10:17,0
84,278,10:18,0
84,279,10:19,0
84,280,10:20,0
84,281,10:21,0
84,282,10:22,0
84,283,10:23,0
84,284,10:24,0
84,285,10:25,0
84,286,10:26,0
84,287,10:27,0
84,288,10:28,0
84,289,10:29,0
84,290,10:30,0
84,291,10:31,0
84,292,10:32,0
84,293,10:33,1
84,294,10:34,1
84,295,10:35,1
84,296,10:36,2
84,297,10:37,2
84,298,10:38,2
84,299,10:39,2
84,300,10:40,2
84,301,10:41,2
84,302,10:42,2
84,303,10:43,2
84,304,10:44,2
84,305,10:45,2
84,306,10:46,1
84,307,10:47,1
84,308,10:48,1
84,309,10:49,1
84,310,10:50,1
84,311,10:51,1
84,312,10:52,1
84,313,10:53,0
84,314,10:54,0
84,315,10:55,0
84,316,10:56,4
84,317,10:57,4
84,318,10:58,4
84,319,10:59,4
84,320,11:00,4
84,321,11:01,4
84,322,11:02,4
84,323,11:03,4
84,324,11:04,4
84,325,11:05,4
84,326,11:06,0
84,327,11:07,0
84,328,11:08,0
84,329,11:09,0
84,330,11:10,0
84,331,11:11,0
84,332,11:12,0
84,333,11:13,0
84,334,11:14,0
84,335,11:15,0
84,336,11:16,0
84,337,11:17,0
84,338,11:18,0
84,339,11:19,0
84,340,11:20,0
84,341,11:21,0
84,342,11:22,0
84,343,11:23,0
84,344,11:24,0
84,345,11:25,0
84,346,11:26,0
84,347,11:27,0
84,348,11:28,0
84,349,11:29,0
84,350,11:30,0
84,351,11:31,0
84,352,11:32,0
84,353,11:33,0
84,354,11:34,0
84,355,11:35,0
84,356,11:36,0
84,357,11:37,0
84,358,11:38,0
84,359,11:39,0
84,360,11:40,0
84,361,11:41,0
84,362,11:42,0
84,363,11:43,0
84,364,11:44,0
84,365,11:45,0
84,366,11:46,0
84,367,11:47,0
84,368,11:48,0
84,369,11:49,0
84,370,11:50,0
84,371,11:51,0
84,372,11:52,0
84,373,11:53,0
84,374,11:54,0
84,375,11:55,0
84,376,11:56,0
84,377,11:57,0
84,378,11:58,0
84,379,11:59,0
84,380,12:00,0
84,381,12:01,0
84,382,12:02,0
84,383,12:03,0
84,384,12:04,0
84,385,12:05,0
84,386,12:06,0
84,387,12:07,0
84,388,12:08,0
84,389,12:09,0
84,390,12:10,0
84,391,12:11,0
84,392,12:12,0
84,393,12:13,0
84,394,12:14,0
84,395,12:15,0
84,396,12:16,0
84,397,12:17,0
84,398,12:18,0
84,399,12:19,0
84,400,12:20,0
84,401,12:21,0
84,402,12:22,0
84,403,12:23,0
84,404,12:24,0
84,405,12:25,0
84,406,12:26,0
84,407,12:27,0
84,408,12:28,0
84,409,12:29,0
84,410,12:30,0
84,411,12:31,0
84,412,12:32,0
84,413,12:33,0
84,414,12:34,0
84,415,12:35,0
84,416,12:36,0
84,417,12:37,0
84,418,12:38,0
84,419,12:39,0
84,420,12:40,0
84,421,12:41,0
84,422,12:42,0
84,423,12:43,0
84,424,12:44,0
84,425,12:45,0
84,426,12:46,0
84,427,12:47,1
84,428,12:48,1
84,429,12:49,1
84,430,12:50,1
84,431,12:51,1
84,432,12:52,1
84,433,12:53,1
84,434,12:54,1
84,435,12:55,1
84,436,12:56,1
84,437,12:57,2
84,438,12:58,2
84,439,12:59,2
84,440,13:00,2
84,441,13:01,2
84,442,13:02,2
84,443,13:03,2
84,444,13:04,2
84,445,13:05,2
84,446,13:06,2
84,447,13:07,1
84,448,13:08,1
84,449,13:09,1
84,450,13:10,1
84,451,13:11,1
84,452,13:12,1
84,453,13:13,1
84,454,13:14,1
84,455,13:15,1
84,456,13:16,0
84,457,13:17,0
84,458,13:18,0
84,459,13:19,0
84,460,13:20,0
84,461,13:21,0
84,462,13:22,0
84,463,13:23,0
84,464,13:24,0
84,465,13:25,0
84,466,13:26,0
84,467,13:27,0
84,468,13:28,0
84,469,13:29,0
84,470,13:30,0
84,471,13:31,0
84,472,13:32,0
84,473,13:33,0
84,474,13:34,0
84,475,13:35,0
84,476,13:36,0
84,477,13:37,0
84,478,13:38,0
84,479,13:39,0
84,480,13:40,0
84,481,13:41,0
84,482,13:42,0
84,483,13:43,0
84,484,13:44,0
84,485,13:45,0
84,486,13:46,0
84,487,13:47,0
84,488,13:48,0
84,489,13:49,0
84,490,13:50,0
84,491,13:51,0
84,492,13:52,0
84,493,13:53,0
84,494,13:54,0
84,495,13:55,0
84,496,13:56,0
84,497,13:57,0
84,498,13:58,0
84,499,13:59,0
84,500,14:00,0
84,501,14:01,0
84,502,14:02,0
84,503,14:03,0
84,504,14:04,1
84,505,14:05,1
84,506,14:06,1
84,507,14:07,1
84,508,14:08,1
84,509,14:09,1
84,510,14:10,1
84,511,14:11,1
84,512,14:12,1
84,513,14:13,1
84,514,14:14,0
84,515,14:15,0
84,516,14:16,0
84,517,14:17,0
84,518,14:18,0
84,519,14:19,0
84,520,14:20,0
84,521,14:21,0
84,522,14:22,0
84,523,14:23,0
84,524,14:24,0
84,525,14:25,0
84,526,14:26,0
84,527,14:27,0
84,528,14:28,0
84,529,14:29,0
84,530,14:30,0
84,531,14:31,0
84,532,14:32,0
84,533,14:33,0
84,534,14:34,0
84,535,14:35,0
84,536,14:36,0
84,537,14:37,0
84,538,14:38,0
84,539,14:39,0
84,540,14:40,0
84,541,14:41,0
84,542,14:42,0
84,543,14:43,0
84,544,14:44,0
84,545,14:45,0
84,546,14:46,0
84,547,14:47,0
84,548,14:48,0
84,549,14:49,0
84,550,14:50,0
84,551,14:51,0
84,552,14:52,0
84,553,14:53,0
84,554,14:54,0
84,555,14:55,0
84,556,14:56,0
84,557,14:57,0
84,558,14:58,0
84,559,14:59,0
84,560,15:00,0
84,561,15:01,0
84,562,15:02,0
84,563,15:03,0
84,564,15:04,0
84,565,15:05,0
84,566,15:06,0
84,567,15:07,0
84,568,15:08,0
84,569,15:09,0
84,570,15:10,0
84,571,15:11,0
84,572,15:12,0
84,573,15:13,0
84,574,15:14,0
84,575,15:15,0
84,576,15:16,0
84,577,15:17,0
84,578,15:18,0
84,579,15:19,0
84,580,15:20,0
84,581,15:21,0
84,582,15:22,0
84,583,15:23,0
84,584,15:24,0
84,585,15:25,0
84,586,15:26,0
84,587,15:27,0
84,588,15:28,0
84,589,15:29,0
84,590,15:30,0
84,591,15:31,0
84,592,15:32,0
84,593,15:33,0
84,594,15:34,0
84,595,15:35,0
84,596,15:36,0
84,597,15:37,0
84,598,15:38,0
84,599,15:39,0
84,600,15:40,0
84,601,15:41,0
84,602,15:42,0
84,603,15:43,0
84,604,15:44,0
84,605,15:45,0
84,606,15:46,0
84,607,15:47,0
84,608,15:48,0
84,609,15:49,0
84,610,15:50,0
84,611,15:51,0
84,612,15:52,0
84,613,15:53,0
84,614,15:54,0
84,615,15:55,0
84,616,15:56,0
84,617,15:57,0
84,618,15:58,0
84,619,15:59,0
84,620,16:00,0
84,621,16:01,0
84,622,16:02,0
84,623,16:03,0
84,624,16:04,0
84,625,16:05,0
84,626,16:06,0
84,627,16:07,0
84,628,16:08,0
84,629,16:09,0
84,630,16:10,0
84,631,16:11,0
84,632,16:12,1
84,633,16:13,1
84,634,16:14,1
84,635,16:15,1
84,636,16:16,1
84,637,16:17,1
84,638,16:18,1
84,639,16:19,1
84,640,16:20,1
84,641,16:21,1
84,642,16:22,1
84,643,16:23,1
84,644,16:24,1
84,645,16:25,1
84,646,16:26,1
84,647,16:27,1
84,648,16:28,1
84,649,16:29,1
84,650,16:30,1
84,651,16:31,0
84,652,16:32,0
84,653,16:33,0
84,654,16:34,0
84,655,16:35,0
84,656,16:36,0
84,657,16:37,0
84,658,16:38,0
84,659,16:39,0
84,660,16:40,0
84,661,16:41,0
84,662,16:42,0
84,663,16:43,0
84,664,16:44,0
84,665,16:45,0
84,666,16:46,0
84,667,16:47,1
84,668,16:48,1
84,669,16:49,1
84,670,16:50,1
84,671,16:51,1
84,672,16:52,1
84,673,16:53,1
84,674,16:54,1
84,675,16:55,1
84,676,16:56,1
84,677,16:57,1
84,678,16:58,0
84,679,16:59,0
84,680,17:00,0
84,681,17:01,0
84,682,17:02,0
84,683,17:03,0
84,684,17:04,0
84,685,17:05,0
84,686,17:06,0
84,687,17:07,0
84,688,17:08,0
84,689,17:09,1
84,690,17:10,1
84,691,17:11,1
84,692,17:12,1
84,693,17:13,1
84,694,17:14,1
84,695,17:15,1
84,696,17:16,1
84,697,17:17,1
84,698,17:18,1
84,699,17:19,0
84,700,17:20,0
84,701,17:21,0
84,702,17:22,1
84,703,17:23,1
84,704,17:24,1
84,705,17:25,1
84,706,17:26,1
84,707,17:27,1
84,708,17:28,1
84,709,17:29,1
84,710,17:30,1
84,711,17:31,1
84,712,17:32,0
84,713,17:33,0
84,714,17:34,0
84,715,17:35,0
84,716,17:36,0
84,717,17:37,0
84,718,17:38,0
84,719,17:39,0
84,720,17:40,0
84,721,17:41,0
84,722,17:42,0
84,723,17:43,0
84,724,17:44,0
84,725,17:45,0
84,726,17:46,0
84,727,17:47,0
84,728,17:48,0
84,729,17:49,0
84,730,17:50,0
84,731,17:51,0
84,732,17:52,0
84,733,17:53,0
84,734,17:54,0
84,735,17:55,0
84,736,17:56,0
84,737,17:57,0
84,738,17:58,0
84,739,17:59,0
84,740,18:00,0
84,741,18:01,1
84,742,18:02,1
84,743,18:03,1
84,744,18:04,2
84,745,18:05,2
84,746,18:06,2
84,747,18:07,2
84,748,18:08,2
84,749,18:09,2
84,750,18:10,2
84,751,18:11,2
84,752,18:12,2
84,753,18:13,2
84,754,18:14,1
84,755,18:15,1
84,756,18:16,1
84,757,18:17,0
84,758,18:18,0
84,759,18:19,0
84,760,18:20,1
84,761,18:21,1
84,762,18:22,1
84,763,18:23,1
84,764,18:24,1
84,765,18:25,1
84,766,18:26,1
84,767,18:27,1
84,768,18:28,1
84,769,18:29,1
84,770,18:30,0
84,771,18:31,0
84,772,18:32,0
84,773,18:33,0
84,774,18:34,0
84,775,18:35,0
84,776,18:36,0
84,777,18:37,0
84,778,18:38,0
84,779,18:39,0
84,780,18:40,0
84,781,18:41,1
84,782,18:42,1
84,783,18:43,1
84,784,18:44,1
84,785,18:45,1
84,786,18:46,1
84,787,18:47,1
84,788,18:48,1
84,789,18:49,1
84,790,18:50,1
84,791,18:51,0
84,792,18:52,0
84,793,18:53,0
84,794,18:54,0
84,795,18:55,0
84,796,18:56,0
84,797,18:57,0
84,798,18:58,0
84,799,18:59,0
84,800,19:00,0
84,801,19:01,0
84,802,19:02,0
84,803,19:03,1
84,804,19:04,1
84,805,19:05,1
84,806,19:06,1
84,807,19:07,1
84,808,19:08,1
84,809,19:09,1
84,810,19:10,1
84,811,19:11,1
84,812,19:12,1
84,813,19:13,1
84,814,19:14,0
84,815,19:15,0
84,816,19:16,0
84,817,19:17,0
84,818,19:18,0
84,819,19:19,0
84,820,19:20,0
84,821,19:21,0
84,822,19:22,0
84,823,19:23,0
84,824,19:24,0
84,825,19:25,0
84,826,19:26,0
84,827,19:27,0
84,828,19:28,0
84,829,19:29,0
84,830,19:30,0
84,831,19:31,0
84,832,19:32,0
84,833,19:33,0
84,834,19:34,0
84,835,19:35,0
85,0,05:40,0
85,1,05:41,0
85,2,05:42,0
85,3,05:43,0
85,4,05:44,0
85,5,05:45,0
85,6,05:46,0
85,7,05:47,0
85,8,05:48,0
85,9,05:49,0
85,10,05:50,0
85,11,05:51,0
85,12,05:52,0
85,13,05:53,0
85,14,05:54,0
85,15,05:55,0
85,16,05:56,0
85,17,05:57,0
85,18,05:58,0
85,19,05:59,0
85,20,06:00,0
85,21,06:01,0
85,22,06:02,0
85,23,06:03,0
85,24,06:04,0
85,25,06:05,0
85,26,06:06,0
85,27,06:07,0
85,28,06:08,0
85,29,06:09,0
85,30,06:10,0
85,31,06:11,0
85,32,06:12,0
85,33,06:13,0
85,34,06:14,0
85,35,06:15,0
85,36,06:16,0
85,37,06:17,0
85,38,06:18,0
85,39,06:19,0
85,40,06:20,0
85,41,06:21,0
85,42,06:22,0
85,43,06:23,0
85,44,06:24,0
85,45,06:25,0
85,46,06:26,0
85,47,06:27,0
85,48,06:28,0
85,49,06:29,0
85,50,06:30,0
85,51,06:31,0
85,52,06:32,0
85,53,06:33,0
85,54,06:34,0
85,55,06:35,0
85,56,06:36,0
85,57,06:37,0
85,58,06:38,0
85,59,06:39,0
85,60,06:40,0
85,61,06:41,0
85,62,06:42,0
85,63,06:43,0
85,64,06:44,0
85,65,06:45,0
85,66,06:46,0
85,67,06:47,0
85,68,06:48,0
85,69,06:49,0
85,70,06:50,0
85,71,06:51,0
85,72,06:52,0
85,73,06:53,0
85,74,06:54,0
85,75,06:55,0
85,76,06:56,0
85,77,06:57,0
85,78,06:58,0
85,79,06:59,0
85,80,07:00,0
85,81,07:01,0
85,82,07:02,0
85,83,07:03,0
85,84,07:04,0
85,85,07:05,0
85,86,07:06,0
85,87,07:07,0
85,88,07:08,0
85,89,07:09,0
85,90,07:10,0
85,91,07:11,0
85,92,07:12,0
85,93,07:13,0
85,94,07:14,0
85,95,07:15,0
85,96,07:16,0
85,97,07:17,0
85,98,07:18,0
85,99,07:19,0
85,100,07:20,0
85,101,07:21,0
85,102,07:22,0
85,103,07:23,0
85,104,07:24,0
85,105,07:25,0
85,106,07:26,0
85,107,07:27,0
85,108,07:28,0
85,109,07:29,0
85,110,07:30,0
85,111,07:31,0
85,112,07:32,0
85,113,07:33,0
85,114,07:34,0
85,115,07:35,0
85,116,07:36,0
85,117,07:37,0
85,118,07:38,0
85,119,07:39,0
85,120,07:40,0
85,121,07:41,0
85,122,07:42,0
85,123,07:43,0
85,124,07:44,0
85,125,07:45,0
85,126,07:46,0
85,127,07:47,0
85,128,07:48,0
85,129,07:49,0
85,130,07:50,0
85,131,07:51,0
85,132,07:52,0
85,133,07:53,0
85,134,07:54,0
85,135,07:55,0
85,136,07:56,0
85,137,07:57,0
85,138,07:58,0
85,139,07:59,0
85,140,08:00,0
85,141,08:01,0
85,142,08:02,0
85,143,08:03,0
85,144,08:04,0
85,145,08:05,0
85,146,08:06,0
85,147,08:07,0
85,148,08:08,0
85,149,08:09,0
85,150,08:10,0
85,151,08:11,0
85,152,08:12,0
85,153,08:13,0
85,154,08:14,0
85,155,08:15,0
85,156,08:16,0
85,157,08:17,0
85,158,08:18,0
85,159,08:19,0
85,160,08:20,1
85,161,08:21,1
85,162,08:22,1
85,163,08:23,2
85,164,08:24,2
85,165,08:25,2
85,166,08:26,3
85,167,08:27,3
85,168,08:28,3
85,169,08:29,3
85,170,08:30,3
85,171,08:31,3
85,172,08:32,3
85,173,08:33,3
85,174,08:34,3
85,175,08:35,3
85,176,08:36,2
85,177,08:37,2
85,178,08:38,2
85,179,08:39,1
85,180,08:40,1
85,181,08:41,1
85,182,08:42,0
85,183,08:43,0
85,184,08:44,0
85,185,08:45,0
85,186,08:46,0
85,187,08:47,0
85,188,08:48,0
85,189,08:49,0
85,190,08:50,0
85,191,08:51,0
85,192,08:52,0
85,193,08:53,0
85,194,08:54,0
85,195,08:55,0
85,196,08:56,0
85,197,08:57,0
85,198,08:58,0
85,199,08:59,0
85,200,09:00,0
85,201,09:01,0
85,202,09:02,0
85,203,09:03,0
85,204,09:04,0
85,205,09:05,0
85,206,09:06,0
85,207,09:07,0
85,208,09:08,0
85,209,09:09,0
85,210,09:10,0
85,211,09:11,0
85,212,09:12,0
85,213,09:13,0
85,214,09:14,0
85,215,09:15,0
85,216,09:16,0
85,217,09:17,0
85,218,09:18,0
85,219,09:19,0
85,220,09:20,0
85,221,09:21,0
85,222,09:22,0
85,223,09:23,0
85,224,09:24,0
85,225,09:25,0
85,226,09:26,0
85,227,09:27,0
85,228,09:28,0
85,229,09:29,0
85,230,09:30,0
85,231,09:31,0
85,232,09:32,0
85,233,09:33,0
85,234,09:34,0
85,235,09:35,0
85,236,09:36,0
85,237,09:37,0
85,238,09:38,0
85,239,09:39,0
85,240,09:40,0
85,241,09:41,0
85,242,09:42,0
85,243,09:43,0
85,244,09:44,0
85,245,09:45,0
85,246,09:46,0
85,247,09:47,0
85,248,09:48,0
85,249,09:49,0
85,250,09:50,0
85,251,09:51,0
85,252,09:52,0
85,253,09:53,0
85,254,09:54,0
85,255,09:55,0
85,256,09:56,0
85,257,09:57,0
85,258,09:58,0
85,259,09:59,0
85,260,10:00,0
85,261,10:01,0
85,262,10:02,0
85,263,10:03,0
85,264,10:04,0
85,265,10:05,0
85,266,10:06,0
85,267,10:07,0
85,268,10:08,0
85,269,10:09,0
85,270,10:10,0
85,271,10:11,0
85,272,10:12,0
85,273,10:13,0
85,274,10:14,0
85,275,10:15,0
85,276,10:16,0
85,277,10:17,0
85,278,10:18,0
85,279,10:19,0
85,280,10:20,0
85,281,10:21,0
85,282,10:22,0
85,283,10:23,0
85,284,10:24,0
85,285,10:25,0
85,286,10:26,0
85,287,10:27,0
85,288,10:28,0
85,289,10:29,0
85,290,10:30,0
85,291,10:31,0
85,292,10:32,0
85,293,10:33,0
85,294,10:34,0
85,295,10:35,0
85,296,10:36,0
85,297,10:37,0
85,298,10:38,0
85,299,10:39,0
85,300,10:40,0
85,301,10:41,0
85,302,10:42,0
85,303,10:43,0
85,304,10:44,0
85,305,10:45,0
85,306,10:46,0
85,307,10:47,0
85,308,10:48,0
85,309,10:49,0
85,310,10:50,0
85,311,10:51,0
85,312,10:52,0
85,313,10:53,0
85,314,10:54,0
85,315,10:55,0
85,316,10:56,0
85,317,10:57,0
85,318,10:58,0
85,319,10:59,0
85,320,11:00,0
85,321,11:01,0
85,322,11:02,0
85,323,11:03,0
85,324,11:04,0
85,325,11:05,0
85,326,11:06,0
85,327,11:07,0
85,328,11:08,0
85,329,11:09,0
85,330,11:10,0
85,331,11:11,0
85,332,11:12,0
85,333,11:13,0
85,334,11:14,0
85,335,11:15,0
85,336,11:16,0
85,337,11:17,0
85,338,11:18,0
85,339,11:19,0
85,340,11:20,0
85,341,11:21,0
85,342,11:22,0
85,343,11:23,0
85,344,11:24,0
85,345,11:25,0
85,346,11:26,0
85,347,11:27,0
85,348,11:28,0
85,349,11:29,0
85,350,11:30,0
85,351,11:31,0
85,352,11:32,0
85,353,11:33,0
85,354,11:34,0
85,355,11:35,0
85,356,11:36,0
85,357,11:37,0
85,358,11:38,0
85,359,11:39,0
85,360,11:40,0
85,361,11:41,0
85,362,11:42,0
85,363,11:43,0
85,364,11:44,0
85,365,11:45,0
85,366,11:46,0
85,367,11:47,0
85,368,11:48,0
85,369,11:49,0
85,370,11:50,0
85,371,11:51,0
85,372,11:52,0
85,373,11:53,0
85,374,11:54,0
85,375,11:55,0
85,376,11:56,0
85,377,11:57,0
85,378,11:58,0
85,379,11:59,0
85,380,12:00,0
85,381,12:01,0
85,382,12:02,0
85,383,12:03,0
85,384,12:04,0
85,385,12:05,0
85,386,12:06,0
85,387,12:07,0
85,388,12:08,0
85,389,12:09,0
85,390,12:10,0
85,391,12:11,0
85,392,12:12,0
85,393,12:13,0
85,394,12:14,0
85,395,12:15,0
85,396,12:16,0
85,397,12:17,0
85,398,12:18,0
85,399,12:19,0
85,400,12:20,0
85,401,12:21,0
85,402,12:22,0
85,403,12:23,0
85,404,12:24,0
85,405,12:25,0
85,406,12:26,0
85,407,12:27,0
85,408,12:28,0
85,409,12:29,0
85,410,12:30,0
85,411,12:31,0
85,412,12:32,0
85,413,12:33,0
85,414,12:34,0
85,415,12:35,0
85,416,12:36,0
85,417,12:37,0
85,418,12:38,0
85,419,12:39,0
85,420,12:40,0
85,421,12:41,0
85,422,12:42,0
85,423,12:43,0
85,424,12:44,0
85,425,12:45,0
85,426,12:46,0
85,427,12:47,0
85,428,12:48,0
85,429,12:49,0
85,430,12:50,0
85,431,12:51,0
85,432,12:52,0
85,433,12:53,0
85,434,12:54,0
85,435,12:55,0
85,436,12:56,0
85,437,12:57,0
85,438,12:58,0
85,439,12:59,0
85,440,13:00,0
85,441,13:01,0
85,442,13:02,0
85,443,13:03,0
85,444,13:04,0
85,445,13:05,0
85,446,13:06,0
85,447,13:07,0
85,448,13:08,0
85,449,13:09,0
85,450,13:10,0
85,451,13:11,0
85,452,13:12,0
85,453,13:13,0
85,454,13:14,0
85,455,13:15,0
85,456,13:16,0
85,457,13:17,0
85,458,13:18,0
85,459,13:19,0
85,460,13:20,0
85,461,13:21,0
85,462,13:22,0
85,463,13:23,0
85,464,13:24,0
85,465,13:25,0
85,466,13:26,0
85,467,13:27,0
85,468,13:28,0
85,469,13:29,0
85,470,13:30,0
85,471,13:31,0
85,472,13:32,0
85,473,13:33,0
85,474,13:34,0
85,475,13:35,0
85,476,13:36,0
85,477,13:37,0
85,478,13:38,0
85,479,13:39,0
85,480,13:40,0
85,481,13:41,0
85,482,13:42,0
85,483,13:43,0
85,484,13:44,0
85,485,13:45,0
85,486,13:46,0
85,487,13:47,0
85,488,13:48,0
85,489,13:49,0
85,490,13:50,0
85,491,13:51,0
85,492,13:52,0
85,493,13:53,0
85,494,13:54,0
85,495,13:55,0
85,496,13:56,0
85,497,13:57,0
85,498,13:58,0
85,499,13:59,0
85,500,14:00,0
85,501,14:01,0
85,502,14:02,0
85,503,14:03,0
85,504,14:04,0
85,505,14:05,0
85,506,14:06,0
85,507,14:07,0
85,508,14:08,0
85,509,14:09,0
85,510,14:10,0
85,511,14:11,0
85,512,14:12,0
85,513,14:13,0
85,514,14:14,0
85,515,14:15,1
85,516,14:16,1
85,517,14:17,1
85,518,14:18,2
85,519,14:19,2
85,520,14:20,2
85,521,14:21,2
85,522,14:22,2
85,523,14:23,2
85,524,14:24,2
85,525,14:25,2
85,526,14:26,2
85,527,14:27,2
85,528,14:28,1
85,529,14:29,1
85,530,14:30,1
85,531,14:31,1
85,532,14:32,1
85,533,14:33,1
85,534,14:34,1
85,535,14:35,1
85,536,14:36,1
85,537,14:37,1
85,538,14:38,1
85,539,14:39,1
85,540,14:40,1
85,541,14:41,1
85,542,14:42,0
85,543,14:43,0
85,544,14:44,0
85,545,14:45,0
85,546,14:46,0
85,547,14:47,0
85,548,14:48,0
85,549,14:49,0
85,550,14:50,0
85,551,14:51,0
85,552,14:52,0
85,553,14:53,0
85,554,14:54,0
85,555,14:55,0
85,556,14:56,0
85,557,14:57,0
85,558,14:58,0
85,559,14:59,0
85,560,15:00,0
85,561,15:01,0
85,562,15:02,0
85,563,15:03,0
85,564,15:04,0
85,565,15:05,0
85,566,15:06,0
85,567,15:07,0
85,568,15:08,0
85,569,15:09,0
85,570,15:10,0
85,571,15:11,0
85,572,15:12,0
85,573,15:13,0
85,574,15:14,0
85,575,15:15,0
85,576,15:16,0
85,577,15:17,0
85,578,15:18,0
85,579,15:19,0
85,580,15:20,0
85,581,15:21,0
85,582,15:22,0
85,583,15:23,0
85,584,15:24,0
85,585,15:25,1
85,586,15:26,1
85,587,15:27,1
85,588,15:28,1
85,589,15:29,1
85,590,15:30,1
85,591,15:31,1
85,592,15:32,1
85,593,15:33,1
85,594,15:34,1
85,595,15:35,1
85,596,15:36,1
85,597,15:37,1
85,598,15:38,1
85,599,15:39,0
85,600,15:40,0
85,601,15:41,0
85,602,15:42,0
85,603,15:43,0
85,604,15:44,0
85,605,15:45,0
85,606,15:46,0
85,607,15:47,0
85,608,15:48,0
85,609,15:49,0
85,610,15:50,0
85,611,15:51,0
85,612,15:52,0
85,613,15:53,1
85,614,15:54,1
85,615,15:55,1
85,616,15:56,1
85,617,15:57,1
85,618,15:58,1
85,619,15:59,1
85,620,16:00,1
85,621,16:01,1
85,622,16:02,1
85,623,16:03,1
85,624,16:04,1
85,625,16:05,1
85,626,16:06,1
85,627,16:07,1
85,628,16:08,1
85,629,16:09,1
85,630,16:10,1
85,631,16:11,1
85,632,16:12,1
85,633,16:13,1
85,634,16:14,1
85,635,16:15,1
85,636,16:16,1
85,637,16:17,1
85,638,16:18,0
85,639,16:19,0
85,640,16:20,0
85,641,16:21,1
85,642,16:22,1
85,643,16:23,1
85,644,16:24,1
85,645,16:25,1
85,646,16:26,1
85,647,16:27,1
85,648,16:28,1
85,649,16:29,1
85,650,16:30,1
85,651,16:31,1
85,652,16:32,1
85,653,16:33,1
85,654,16:34,1
85,655,16:35,1
85,656,16:36,1
85,657,16:37,1
85,658,16:38,1
85,659,16:39,0
85,660,16:40,0
85,661,16:41,0
85,662,16:42,0
85,663,16:43,0
85,664,16:44,1
85,665,16:45,1
85,666,16:46,1
85,667,16:47,1
85,668,16:48,1
85,669,16:49,2
85,670,16:50,2
85,671,16:51,2
85,672,16:52,2
85,673,16:53,3
85,674,16:54,3
85,675,16:55,3
85,676,16:56,3
85,677,16:57,3
85,678,16:58,3
85,679,16:59,3
85,680,17:00,3
85,681,17:01,3
85,682,17:02,3
85,683,17:03,3
85,684,17:04,2
85,685,17:05,2
85,686,17:06,2
85,687,17:07,1
85,688,17:08,1
85,689,17:09,1
85,690,17:10,0
85,691,17:11,0
85,692,17:12,0
85,693,17:13,0
85,694,17:14,0
85,695,17:15,0
85,696,17:16,0
85,697,17:17,0
85,698,17:18,0
85,699,17:19,0
85,700,17:20,0
85,701,17:21,0
85,702,17:22,0
85,703,17:23,0
85,704,17:24,0
85,705,17:25,0
85,706,17:26,0
85,707,17:27,0
85,708,17:28,0
85,709,17:29,0
85,710,17:30,0
85,711,17:31,0
85,712,17:32,0
85,713,17:33,0
85,714,17:34,0
85,715,17:35,0
85,716,17:36,0
85,717,17:37,0
85,718,17:38,0
85,719,17:39,0
85,720,17:40,0
85,721,17:41,0
85,722,17:42,0
85,723,17:43,0
85,724,17:44,0
85,725,17:45,0
85,726,17:46,0
85,727,17:47,0
85,728,17:48,0
85,729,17:49,0
85,730,17:50,0
85,731,17:51,0
85,732,17:52,0
85,733,17:53,0
85,734,17:54,0
85,735,17:55,0
85,736,17:56,0
85,737,17:57,0
85,738,17:58,0
85,739,17:59,0
85,740,18:00,0
85,741,18:01,0
85,742,18:02,0
85,743,18:03,0
85,744,18:04,0
85,745,18:05,0
85,746,18:06,0
85,747,18:07,0
85,748,18:08,1
85,749,18:09,1
85,750,18:10,1
85,751,18:11,1
85,752,18:12,1
85,753,18:13,1
85,754,18:14,1
85,755,18:15,1
85,756,18:16,1
85,757,18:17,1
85,758,18:18,1
85,759,18:19,1
85,760,18:20,1
85,761,18:21,1
85,762,18:22,1
85,763,18:23,1
85,764,18:24,1
85,765,18:25,1
85,766,18:26,0
85,767,18:27,0
85,768,18:28,0
85,769,18:29,0
85,770,18:30,0
85,771,18:31,0
85,772,18:32,0
85,773,18:33,0
85,774,18:34,0
85,775,18:35,0
85,776,18:36,0
85,777,18:37,0
85,778,18:38,0
85,779,18:39,0
85,780,18:40,0
85,781,18:41,0
85,782,18:42,0
85,783,18:43,0
85,784,18:44,0
85,785,18:45,0
85,786,18:46,0
85,787,18:47,0
85,788,18:48,0
85,789,18:49,0
85,790,18:50,0
85,791,18:51,0
85,792,18:52,0
85,793,18:53,0
85,794,18:54,0
85,795,18:55,0
85,796,18:56,0
85,797,18:57,0
85,798,18:58,0
85,799,18:59,0
85,800,19:00,0
85,801,19:01,0
85,802,19:02,0
85,803,19:03,0
85,804,19:04,0
85,805,19:05,0
85,806,19:06,0
85,807,19:07,0
85,808,19:08,0
85,809,19:09,0
85,810,19:10,0
85,811,19:11,0
85,812,19:12,0
85,813,19:13,0
85,814,19:14,0
85,815,19:15,0
85,816,19:16,0
85,817,19:17,0
85,818,19:18,0
85,819,19:19,0
85,820,19:20,0
85,821,19:21,0
85,822,19:22,0
85,823,19:23,0
85,824,19:24,0
85,825,19:25,0
85,826,19:26,0
85,827,19:27,0
85,828,19:28,0
85,829,19:29,0
85,830,19:30,0
85,831,19:31,0
85,832,19:32,0
85,833,19:33,0
85,834,19:34,0
85,835,19:35,0
86,0,05:40,0
86,1,05:41,0
86,2,05:42,0
86,3,05:43,0
86,4,05:44,0
86,5,05:45,0
86,6,05:46,0
86,7,05:47,0
86,8,05:48,0
86,9,05:49,0
86,10,05:50,0
86,11,05:51,0
86,12,05:52,0
86,13,05:53,0
86,14,05:54,0
86,15,05:55,0
86,16,05:56,0
86,17,05:57,0
86,18,05:58,0
86,19,05:59,0
86,20,06:00,0
86,21,06:01,0
86,22,06:02,0
86,23,06:03,0
86,24,06:04,0
86,25,06:05,0
86,26,06:06,0
86,27,06:07,0
86,28,06:08,0
86,29,06:09,0
86,30,06:10,0
86,31,06:11,0
86,32,06:12,0
86,33,06:13,0
86,34,06:14,0
86,35,06:15,0
86,36,06:16,0
86,37,06:17,0
86,38,06:18,0
86,39,06:19,0
86,40,06:20,0
86,41,06:21,0
86,42,06:22,0
86,43,06:23,0
86,44,06:24,0
86,45,06:25,0
86,46,06:26,0
86,47,06:27,0
86,48,06:28,0
86,49,06:29,0
86,50,06:30,0
86,51,06:31,0
86,52,06:32,0
86,53,06:33,0
86,54,06:34,0
86,55,06:35,0
86,56,06:36,0
86,57,06:37,0
86,58,06:38,0
86,59,06:39,0
86,60,06:40,0
86,61,06:41,0
86,62,06:42,0
86,63,06:43,0
86,64,06:44,0
86,65,06:45,0
86,66,06:46,0
86,67,06:47,0
86,68,06:48,0
86,69,06:49,0
86,70,06:50,0
86,71,06:51,0
86,72,06:52,0
86,73,06:53,0
86,74,06:54,0
86,75,06:55,0
86,76,06:56,0
86,77,06:57,0
86,78,06:58,0
86,79,06:59,0
86,80,07:00,0
86,81,07:01,0
86,82,07:02,0
86,83,07:03,0
86,84,07:04,0
86,85,07:05,0
86,86,07:06,0
86,87,07:07,0
86,88,07:08,0
86,89,07:09,0
86,90,07:10,0
86,91,07:11,0
86,92,07:12,0
86,93,07:13,0
86,94,07:14,0
86,95,07:15,0
86,96,07:16,0
86,97,07:17,0
86,98,07:18,0
86,99,07:19,0
86,100,07:20,0
86,101,07:21,0
86,102,07:22,0
86,103,07:23,0
86,104,07:24,0
86,105,07:25,0
86,106,07:26,0
86,107,07:27,0
86,108,07:28,0
86,109,07:29,0
86,110,07:30,0
86,111,07:31,0
86,112,07:32,0
86,113,07:33,0
86,114,07:34,0
86,115,07:35,0
86,116,07:36,0
86,117,07:37,0
86,118,07:38,0
86,119,07:39,0
86,120,07:40,0
86,121,07:41,0
86,122,07:42,0
86,123,07:43,0
86,124,07:44,0
86,125,07:45,0
86,126,07:46,0
86,127,07:47,0
86,128,07:48,0
86,129,07:49,0
86,130,07:50,0
86,131,07:51,0
86,132,07:52,0
86,133,07:53,0
86,134,07:54,0
86,135,07:55,0
86,136,07:56,0
86,137,07:57,0
86,138,07:58,0
86,139,07:59,0
86,140,08:00,0
86,141,08:01,0
86,142,08:02,0
86,143,08:03,0
86,144,08:04,0
86,145,08:05,0
86,146,08:06,0
86,147,08:07,0
86,148,08:08,0
86,149,08:09,0
86,150,08:10,0
86,151,08:11,0
86,152,08:12,0
86,153,08:13,0
86,154,08:14,0
86,155,08:15,1
86,156,08:16,1
86,157,08:17,1
86,158,08:18,2
86,159,08:19,2
86,160,08:20,2
86,161,08:21,2
86,162,08:22,2
86,163,08:23,2
86,164,08:24,2
86,165,08:25,2
86,166,08:26,2
86,167,08:27,2
86,168,08:28,1
86,169,08:29,1
86,170,08:30,1
86,171,08:31,1
86,172,08:32,1
86,173,08:33,1
86,174,08:34,1
86,175,08:35,1
86,176,08:36,1
86,177,08:37,1
86,178,08:38,0
86,179,08:39,0
86,180,08:40,0
86,181,08:41,1
86,182,08:42,1
86,183,08:43,1
86,184,08:44,3
86,185,08:45,3
86,186,08:46,3
86,187,08:47,3
86,188,08:48,3
86,189,08:49,3
86,190,08:50,3
86,191,08:51,3
86,192,08:52,3
86,193,08:53,3
86,194,08:54,1
86,195,08:55,1
86,196,08:56,1
86,197,08:57,1
86,198,08:58,1
86,199,08:59,1
86,200,09:00,1
86,201,09:01,1
86,202,09:02,1
86,203,09:03,1
86,204,09:04,0
86,205,09:05,0
86,206,09:06,0
86,207,09:07,0
86,208,09:08,0
86,209,09:09,0
86,210,09:10,0
86,211,09:11,0
86,212,09:12,0
86,213,09:13,0
86,214,09:14,0
86,215,09:15,0
86,216,09:16,0
86,217,09:17,0
86,218,09:18,0
86,219,09:19,0
86,220,09:20,0
86,221,09:21,0
86,222,09:22,0
86,223,09:23,0
86,224,09:24,0
86,225,09:25,0
86,226,09:26,0
86,227,09:27,0
86,228,09:28,0
86,229,09:29,0
86,230,09:30,0
86,231,09:31,0
86,232,09:32,0
86,233,09:33,0
86,234,09:34,0
86,235,09:35,0
86,236,09:36,0
86,237,09:37,0
86,238,09:38,0
86,239,09:39,0
86,240,09:40,0
86,241,09:41,0
86,242,09:42,0
86,243,09:43,0
86,244,09:44,0
86,245,09:45,0
86,246,09:46,0
86,247,09:47,0
86,248,09:48,0
86,249,09:49,0
86,250,09:50,0
86,251,09:51,0
86,252,09:52,0
86,253,09:53,0
86,254,09:54,0
86,255,09:55,0
86,256,09:56,0
86,257,09:57,0
86,258,09:58,0
86,259,09:59,0
86,260,10:00,0
86,261,10:01,0
86,262,10:02,0
86,263,10:03,0
86,264,10:04,0
86,265,10:05,0
86,266,10:06,0
86,267,10:07,0
86,268,10:08,0
86,269,10:09,0
86,270,10:10,0
86,271,10:11,0
86,272,10:12,0
86,273,10:13,0
86,274,10:14,0
86,275,10:15,0
86,276,10:16,0
86,277,10:17,0
86,278,10:18,0
86,279,10:19,0
86,280,10:20,0
86,281,10:21,0
86,282,10:22,0
86,283,10:23,0
86,284,10:24,0
86,285,10:25,0
86,286,10:26,0
86,287,10:27,0
86,288,10:28,0
86,289,10:29,0
86,290,10:30,0
86,291,10:31,0
86,292,10:32,0
86,293,10:33,0
86,294,10:34,0
86,295,10:35,0
86,296,10:36,1
86,297,10:37,1
86,298,10:38,1
86,299,10:39,1
86,300,10:40,1
86,301,10:41,1
86,302,10:42,1
86,303,10:43,1
86,304,10:44,1
86,305,10:45,1
86,306,10:46,1
86,307,10:47,1
86,308,10:48,1
86,309,10:49,1
86,310,10:50,1
86,311,10:51,1
86,312,10:52,1
86,313,10:53,1
86,314,10:54,0
86,315,10:55,0
86,316,10:56,0
86,317,10:57,0
86,318,10:58,0
86,319,10:59,0
86,320,11:00,0
86,321,11:01,0
86,322,11:02,0
86,323,11:03,0
86,324,11:04,0
86,325,11:05,0
86,326,11:06,0
86,327,11:07,1
86,328,11:08,1
86,329,11:09,1
86,330,11:10,1
86,331,11:11,1
86,332,11:12,1
86,333,11:13,1
86,334,11:14,1
86,335,11:15,1
86,336,11:16,1
86,337,11:17,0
86,338,11:18,0
86,339,11:19,0
86,340,11:20,0
86,341,11:21,0
86,342,11:22,0
86,343,11:23,0
86,344,11:24,0
86,345,11:25,0
86,346,11:26,0
86,347,11:27,0
86,348,11:28,0
86,349,11:29,0
86,350,11:30,0
86,351,11:31,0
86,352,11:32,0
86,353,11:33,0
86,354,11:34,0
86,355,11:35,0
86,356,11:36,0
86,357,11:37,0
86,358,11:38,0
86,359,11:39,0
86,360,11:40,0
86,361,11:41,0
86,362,11:42,0
86,363,11:43,0
86,364,11:44,0
86,365,11:45,0
86,366,11:46,0
86,367,11:47,0
86,368,11:48,0
86,369,11:49,0
86,370,11:50,0
86,371,11:51,0
86,372,11:52,0
86,373,11:53,0
86,374,11:54,0
86,375,11:55,0
86,376,11:56,0
86,377,11:57,0
86,378,11:58,0
86,379,11:59,0
86,380,12:00,0
86,381,12:01,0
86,382,12:02,0
86,383,12:03,0
86,384,12:04,0
86,385,12:05,0
86,386,12:06,0
86,387,12:07,0
86,388,12:08,0
86,389,12:09,0
86,390,12:10,0
86,391,12:11,0
86,392,12:12,0
86,393,12:13,0
86,394,12:14,0
86,395,12:15,0
86,396,12:16,0
86,397,12:17,0
86,398,12:18,0
86,399,12:19,0
86,400,12:20,0
86,401,12:21,0
86,402,12:22,0
86,403,12:23,0
86,404,12:24,0
86,405,12:25,0
86,406,12:26,0
86,407,12:27,0
86,408,12:28,0
86,409,12:29,0
86,410,12:30,0
86,411,12:31,0
86,412,12:32,0
86,413,12:33,0
86,414,12:34,0
86,415,12:35,0
86,416,12:36,0
86,417,12:37,0
86,418,12:38,0
86,419,12:39,0
86,420,12:40,0
86,421,12:41,0
86,422,12:42,0
86,423,12:43,0
86,424,12:44,0
86,425,12:45,0
86,426,12:46,0
86,427,12:47,0
86,428,12:48,0
86,429,12:49,0
86,430,12:50,0
86,431,12:51,0
86,432,12:52,0
86,433,12:53,0
86,434,12:54,0
86,435,12:55,0
86,436,12:56,0
86,437,12:57,0
86,438,12:58,0
86,439,12:59,0
86,440,13:00,0
86,441,13:01,0
86,442,13:02,0
86,443,13:03,0
86,444,13:04,0
86,445,13:05,0
86,446,13:06,0
86,447,13:07,0
86,448,13:08,0
86,449,13:09,0
86,450,13:10,0
86,451,13:11,0
86,452,13:12,0
86,453,13:13,0
86,454,13:14,0
86,455,13:15,0
86,456,13:16,0
86,457,13:17,0
86,458,13:18,0
86,459,13:19,0
86,460,13:20,0
86,461,13:21,0
86,462,13:22,0
86,463,13:23,0
86,464,13:24,0
86,465,13:25,0
86,466,13:26,0
86,467,13:27,0
86,468,13:28,0
86,469,13:29,0
86,470,13:30,0
86,471,13:31,0
86,472,13:32,0
86,473,13:33,0
86,474,13:34,0
86,475,13:35,0
86,476,13:36,0
86,477,13:37,0
86,478,13:38,0
86,479,13:39,0
86,480,13:40,0
86,481,13:41,0
86,482,13:42,1
86,483,13:43,1
86,484,13:44,1
86,485,13:45,1
86,486,13:46,1
86,487,13:47,1
86,488,13:48,1
86,489,13:49,1
86,490,13:50,1
86,491,13:51,1
86,492,13:52,0
86,493,13:53,0
86,494,13:54,0
86,495,13:55,0
86,496,13:56,0
86,497,13:57,0
86,498,13:58,0
86,499,13:59,0
86,500,14:00,0
86,501,14:01,0
86,502,14:02,0
86,503,14:03,0
86,504,14:04,0
86,505,14:05,0
86,506,14:06,0
86,507,14:07,0
86,508,14:08,0
86,509,14:09,0
86,510,14:10,0
86,511,14:11,0
86,512,14:12,0
86,513,14:13,0
86,514,14:14,0
86,515,14:15,0
86,516,14:16,0
86,517,14:17,0
86,518,14:18,0
86,519,14:19,0
86,520,14:20,0
86,521,14:21,0
86,522,14:22,0
86,523,14:23,0
86,524,14:24,0
86,525,14:25,0
86,526,14:26,0
86,527,14:27,0
86,528,14:28,0
86,529,14:29,0
86,530,14:30,0
86,531,14:31,0
86,532,14:32,0
86,533,14:33,0
86,534,14:34,0
86,535,14:35,0
86,536,14:36,0
86,537,14:37,0
86,538,14:38,0
86,539,14:39,0
86,540,14:40,0
86,541,14:41,0
86,542,14:42,0
86,543,14:43,0
86,544,14:44,0
86,545,14:45,0
86,546,14:46,0
86,547,14:47,0
86,548,14:48,0
86,549,14:49,0
86,550,14:50,0
86,551,14:51,0
86,552,14:52,0
86,553,14:53,0
86,554,14:54,0
86,555,14:55,0
86,556,14:56,0
86,557,14:57,0
86,558,14:58,0
86,559,14:59,0
86,560,15:00,0
86,561,15:01,0
86,562,15:02,0
86,563,15:03,0
86,564,15:04,0
86,565,15:05,0
86,566,15:06,0
86,567,15:07,0
86,568,15:08,0
86,569,15:09,0
86,570,15:10,0
86,571,15:11,0
86,572,15:12,0
86,573,15:13,0
86,574,15:14,0
86,575,15:15,0
86,576,15:16,0
86,577,15:17,0
86,578,15:18,0
86,579,15:19,0
86,580,15:20,0
86,581,15:21,0
86,582,15:22,0
86,583,15:23,0
86,584,15:24,0
86,585,15:25,0
86,586,15:26,0
86,587,15:27,0
86,588,15:28,0
86,589,15:29,0
86,590,15:30,0
86,591,15:31,0
86,592,15:32,0
86,593,15:33,0
86,594,15:34,0
86,595,15:35,0
86,596,15:36,0
86,597,15:37,0
86,598,15:38,0
86,599,15:39,0
86,600,15:40,0
86,601,15:41,0
86,602,15:42,0
86,603,15:43,0
86,604,15:44,0
86,605,15:45,0
86,606,15:46,0
86,607,15:47,0
86,608,15:48,0
86,609,15:49,0
86,610,15:50,0
86,611,15:51,0
86,612,15:52,0
86,613,15:53,0
86,614,15:54,0
86,615,15:55,0
86,616,15:56,0
86,617,15:57,0
86,618,15:58,0
86,619,15:59,0
86,620,16:00,0
86,621,16:01,0
86,622,16:02,0
86,623,16:03,0
86,624,16:04,1
86,625,16:05,1
86,626,16:06,1
86,627,16:07,1
86,628,16:08,1
86,629,16:09,1
86,630,16:10,1
86,631,16:11,1
86,632,16:12,1
86,633,16:13,1
86,634,16:14,2
86,635,16:15,2
86,636,16:16,2
86,637,16:17,2
86,638,16:18,2
86,639,16:19,2
86,640,16:20,2
86,641,16:21,2
86,642,16:22,2
86,643,16:23,1
86,644,16:24,1
86,645,16:25,1
86,646,16:26,1
86,647,16:27,1
86,648,16:28,1
86,649,16:29,1
86,650,16:30,1
86,651,16:31,1
86,652,16:32,1
86,653,16:33,0
86,654,16:34,0
86,655,16:35,0
86,656,16:36,0
86,657,16:37,0
86,658,16:38,0
86,659,16:39,0
86,660,16:40,1
86,661,16:41,1
86,662,16:42,1
86,663,16:43,1
86,664,16:44,1
86,665,16:45,1
86,666,16:46,1
86,667,16:47,1
86,668,16:48,1
86,669,16:49,1
86,670,16:50,1
86,671,16:51,0
86,672,16:52,0
86,673,16:53,0
86,674,16:54,0
86,675,16:55,0
86,676,16:56,0
86,677,16:57,0
86,678,16:58,0
86,679,16:59,0
86,680,17:00,0
86,681,17:01,0
86,682,17:02,0
86,683,17:03,0
86,684,17:04,0
86,685,17:05,0
86,686,17:06,0
86,687,17:07,0
86,688,17:08,1
86,689,17:09,1
86,690,17:10,1
86,691,17:11,1
86,692,17:12,1
86,693,17:13,1
86,694,17:14,2
86,695,17:15,2
86,696,17:16,2
86,697,17:17,2
86,698,17:18,2
86,699,17:19,2
86,700,17:20,2
86,701,17:21,2
86,702,17:22,2
86,703,17:23,1
86,704,17:24,1
86,705,17:25,1
86,706,17:26,1
86,707,17:27,1
86,708,17:28,1
86,709,17:29,1
86,710,17:30,0
86,711,17:31,0
86,712,17:32,0
86,713,17:33,0
86,714,17:34,0
86,715,17:35,0
86,716,17:36,0
86,717,17:37,0
86,718,17:38,0
86,719,17:39,0
86,720,17:40,0
86,721,17:41,0
86,722,17:42,0
86,723,17:43,0
86,724,17:44,0
86,725,17:45,0
86,726,17:46,0
86,727,17:47,0
86,728,17:48,0
86,729,17:49,0
86,730,17:50,0
86,731,17:51,0
86,732,17:52,0
86,733,17:53,0
86,734,17:54,1
86,735,17:55,1
86,736,17:56,1
86,737,17:57,2
86,738,17:58,2
86,739,17:59,2
86,740,18:00,2
86,741,18:01,2
86,742,18:02,2
86,743,18:03,2
86,744,18:04,2
86,745,18:05,2
86,746,18:06,2
86,747,18:07,1
86,748,18:08,1
86,749,18:09,1
86,750,18:10,0
86,751,18:11,0
86,752,18:12,0
86,753,18:13,0
86,754,18:14,0
86,755,18:15,0
86,756,18:16,0
86,757,18:17,0
86,758,18:18,1
86,759,18:19,1
86,760,18:20,1
86,761,18:21,1
86,762,18:22,1
86,763,18:23,1
86,764,18:24,1
86,765,18:25,1
86,766,18:26,1
86,767,18:27,1
86,768,18:28,1
86,769,18:29,1
86,770,18:30,1
86,771,18:31,1
86,772,18:32,1
86,773,18:33,1
86,774,18:34,1
86,775,18:35,1
86,776,18:36,1
86,777,18:37,1
86,778,18:38,1
86,779,18:39,1
86,780,18:40,1
86,781,18:41,1
86,782,18:42,1
86,783,18:43,0
86,784,18:44,0
86,785,18:45,0
86,786,18:46,0
86,787,18:47,0
86,788,18:48,0
86,789,18:49,0
86,790,18:50,0
86,791,18:51,0
86,792,18:52,0
86,793,18:53,0
86,794,18:54,0
86,795,18:55,0
86,796,18:56,0
86,797,18:57,0
86,798,18:58,0
86,799,18:59,0
86,800,19:00,0
86,801,19:01,0
86,802,19:02,0
86,803,19:03,0
86,804,19:04,0
86,805,19:05,0
86,806,19:06,0
86,807,19:07,0
86,808,19:08,0
86,809,19:09,0
86,810,19:10,0
86,811,19:11,0
86,812,19:12,0
86,813,19:13,0
86,814,19:14,0
86,815,19:15,0
86,816,19:16,0
86,817,19:17,0
86,818,19:18,0
86,819,19:19,0
86,820,19:20,0
86,821,19:21,0
86,822,19:22,0
86,823,19:23,0
86,824,19:24,0
86,825,19:25,0
86,826,19:26,0
86,827,19:27,0
86,828,19:28,0
86,829,19:29,0
86,830,19:30,0
86,831,19:31,0
86,832,19:32,0
86,833,19:33,0
86,834,19:34,0
86,835,19:35,0
87,0,05:40,0
87,1,05:41,0
87,2,05:42,0
87,3,05:43,0
87,4,05:44,0
87,5,05:45,0
87,6,05:46,0
87,7,05:47,0
87,8,05:48,0
87,9,05:49,0
87,10,05:50,0
87,11,05:51,0
87,12,05:52,0
87,13,05:53,0
87,14,05:54,0
87,15,05:55,0
87,16,05:56,0
87,17,05:57,0
87,18,05:58,0
87,19,05:59,0
87,20,06:00,0
87,21,06:01,0
87,22,06:02,0
87,23,06:03,0
87,24,06:04,0
87,25,06:05,0
87,26,06:06,0
87,27,06:07,0
87,28,06:08,0
87,29,06:09,0
87,30,06:10,0
87,31,06:11,0
87,32,06:12,0
87,33,06:13,0
87,34,06:14,0
87,35,06:15,0
87,36,06:16,0
87,37,06:17,0
87,38,06:18,0
87,39,06:19,0
87,40,06:20,0
87,41,06:21,0
87,42,06:22,0
87,43,06:23,0
87,44,06:24,0
87,45,06:25,0
87,46,06:26,0
87,47,06:27,0
87,48,06:28,0
87,49,06:29,0
87,50,06:30,0
87,51,06:31,0
87,52,06:32,0
87,53,06:33,0
87,54,06:34,0
87,55,06:35,0
87,56,06:36,0
87,57,06:37,0
87,58,06:38,0
87,59,06:39,0
87,60,06:40,0
87,61,06:41,0
87,62,06:42,0
87,63,06:43,0
87,64,06:44,0
87,65,06:45,0
87,66,06:46,0
87,67,06:47,0
87,68,06:48,0
87,69,06:49,0
87,70,06:50,0
87,71,06:51,0
87,72,06:52,0
87,73,06:53,0
87,74,06:54,0
87,75,06:55,0
87,76,06:56,0
87,77,06:57,0
87,78,06:58,0
87,79,06:59,0
87,80,07:00,0
87,81,07:01,0
87,82,07:02,0
87,83,07:03,0
87,84,07:04,0
87,85,07:05,0
87,86,07:06,0
87,87,07:07,0
87,88,07:08,0
87,89,07:09,0
87,90,07:10,0
87,91,07:11,0
87,92,07:12,0
87,93,07:13,0
87,94,07:14,0
87,95,07:15,0
87,96,07:16,0
87,97,07:17,0
87,98,07:18,0
87,99,07:19,0
87,100,07:20,1
87,101,07:21,1
87,102,07:22,1
87,103,07:23,1
87,104,07:24,1
87,105,07:25,1
87,106,07:26,1
87,107,07:27,1
87,108,07:28,1
87,109,07:29,1
87,110,07:30,1
87,111,07:31,1
87,112,07:32,1
87,113,07:33,0
87,114,07:34,0
87,115,07:35,0
87,116,07:36,0
87,117,07:37,0
87,118,07:38,0
87,119,07:39,0
87,120,07:40,0
87,121,07:41,0
87,122,07:42,0
87,123,07:43,0
87,124,07:44,0
87,125,07:45,0
87,126,07:46,0
87,127,07:47,0
87,128,07:48,0
87,129,07:49,0
87,130,07:50,0
87,131,07:51,0
87,132,07:52,0
87,133,07:53,0
87,134,07:54,0
87,135,07:55,0
87,136,07:56,0
87,137,07:57,0
87,138,07:58,0
87,139,07:59,0
87,140,08:00,0
87,141,08:01,0
87,142,08:02,0
87,143,08:03,0
87,144,08:04,0
87,145,08:05,0
87,146,08:06,0
87,147,08:07,0
87,148,08:08,0
87,149,08:09,0
87,150,08:10,0
87,151,08:11,0
87,152,08:12,0
87,153,08:13,0
87,154,08:14,0
87,155,08:15,0
87,156,08:16,0
87,157,08:17,0
87,158,08:18,0
87,159,08:19,0
87,160,08:20,0
87,161,08:21,0
87,162,08:22,0
87,163,08:23,0
87,164,08:24,0
87,165,08:25,0
87,166,08:26,0
87,167,08:27,0
87,168,08:28,0
87,169,08:29,0
87,170,08:30,0
87,171,08:31,0
87,172,08:32,0
87,173,08:33,0
87,174,08:34,0
87,175,08:35,0
87,176,08:36,0
87,177,08:37,0
87,178,08:38,0
87,179,08:39,0
87,180,08:40,0
87,181,08:41,0
87,182,08:42,0
87,183,08:43,0
87,184,08:44,0
87,185,08:45,0
87,186,08:46,0
87,187,08:47,0
87,188,08:48,0
87,189,08:49,0
87,190,08:50,0
87,191,08:51,0
87,192,08:52,0
87,193,08:53,0
87,194,08:54,0
87,195,08:55,0
87,196,08:56,0
87,197,08:57,0
87,198,08:58,0
87,199,08:59,0
87,200,09:00,0
87,201,09:01,0
87,202,09:02,0
87,203,09:03,0
87,204,09:04,0
87,205,09:05,0
87,206,09:06,0
87,207,09:07,0
87,208,09:08,0
87,209,09:09,0
87,210,09:10,0
87,211,09:11,0
87,212,09:12,0
87,213,09:13,0
87,214,09:14,0
87,215,09:15,0
87,216,09:16,0
87,217,09:17,0
87,218,09:18,0
87,219,09:19,0
87,220,09:20,0
87,221,09:21,0
87,222,09:22,0
87,223,09:23,0
87,224,09:24,0
87,225,09:25,0
87,226,09:26,0
87,227,09:27,0
87,228,09:28,0
87,229,09:29,0
87,230,09:30,0
87,231,09:31,0
87,232,09:32,0
87,233,09:33,0
87,234,09:34,0
87,235,09:35,0
87,236,09:36,0
87,237,09:37,0
87,238,09:38,0
87,239,09:39,0
87,240,09:40,0
87,241,09:41,0
87,242,09:42,0
87,243,09:43,2
87,244,09:44,2
87,245,09:45,2
87,246,09:46,2
87,247,09:47,2
87,248,09:48,2
87,249,09:49,2
87,250,09:50,2
87,251,09:51,2
87,252,09:52,2
87,253,09:53,0
87,254,09:54,0
87,255,09:55,0
87,256,09:56,0
87,257,09:57,0
87,258,09:58,0
87,259,09:59,0
87,260,10:00,0
87,261,10:01,0
87,262,10:02,0
87,263,10:03,0
87,264,10:04,0
87,265,10:05,0
87,266,10:06,0
87,267,10:07,0
87,268,10:08,0
87,269,10:09,0
87,270,10:10,0
87,271,10:11,0
87,272,10:12,0
87,273,10:13,0
87,274,10:14,0
87,275,10:15,0
87,276,10:16,0
87,277,10:17,0
87,278,10:18,0
87,279,10:19,0
87,280,10:20,0
87,281,10:21,0
87,282,10:22,0
87,283,10:23,0
87,284,10:24,0
87,285,10:25,0
87,286,10:26,1
87,287,10:27,1
87,288,10:28,1
87,289,10:29,1
87,290,10:30,1
87,291,10:31,1
87,292,10:32,1
87,293,10:33,1
87,294,10:34,1
87,295,10:35,1
87,296,10:36,1
87,297,10:37,2
87,298,10:38,2
87,299,10:39,2
87,300,10:40,1
87,301,10:41,1
87,302,10:42,1
87,303,10:43,1
87,304,10:44,1
87,305,10:45,1
87,306,10:46,1
87,307,10:47,1
87,308,10:48,1
87,309,10:49,1
87,310,10:50,1
87,311,10:51,0
87,312,10:52,0
87,313,10:53,0
87,314,10:54,0
87,315,10:55,0
87,316,10:56,0
87,317,10:57,0
87,318,10:58,0
87,319,10:59,0
87,320,11:00,0
87,321,11:01,0
87,322,11:02,0
87,323,11:03,0
87,324,11:04,0
87,325,11:05,0
87,326,11:06,0
87,327,11:07,0
87,328,11:08,0
87,329,11:09,0
87,330,11:10,0
87,331,11:11,0
87,332,11:12,0
87,333,11:13,0
87,334,11:14,0
87,335,11:15,0
87,336,11:16,0
87,337,11:17,0
87,338,11:18,0
87,339,11:19,0
87,340,11:20,0
87,341,11:21,0
87,342,11:22,0
87,343,11:23,0
87,344,11:24,0
87,345,11:25,0
87,346,11:26,0
87,347,11:27,0
87,348,11:28,0
87,349,11:29,0
87,350,11:30,0
87,351,11:31,0
87,352,11:32,0
87,353,11:33,0
87,354,11:34,0
87,355,11:35,0
87,356,11:36,0
87,357,11:37,0
87,358,11:38,0
87,359,11:39,0
87,360,11:40,0
87,361,11:41,0
87,362,11:42,0
87,363,11:43,0
87,364,11:44,0
87,365,11:45,0
87,366,11:46,0
87,367,11:47,0
87,368,11:48,0
87,369,11:49,0
87,370,11:50,0
87,371,11:51,0
87,372,11:52,0
87,373,11:53,0
87,374,11:54,0
87,375,11:55,0
87,376,11:56,0
87,377,11:57,0
87,378,11:58,0
87,379,11:59,0
87,380,12:00,0
87,381,12:01,0
87,382,12:02,0
87,383,12:03,0
87,384,12:04,0
87,385,12:05,0
87,386,12:06,0
87,387,12:07,0
87,388,12:08,0
87,389,12:09,0
87,390,12:10,0
87,391,12:11,0
87,392,12:12,0
87,393,12:13,0
87,394,12:14,0
87,395,12:15,0
87,396,12:16,0
87,397,12:17,0
87,398,12:18,0
87,399,12:19,0
87,400,12:20,0
87,401,12:21,0
87,402,12:22,0
87,403,12:23,0
87,404,12:24,0
87,405,12:25,0
87,406,12:26,0
87,407,12:27,0
87,408,12:28,0
87,409,12:29,0
87,410,12:30,0
87,411,12:31,0
87,412,12:32,0
87,413,12:33,0
87,414,12:34,0
87,415,12:35,0
87,416,12:36,0
87,417,12:37,0
87,418,12:38,0
87,419,12:39,0
87,420,12:40,0
87,421,12:41,0
87,422,12:42,0
87,423,12:43,0
87,424,12:44,0
87,425,12:45,0
87,426,12:46,0
87,427,12:47,0
87,428,12:48,0
87,429,12:49,0
87,430,12:50,0
87,431,12:51,0
87,432,12:52,0
87,433,12:53,0
87,434,12:54,0
87,435,12:55,0
87,436,12:56,0
87,437,12:57,0
87,438,12:58,0
87,439,12:59,0
87,440,13:00,0
87,441,13:01,0
87,442,13:02,0
87,443,13:03,0
87,444,13:04,0
87,445,13:05,0
87,446,13:06,0
87,447,13:07,0
87,448,13:08,0
87,449,13:09,0
87,450,13:10,0
87,451,13:11,0
87,452,13:12,0
87,453,13:13,0
87,454,13:14,0
87,455,13:15,0
87,456,13:16,0
87,457,13:17,0
87,458,13:18,0
87,459,13:19,0
87,460,13:20,0
87,461,13:21,0
87,462,13:22,0
87,463,13:23,0
87,464,13:24,0
87,465,13:25,0
87,466,13:26,0
87,467,13:27,0
87,468,13:28,0
87,469,13:29,0
87,470,13:30,0
87,471,13:31,0
87,472,13:32,0
87,473,13:33,0
87,474,13:34,0
87,475,13:35,0
87,476,13:36,0
87,477,13:37,0
87,478,13:38,0
87,479,13:39,0
87,480,13:40,0
87,481,13:41,0
87,482,13:42,0
87,483,13:43,0
87,484,13:44,0
87,485,13:45,0
87,486,13:46,0
87,487,13:47,0
87,488,13:48,0
87,489,13:49,0
87,490,13:50,0
87,491,13:51,0
87,492,13:52,0
87,493,13:53,0
87,494,13:54,0
87,495,13:55,0
87,496,13:56,0
87,497,13:57,0
87,498,13:58,0
87,499,13:59,0
87,500,14:00,1
87,501,14:01,1
87,502,14:02,1
87,503,14:03,1
87,504,14:04,1
87,505,14:05,2
87,506,14:06,2
87,507,14:07,2
87,508,14:08,2
87,509,14:09,2
87,510,14:10,2
87,511,14:11,2
87,512,14:12,2
87,513,14:13,2
87,514,14:14,2
87,515,14:15,2
87,516,14:16,2
87,517,14:17,2
87,518,14:18,2
87,519,14:19,2
87,520,14:20,2
87,521,14:21,1
87,522,14:22,1
87,523,14:23,1
87,524,14:24,0
87,525,14:25,0
87,526,14:26,0
87,527,14:27,0
87,528,14:28,0
87,529,14:29,0
87,530,14:30,0
87,531,14:31,0
87,532,14:32,0
87,533,14:33,0
87,534,14:34,0
87,535,14:35,0
87,536,14:36,0
87,537,14:37,0
87,538,14:38,0
87,539,14:39,0
87,540,14:40,0
87,541,14:41,0
87,542,14:42,0
87,543,14:43,0
87,544,14:44,0
87,545,14:45,0
87,546,14:46,0
87,547,14:47,0
87,548,14:48,1
87,549,14:49,1
87,550,14:50,1
87,551,14:51,1
87,552,14:52,1
87,553,14:53,1
87,554,14:54,1
87,555,14:55,1
87,556,14:56,1
87,557,14:57,1
87,558,14:58,1
87,559,14:59,1
87,560,15:00,1
87,561,15:01,1
87,562,15:02,1
87,563,15:03,1
87,564,15:04,1
87,565,15:05,1
87,566,15:06,1
87,567,15:07,1
87,568,15:08,1
87,569,15:09,1
87,570,15:10,1
87,571,15:11,1
87,572,15:12,1
87,573,15:13,0
87,574,15:14,0
87,575,15:15,0
87,576,15:16,1
87,577,15:17,1
87,578,15:18,1
87,579,15:19,1
87,580,15:20,1
87,581,15:21,1
87,582,15:22,1
87,583,15:23,1
87,584,15:24,1
87,585,15:25,1
87,586,15:26,1
87,587,15:27,1
87,588,15:28,1
87,589,15:29,1
87,590,15:30,0
87,591,15:31,0
87,592,15:32,0
87,593,15:33,1
87,594,15:34,1
87,595,15:35,1
87,596,15:36,2
87,597,15:37,2
87,598,15:38,2
87,599,15:39,2
87,600,15:40,2
87,601,15:41,2
87,602,15:42,2
87,603,15:43,2
87,604,15:44,2
87,605,15:45,2
87,606,15:46,2
87,607,15:47,2
87,608,15:48,2
87,609,15:49,1
87,610,15:50,1
87,611,15:51,1
87,612,15:52,0
87,613,15:53,0
87,614,15:54,0
87,615,15:55,1
87,616,15:56,1
87,617,15:57,1
87,618,15:58,1
87,619,15:59,1
87,620,16:00,1
87,621,16:01,1
87,622,16:02,1
87,623,16:03,1
87,624,16:04,1
87,625,16:05,1
87,626,16:06,1
87,627,16:07,1
87,628,16:08,1
87,629,16:09,1
87,630,16:10,1
87,631,16:11,1
87,632,16:12,1
87,633,16:13,0
87,634,16:14,0
87,635,16:15,0
87,636,16:16,0
87,637,16:17,0
87,638,16:18,0
87,639,16:19,0
87,640,16:20,0
87,641,16:21,0
87,642,16:22,0
87,643,16:23,0
87,644,16:24,0
87,645,16:25,0
87,646,16:26,0
87,647,16:27,0
87,648,16:28,1
87,649,16:29,1
87,650,16:30,1
87,651,16:31,2
87,652,16:32,2
87,653,16:33,2
87,654,16:34,2
87,655,16:35,2
87,656,16:36,2
87,657,16:37,2
87,658,16:38,2
87,659,16:39,2
87,660,16:40,2
87,661,16:41,1
87,662,16:42,1
87,663,16:43,1
87,664,16:44,0
87,665,16:45,0
87,666,16:46,0
87,667,16:47,0
87,668,16:48,0
87,669,16:49,0
87,670,16:50,0
87,671,16:51,0
87,672,16:52,0
87,673,16:53,0
87,674,16:54,1
87,675,16:55,1
87,676,16:56,1
87,677,16:57,1
87,678,16:58,1
87,679,16:59,1
87,680,17:00,1
87,681,17:01,1
87,682,17:02,1
87,683,17:03,1
87,684,17:04,1
87,685,17:05,0
87,686,17:06,0
87,687,17:07,0
87,688,17:08,0
87,689,17:09,0
87,690,17:10,0
87,691,17:11,0
87,692,17:12,0
87,693,17:13,0
87,694,17:14,0
87,695,17:15,0
87,696,17:16,1
87,697,17:17,1
87,698,17:18,1
87,699,17:19,1
87,700,17:20,1
87,701,17:21,1
87,702,17:22,1
87,703,17:23,1
87,704,17:24,1
87,705,17:25,1
87,706,17:26,0
87,707,17:27,0
87,708,17:28,0
87,709,17:29,0
87,710,17:30,0
87,711,17:31,2
87,712,17:32,2
87,713,17:33,2
87,714,17:34,4
87,715,17:35,4
87,716,17:36,4
87,717,17:37,4
87,718,17:38,4
87,719,17:39,4
87,720,17:40,4
87,721,17:41,4
87,722,17:42,4
87,723,17:43,4
87,724,17:44,4
87,725,17:45,2
87,726,17:46,2
87,727,17:47,2
87,728,17:48,0
87,729,17:49,0
87,730,17:50,0
87,731,17:51,0
87,732,17:52,0
87,733,17:53,0
87,734,17:54,0
87,735,17:55,0
87,736,17:56,0
87,737,17:57,0
87,738,17:58,0
87,739,17:59,0
87,740,18:00,0
87,741,18:01,0
87,742,18:02,0
87,743,18:03,0
87,744,18:04,0
87,745,18:05,0
87,746,18:06,0
87,747,18:07,0
87,748,18:08,1
87,749,18:09,1
87,750,18:10,1
87,751,18:11,1
87,752,18:12,1
87,753,18:13,1
87,754,18:14,1
87,755,18:15,1
87,756,18:16,1
87,757,18:17,1
87,758,18:18,1
87,759,18:19,1
87,760,18:20,1
87,761,18:21,1
87,762,18:22,1
87,763,18:23,1
87,764,18:24,1
87,765,18:25,1
87,766,18:26,0
87,767,18:27,0
87,768,18:28,0
87,769,18:29,0
87,770,18:30,0
87,771,18:31,0
87,772,18:32,0
87,773,18:33,0
87,774,18:34,0
87,775,18:35,0
87,776,18:36,0
87,777,18:37,0
87,778,18:38,0
87,779,18:39,0
87,780,18:40,0
87,781,18:41,0
87,782,18:42,0
87,783,18:43,0
87,784,18:44,0
87,785,18:45,0
87,786,18:46,0
87,787,18:47,0
87,788,18:48,0
87,789,18:49,0
87,790,18:50,0
87,791,18:51,0
87,792,18:52,0
87,793,18:53,0
87,794,18:54,0
87,795,18:55,0
87,796,18:56,0
87,797,18:57,0
87,798,18:58,0
87,799,18:59,0
87,800,19:00,0
87,801,19:01,0
87,802,19:02,0
87,803,19:03,0
87,804,19:04,0
87,805,19:05,0
87,806,19:06,0
87,807,19:07,0
87,808,19:08,0
87,809,19:09,0
87,810,19:10,0
87,811,19:11,0
87,812,19:12,0
87,813,19:13,0
87,814,19:14,0
87,815,19:15,0
87,816,19:16,0
87,817,19:17,0
87,818,19:18,0
87,819,19:19,0
87,820,19:20,0
87,821,19:21,0
87,822,19:22,0
87,823,19:23,0
87,824,19:24,0
87,825,19:25,0
87,826,19:26,0
87,827,19:27,0
87,828,19:28,0
87,829,19:29,0
87,830,19:30,0
87,831,19:31,0
87,832,19:32,0
87,833,19:33,0
87,834,19:34,0
87,835,19:35,0
88,0,05:40,0
88,1,05:41,0
88,2,05:42,0
88,3,05:43,0
88,4,05:44,0
88,5,05:45,0
88,6,05:46,0
88,7,05:47,0
88,8,05:48,0
88,9,05:49,0
88,10,05:50,0
88,11,05:51,0
88,12,05:52,0
88,13,05:53,0
88,14,05:54,0
88,15,05:55,0
88,16,05:56,0
88,17,05:57,0
88,18,05:58,0
88,19,05:59,0
88,20,06:00,0
88,21,06:01,0
88,22,06:02,0
88,23,06:03,0
88,24,06:04,0
88,25,06:05,0
88,26,06:06,0
88,27,06:07,0
88,28,06:08,0
88,29,06:09,0
88,30,06:10,0
88,31,06:11,0
88,32,06:12,0
88,33,06:13,0
88,34,06:14,0
88,35,06:15,0
88,36,06:16,0
88,37,06:17,0
88,38,06:18,0
88,39,06:19,0
88,40,06:20,0
88,41,06:21,0
88,42,06:22,0
88,43,06:23,0
88,44,06:24,0
88,45,06:25,0
88,46,06:26,0
88,47,06:27,0
88,48,06:28,0
88,49,06:29,0
88,50,06:30,0
88,51,06:31,0
88,52,06:32,0
88,53,06:33,0
88,54,06:34,0
88,55,06:35,0
88,56,06:36,0
88,57,06:37,0
88,58,06:38,0
88,59,06:39,0
88,60,06:40,0
88,61,06:41,0
88,62,06:42,0
88,63,06:43,0
88,64,06:44,0
88,65,06:45,0
88,66,06:46,0
88,67,06:47,0
88,68,06:48,0
88,69,06:49,0
88,70,06:50,0
88,71,06:51,0
88,72,06:52,0
88,73,06:53,0
88,74,06:54,0
88,75,06:55,0
88,76,06:56,0
88,77,06:57,0
88,78,06:58,0
88,79,06:59,0
88,80,07:00,0
88,81,07:01,0
88,82,07:02,0
88,83,07:03,0
88,84,07:04,0
88,85,07:05,0
88,86,07:06,0
88,87,07:07,0
88,88,07:08,0
88,89,07:09,0
88,90,07:10,0
88,91,07:11,0
88,92,07:12,0
88,93,07:13,0
88,94,07:14,0
88,95,07:15,0
88,96,07:16,0
88,97,07:17,0
88,98,07:18,0
88,99,07:19,0
88,100,07:20,0
88,101,07:21,0
88,102,07:22,0
88,103,07:23,0
88,104,07:24,0
88,105,07:25,0
88,106,07:26,0
88,107,07:27,0
88,108,07:28,0
88,109,07:29,0
88,110,07:30,0
88,111,07:31,0
88,112,07:32,0
88,113,07:33,0
88,114,07:34,0
88,115,07:35,0
88,116,07:36,0
88,117,07:37,0
88,118,07:38,0
88,119,07:39,0
88,120,07:40,0
88,121,07:41,0
88,122,07:42,0
88,123,07:43,0
88,124,07:44,0
88,125,07:45,0
88,126,07:46,0
88,127,07:47,0
88,128,07:48,0
88,129,07:49,0
88,130,07:50,0
88,131,07:51,0
88,132,07:52,0
88,133,07:53,0
88,134,07:54,0
88,135,07:55,0
88,136,07:56,0
88,137,07:57,0
88,138,07:58,0
88,139,07:59,0
88,140,08:00,0
88,141,08:01,0
88,142,08:02,0
88,143,08:03,0
88,144,08:04,0
88,145,08:05,0
88,146,08:06,0
88,147,08:07,0
88,148,08:08,0
88,149,08:09,0
88,150,08:10,0
88,151,08:11,0
88,152,08:12,0
88,153,08:13,0
88,154,08:14,0
88,155,08:15,0
88,156,08:16,0
88,157,08:17,0
88,158,08:18,0
88,159,08:19,0
88,160,08:20,0
88,161,08:21,0
88,162,08:22,0
88,163,08:23,0
88,164,08:24,0
88,165,08:25,0
88,166,08:26,0
88,167,08:27,0
88,168,08:28,0
88,169,08:29,0
88,170,08:30,0
88,171,08:31,0
88,172,08:32,0
88,173,08:33,0
88,174,08:34,0
88,175,08:35,0
88,176,08:36,0
88,177,08:37,0
88,178,08:38,0
88,179,08:39,0
88,180,08:40,0
88,181,08:41,0
88,182,08:42,0
88,183,08:43,0
88,184,08:44,0
88,185,08:45,0
88,186,08:46,0
88,187,08:47,0
88,188,08:48,0
88,189,08:49,0
88,190,08:50,0
88,191,08:51,0
88,192,08:52,0
88,193,08:53,0
88,194,08:54,0
88,195,08:55,0
88,196,08:56,0
88,197,08:57,0
88,198,08:58,0
88,199,08:59,0
88,200,09:00,0
88,201,09:01,0
88,202,09:02,0
88,203,09:03,0
88,204,09:04,0
88,205,09:05,0
88,206,09:06,0
88,207,09:07,0
88,208,09:08,0
88,209,09:09,0
88,210,09:10,0
88,211,09:11,0
88,212,09:12,0
88,213,09:13,0
88,214,09:14,0
88,215,09:15,0
88,216,09:16,0
88,217,09:17,0
88,218,09:18,0
88,219,09:19,0
88,220,09:20,0
88,221,09:21,0
88,222,09:22,0
88,223,09:23,0
88,224,09:24,0
88,225,09:25,0
88,226,09:26,0
88,227,09:27,0
88,228,09:28,0
88,229,09:29,0
88,230,09:30,0
88,231,09:31,0
88,232,09:32,0
88,233,09:33,0
88,234,09:34,0
88,235,09:35,0
88,236,09:36,0
88,237,09:37,0
88,238,09:38,0
88,239,09:39,0
88,240,09:40,0
88,241,09:41,0
88,242,09:42,0
88,243,09:43,0
88,244,09:44,0
88,245,09:45,0
88,246,09:46,0
88,247,09:47,0
88,248,09:48,0
88,249,09:49,0
88,250,09:50,0
88,251,09:51,0
88,252,09:52,0
88,253,09:53,0
88,254,09:54,0
88,255,09:55,0
88,256,09:56,0
88,257,09:57,0
88,258,09:58,0
88,259,09:59,0
88,260,10:00,0
88,261,10:01,0
88,262,10:02,0
88,263,10:03,0
88,264,10:04,0
88,265,10:05,0
88,266,10:06,0
88,267,10:07,0
88,268,10:08,0
88,269,10:09,0
88,270,10:10,0
88,271,10:11,0
88,272,10:12,0
88,273,10:13,0
88,274,10:14,0
88,275,10:15,0
88,276,10:16,0
88,277,10:17,0
88,278,10:18,0
88,279,10:19,0
88,280,10:20,0
88,281,10:21,0
88,282,10:22,0
88,283,10:23,0
88,284,10:24,0
88,285,10:25,0
88,286,10:26,0
88,287,10:27,0
88,288,10:28,0
88,289,10:29,0
88,290,10:30,0
88,291,10:31,0
88,292,10:32,0
88,293,10:33,0
88,294,10:34,0
88,295,10:35,1
88,296,10:36,1
88,297,10:37,1
88,298,10:38,1
88,299,10:39,1
88,300,10:40,1
88,301,10:41,1
88,302,10:42,1
88,303,10:43,1
88,304,10:44,1
88,305,10:45,1
88,306,10:46,1
88,307,10:47,1
88,308,10:48,1
88,309,10:49,1
88,310,10:50,1
88,311,10:51,1
88,312,10:52,1
88,313,10:53,1
88,314,10:54,1
88,315,10:55,1
88,316,10:56,1
88,317,10:57,1
88,318,10:58,1
88,319,10:59,0
88,320,11:00,0
88,321,11:01,0
88,322,11:02,0
88,323,11:03,0
88,324,11:04,0
88,325,11:05,0
88,326,11:06,0
88,327,11:07,0
88,328,11:08,0
88,329,11:09,0
88,330,11:10,0
88,331,11:11,0
88,332,11:12,0
88,333,11:13,0
88,334,11:14,0
88,335,11:15,0
88,336,11:16,0
88,337,11:17,0
88,338,11:18,0
88,339,11:19,0
88,340,11:20,0
88,341,11:21,0
88,342,11:22,0
88,343,11:23,0
88,344,11:24,0
88,345,11:25,0
88,346,11:26,0
88,347,11:27,0
88,348,11:28,0
88,349,11:29,0
88,350,11:30,0
88,351,11:31,0
88,352,11:32,0
88,353,11:33,0
88,354,11:34,0
88,355,11:35,0
88,356,11:36,0
88,357,11:37,0
88,358,11:38,0
88,359,11:39,0
88,360,11:40,0
88,361,11:41,0
88,362,11:42,0
88,363,11:43,0
88,364,11:44,0
88,365,11:45,0
88,366,11:46,0
88,367,11:47,0
88,368,11:48,0
88,369,11:49,0
88,370,11:50,0
88,371,11:51,0
88,372,11:52,0
88,373,11:53,0
88,374,11:54,0
88,375,11:55,0
88,376,11:56,0
88,377,11:57,0
88,378,11:58,0
88,379,11:59,0
88,380,12:00,0
88,381,12:01,0
88,382,12:02,0
88,383,12:03,0
88,384,12:04,0
88,385,12:05,0
88,386,12:06,0
88,387,12:07,0
88,388,12:08,0
88,389,12:09,0
88,390,12:10,0
88,391,12:11,0
88,392,12:12,0
88,393,12:13,0
88,394,12:14,0
88,395,12:15,0
88,396,12:16,0
88,397,12:17,0
88,398,12:18,0
88,399,12:19,0
88,400,12:20,0
88,401,12:21,0
88,402,12:22,0
88,403,12:23,0
88,404,12:24,0
88,405,12:25,0
88,406,12:26,0
88,407,12:27,0
88,408,12:28,0
88,409,12:29,0
88,410,12:30,0
88,411,12:31,0
88,412,12:32,0
88,413,12:33,0
88,414,12:34,0
88,415,12:35,0
88,416,12:36,0
88,417,12:37,0
88,418,12:38,0
88,419,12:39,0
88,420,12:40,0
88,421,12:41,0
88,422,12:42,0
88,423,12:43,0
88,424,12:44,0
88,425,12:45,0
88,426,12:46,0
88,427,12:47,0
88,428,12:48,0
88,429,12:49,0
88,430,12:50,0
88,431,12:51,0
88,432,12:52,0
88,433,12:53,0
88,434,12:54,0
88,435,12:55,0
88,436,12:56,0
88,437,12:57,0
88,438,12:58,0
88,439,12:59,0
88,440,13:00,0
88,441,13:01,0
88,442,13:02,0
88,443,13:03,0
88,444,13:04,0
88,445,13:05,0
88,446,13:06,0
88,447,13:07,0
88,448,13:08,0
88,449,13:09,0
88,450,13:10,0
88,451,13:11,0
88,452,13:12,0
88,453,13:13,0
88,454,13:14,0
88,455,13:15,0
88,456,13:16,0
88,457,13:17,0
88,458,13:18,0
88,459,13:19,0
88,460,13:20,0
88,461,13:21,0
88,462,13:22,0
88,463,13:23,0
88,464,13:24,0
88,465,13:25,0
88,466,13:26,0
88,467,13:27,0
88,468,13:28,0
88,469,13:29,0
88,470,13:30,0
88,471,13:31,0
88,472,13:32,0
88,473,13:33,0
88,474,13:34,0
88,475,13:35,0
88,476,13:36,0
88,477,13:37,0
88,478,13:38,0
88,479,13:39,0
88,480,13:40,0
88,481,13:41,0
88,482,13:42,0
88,483,13:43,0
88,484,13:44,0
88,485,13:45,0
88,486,13:46,0
88,487,13:47,0
88,488,13:48,0
88,489,13:49,0
88,490,13:50,0
88,491,13:51,0
88,492,13:52,0
88,493,13:53,0
88,494,13:54,0
88,495,13:55,0
88,496,13:56,0
88,497,13:57,0
88,498,13:58,0
88,499,13:59,0
88,500,14:00,0
88,501,14:01,0
88,502,14:02,0
88,503,14:03,0
88,504,14:04,0
88,505,14:05,0
88,506,14:06,0
88,507,14:07,0
88,508,14:08,0
88,509,14:09,0
88,510,14:10,0
88,511,14:11,0
88,512,14:12,0
88,513,14:13,0
88,514,14:14,0
88,515,14:15,0
88,516,14:16,0
88,517,14:17,0
88,518,14:18,0
88,519,14:19,0
88,520,14:20,0
88,521,14:21,0
88,522,14:22,0
88,523,14:23,0
88,524,14:24,0
88,525,14:25,0
88,526,14:26,0
88,527,14:27,0
88,528,14:28,0
88,529,14:29,0
88,530,14:30,0
88,531,14:31,0
88,532,14:32,0
88,533,14:33,0
88,534,14:34,2
88,535,14:35,2
88,536,14:36,2
88,537,14:37,2
88,538,14:38,2
88,539,14:39,2
88,540,14:40,2
88,541,14:41,2
88,542,14:42,2
88,543,14:43,2
88,544,14:44,0
88,545,14:45,0
88,546,14:46,0
88,547,14:47,1
88,548,14:48,1
88,549,14:49,1
88,550,14:50,1
88,551,14:51,1
88,552,14:52,1
88,553,14:53,1
88,554,14:54,1
88,555,14:55,1
88,556,14:56,1
88,557,14:57,1
88,558,14:58,1
88,559,14:59,1
88,560,15:00,1
88,561,15:01,1
88,562,15:02,1
88,563,15:03,0
88,564,15:04,0
88,565,15:05,0
88,566,15:06,1
88,567,15:07,1
88,568,15:08,1
88,569,15:09,2
88,570,15:10,2
88,571,15:11,2
88,572,15:12,3
88,573,15:13,3
88,574,15:14,3
88,575,15:15,3
88,576,15:16,3
88,577,15:17,3
88,578,15:18,3
88,579,15:19,3
88,580,15:20,3
88,581,15:21,3
88,582,15:22,3
88,583,15:23,3
88,584,15:24,3
88,585,15:25,3
88,586,15:26,3
88,587,15:27,3
88,588,15:28,3
88,589,15:29,3
88,590,15:30,2
88,591,15:31,2
88,592,15:32,2
88,593,15:33,1
88,594,15:34,1
88,595,15:35,1
88,596,15:36,0
88,597,15:37,0
88,598,15:38,0
88,599,15:39,0
88,600,15:40,0
88,601,15:41,0
88,602,15:42,0
88,603,15:43,0
88,604,15:44,0
88,605,15:45,0
88,606,15:46,0
88,607,15:47,0
88,608,15:48,0
88,609,15:49,0
88,610,15:50,0
88,611,15:51,0
88,612,15:52,0
88,613,15:53,0
88,614,15:54,0
88,615,15:55,1
88,616,15:56,1
88,617,15:57,1
88,618,15:58,2
88,619,15:59,2
88,620,16:00,2
88,621,16:01,2
88,622,16:02,2
88,623,16:03,2
88,624,16:04,2
88,625,16:05,2
88,626,16:06,2
88,627,16:07,2
88,628,16:08,2
88,629,16:09,2
88,630,16:10,2
88,631,16:11,2
88,632,16:12,1
88,633,16:13,1
88,634,16:14,1
88,635,16:15,0
88,636,16:16,0
88,637,16:17,0
88,638,16:18,0
88,639,16:19,0
88,640,16:20,0
88,641,16:21,0
88,642,16:22,0
88,643,16:23,0
88,644,16:24,0
88,645,16:25,0
88,646,16:26,0
88,647,16:27,0
88,648,16:28,0
88,649,16:29,0
88,650,16:30,0
88,651,16:31,0
88,652,16:32,0
88,653,16:33,0
88,654,16:34,0
88,655,16:35,0
88,656,16:36,0
88,657,16:37,0
88,658,16:38,0
88,659,16:39,0
88,660,16:40,0
88,661,16:41,0
88,662,16:42,0
88,663,16:43,0
88,664,16:44,0
88,665,16:45,0
88,666,16:46,0
88,667,16:47,1
88,668,16:48,1
88,669,16:49,1
88,670,16:50,1
88,671,16:51,1
88,672,16:52,1
88,673,16:53,1
88,674,16:54,1
88,675,16:55,1
88,676,16:56,1
88,677,16:57,1
88,678,16:58,1
88,679,16:59,1
88,680,17:00,0
88,681,17:01,0
88,682,17:02,0
88,683,17:03,0
88,684,17:04,0
88,685,17:05,0
88,686,17:06,0
88,687,17:07,0
88,688,17:08,0
88,689,17:09,0
88,690,17:10,1
88,691,17:11,1
88,692,17:12,1
88,693,17:13,1
88,694,17:14,1
88,695,17:15,1
88,696,17:16,1
88,697,17:17,1
88,698,17:18,1
88,699,17:19,0
88,700,17:20,0
88,701,17:21,0
88,702,17:22,1
88,703,17:23,1
88,704,17:24,1
88,705,17:25,1
88,706,17:26,1
88,707,17:27,1
88,708,17:28,1
88,709,17:29,1
88,710,17:30,1
88,711,17:31,0
88,712,17:32,0
88,713,17:33,0
88,714,17:34,0
88,715,17:35,0
88,716,17:36,0
88,717,17:37,0
88,718,17:38,0
88,719,17:39,0
88,720,17:40,1
88,721,17:41,1
88,722,17:42,1
88,723,17:43,1
88,724,17:44,1
88,725,17:45,1
88,726,17:46,1
88,727,17:47,1
88,728,17:48,1
88,729,17:49,1
88,730,17:50,1
88,731,17:51,0
88,732,17:52,0
88,733,17:53,0
88,734,17:54,0
88,735,17:55,0
88,736,17:56,0
88,737,17:57,0
88,738,17:58,0
88,739,17:59,0
88,740,18:00,0
88,741,18:01,0
88,742,18:02,0
88,743,18:03,0
88,744,18:04,0
88,745,18:05,0
88,746,18:06,0
88,747,18:07,0
88,748,18:08,1
88,749,18:09,1
88,750,18:10,1
88,751,18:11,1
88,752,18:12,1
88,753,18:13,1
88,754,18:14,1
88,755,18:15,1
88,756,18:16,1
88,757,18:17,1
88,758,18:18,1
88,759,18:19,1
88,760,18:20,1
88,761,18:21,1
88,762,18:22,1
88,763,18:23,1
88,764,18:24,1
88,765,18:25,1
88,766,18:26,1
88,767,18:27,0
88,768,18:28,0
88,769,18:29,0
88,770,18:30,0
88,771,18:31,0
88,772,18:32,1
88,773,18:33,1
88,774,18:34,1
88,775,18:35,1
88,776,18:36,1
88,777,18:37,1
88,778,18:38,1
88,779,18:39,1
88,780,18:40,1
88,781,18:41,1
88,782,18:42,1
88,783,18:43,1
88,784,18:44,1
88,785,18:45,1
88,786,18:46,1
88,787,18:47,1
88,788,18:48,1
88,789,18:49,1
88,790,18:50,1
88,791,18:51,1
88,792,18:52,1
88,793,18:53,0
88,794,18:54,0
88,795,18:55,0
88,796,18:56,1
88,797,18:57,1
88,798,18:58,1
88,799,18:59,1
88,800,19:00,1
88,801,19:01,1
88,802,19:02,1
88,803,19:03,1
88,804,19:04,1
88,805,19:05,1
88,806,19:06,0
88,807,19:07,0
88,808,19:08,0
88,809,19:09,0
88,810,19:10,0
88,811,19:11,0
88,812,19:12,0
88,813,19:13,0
88,814,19:14,0
88,815,19:15,0
88,816,19:16,0
88,817,19:17,0
88,818,19:18,0
88,819,19:19,0
88,820,19:20,0
88,821,19:21,0
88,822,19:22,0
88,823,19:23,0
88,824,19:24,0
88,825,19:25,0
88,826,19:26,0
88,827,19:27,0
88,828,19:28,0
88,829,19:29,0
88,830,19:30,0
88,831,19:31,0
88,832,19:32,0
88,833,19:33,0
88,834,19:34,0
88,835,19:35,0
89,0,05:40,0
89,1,05:41,0
89,2,05:42,0
89,3,05:43,0
89,4,05:44,0
89,5,05:45,0
89,6,05:46,0
89,7,05:47,0
89,8,05:48,0
89,9,05:49,0
89,10,05:50,0
89,11,05:51,0
89,12,05:52,0
89,13,05:53,0
89,14,05:54,0
89,15,05:55,0
89,16,05:56,0
89,17,05:57,0
89,18,05:58,0
89,19,05:59,0
89,20,06:00,0
89,21,06:01,0
89,22,06:02,0
89,23,06:03,0
89,24,06:04,0
89,25,06:05,0
89,26,06:06,0
89,27,06:07,0
89,28,06:08,0
89,29,06:09,0
89,30,06:10,0
89,31,06:11,0
89,32,06:12,0
89,33,06:13,0
89,34,06:14,0
89,35,06:15,0
89,36,06:16,0
89,37,06:17,0
89,38,06:18,0
89,39,06:19,0
89,40,06:20,0
89,41,06:21,0
89,42,06:22,0
89,43,06:23,0
89,44,06:24,0
89,45,06:25,0
89,46,06:26,0
89,47,06:27,0
89,48,06:28,0
89,49,06:29,0
89,50,06:30,0
89,51,06:31,0
89,52,06:32,0
89,53,06:33,0
89,54,06:34,0
89,55,06:35,0
89,56,06:36,0
89,57,06:37,0
89,58,06:38,0
89,59,06:39,0
89,60,06:40,0
89,61,06:41,0
89,62,06:42,0
89,63,06:43,0
89,64,06:44,0
89,65,06:45,0
89,66,06:46,0
89,67,06:47,0
89,68,06:48,0
89,69,06:49,0
89,70,06:50,0
89,71,06:51,0
89,72,06:52,0
89,73,06:53,0
89,74,06:54,0
89,75,06:55,0
89,76,06:56,0
89,77,06:57,0
89,78,06:58,0
89,79,06:59,0
89,80,07:00,0
89,81,07:01,0
89,82,07:02,0
89,83,07:03,0
89,84,07:04,0
89,85,07:05,0
89,86,07:06,0
89,87,07:07,0
89,88,07:08,0
89,89,07:09,0
89,90,07:10,0
89,91,07:11,0
89,92,07:12,0
89,93,07:13,0
89,94,07:14,0
89,95,07:15,0
89,96,07:16,0
89,97,07:17,0
89,98,07:18,0
89,99,07:19,0
89,100,07:20,0
89,101,07:21,0
89,102,07:22,0
89,103,07:23,0
89,104,07:24,0
89,105,07:25,0
89,106,07:26,0
89,107,07:27,0
89,108,07:28,0
89,109,07:29,0
89,110,07:30,0
89,111,07:31,0
89,112,07:32,0
89,113,07:33,0
89,114,07:34,0
89,115,07:35,0
89,116,07:36,0
89,117,07:37,0
89,118,07:38,0
89,119,07:39,0
89,120,07:40,0
89,121,07:41,0
89,122,07:42,0
89,123,07:43,0
89,124,07:44,0
89,125,07:45,0
89,126,07:46,0
89,127,07:47,0
89,128,07:48,0
89,129,07:49,0
89,130,07:50,0
89,131,07:51,0
89,132,07:52,0
89,133,07:53,0
89,134,07:54,0
89,135,07:55,0
89,136,07:56,0
89,137,07:57,0
89,138,07:58,0
89,139,07:59,0
89,140,08:00,0
89,141,08:01,0
89,142,08:02,0
89,143,08:03,0
89,144,08:04,0
89,145,08:05,0
89,146,08:06,0
89,147,08:07,0
89,148,08:08,0
89,149,08:09,0
89,150,08:10,0
89,151,08:11,0
89,152,08:12,0
89,153,08:13,0
89,154,08:14,0
89,155,08:15,0
89,156,08:16,0
89,157,08:17,0
89,158,08:18,0
89,159,08:19,0
89,160,08:20,0
89,161,08:21,0
89,162,08:22,0
89,163,08:23,0
89,164,08:24,0
89,165,08:25,0
89,166,08:26,0
89,167,08:27,0
89,168,08:28,0
89,169,08:29,0
89,170,08:30,0
89,171,08:31,0
89,172,08:32,0
89,173,08:33,0
89,174,08:34,0
89,175,08:35,0
89,176,08:36,0
89,177,08:37,0
89,178,08:38,0
89,179,08:39,0
89,180,08:40,0
89,181,08:41,0
89,182,08:42,0
89,183,08:43,0
89,184,08:44,0
89,185,08:45,0
89,186,08:46,0
89,187,08:47,0
89,188,08:48,0
89,189,08:49,0
89,190,08:50,0
89,191,08:51,0
89,192,08:52,0
89,193,08:53,0
89,194,08:54,0
89,195,08:55,0
89,196,08:56,0
89,197,08:57,0
89,198,08:58,0
89,199,08:59,0
89,200,09:00,0
89,201,09:01,0
89,202,09:02,0
89,203,09:03,0
89,204,09:04,0
89,205,09:05,0
89,206,09:06,0
89,207,09:07,0
89,208,09:08,0
89,209,09:09,0
89,210,09:10,0
89,211,09:11,0
89,212,09:12,0
89,213,09:13,0
89,214,09:14,0
89,215,09:15,0
89,216,09:16,0
89,217,09:17,0
89,218,09:18,0
89,219,09:19,0
89,220,09:20,0
89,221,09:21,0
89,222,09:22,0
89,223,09:23,0
89,224,09:24,0
89,225,09:25,0
89,226,09:26,0
89,227,09:27,0
89,228,09:28,0
89,229,09:29,0
89,230,09:30,0
89,231,09:31,0
89,232,09:32,0
89,233,09:33,0
89,234,09:34,0
89,235,09:35,0
89,236,09:36,0
89,237,09:37,0
89,238,09:38,0
89,239,09:39,0
89,240,09:40,0
89,241,09:41,0
89,242,09:42,0
89,243,09:43,0
89,244,09:44,0
89,245,09:45,0
89,246,09:46,0
89,247,09:47,0
89,248,09:48,0
89,249,09:49,0
89,250,09:50,0
89,251,09:51,0
89,252,09:52,0
89,253,09:53,0
89,254,09:54,0
89,255,09:55,0
89,256,09:56,0
89,257,09:57,0
89,258,09:58,0
89,259,09:59,0
89,260,10:00,0
89,261,10:01,0
89,262,10:02,0
89,263,10:03,0
89,264,10:04,0
89,265,10:05,0
89,266,10:06,0
89,267,10:07,0
89,268,10:08,0
89,269,10:09,0
89,270,10:10,0
89,271,10:11,0
89,272,10:12,0
89,273,10:13,0
89,274,10:14,0
89,275,10:15,0
89,276,10:16,0
89,277,10:17,0
89,278,10:18,0
89,279,10:19,1
89,280,10:20,1
89,281,10:21,1
89,282,10:22,1
89,283,10:23,1
89,284,10:24,1
89,285,10:25,1
89,286,10:26,1
89,287,10:27,1
89,288,10:28,1
89,289,10:29,1
89,290,10:30,1
89,291,10:31,1
89,292,10:32,1
89,293,10:33,1
89,294,10:34,1
89,295,10:35,1
89,296,10:36,1
89,297,10:37,1
89,298,10:38,1
89,299,10:39,1
89,300,10:40,1
89,301,10:41,1
89,302,10:42,1
89,303,10:43,1
89,304,10:44,1
89,305,10:45,1
89,306,10:46,1
89,307,10:47,1
89,308,10:48,0
89,309,10:49,0
89,310,10:50,0
89,311,10:51,0
89,312,10:52,0
89,313,10:53,0
89,314,10:54,0
89,315,10:55,0
89,316,10:56,0
89,317,10:57,0
89,318,10:58,0
89,319,10:59,0
89,320,11:00,0
89,321,11:01,0
89,322,11:02,0
89,323,11:03,0
89,324,11:04,0
89,325,11:05,0
89,326,11:06,1
89,327,11:07,1
89,328,11:08,1
89,329,11:09,2
89,330,11:10,2
89,331,11:11,2
89,332,11:12,3
89,333,11:13,3
89,334,11:14,3
89,335,11:15,3
89,336,11:16,3
89,337,11:17,3
89,338,11:18,3
89,339,11:19,3
89,340,11:20,3
89,341,11:21,3
89,342,11:22,3
89,343,11:23,3
89,344,11:24,3
89,345,11:25,3
89,346,11:26,3
89,347,11:27,3
89,348,11:28,3
89,349,11:29,3
89,350,11:30,2
89,351,11:31,2
89,352,11:32,2
89,353,11:33,1
89,354,11:34,1
89,355,11:35,1
89,356,11:36,0
89,357,11:37,0
89,358,11:38,0
89,359,11:39,0
89,360,11:40,0
89,361,11:41,0
89,362,11:42,0
89,363,11:43,0
89,364,11:44,0
89,365,11:45,0
89,366,11:46,0
89,367,11:47,0
89,368,11:48,0
89,369,11:49,0
89,370,11:50,0
89,371,11:51,0
89,372,11:52,0
89,373,11:53,0
89,374,11:54,0
89,375,11:55,0
89,376,11:56,0
89,377,11:57,0
89,378,11:58,0
89,379,11:59,0
89,380,12:00,0
89,381,12:01,0
89,382,12:02,0
89,383,12:03,0
89,384,12:04,0
89,385,12:05,0
89,386,12:06,0
89,387,12:07,0
89,388,12:08,0
89,389,12:09,0
89,390,12:10,0
89,391,12:11,0
89,392,12:12,0
89,393,12:13,0
89,394,12:14,0
89,395,12:15,0
89,396,12:16,0
89,397,12:17,0
89,398,12:18,0
89,399,12:19,0
89,400,12:20,0
89,401,12:21,0
89,402,12:22,0
89,403,12:23,0
89,404,12:24,0
89,405,12:25,0
89,406,12:26,0
89,407,12:27,0
89,408,12:28,0
89,409,12:29,0
89,410,12:30,0
89,411,12:31,0
89,412,12:32,0
89,413,12:33,0
89,414,12:34,0
89,415,12:35,0
89,416,12:36,0
89,417,12:37,0
89,418,12:38,0
89,419,12:39,0
89,420,12:40,0
89,421,12:41,0
89,422,12:42,0
89,423,12:43,0
89,424,12:44,0
89,425,12:45,0
89,426,12:46,0
89,427,12:47,0
89,428,12:48,0
89,429,12:49,0
89,430,12:50,0
89,431,12:51,0
89,432,12:52,0
89,433,12:53,0
89,434,12:54,0
89,435,12:55,0
89,436,12:56,0
89,437,12:57,0
89,438,12:58,0
89,439,12:59,0
89,440,13:00,0
89,441,13:01,0
89,442,13:02,0
89,443,13:03,0
89,444,13:04,0
89,445,13:05,0
89,446,13:06,0
89,447,13:07,0
89,448,13:08,0
89,449,13:09,0
89,450,13:10,0
89,451,13:11,0
89,452,13:12,0
89,453,13:13,0
89,454,13:14,0
89,455,13:15,0
89,456,13:16,0
89,457,13:17,0
89,458,13:18,0
89,459,13:19,0
89,460,13:20,0
89,461,13:21,0
89,462,13:22,0
89,463,13:23,0
89,464,13:24,0
89,465,13:25,0
89,466,13:26,0
89,467,13:27,0
89,468,13:28,0
89,469,13:29,0
89,470,13:30,0
89,471,13:31,0
89,472,13:32,0
89,473,13:33,0
89,474,13:34,0
89,475,13:35,0
89,476,13:36,0
89,477,13:37,0
89,478,13:38,0
89,479,13:39,0
89,480,13:40,0
89,481,13:41,0
89,482,13:42,0
89,483,13:43,0
89,484,13:44,0
89,485,13:45,0
89,486,13:46,0
89,487,13:47,0
89,488,13:48,0
89,489,13:49,0
89,490,13:50,0
89,491,13:51,0
89,492,13:52,0
89,493,13:53,0
89,494,13:54,0
89,495,13:55,0
89,496,13:56,0
89,497,13:57,0
89,498,13:58,0
89,499,13:59,0
89,500,14:00,0
89,501,14:01,0
89,502,14:02,0
89,503,14:03,0
89,504,14:04,0
89,505,14:05,0
89,506,14:06,0
89,507,14:07,0
89,508,14:08,0
89,509,14:09,0
89,510,14:10,0
89,511,14:11,0
89,512,14:12,0
89,513,14:13,0
89,514,14:14,0
89,515,14:15,0
89,516,14:16,0
89,517,14:17,0
89,518,14:18,0
89,519,14:19,0
89,520,14:20,0
89,521,14:21,0
89,522,14:22,0
89,523,14:23,0
89,524,14:24,0
89,525,14:25,0
89,526,14:26,0
89,527,14:27,0
89,528,14:28,0
89,529,14:29,0
89,530,14:30,0
89,531,14:31,0
89,532,14:32,0
89,533,14:33,0
89,534,14:34,0
89,535,14:35,0
89,536,14:36,0
89,537,14:37,0
89,538,14:38,0
89,539,14:39,0
89,540,14:40,0
89,541,14:41,0
89,542,14:42,0
89,543,14:43,0
89,544,14:44,0
89,545,14:45,0
89,546,14:46,0
89,547,14:47,0
89,548,14:48,0
89,549,14:49,0
89,550,14:50,0
89,551,14:51,0
89,552,14:52,0
89,553,14:53,0
89,554,14:54,0
89,555,14:55,0
89,556,14:56,0
89,557,14:57,0
89,558,14:58,0
89,559,14:59,0
89,560,15:00,0
89,561,15:01,0
89,562,15:02,0
89,563,15:03,0
89,564,15:04,0
89,565,15:05,0
89,566,15:06,0
89,567,15:07,0
89,568,15:08,0
89,569,15:09,0
89,570,15:10,0
89,571,15:11,0
89,572,15:12,0
89,573,15:13,0
89,574,15:14,0
89,575,15:15,0
89,576,15:16,0
89,577,15:17,0
89,578,15:18,0
89,579,15:19,0
89,580,15:20,0
89,581,15:21,0
89,582,15:22,0
89,583,15:23,0
89,584,15:24,0
89,585,15:25,0
89,586,15:26,0
89,587,15:27,0
89,588,15:28,0
89,589,15:29,0
89,590,15:30,0
89,591,15:31,0
89,592,15:32,0
89,593,15:33,0
89,594,15:34,0
89,595,15:35,0
89,596,15:36,0
89,597,15:37,0
89,598,15:38,0
89,599,15:39,0
89,600,15:40,0
89,601,15:41,0
89,602,15:42,0
89,603,15:43,0
89,604,15:44,0
89,605,15:45,0
89,606,15:46,0
89,607,15:47,0
89,608,15:48,0
89,609,15:49,0
89,610,15:50,0
89,611,15:51,0
89,612,15:52,0
89,613,15:53,0
89,614,15:54,0
89,615,15:55,0
89,616,15:56,0
89,617,15:57,0
89,618,15:58,0
89,619,15:59,0
89,620,16:00,0
89,621,16:01,0
89,622,16:02,0
89,623,16:03,0
89,624,16:04,0
89,625,16:05,0
89,626,16:06,0
89,627,16:07,0
89,628,16:08,0
89,629,16:09,0
89,630,16:10,0
89,631,16:11,0
89,632,16:12,0
89,633,16:13,0
89,634,16:14,0
89,635,16:15,0
89,636,16:16,0
89,637,16:17,0
89,638,16:18,0
89,639,16:19,0
89,640,16:20,0
89,641,16:21,0
89,642,16:22,0
89,643,16:23,0
89,644,16:24,0
89,645,16:25,0
89,646,16:26,0
89,647,16:27,0
89,648,16:28,0
89,649,16:29,0
89,650,16:30,0
89,651,16:31,0
89,652,16:32,0
89,653,16:33,0
89,654,16:34,0
89,655,16:35,0
89,656,16:36,0
89,657,16:37,0
89,658,16:38,0
89,659,16:39,0
89,660,16:40,0
89,661,16:41,0
89,662,16:42,0
89,663,16:43,0
89,664,16:44,0
89,665,16:45,0
89,666,16:46,0
89,667,16:47,0
89,668,16:48,0
89,669,16:49,0
89,670,16:50,0
89,671,16:51,0
89,672,16:52,0
89,673,16:53,0
89,674,16:54,0
89,675,16:55,0
89,676,16:56,0
89,677,16:57,0
89,678,16:58,0
89,679,16:59,0
89,680,17:00,0
89,681,17:01,0
89,682,17:02,0
89,683,17:03,0
89,684,17:04,0
89,685,17:05,0
89,686,17:06,0
89,687,17:07,0
89,688,17:08,0
89,689,17:09,0
89,690,17:10,0
89,691,17:11,0
89,692,17:12,0
89,693,17:13,0
89,694,17:14,0
89,695,17:15,0
89,696,17:16,0
89,697,17:17,0
89,698,17:18,0
89,699,17:19,0
89,700,17:20,0
89,701,17:21,0
89,702,17:22,0
89,703,17:23,0
89,704,17:24,0
89,705,17:25,0
89,706,17:26,0
89,707,17:27,0
89,708,17:28,0
89,709,17:29,0
89,710,17:30,0
89,711,17:31,0
89,712,17:32,0
89,713,17:33,0
89,714,17:34,0
89,715,17:35,2
89,716,17:36,2
89,717,17:37,2
89,718,17:38,4
89,719,17:39,4
89,720,17:40,4
89,721,17:41,4
89,722,17:42,4
89,723,17:43,4
89,724,17:44,4
89,725,17:45,4
89,726,17:46,4
89,727,17:47,4
89,728,17:48,4
89,729,17:49,4
89,730,17:50,4
89,731,17:51,4
89,732,17:52,4
89,733,17:53,4
89,734,17:54,4
89,735,17:55,4
89,736,17:56,2
89,737,17:57,2
89,738,17:58,2
89,739,17:59,0
89,740,18:00,0
89,741,18:01,0
89,742,18:02,1
89,743,18:03,1
89,744,18:04,1
89,745,18:05,2
89,746,18:06,2
89,747,18:07,2
89,748,18:08,2
89,749,18:09,2
89,750,18:10,2
89,751,18:11,2
89,752,18:12,2
89,753,18:13,2
89,754,18:14,2
89,755,18:15,1
89,756,18:16,1
89,757,18:17,1
89,758,18:18,1
89,759,18:19,1
89,760,18:20,1
89,761,18:21,1
89,762,18:22,1
89,763,18:23,1
89,764,18:24,1
89,765,18:25,0
89,766,18:26,0
89,767,18:27,0
89,768,18:28,0
89,769,18:29,1
89,770,18:30,1
89,771,18:31,1
89,772,18:32,2
89,773,18:33,2
89,774,18:34,2
89,775,18:35,2
89,776,18:36,2
89,777,18:37,2
89,778,18:38,2
89,779,18:39,2
89,780,18:40,2
89,781,18:41,2
89,782,18:42,2
89,783,18:43,2
89,784,18:44,2
89,785,18:45,2
89,786,18:46,2
89,787,18:47,1
89,788,18:48,1
89,789,18:49,1
89,790,18:50,1
89,791,18:51,1
89,792,18:52,1
89,793,18:53,1
89,794,18:54,1
89,795,18:55,1
89,796,18:56,1
89,797,18:57,0
89,798,18:58,0
89,799,18:59,0
89,800,19:00,0
89,801,19:01,0
89,802,19:02,0
89,803,19:03,0
89,804,19:04,0
89,805,19:05,0
89,806,19:06,0
89,807,19:07,0
89,808,19:08,0
89,809,19:09,0
89,810,19:10,0
89,811,19:11,0
89,812,19:12,0
89,813,19:13,0
89,814,19:14,0
89,815,19:15,0
89,816,19:16,0
89,817,19:17,0
89,818,19:18,0
89,819,19:19,0
89,820,19:20,0
89,821,19:21,0
89,822,19:22,0
89,823,19:23,0
89,824,19:24,0
89,825,19:25,0
89,826,19:26,0
89,827,19:27,0
89,828,19:28,0
89,829,19:29,0
89,830,19:30,0
89,831,19:31,0
89,832,19:32,0
89,833,19:33,0
89,834,19:34,0
89,835,19:35,0
90,0,05:40,0
90,1,05:41,0
90,2,05:42,0
90,3,05:43,0
90,4,05:44,0
90,5,05:45,0
90,6,05:46,0
90,7,05:47,0
90,8,05:48,0
90,9,05:49,0
90,10,05:50,0
90,11,05:51,0
90,12,05:52,0
90,13,05:53,0
90,14,05:54,0
90,15,05:55,0
90,16,05:56,0
90,17,05:57,0
90,18,05:58,0
90,19,05:59,0
90,20,06:00,0
90,21,06:01,0
90,22,06:02,0
90,23,06:03,0
90,24,06:04,0
90,25,06:05,0
90,26,06:06,0
90,27,06:07,0
90,28,06:08,0
90,29,06:09,0
90,30,06:10,0
90,31,06:11,0
90,32,06:12,0
90,33,06:13,0
90,34,06:14,0
90,35,06:15,0
90,36,06:16,0
90,37,06:17,0
90,38,06:18,0
90,39,06:19,0
90,40,06:20,0
90,41,06:21,0
90,42,06:22,0
90,43,06:23,0
90,44,06:24,0
90,45,06:25,0
90,46,06:26,0
90,47,06:27,0
90,48,06:28,0
90,49,06:29,0
90,50,06:30,0
90,51,06:31,0
90,52,06:32,0
90,53,06:33,0
90,54,06:34,0
90,55,06:35,0
90,56,06:36,0
90,57,06:37,0
90,58,06:38,0
90,59,06:39,0
90,60,06:40,0
90,61,06:41,0
90,62,06:42,0
90,63,06:43,0
90,64,06:44,0
90,65,06:45,0
90,66,06:46,0
90,67,06:47,0
90,68,06:48,0
90,69,06:49,0
90,70,06:50,0
90,71,06:51,0
90,72,06:52,0
90,73,06:53,0
90,74,06:54,0
90,75,06:55,0
90,76,06:56,0
90,77,06:57,0
90,78,06:58,0
90,79,06:59,0
90,80,07:00,0
90,81,07:01,0
90,82,07:02,0
90,83,07:03,0
90,84,07:04,0
90,85,07:05,0
90,86,07:06,0
90,87,07:07,0
90,88,07:08,0
90,89,07:09,0
90,90,07:10,0
90,91,07:11,0
90,92,07:12,0
90,93,07:13,0
90,94,07:14,0
90,95,07:15,0
90,96,07:16,0
90,97,07:17,0
90,98,07:18,0
90,99,07:19,0
90,100,07:20,0
90,101,07:21,0
90,102,07:22,0
90,103,07:23,0
90,104,07:24,0
90,105,07:25,0
90,106,07:26,0
90,107,07:27,0
90,108,07:28,0
90,109,07:29,0
90,110,07:30,0
90,111,07:31,0
90,112,07:32,0
90,113,07:33,0
90,114,07:34,0
90,115,07:35,0
90,116,07:36,0
90,117,07:37,0
90,118,07:38,0
90,119,07:39,0
90,120,07:40,0
90,121,07:41,0
90,122,07:42,0
90,123,07:43,0
90,124,07:44,0
90,125,07:45,0
90,126,07:46,0
90,127,07:47,0
90,128,07:48,0
90,129,07:49,0
90,130,07:50,0
90,131,07:51,0
90,132,07:52,0
90,133,07:53,0
90,134,07:54,0
90,135,07:55,0
90,136,07:56,0
90,137,07:57,0
90,138,07:58,0
90,139,07:59,0
90,140,08:00,0
90,141,08:01,0
90,142,08:02,0
90,143,08:03,0
90,144,08:04,0
90,145,08:05,0
90,146,08:06,0
90,147,08:07,0
90,148,08:08,0
90,149,08:09,0
90,150,08:10,0
90,151,08:11,0
90,152,08:12,0
90,153,08:13,0
90,154,08:14,0
90,155,08:15,0
90,156,08:16,0
90,157,08:17,0
90,158,08:18,0
90,159,08:19,0
90,160,08:20,0
90,161,08:21,0
90,162,08:22,0
90,163,08:23,0
90,164,08:24,0
90,165,08:25,0
90,166,08:26,0
90,167,08:27,0
90,168,08:28,0
90,169,08:29,0
90,170,08:30,0
90,171,08:31,0
90,172,08:32,0
90,173,08:33,0
90,174,08:34,0
90,175,08:35,0
90,176,08:36,0
90,177,08:37,0
90,178,08:38,0
90,179,08:39,0
90,180,08:40,0
90,181,08:41,0
90,182,08:42,0
90,183,08:43,0
90,184,08:44,0
90,185,08:45,0
90,186,08:46,0
90,187,08:47,0
90,188,08:48,0
90,189,08:49,0
90,190,08:50,0
90,191,08:51,0
90,192,08:52,0
90,193,08:53,0
90,194,08:54,0
90,195,08:55,0
90,196,08:56,0
90,197,08:57,0
90,198,08:58,0
90,199,08:59,0
90,200,09:00,0
90,201,09:01,0
90,202,09:02,0
90,203,09:03,0
90,204,09:04,0
90,205,09:05,0
90,206,09:06,0
90,207,09:07,0
90,208,09:08,0
90,209,09:09,0
90,210,09:10,0
90,211,09:11,0
90,212,09:12,0
90,213,09:13,0
90,214,09:14,0
90,215,09:15,0
90,216,09:16,0
90,217,09:17,0
90,218,09:18,0
90,219,09:19,0
90,220,09:20,0
90,221,09:21,0
90,222,09:22,0
90,223,09:23,0
90,224,09:24,0
90,225,09:25,0
90,226,09:26,0
90,227,09:27,0
90,228,09:28,0
90,229,09:29,0
90,230,09:30,0
90,231,09:31,0
90,232,09:32,0
90,233,09:33,0
90,234,09:34,0
90,235,09:35,0
90,236,09:36,0
90,237,09:37,0
90,238,09:38,0
90,239,09:39,0
90,240,09:40,0
90,241,09:41,0
90,242,09:42,0
90,243,09:43,0
90,244,09:44,0
90,245,09:45,0
90,246,09:46,0
90,247,09:47,0
90,248,09:48,0
90,249,09:49,0
90,250,09:50,0
90,251,09:51,0
90,252,09:52,0
90,253,09:53,0
90,254,09:54,0
90,255,09:55,0
90,256,09:56,0
90,257,09:57,0
90,258,09:58,0
90,259,09:59,0
90,260,10:00,0
90,261,10:01,0
90,262,10:02,0
90,263,10:03,0
90,264,10:04,0
90,265,10:05,0
90,266,10:06,0
90,267,10:07,0
90,268,10:08,0
90,269,10:09,0
90,270,10:10,0
90,271,10:11,0
90,272,10:12,0
90,273,10:13,0
90,274,10:14,0
90,275,10:15,0
90,276,10:16,0
90,277,10:17,0
90,278,10:18,0
90,279,10:19,0
90,280,10:20,0
90,281,10:21,0
90,282,10:22,0
90,283,10:23,0
90,284,10:24,0
90,285,10:25,0
90,286,10:26,0
90,287,10:27,0
90,288,10:28,0
90,289,10:29,0
90,290,10:30,0
90,291,10:31,0
90,292,10:32,0
90,293,10:33,0
90,294,10:34,0
90,295,10:35,0
90,296,10:36,0
90,297,10:37,0
90,298,10:38,0
90,299,10:39,0
90,300,10:40,0
90,301,10:41,0
90,302,10:42,0
90,303,10:43,0
90,304,10:44,0
90,305,10:45,0
90,306,10:46,0
90,307,10:47,0
90,308,10:48,0
90,309,10:49,0
90,310,10:50,0
90,311,10:51,0
90,312,10:52,0
90,313,10:53,0
90,314,10:54,0
90,315,10:55,0
90,316,10:56,0
90,317,10:57,0
90,318,10:58,0
90,319,10:59,0
90,320,11:00,0
90,321,11:01,0
90,322,11:02,0
90,323,11:03,0
90,324,11:04,0
90,325,11:05,0
90,326,11:06,0
90,327,11:07,0
90,328,11:08,0
90,329,11:09,0
90,330,11:10,0
90,331,11:11,0
90,332,11:12,0
90,333,11:13,0
90,334,11:14,0
90,335,11:15,0
90,336,11:16,0
90,337,11:17,0
90,338,11:18,0
90,339,11:19,0
90,340,11:20,0
90,341,11:21,0
90,342,11:22,0
90,343,11:23,0
90,344,11:24,0
90,345,11:25,0
90,346,11:26,0
90,347,11:27,0
90,348,11:28,0
90,349,11:29,0
90,350,11:30,0
90,351,11:31,0
90,352,11:32,0
90,353,11:33,0
90,354,11:34,0
90,355,11:35,0
90,356,11:36,0
90,357,11:37,0
90,358,11:38,0
90,359,11:39,0
90,360,11:40,0
90,361,11:41,0
90,362,11:42,0
90,363,11:43,0
90,364,11:44,0
90,365,11:45,0
90,366,11:46,0
90,367,11:47,0
90,368,11:48,0
90,369,11:49,0
90,370,11:50,0
90,371,11:51,0
90,372,11:52,0
90,373,11:53,0
90,374,11:54,0
90,375,11:55,0
90,376,11:56,0
90,377,11:57,0
90,378,11:58,0
90,379,11:59,0
90,380,12:00,0
90,381,12:01,0
90,382,12:02,0
90,383,12:03,0
90,384,12:04,0
90,385,12:05,0
90,386,12:06,0
90,387,12:07,0
90,388,12:08,0
90,389,12:09,0
90,390,12:10,0
90,391,12:11,0
90,392,12:12,0
90,393,12:13,0
90,394,12:14,0
90,395,12:15,0
90,396,12:16,0
90,397,12:17,0
90,398,12:18,0
90,399,12:19,0
90,400,12:20,0
90,401,12:21,0
90,402,12:22,0
90,403,12:23,0
90,404,12:24,0
90,405,12:25,0
90,406,12:26,0
90,407,12:27,0
90,408,12:28,0
90,409,12:29,0
90,410,12:30,0
90,411,12:31,0
90,412,12:32,0
90,413,12:33,0
90,414,12:34,0
90,415,12:35,0
90,416,12:36,0
90,417,12:37,0
90,418,12:38,0
90,419,12:39,0
90,420,12:40,0
90,421,12:41,0
90,422,12:42,0
90,423,12:43,0
90,424,12:44,0
90,425,12:45,0
90,426,12:46,0
90,427,12:47,0
90,428,12:48,0
90,429,12:49,0
90,430,12:50,0
90,431,12:51,0
90,432,12:52,0
90,433,12:53,0
90,434,12:54,0
90,435,12:55,0
90,436,12:56,0
90,437,12:57,0
90,438,12:58,0
90,439,12:59,0
90,440,13:00,0
90,441,13:01,0
90,442,13:02,0
90,443,13:03,0
90,444,13:04,0
90,445,13:05,0
90,446,13:06,0
90,447,13:07,0
90,448,13:08,0
90,449,13:09,0
90,450,13:10,0
90,451,13:11,0
90,452,13:12,0
90,453,13:13,0
90,454,13:14,0
90,455,13:15,0
90,456,13:16,0
90,457,13:17,0
90,458,13:18,0
90,459,13:19,0
90,460,13:20,0
90,461,13:21,0
90,462,13:22,0
90,463,13:23,0
90,464,13:24,0
90,465,13:25,0
90,466,13:26,0
90,467,13:27,0
90,468,13:28,0
90,469,13:29,0
90,470,13:30,0
90,471,13:31,0
90,472,13:32,0
90,473,13:33,0
90,474,13:34,0
90,475,13:35,0
90,476,13:36,0
90,477,13:37,0
90,478,13:38,0
90,479,13:39,0
90,480,13:40,0
90,481,13:41,0
90,482,13:42,0
90,483,13:43,0
90,484,13:44,0
90,485,13:45,0
90,486,13:46,0
90,487,13:47,0
90,488,13:48,0
90,489,13:49,0
90,490,13:50,0
90,491,13:51,0
90,492,13:52,0
90,493,13:53,0
90,494,13:54,0
90,495,13:55,0
90,496,13:56,0
90,497,13:57,0
90,498,13:58,0
90,499,13:59,0
90,500,14:00,0
90,501,14:01,0
90,502,14:02,0
90,503,14:03,0
90,504,14:04,0
90,505,14:05,0
90,506,14:06,0
90,507,14:07,0
90,508,14:08,0
90,509,14:09,0
90,510,14:10,0
90,511,14:11,0
90,512,14:12,0
90,513,14:13,0
90,514,14:14,0
90,515,14:15,0
90,516,14:16,0
90,517,14:17,0
90,518,14:18,0
90,519,14:19,0
90,520,14:20,0
90,521,14:21,0
90,522,14:22,1
90,523,14:23,1
90,524,14:24,1
90,525,14:25,1
90,526,14:26,1
90,527,14:27,1
90,528,14:28,1
90,529,14:29,2
90,530,14:30,2
90,531,14:31,2
90,532,14:32,2
90,533,14:33,2
90,534,14:34,2
90,535,14:35,2
90,536,14:36,2
90,537,14:37,2
90,538,14:38,2
90,539,14:39,1
90,540,14:40,1
90,541,14:41,1
90,542,14:42,0
90,543,14:43,0
90,544,14:44,0
90,545,14:45,0
90,546,14:46,0
90,547,14:47,0
90,548,14:48,0
90,549,14:49,0
90,550,14:50,0
90,551,14:51,0
90,552,14:52,0
90,553,14:53,0
90,554,14:54,0
90,555,14:55,0
90,556,14:56,0
90,557,14:57,0
90,558,14:58,0
90,559,14:59,0
90,560,15:00,0
90,561,15:01,0
90,562,15:02,0
90,563,15:03,0
90,564,15:04,0
90,565,15:05,0
90,566,15:06,0
90,567,15:07,0
90,568,15:08,0
90,569,15:09,0
90,570,15:10,0
90,571,15:11,0
90,572,15:12,0
90,573,15:13,0
90,574,15:14,0
90,575,15:15,0
90,576,15:16,0
90,577,15:17,0
90,578,15:18,0
90,579,15:19,0
90,580,15:20,0
90,581,15:21,0
90,582,15:22,0
90,583,15:23,0
90,584,15:24,0
90,585,15:25,0
90,586,15:26,0
90,587,15:27,0
90,588,15:28,0
90,589,15:29,0
90,590,15:30,0
90,591,15:31,0
90,592,15:32,0
90,593,15:33,0
90,594,15:34,0
90,595,15:35,0
90,596,15:36,0
90,597,15:37,0
90,598,15:38,0
90,599,15:39,0
90,600,15:40,0
90,601,15:41,0
90,602,15:42,0
90,603,15:43,0
90,604,15:44,0
90,605,15:45,0
90,606,15:46,0
90,607,15:47,0
90,608,15:48,0
90,609,15:49,0
90,610,15:50,0
90,611,15:51,0
90,612,15:52,0
90,613,15:53,0
90,614,15:54,0
90,615,15:55,0
90,616,15:56,0
90,617,15:57,0
90,618,15:58,0
90,619,15:59,0
90,620,16:00,0
90,621,16:01,0
90,622,16:02,0
90,623,16:03,0
90,624,16:04,0
90,625,16:05,0
90,626,16:06,1
90,627,16:07,1
90,628,16:08,1
90,629,16:09,1
90,630,16:10,1
90,631,16:11,1
90,632,16:12,1
90,633,16:13,1
90,634,16:14,1
90,635,16:15,1
90,636,16:16,1
90,637,16:17,1
90,638,16:18,1
90,639,16:19,1
90,640,16:20,0
90,641,16:21,0
90,642,16:22,0
90,643,16:23,0
90,644,16:24,0
90,645,16:25,0
90,646,16:26,0
90,647,16:27,0
90,648,16:28,0
90,649,16:29,0
90,650,16:30,0
90,651,16:31,0
90,652,16:32,0
90,653,16:33,0
90,654,16:34,0
90,655,16:35,0
90,656,16:36,1
90,657,16:37,1
90,658,16:38,1
90,659,16:39,1
90,660,16:40,1
90,661,16:41,1
90,662,16:42,1
90,663,16:43,1
90,664,16:44,1
90,665,16:45,1
90,666,16:46,1
90,667,16:47,1
90,668,16:48,1
90,669,16:49,1
90,670,16:50,0
90,671,16:51,0
90,672,16:52,0
90,673,16:53,0
90,674,16:54,0
90,675,16:55,0
90,676,16:56,0
90,677,16:57,0
90,678,16:58,0
90,679,16:59,0
90,680,17:00,0
90,681,17:01,0
90,682,17:02,0
90,683,17:03,0
90,684,17:04,0
90,685,17:05,0
90,686,17:06,0
90,687,17:07,0
90,688,17:08,0
90,689,17:09,0
90,690,17:10,0
90,691,17:11,0
90,692,17:12,0
90,693,17:13,0
90,694,17:14,0
90,695,17:15,0
90,696,17:16,1
90,697,17:17,1
90,698,17:18,1
90,699,17:19,2
90,700,17:20,2
90,701,17:21,2
90,702,17:22,2
90,703,17:23,2
90,704,17:24,2
90,705,17:25,2
90,706,17:26,2
90,707,17:27,2
90,708,17:28,2
90,709,17:29,2
90,710,17:30,2
90,711,17:31,2
90,712,17:32,2
90,713,17:33,2
90,714,17:34,2
90,715,17:35,2
90,716,17:36,2
90,717,17:37,1
90,718,17:38,1
90,719,17:39,1
90,720,17:40,0
90,721,17:41,0
90,722,17:42,0
90,723,17:43,1
90,724,17:44,1
90,725,17:45,1
90,726,17:46,2
90,727,17:47,2
90,728,17:48,2
90,729,17:49,2
90,730,17:50,2
90,731,17:51,2
90,732,17:52,2
90,733,17:53,2
90,734,17:54,2
90,735,17:55,2
90,736,17:56,1
90,737,17:57,1
90,738,17:58,1
90,739,17:59,0
90,740,18:00,0
90,741,18:01,0
90,742,18:02,1
90,743,18:03,1
90,744,18:04,1
90,745,18:05,1
90,746,18:06,1
90,747,18:07,1
90,748,18:08,1
90,749,18:09,1
90,750,18:10,1
90,751,18:11,1
90,752,18:12,0
90,753,18:13,0
90,754,18:14,0
90,755,18:15,0
90,756,18:16,0
90,757,18:17,0
90,758,18:18,0
90,759,18:19,0
90,760,18:20,0
90,761,18:21,0
90,762,18:22,0
90,763,18:23,0
90,764,18:24,0
90,765,18:25,0
90,766,18:26,0
90,767,18:27,1
90,768,18:28,1
90,769,18:29,1
90,770,18:30,2
90,771,18:31,2
90,772,18:32,2
90,773,18:33,2
90,774,18:34,2
90,775,18:35,2
90,776,18:36,2
90,777,18:37,2
90,778,18:38,2
90,779,18:39,2
90,780,18:40,2
90,781,18:41,2
90,782,18:42,2
90,783,18:43,2
90,784,18:44,2
90,785,18:45,1
90,786,18:46,1
90,787,18:47,1
90,788,18:48,0
90,789,18:49,0
90,790,18:50,0
90,791,18:51,0
90,792,18:52,0
90,793,18:53,0
90,794,18:54,0
90,795,18:55,0
90,796,18:56,0
90,797,18:57,0
90,798,18:58,0
90,799,18:59,0
90,800,19:00,0
90,801,19:01,0
90,802,19:02,0
90,803,19:03,0
90,804,19:04,0
90,805,19:05,0
90,806,19:06,0
90,807,19:07,0
90,808,19:08,0
90,809,19:09,0
90,810,19:10,0
90,811,19:11,0
90,812,19:12,0
90,813,19:13,0
90,814,19:14,0
90,815,19:15,0
90,816,19:16,0
90,817,19:17,0
90,818,19:18,0
90,819,19:19,0
90,820,19:20,0
90,821,19:21,0
90,822,19:22,0
90,823,19:23,0
90,824,19:24,0
90,825,19:25,0
90,826,19:26,0
90,827,19:27,0
90,828,19:28,0
90,829,19:29,0
90,830,19:30,0
90,831,19:31,0
90,832,19:32,0
90,833,19:33,0
90,834,19:34,0
90,835,19:35,0
91,0,05:40,0
91,1,05:41,0
91,2,05:42,0
91,3,05:43,0
91,4,05:44,0
91,5,05:45,0
91,6,05:46,0
91,7,05:47,0
91,8,05:48,0
91,9,05:49,0
91,10,05:50,0
91,11,05:51,0
91,12,05:52,0
91,13,05:53,0
91,14,05:54,0
91,15,05:55,0
91,16,05:56,0
91,17,05:57,0
91,18,05:58,0
91,19,05:59,0
91,20,06:00,0
91,21,06:01,0
91,22,06:02,0
91,23,06:03,0
91,24,06:04,0
91,25,06:05,0
91,26,06:06,0
91,27,06:07,0
91,28,06:08,0
91,29,06:09,0
91,30,06:10,0
91,31,06:11,0
91,32,06:12,0
91,33,06:13,0
91,34,06:14,0
91,35,06:15,0
91,36,06:16,0
91,37,06:17,0
91,38,06:18,0
91,39,06:19,0
91,40,06:20,0
91,41,06:21,0
91,42,06:22,0
91,43,06:23,0
91,44,06:24,0
91,45,06:25,0
91,46,06:26,0
91,47,06:27,0
91,48,06:28,0
91,49,06:29,0
91,50,06:30,0
91,51,06:31,0
91,52,06:32,0
91,53,06:33,0
91,54,06:34,0
91,55,06:35,0
91,56,06:36,0
91,57,06:37,0
91,58,06:38,0
91,59,06:39,0
91,60,06:40,0
91,61,06:41,0
91,62,06:42,0
91,63,06:43,0
91,64,06:44,0
91,65,06:45,0
91,66,06:46,0
91,67,06:47,0
91,68,06:48,0
91,69,06:49,0
91,70,06:50,0
91,71,06:51,0
91,72,06:52,0
91,73,06:53,0
91,74,06:54,0
91,75,06:55,0
91,76,06:56,0
91,77,06:57,0
91,78,06:58,0
91,79,06:59,0
91,80,07:00,0
91,81,07:01,0
91,82,07:02,0
91,83,07:03,0
91,84,07:04,0
91,85,07:05,0
91,86,07:06,0
91,87,07:07,0
91,88,07:08,0
91,89,07:09,0
91,90,07:10,0
91,91,07:11,0
91,92,07:12,0
91,93,07:13,0
91,94,07:14,0
91,95,07:15,0
91,96,07:16,0
91,97,07:17,0
91,98,07:18,0
91,99,07:19,0
91,100,07:20,0
91,101,07:21,0
91,102,07:22,0
91,103,07:23,0
91,104,07:24,0
91,105,07:25,0
91,106,07:26,0
91,107,07:27,0
91,108,07:28,0
91,109,07:29,0
91,110,07:30,0
91,111,07:31,0
91,112,07:32,0
91,113,07:33,0
91,114,07:34,0
91,115,07:35,0
91,116,07:36,0
91,117,07:37,0
91,118,07:38,0
91,119,07:39,0
91,120,07:40,0
91,121,07:41,0
91,122,07:42,0
91,123,07:43,0
91,124,07:44,0
91,125,07:45,0
91,126,07:46,0
91,127,07:47,0
91,128,07:48,0
91,129,07:49,0
91,130,07:50,0
91,131,07:51,0
91,132,07:52,0
91,133,07:53,0
91,134,07:54,0
91,135,07:55,0
91,136,07:56,0
91,137,07:57,0
91,138,07:58,0
91,139,07:59,0
91,140,08:00,0
91,141,08:01,0
91,142,08:02,0
91,143,08:03,0
91,144,08:04,0
91,145,08:05,0
91,146,08:06,0
91,147,08:07,0
91,148,08:08,0
91,149,08:09,0
91,150,08:10,0
91,151,08:11,0
91,152,08:12,0
91,153,08:13,0
91,154,08:14,0
91,155,08:15,0
91,156,08:16,0
91,157,08:17,0
91,158,08:18,0
91,159,08:19,0
91,160,08:20,0
91,161,08:21,0
91,162,08:22,0
91,163,08:23,0
91,164,08:24,0
91,165,08:25,0
91,166,08:26,0
91,167,08:27,0
91,168,08:28,0
91,169,08:29,0
91,170,08:30,0
91,171,08:31,0
91,172,08:32,0
91,173,08:33,0
91,174,08:34,0
91,175,08:35,0
91,176,08:36,0
91,177,08:37,0
91,178,08:38,0
91,179,08:39,0
91,180,08:40,0
91,181,08:41,0
91,182,08:42,0
91,183,08:43,1
91,184,08:44,1
91,185,08:45,1
91,186,08:46,2
91,187,08:47,2
91,188,08:48,2
91,189,08:49,3
91,190,08:50,3
91,191,08:51,3
91,192,08:52,3
91,193,08:53,3
91,194,08:54,3
91,195,08:55,3
91,196,08:56,3
91,197,08:57,3
91,198,08:58,3
91,199,08:59,3
91,200,09:00,3
91,201,09:01,3
91,202,09:02,2
91,203,09:03,2
91,204,09:04,2
91,205,09:05,2
91,206,09:06,2
91,207,09:07,2
91,208,09:08,2
91,209,09:09,2
91,210,09:10,2
91,211,09:11,1
91,212,09:12,1
91,213,09:13,1
91,214,09:14,0
91,215,09:15,0
91,216,09:16,0
91,217,09:17,0
91,218,09:18,0
91,219,09:19,0
91,220,09:20,0
91,221,09:21,0
91,222,09:22,0
91,223,09:23,0
91,224,09:24,0
91,225,09:25,0
91,226,09:26,0
91,227,09:27,0
91,228,09:28,0
91,229,09:29,0
91,230,09:30,0
91,231,09:31,0
91,232,09:32,0
91,233,09:33,0
91,234,09:34,0
91,235,09:35,0
91,236,09:36,0
91,237,09:37,0
91,238,09:38,0
91,239,09:39,0
91,240,09:40,0
91,241,09:41,0
91,242,09:42,0
91,243,09:43,0
91,244,09:44,0
91,245,09:45,0
91,246,09:46,0
91,247,09:47,0
91,248,09:48,0
91,249,09:49,0
91,250,09:50,0
91,251,09:51,0
91,252,09:52,0
91,253,09:53,0
91,254,09:54,0
91,255,09:55,0
91,256,09:56,0
91,257,09:57,0
91,258,09:58,0
91,259,09:59,0
91,260,10:00,0
91,261,10:01,0
91,262,10:02,0
91,263,10:03,0
91,264,10:04,0
91,265,10:05,0
91,266,10:06,0
91,267,10:07,0
91,268,10:08,0
91,269,10:09,0
91,270,10:10,0
91,271,10:11,0
91,272,10:12,0
91,273,10:13,0
91,274,10:14,0
91,275,10:15,0
91,276,10:16,0
91,277,10:17,0
91,278,10:18,0
91,279,10:19,0
91,280,10:20,0
91,281,10:21,0
91,282,10:22,0
91,283,10:23,0
91,284,10:24,0
91,285,10:25,0
91,286,10:26,0
91,287,10:27,1
91,288,10:28,1
91,289,10:29,1
91,290,10:30,1
91,291,10:31,1
91,292,10:32,1
91,293,10:33,1
91,294,10:34,1
91,295,10:35,1
91,296,10:36,1
91,297,10:37,1
91,298,10:38,1
91,299,10:39,1
91,300,10:40,1
91,301,10:41,1
91,302,10:42,0
91,303,10:43,0
91,304,10:44,0
91,305,10:45,0
91,306,10:46,0
91,307,10:47,0
91,308,10:48,0
91,309,10:49,0
91,310,10:50,0
91,311,10:51,0
91,312,10:52,0
91,313,10:53,0
91,314,10:54,0
91,315,10:55,0
91,316,10:56,0
91,317,10:57,0
91,318,10:58,1
91,319,10:59,1
91,320,11:00,1
91,321,11:01,1
91,322,11:02,1
91,323,11:03,1
91,324,11:04,1
91,325,11:05,1
91,326,11:06,1
91,327,11:07,1
91,328,11:08,1
91,329,11:09,1
91,330,11:10,1
91,331,11:11,1
91,332,11:12,1
91,333,11:13,0
91,334,11:14,0
91,335,11:15,0
91,336,11:16,0
91,337,11:17,0
91,338,11:18,0
91,339,11:19,0
91,340,11:20,0
91,341,11:21,0
91,342,11:22,0
91,343,11:23,0
91,344,11:24,0
91,345,11:25,0
91,346,11:26,0
91,347,11:27,0
91,348,11:28,0
91,349,11:29,0
91,350,11:30,0
91,351,11:31,0
91,352,11:32,0
91,353,11:33,0
91,354,11:34,0
91,355,11:35,0
91,356,11:36,0
91,357,11:37,0
91,358,11:38,0
91,359,11:39,0
91,360,11:40,0
91,361,11:41,0
91,362,11:42,0
91,363,11:43,0
91,364,11:44,0
91,365,11:45,0
91,366,11:46,0
91,367,11:47,0
91,368,11:48,0
91,369,11:49,0
91,370,11:50,0
91,371,11:51,0
91,372,11:52,0
91,373,11:53,0
91,374,11:54,0
91,375,11:55,0
91,376,11:56,0
91,377,11:57,0
91,378,11:58,0
91,379,11:59,0
91,380,12:00,0
91,381,12:01,0
91,382,12:02,0
91,383,12:03,0
91,384,12:04,0
91,385,12:05,0
91,386,12:06,0
91,387,12:07,0
91,388,12:08,0
91,389,12:09,0
91,390,12:10,0
91,391,12:11,0
91,392,12:12,0
91,393,12:13,0
91,394,12:14,0
91,395,12:15,0
91,396,12:16,0
91,397,12:17,0
91,398,12:18,0
91,399,12:19,0
91,400,12:20,0
91,401,12:21,0
91,402,12:22,0
91,403,12:23,0
91,404,12:24,0
91,405,12:25,0
91,406,12:26,0
91,407,12:27,0
91,408,12:28,0
91,409,12:29,0
91,410,12:30,0
91,411,12:31,0
91,412,12:32,0
91,413,12:33,0
91,414,12:34,0
91,415,12:35,0
91,416,12:36,0
91,417,12:37,0
91,418,12:38,0
91,419,12:39,0
91,420,12:40,0
91,421,12:41,0
91,422,12:42,0
91,423,12:43,0
91,424,12:44,0
91,425,12:45,0
91,426,12:46,0
91,427,12:47,0
91,428,12:48,0
91,429,12:49,0
91,430,12:50,0
91,431,12:51,0
91,432,12:52,0
91,433,12:53,0
91,434,12:54,0
91,435,12:55,0
91,436,12:56,0
91,437,12:57,0
91,438,12:58,0
91,439,12:59,0
91,440,13:00,0
91,441,13:01,0
91,442,13:02,0
91,443,13:03,0
91,444,13:04,0
91,445,13:05,0
91,446,13:06,0
91,447,13:07,0
91,448,13:08,0
91,449,13:09,0
91,450,13:10,0
91,451,13:11,0
91,452,13:12,0
91,453,13:13,0
91,454,13:14,0
91,455,13:15,0
91,456,13:16,0
91,457,13:17,0
91,458,13:18,0
91,459,13:19,0
91,460,13:20,0
91,461,13:21,0
91,462,13:22,0
91,463,13:23,0
91,464,13:24,0
91,465,13:25,0
91,466,13:26,0
91,467,13:27,0
91,468,13:28,0
91,469,13:29,0
91,470,13:30,0
91,471,13:31,0
91,472,13:32,0
91,473,13:33,0
91,474,13:34,0
91,475,13:35,0
91,476,13:36,0
91,477,13:37,0
91,478,13:38,0
91,479,13:39,0
91,480,13:40,0
91,481,13:41,0
91,482,13:42,0
91,483,13:43,0
91,484,13:44,0
91,485,13:45,0
91,486,13:46,0
91,487,13:47,0
91,488,13:48,0
91,489,13:49,0
91,490,13:50,0
91,491,13:51,0
91,492,13:52,0
91,493,13:53,0
91,494,13:54,0
91,495,13:55,0
91,496,13:56,0
91,497,13:57,0
91,498,13:58,0
91,499,13:59,0
91,500,14:00,0
91,501,14:01,0
91,502,14:02,0
91,503,14:03,0
91,504,14:04,0
91,505,14:05,0
91,506,14:06,0
91,507,14:07,0
91,508,14:08,0
91,509,14:09,0
91,510,14:10,0
91,511,14:11,0
91,512,14:12,0
91,513,14:13,0
91,514,14:14,0
91,515,14:15,0
91,516,14:16,0
91,517,14:17,0
91,518,14:18,0
91,519,14:19,0
91,520,14:20,0
91,521,14:21,0
91,522,14:22,0
91,523,14:23,0
91,524,14:24,0
91,525,14:25,0
91,526,14:26,0
91,527,14:27,0
91,528,14:28,0
91,529,14:29,1
91,530,14:30,1
91,531,14:31,1
91,532,14:32,1
91,533,14:33,1
91,534,14:34,1
91,535,14:35,1
91,536,14:36,1
91,537,14:37,1
91,538,14:38,1
91,539,14:39,0
91,540,14:40,0
91,541,14:41,0
91,542,14:42,0
91,543,14:43,0
91,544,14:44,0
91,545,14:45,0
91,546,14:46,0
91,547,14:47,0
91,548,14:48,0
91,549,14:49,0
91,550,14:50,0
91,551,14:51,0
91,552,14:52,0
91,553,14:53,0
91,554,14:54,0
91,555,14:55,0
91,556,14:56,0
91,557,14:57,0
91,558,14:58,0
91,559,14:59,0
91,560,15:00,0
91,561,15:01,0
91,562,15:02,0
91,563,15:03,0
91,564,15:04,0
91,565,15:05,0
91,566,15:06,0
91,567,15:07,0
91,568,15:08,0
91,569,15:09,0
91,570,15:10,0
91,571,15:11,0
91,572,15:12,0
91,573,15:13,0
91,574,15:14,0
91,575,15:15,0
91,576,15:16,0
91,577,15:17,0
91,578,15:18,0
91,579,15:19,0
91,580,15:20,0
91,581,15:21,0
91,582,15:22,0
91,583,15:23,0
91,584,15:24,0
91,585,15:25,0
91,586,15:26,0
91,587,15:27,0
91,588,15:28,0
91,589,15:29,0
91,590,15:30,0
91,591,15:31,0
91,592,15:32,0
91,593,15:33,0
91,594,15:34,0
91,595,15:35,0
91,596,15:36,0
91,597,15:37,0
91,598,15:38,0
91,599,15:39,0
91,600,15:40,0
91,601,15:41,0
91,602,15:42,0
91,603,15:43,0
91,604,15:44,0
91,605,15:45,0
91,606,15:46,0
91,607,15:47,0
91,608,15:48,0
91,609,15:49,0
91,610,15:50,0
91,611,15:51,0
91,612,15:52,0
91,613,15:53,0
91,614,15:54,0
91,615,15:55,0
91,616,15:56,0
91,617,15:57,0
91,618,15:58,0
91,619,15:59,0
91,620,16:00,0
91,621,16:01,0
91,622,16:02,0
91,623,16:03,0
91,624,16:04,0
91,625,16:05,0
91,626,16:06,0
91,627,16:07,3
91,628,16:08,3
91,629,16:09,3
91,630,16:10,3
91,631,16:11,3
91,632,16:12,3
91,633,16:13,3
91,634,16:14,3
91,635,16:15,3
91,636,16:16,0
91,637,16:17,0
91,638,16:18,0
91,639,16:19,0
91,640,16:20,0
91,641,16:21,0
91,642,16:22,0
91,643,16:23,0
91,644,16:24,0
91,645,16:25,0
91,646,16:26,0
91,647,16:27,1
91,648,16:28,1
91,649,16:29,1
91,650,16:30,2
91,651,16:31,2
91,652,16:32,2
91,653,16:33,2
91,654,16:34,2
91,655,16:35,2
91,656,16:36,2
91,657,16:37,2
91,658,16:38,2
91,659,16:39,2
91,660,16:40,1
91,661,16:41,1
91,662,16:42,1
91,663,16:43,0
91,664,16:44,0
91,665,16:45,0
91,666,16:46,0
91,667,16:47,0
91,668,16:48,1
91,669,16:49,1
91,670,16:50,1
91,671,16:51,2
91,672,16:52,2
91,673,16:53,2
91,674,16:54,3
91,675,16:55,3
91,676,16:56,3
91,677,16:57,3
91,678,16:58,3
91,679,16:59,3
91,680,17:00,3
91,681,17:01,3
91,682,17:02,3
91,683,17:03,2
91,684,17:04,2
91,685,17:05,2
91,686,17:06,1
91,687,17:07,1
91,688,17:08,1
91,689,17:09,0
91,690,17:10,0
91,691,17:11,0
91,692,17:12,1
91,693,17:13,1
91,694,17:14,1
91,695,17:15,2
91,696,17:16,2
91,697,17:17,2
91,698,17:18,2
91,699,17:19,2
91,700,17:20,2
91,701,17:21,2
91,702,17:22,2
91,703,17:23,2
91,704,17:24,2
91,705,17:25,1
91,706,17:26,1
91,707,17:27,1
91,708,17:28,0
91,709,17:29,0
91,710,17:30,0
91,711,17:31,0
91,712,17:32,0
91,713,17:33,0
91,714,17:34,0
91,715,17:35,0
91,716,17:36,0
91,717,17:37,0
91,718,17:38,0
91,719,17:39,2
91,720,17:40,2
91,721,17:41,2
91,722,17:42,2
91,723,17:43,2
91,724,17:44,2
91,725,17:45,2
91,726,17:46,2
91,727,17:47,2
91,728,17:48,2
91,729,17:49,2
91,730,17:50,2
91,731,17:51,2
91,732,17:52,0
91,733,17:53,0
91,734,17:54,0
91,735,17:55,0
91,736,17:56,1
91,737,17:57,1
91,738,17:58,1
91,739,17:59,1
91,740,18:00,1
91,741,18:01,1
91,742,18:02,1
91,743,18:03,1
91,744,18:04,1
91,745,18:05,1
91,746,18:06,1
91,747,18:07,1
91,748,18:08,1
91,749,18:09,1
91,750,18:10,1
91,751,18:11,1
91,752,18:12,1
91,753,18:13,1
91,754,18:14,0
91,755,18:15,0
91,756,18:16,0
91,757,18:17,1
91,758,18:18,1
91,759,18:19,1
91,760,18:20,1
91,761,18:21,1
91,762,18:22,1
91,763,18:23,1
91,764,18:24,1
91,765,18:25,1
91,766,18:26,1
91,767,18:27,1
91,768,18:28,1
91,769,18:29,1
91,770,18:30,1
91,771,18:31,1
91,772,18:32,1
91,773,18:33,1
91,774,18:34,1
91,775,18:35,1
91,776,18:36,1
91,777,18:37,1
91,778,18:38,1
91,779,18:39,1
91,780,18:40,0
91,781,18:41,0
91,782,18:42,0
91,783,18:43,0
91,784,18:44,0
91,785,18:45,0
91,786,18:46,0
91,787,18:47,0
91,788,18:48,0
91,789,18:49,0
91,790,18:50,0
91,791,18:51,1
91,792,18:52,1
91,793,18:53,1
91,794,18:54,1
91,795,18:55,1
91,796,18:56,1
91,797,18:57,1
91,798,18:58,1
91,799,18:59,1
91,800,19:00,1
91,801,19:01,1
91,802,19:02,1
91,803,19:03,1
91,804,19:04,1
91,805,19:05,1
91,806,19:06,1
91,807,19:07,1
91,808,19:08,1
91,809,19:09,1
91,810,19:10,1
91,811,19:11,1
91,812,19:12,1
91,813,19:13,1
91,814,19:14,0
91,815,19:15,0
91,816,19:16,0
91,817,19:17,0
91,818,19:18,0
91,819,19:19,0
91,820,19:20,0
91,821,19:21,0
91,822,19:22,0
91,823,19:23,0
91,824,19:24,0
91,825,19:25,0
91,826,19:26,0
91,827,19:27,0
91,828,19:28,0
91,829,19:29,0
91,830,19:30,0
91,831,19:31,0
91,832,19:32,0
91,833,19:33,0
91,834,19:34,0
91,835,19:35,0
92,0,05:40,0
92,1,05:41,0
92,2,05:42,0
92,3,05:43,0
92,4,05:44,0
92,5,05:45,0
92,6,05:46,0
92,7,05:47,0
92,8,05:48,0
92,9,05:49,0
92,10,05:50,0
92,11,05:51,0
92,12,05:52,0
92,13,05:53,0
92,14,05:54,0
92,15,05:55,0
92,16,05:56,0
92,17,05:57,0
92,18,05:58,0
92,19,05:59,0
92,20,06:00,0
92,21,06:01,0
92,22,06:02,0
92,23,06:03,0
92,24,06:04,0
92,25,06:05,0
92,26,06:06,0
92,27,06:07,0
92,28,06:08,0
92,29,06:09,0
92,30,06:10,0
92,31,06:11,0
92,32,06:12,0
92,33,06:13,0
92,34,06:14,0
92,35,06:15,0
92,36,06:16,0
92,37,06:17,0
92,38,06:18,0
92,39,06:19,0
92,40,06:20,0
92,41,06:21,0
92,42,06:22,0
92,43,06:23,0
92,44,06:24,0
92,45,06:25,0
92,46,06:26,0
92,47,06:27,0
92,48,06:28,0
92,49,06:29,0
92,50,06:30,0
92,51,06:31,0
92,52,06:32,0
92,53,06:33,0
92,54,06:34,0
92,55,06:35,0
92,56,06:36,0
92,57,06:37,0
92,58,06:38,0
92,59,06:39,0
92,60,06:40,0
92,61,06:41,0
92,62,06:42,0
92,63,06:43,0
92,64,06:44,0
92,65,06:45,0
92,66,06:46,0
92,67,06:47,0
92,68,06:48,0
92,69,06:49,0
92,70,06:50,0
92,71,06:51,0
92,72,06:52,0
92,73,06:53,0
92,74,06:54,0
92,75,06:55,0
92,76,06:56,0
92,77,06:57,0
92,78,06:58,0
92,79,06:59,0
92,80,07:00,0
92,81,07:01,0
92,82,07:02,0
92,83,07:03,0
92,84,07:04,0
92,85,07:05,0
92,86,07:06,0
92,87,07:07,0
92,88,07:08,0
92,89,07:09,0
92,90,07:10,0
92,91,07:11,0
92,92,07:12,0
92,93,07:13,0
92,94,07:14,0
92,95,07:15,0
92,96,07:16,0
92,97,07:17,0
92,98,07:18,0
92,99,07:19,0
92,100,07:20,0
92,101,07:21,0
92,102,07:22,0
92,103,07:23,0
92,104,07:24,0
92,105,07:25,0
92,106,07:26,0
92,107,07:27,0
92,108,07:28,0
92,109,07:29,0
92,110,07:30,0
92,111,07:31,0
92,112,07:32,0
92,113,07:33,0
92,114,07:34,0
92,115,07:35,0
92,116,07:36,0
92,117,07:37,0
92,118,07:38,0
92,119,07:39,0
92,120,07:40,0
92,121,07:41,0
92,122,07:42,0
92,123,07:43,0
92,124,07:44,0
92,125,07:45,0
92,126,07:46,0
92,127,07:47,0
92,128,07:48,0
92,129,07:49,0
92,130,07:50,0
92,131,07:51,0
92,132,07:52,0
92,133,07:53,0
92,134,07:54,0
92,135,07:55,0
92,136,07:56,0
92,137,07:57,0
92,138,07:58,0
92,139,07:59,0
92,140,08:00,0
92,141,08:01,0
92,142,08:02,0
92,143,08:03,0
92,144,08:04,1
92,145,08:05,1
92,146,08:06,1
92,147,08:07,1
92,148,08:08,1
92,149,08:09,1
92,150,08:10,1
92,151,08:11,1
92,152,08:12,1
92,153,08:13,1
92,154,08:14,1
92,155,08:15,1
92,156,08:16,1
92,157,08:17,2
92,158,08:18,2
92,159,08:19,2
92,160,08:20,1
92,161,08:21,1
92,162,08:22,1
92,163,08:23,1
92,164,08:24,1
92,165,08:25,1
92,166,08:26,1
92,167,08:27,1
92,168,08:28,1
92,169,08:29,1
92,170,08:30,1
92,171,08:31,1
92,172,08:32,1
92,173,08:33,1
92,174,08:34,1
92,175,08:35,1
92,176,08:36,1
92,177,08:37,1
92,178,08:38,1
92,179,08:39,1
92,180,08:40,0
92,181,08:41,0
92,182,08:42,0
92,183,08:43,0
92,184,08:44,0
92,185,08:45,0
92,186,08:46,0
92,187,08:47,0
92,188,08:48,0
92,189,08:49,0
92,190,08:50,0
92,191,08:51,0
92,192,08:52,0
92,193,08:53,0
92,194,08:54,0
92,195,08:55,0
92,196,08:56,0
92,197,08:57,0
92,198,08:58,0
92,199,08:59,0
92,200,09:00,0
92,201,09:01,0
92,202,09:02,0
92,203,09:03,0
92,204,09:04,0
92,205,09:05,0
92,206,09:06,0
92,207,09:07,0
92,208,09:08,0
92,209,09:09,0
92,210,09:10,0
92,211,09:11,0
92,212,09:12,0
92,213,09:13,0
92,214,09:14,0
92,215,09:15,0
92,216,09:16,0
92,217,09:17,0
92,218,09:18,0
92,219,09:19,0
92,220,09:20,0
92,221,09:21,0
92,222,09:22,0
92,223,09:23,0
92,224,09:24,0
92,225,09:25,0
92,226,09:26,0
92,227,09:27,0
92,228,09:28,0
92,229,09:29,0
92,230,09:30,0
92,231,09:31,0
92,232,09:32,0
92,233,09:33,0
92,234,09:34,0
92,235,09:35,0
92,236,09:36,0
92,237,09:37,0
92,238,09:38,0
92,239,09:39,0
92,240,09:40,0
92,241,09:41,0
92,242,09:42,0
92,243,09:43,0
92,244,09:44,0
92,245,09:45,0
92,246,09:46,0
92,247,09:47,0
92,248,09:48,0
92,249,09:49,0
92,250,09:50,0
92,251,09:51,0
92,252,09:52,0
92,253,09:53,0
92,254,09:54,0
92,255,09:55,0
92,256,09:56,0
92,257,09:57,0
92,258,09:58,0
92,259,09:59,0
92,260,10:00,0
92,261,10:01,0
92,262,10:02,0
92,263,10:03,0
92,264,10:04,0
92,265,10:05,0
92,266,10:06,0
92,267,10:07,0
92,268,10:08,0
92,269,10:09,0
92,270,10:10,0
92,271,10:11,0
92,272,10:12,0
92,273,10:13,0
92,274,10:14,0
92,275,10:15,0
92,276,10:16,0
92,277,10:17,0
92,278,10:18,0
92,279,10:19,0
92,280,10:20,0
92,281,10:21,0
92,282,10:22,0
92,283,10:23,0
92,284,10:24,0
92,285,10:25,0
92,286,10:26,1
92,287,10:27,1
92,288,10:28,1
92,289,10:29,1
92,290,10:30,1
92,291,10:31,1
92,292,10:32,1
92,293,10:33,1
92,294,10:34,1
92,295,10:35,1
92,296,10:36,1
92,297,10:37,0
92,298,10:38,0
92,299,10:39,0
92,300,10:40,0
92,301,10:41,0
92,302,10:42,0
92,303,10:43,1
92,304,10:44,1
92,305,10:45,1
92,306,10:46,1
92,307,10:47,1
92,308,10:48,1
92,309,10:49,1
92,310,10:50,1
92,311,10:51,1
92,312,10:52,2
92,313,10:53,2
92,314,10:54,2
92,315,10:55,2
92,316,10:56,2
92,317,10:57,2
92,318,10:58,2
92,319,10:59,2
92,320,11:00,2
92,321,11:01,2
92,322,11:02,2
92,323,11:03,2
92,324,11:04,2
92,325,11:05,2
92,326,11:06,2
92,327,11:07,2
92,328,11:08,2
92,329,11:09,2
92,330,11:10,1
92,331,11:11,1
92,332,11:12,1
92,333,11:13,0
92,334,11:14,0
92,335,11:15,0
92,336,11:16,0
92,337,11:17,0
92,338,11:18,0
92,339,11:19,0
92,340,11:20,0
92,341,11:21,0
92,342,11:22,0
92,343,11:23,0
92,344,11:24,0
92,345,11:25,0
92,346,11:26,0
92,347,11:27,0
92,348,11:28,0
92,349,11:29,0
92,350,11:30,0
92,351,11:31,0
92,352,11:32,0
92,353,11:33,0
92,354,11:34,0
92,355,11:35,0
92,356,11:36,0
92,357,11:37,0
92,358,11:38,0
92,359,11:39,0
92,360,11:40,0
92,361,11:41,0
92,362,11:42,0
92,363,11:43,0
92,364,11:44,0
92,365,11:45,0
92,366,11:46,0
92,367,11:47,0
92,368,11:48,0
92,369,11:49,0
92,370,11:50,0
92,371,11:51,0
92,372,11:52,0
92,373,11:53,0
92,374,11:54,0
92,375,11:55,0
92,376,11:56,0
92,377,11:57,0
92,378,11:58,0
92,379,11:59,0
92,380,12:00,0
92,381,12:01,0
92,382,12:02,0
92,383,12:03,0
92,384,12:04,0
92,385,12:05,0
92,386,12:06,0
92,387,12:07,0
92,388,12:08,0
92,389,12:09,0
92,390,12:10,0
92,391,12:11,0
92,392,12:12,0
92,393,12:13,0
92,394,12:14,0
92,395,12:15,0
92,396,12:16,0
92,397,12:17,0
92,398,12:18,0
92,399,12:19,0
92,400,12:20,0
92,401,12:21,0
92,402,12:22,0
92,403,12:23,0
92,404,12:24,0
92,405,12:25,0
92,406,12:26,0
92,407,12:27,0
92,408,12:28,0
92,409,12:29,0
92,410,12:30,0
92,411,12:31,0
92,412,12:32,0
92,413,12:33,0
92,414,12:34,0
92,415,12:35,0
92,416,12:36,0
92,417,12:37,0
92,418,12:38,0
92,419,12:39,0
92,420,12:40,0
92,421,12:41,0
92,422,12:42,0
92,423,12:43,0
92,424,12:44,0
92,425,12:45,0
92,426,12:46,0
92,427,12:47,0
92,428,12:48,0
92,429,12:49,0
92,430,12:50,0
92,431,12:51,0
92,432,12:52,0
92,433,12:53,0
92,434,12:54,0
92,435,12:55,0
92,436,12:56,0
92,437,12:57,0
92,438,12:58,0
92,439,12:59,0
92,440,13:00,0
92,441,13:01,0
92,442,13:02,0
92,443,13:03,0
92,444,13:04,0
92,445,13:05,0
92,446,13:06,0
92,447,13:07,0
92,448,13:08,0
92,449,13:09,0
92,450,13:10,0
92,451,13:11,0
92,452,13:12,0
92,453,13:13,0
92,454,13:14,0
92,455,13:15,0
92,456,13:16,0
92,457,13:17,0
92,458,13:18,0
92,459,13:19,0
92,460,13:20,0
92,461,13:21,0
92,462,13:22,0
92,463,13:23,0
92,464,13:24,0
92,465,13:25,0
92,466,13:26,0
92,467,13:27,0
92,468,13:28,0
92,469,13:29,0
92,470,13:30,0
92,471,13:31,0
92,472,13:32,0
92,473,13:33,0
92,474,13:34,0
92,475,13:35,0
92,476,13:36,0
92,477,13:37,0
92,478,13:38,0
92,479,13:39,0
92,480,13:40,0
92,481,13:41,0
92,482,13:42,0
92,483,13:43,0
92,484,13:44,0
92,485,13:45,0
92,486,13:46,0
92,487,13:47,0
92,488,13:48,0
92,489,13:49,0
92,490,13:50,0
92,491,13:51,0
92,492,13:52,0
92,493,13:53,0
92,494,13:54,0
92,495,13:55,0
92,496,13:56,0
92,497,13:57,0
92,498,13:58,0
92,499,13:59,0
92,500,14:00,0
92,501,14:01,0
92,502,14:02,0
92,503,14:03,0
92,504,14:04,0
92,505,14:05,0
92,506,14:06,0
92,507,14:07,0
92,508,14:08,0
92,509,14:09,0
92,510,14:10,0
92,511,14:11,0
92,512,14:12,0
92,513,14:13,0
92,514,14:14,0
92,515,14:15,0
92,516,14:16,0
92,517,14:17,0
92,518,14:18,0
92,519,14:19,0
92,520,14:20,0
92,521,14:21,0
92,522,14:22,0
92,523,14:23,0
92,524,14:24,0
92,525,14:25,0
92,526,14:26,0
92,527,14:27,0
92,528,14:28,0
92,529,14:29,0
92,530,14:30,0
92,531,14:31,0
92,532,14:32,0
92,533,14:33,0
92,534,14:34,0
92,535,14:35,0
92,536,14:36,0
92,537,14:37,0
92,538,14:38,0
92,539,14:39,0
92,540,14:40,0
92,541,14:41,0
92,542,14:42,0
92,543,14:43,0
92,544,14:44,0
92,545,14:45,0
92,546,14:46,0
92,547,14:47,0
92,548,14:48,0
92,549,14:49,0
92,550,14:50,0
92,551,14:51,0
92,552,14:52,0
92,553,14:53,0
92,554,14:54,0
92,555,14:55,0
92,556,14:56,0
92,557,14:57,0
92,558,14:58,0
92,559,14:59,0
92,560,15:00,0
92,561,15:01,0
92,562,15:02,0
92,563,15:03,0
92,564,15:04,0
92,565,15:05,0
92,566,15:06,0
92,567,15:07,0
92,568,15:08,0
92,569,15:09,0
92,570,15:10,0
92,571,15:11,0
92,572,15:12,0
92,573,15:13,0
92,574,15:14,0
92,575,15:15,0
92,576,15:16,0
92,577,15:17,0
92,578,15:18,0
92,579,15:19,0
92,580,15:20,0
92,581,15:21,0
92,582,15:22,0
92,583,15:23,0
92,584,15:24,0
92,585,15:25,0
92,586,15:26,0
92,587,15:27,0
92,588,15:28,0
92,589,15:29,0
92,590,15:30,0
92,591,15:31,0
92,592,15:32,0
92,593,15:33,0
92,594,15:34,0
92,595,15:35,0
92,596,15:36,0
92,597,15:37,0
92,598,15:38,0
92,599,15:39,0
92,600,15:40,0
92,601,15:41,0
92,602,15:42,0
92,603,15:43,0
92,604,15:44,0
92,605,15:45,0
92,606,15:46,0
92,607,15:47,0
92,608,15:48,0
92,609,15:49,0
92,610,15:50,0
92,611,15:51,0
92,612,15:52,0
92,613,15:53,0
92,614,15:54,0
92,615,15:55,0
92,616,15:56,0
92,617,15:57,0
92,618,15:58,0
92,619,15:59,0
92,620,16:00,0
92,621,16:01,0
92,622,16:02,0
92,623,16:03,0
92,624,16:04,0
92,625,16:05,0
92,626,16:06,0
92,627,16:07,0
92,628,16:08,0
92,629,16:09,0
92,630,16:10,0
92,631,16:11,0
92,632,16:12,0
92,633,16:13,0
92,634,16:14,0
92,635,16:15,0
92,636,16:16,0
92,637,16:17,0
92,638,16:18,0
92,639,16:19,0
92,640,16:20,0
92,641,16:21,0
92,642,16:22,0
92,643,16:23,1
92,644,16:24,1
92,645,16:25,1
92,646,16:26,1
92,647,16:27,1
92,648,16:28,1
92,649,16:29,1
92,650,16:30,1
92,651,16:31,1
92,652,16:32,1
92,653,16:33,1
92,654,16:34,1
92,655,16:35,2
92,656,16:36,2
92,657,16:37,2
92,658,16:38,2
92,659,16:39,2
92,660,16:40,2
92,661,16:41,2
92,662,16:42,2
92,663,16:43,2
92,664,16:44,2
92,665,16:45,2
92,666,16:46,2
92,667,16:47,2
92,668,16:48,2
92,669,16:49,2
92,670,16:50,2
92,671,16:51,2
92,672,16:52,2
92,673,16:53,2
92,674,16:54,2
92,675,16:55,2
92,676,16:56,2
92,677,16:57,1
92,678,16:58,1
92,679,16:59,1
92,680,17:00,0
92,681,17:01,0
92,682,17:02,0
92,683,17:03,1
92,684,17:04,1
92,685,17:05,1
92,686,17:06,2
92,687,17:07,2
92,688,17:08,2
92,689,17:09,2
92,690,17:10,2
92,691,17:11,2
92,692,17:12,2
92,693,17:13,2
92,694,17:14,2
92,695,17:15,2
92,696,17:16,2
92,697,17:17,2
92,698,17:18,2
92,699,17:19,2
92,700,17:20,2
92,701,17:21,2
92,702,17:22,2
92,703,17:23,2
92,704,17:24,1
92,705,17:25,1
92,706,17:26,1
92,707,17:27,0
92,708,17:28,0
92,709,17:29,0
92,710,17:30,0
92,711,17:31,0
92,712,17:32,0
92,713,17:33,0
92,714,17:34,0
92,715,17:35,0
92,716,17:36,0
92,717,17:37,0
92,718,17:38,0
92,719,17:39,0
92,720,17:40,2
92,721,17:41,2
92,722,17:42,2
92,723,17:43,2
92,724,17:44,2
92,725,17:45,2
92,726,17:46,2
92,727,17:47,2
92,728,17:48,2
92,729,17:49,2
92,730,17:50,2
92,731,17:51,2
92,732,17:52,2
92,733,17:53,0
92,734,17:54,0
92,735,17:55,0
92,736,17:56,1
92,737,17:57,1
92,738,17:58,1
92,739,17:59,1
92,740,18:00,1
92,741,18:01,1
92,742,18:02,1
92,743,18:03,1
92,744,18:04,1
92,745,18:05,1
92,746,18:06,1
92,747,18:07,1
92,748,18:08,1
92,749,18:09,1
92,750,18:10,0
92,751,18:11,0
92,752,18:12,0
92,753,18:13,1
92,754,18:14,1
92,755,18:15,1
92,756,18:16,1
92,757,18:17,1
92,758,18:18,1
92,759,18:19,1
92,760,18:20,1
92,761,18:21,1
92,762,18:22,1
92,763,18:23,0
92,764,18:24,0
92,765,18:25,0
92,766,18:26,0
92,767,18:27,0
92,768,18:28,0
92,769,18:29,0
92,770,18:30,0
92,771,18:31,0
92,772,18:32,0
92,773,18:33,0
92,774,18:34,0
92,775,18:35,0
92,776,18:36,0
92,777,18:37,0
92,778,18:38,2
92,779,18:39,2
92,780,18:40,2
92,781,18:41,2
92,782,18:42,2
92,783,18:43,2
92,784,18:44,2
92,785,18:45,2
92,786,18:46,2
92,787,18:47,2
92,788,18:48,2
92,789,18:49,2
92,790,18:50,2
92,791,18:51,2
92,792,18:52,2
92,793,18:53,2
92,794,18:54,2
92,795,18:55,2
92,796,18:56,2
92,797,18:57,2
92,798,18:58,2
92,799,18:59,2
92,800,19:00,2
92,801,19:01,0
92,802,19:02,0
92,803,19:03,0
92,804,19:04,0
92,805,19:05,0
92,806,19:06,0
92,807,19:07,0
92,808,19:08,0
92,809,19:09,0
92,810,19:10,0
92,811,19:11,0
92,812,19:12,0
92,813,19:13,0
92,814,19:14,0
92,815,19:15,0
92,816,19:16,0
92,817,19:17,0
92,818,19:18,0
92,819,19:19,0
92,820,19:20,0
92,821,19:21,0
92,822,19:22,0
92,823,19:23,0
92,824,19:24,0
92,825,19:25,0
92,826,19:26,0
92,827,19:27,0
92,828,19:28,0
92,829,19:29,0
92,830,19:30,0
92,831,19:31,0
92,832,19:32,0
92,833,19:33,0
92,834,19:34,0
92,835,19:35,0
93,0,05:40,0
93,1,05:41,0
93,2,05:42,0
93,3,05:43,0
93,4,05:44,0
93,5,05:45,0
93,6,05:46,0
93,7,05:47,0
93,8,05:48,0
93,9,05:49,0
93,10,05:50,0
93,11,05:51,0
93,12,05:52,0
93,13,05:53,0
93,14,05:54,0
93,15,05:55,0
93,16,05:56,0
93,17,05:57,0
93,18,05:58,0
93,19,05:59,0
93,20,06:00,0
93,21,06:01,0
93,22,06:02,0
93,23,06:03,0
93,24,06:04,0
93,25,06:05,0
93,26,06:06,0
93,27,06:07,0
93,28,06:08,0
93,29,06:09,0
93,30,06:10,0
93,31,06:11,0
93,32,06:12,0
93,33,06:13,0
93,34,06:14,0
93,35,06:15,0
93,36,06:16,0
93,37,06:17,0
93,38,06:18,0
93,39,06:19,0
93,40,06:20,0
93,41,06:21,0
93,42,06:22,0
93,43,06:23,0
93,44,06:24,0
93,45,06:25,0
93,46,06:26,0
93,47,06:27,0
93,48,06:28,0
93,49,06:29,0
93,50,06:30,0
93,51,06:31,0
93,52,06:32,0
93,53,06:33,0
93,54,06:34,0
93,55,06:35,0
93,56,06:36,0
93,57,06:37,0
93,58,06:38,0
93,59,06:39,0
93,60,06:40,0
93,61,06:41,0
93,62,06:42,0
93,63,06:43,0
93,64,06:44,0
93,65,06:45,0
93,66,06:46,0
93,67,06:47,0
93,68,06:48,0
93,69,06:49,0
93,70,06:50,0
93,71,06:51,0
93,72,06:52,0
93,73,06:53,0
93,74,06:54,0
93,75,06:55,0
93,76,06:56,0
93,77,06:57,0
93,78,06:58,0
93,79,06:59,0
93,80,07:00,0
93,81,07:01,0
93,82,07:02,0
93,83,07:03,0
93,84,07:04,0
93,85,07:05,0
93,86,07:06,0
93,87,07:07,0
93,88,07:08,0
93,89,07:09,0
93,90,07:10,0
93,91,07:11,0
93,92,07:12,0
93,93,07:13,0
93,94,07:14,0
93,95,07:15,0
93,96,07:16,0
93,97,07:17,0
93,98,07:18,0
93,99,07:19,0
93,100,07:20,0
93,101,07:21,0
93,102,07:22,0
93,103,07:23,0
93,104,07:24,0
93,105,07:25,0
93,106,07:26,0
93,107,07:27,0
93,108,07:28,0
93,109,07:29,0
93,110,07:30,0
93,111,07:31,0
93,112,07:32,0
93,113,07:33,0
93,114,07:34,0
93,115,07:35,0
93,116,07:36,0
93,117,07:37,0
93,118,07:38,0
93,119,07:39,0
93,120,07:40,0
93,121,07:41,0
93,122,07:42,0
93,123,07:43,0
93,124,07:44,0
93,125,07:45,0
93,126,07:46,0
93,127,07:47,0
93,128,07:48,0
93,129,07:49,0
93,130,07:50,0
93,131,07:51,0
93,132,07:52,0
93,133,07:53,0
93,134,07:54,0
93,135,07:55,0
93,136,07:56,0
93,137,07:57,0
93,138,07:58,0
93,139,07:59,0
93,140,08:00,0
93,141,08:01,0
93,142,08:02,0
93,143,08:03,0
93,144,08:04,0
93,145,08:05,0
93,146,08:06,0
93,147,08:07,0
93,148,08:08,0
93,149,08:09,0
93,150,08:10,0
93,151,08:11,0
93,152,08:12,0
93,153,08:13,0
93,154,08:14,0
93,155,08:15,0
93,156,08:16,0
93,157,08:17,0
93,158,08:18,0
93,159,08:19,0
93,160,08:20,0
93,161,08:21,0
93,162,08:22,0
93,163,08:23,0
93,164,08:24,0
93,165,08:25,0
93,166,08:26,0
93,167,08:27,0
93,168,08:28,0
93,169,08:29,0
93,170,08:30,0
93,171,08:31,0
93,172,08:32,0
93,173,08:33,0
93,174,08:34,0
93,175,08:35,0
93,176,08:36,0
93,177,08:37,0
93,178,08:38,0
93,179,08:39,0
93,180,08:40,0
93,181,08:41,0
93,182,08:42,0
93,183,08:43,0
93,184,08:44,0
93,185,08:45,0
93,186,08:46,0
93,187,08:47,0
93,188,08:48,0
93,189,08:49,0
93,190,08:50,0
93,191,08:51,0
93,192,08:52,0
93,193,08:53,0
93,194,08:54,0
93,195,08:55,0
93,196,08:56,0
93,197,08:57,0
93,198,08:58,0
93,199,08:59,0
93,200,09:00,0
93,201,09:01,0
93,202,09:02,0
93,203,09:03,0
93,204,09:04,0
93,205,09:05,0
93,206,09:06,0
93,207,09:07,0
93,208,09:08,0
93,209,09:09,0
93,210,09:10,0
93,211,09:11,0
93,212,09:12,0
93,213,09:13,0
93,214,09:14,0
93,215,09:15,0
93,216,09:16,0
93,217,09:17,0
93,218,09:18,0
93,219,09:19,0
93,220,09:20,0
93,221,09:21,0
93,222,09:22,0
93,223,09:23,0
93,224,09:24,0
93,225,09:25,0
93,226,09:26,0
93,227,09:27,0
93,228,09:28,0
93,229,09:29,0
93,230,09:30,0
93,231,09:31,0
93,232,09:32,0
93,233,09:33,0
93,234,09:34,0
93,235,09:35,0
93,236,09:36,0
93,237,09:37,0
93,238,09:38,0
93,239,09:39,0
93,240,09:40,0
93,241,09:41,0
93,242,09:42,0
93,243,09:43,0
93,244,09:44,0
93,245,09:45,0
93,246,09:46,0
93,247,09:47,0
93,248,09:48,0
93,249,09:49,0
93,250,09:50,0
93,251,09:51,0
93,252,09:52,0
93,253,09:53,0
93,254,09:54,0
93,255,09:55,0
93,256,09:56,0
93,257,09:57,0
93,258,09:58,0
93,259,09:59,0
93,260,10:00,0
93,261,10:01,0
93,262,10:02,0
93,263,10:03,0
93,264,10:04,0
93,265,10:05,0
93,266,10:06,0
93,267,10:07,0
93,268,10:08,0
93,269,10:09,0
93,270,10:10,0
93,271,10:11,0
93,272,10:12,0
93,273,10:13,0
93,274,10:14,0
93,275,10:15,0
93,276,10:16,0
93,277,10:17,0
93,278,10:18,0
93,279,10:19,0
93,280,10:20,1
93,281,10:21,1
93,282,10:22,1
93,283,10:23,1
93,284,10:24,1
93,285,10:25,1
93,286,10:26,1
93,287,10:27,1
93,288,10:28,1
93,289,10:29,1
93,290,10:30,2
93,291,10:31,2
93,292,10:32,2
93,293,10:33,2
93,294,10:34,2
93,295,10:35,2
93,296,10:36,2
93,297,10:37,2
93,298,10:38,2
93,299,10:39,2
93,300,10:40,2
93,301,10:41,2
93,302,10:42,2
93,303,10:43,2
93,304,10:44,2
93,305,10:45,2
93,306,10:46,2
93,307,10:47,2
93,308,10:48,1
93,309,10:49,1
93,310,10:50,1
93,311,10:51,0
93,312,10:52,0
93,313,10:53,0
93,314,10:54,0
93,315,10:55,0
93,316,10:56,0
93,317,10:57,0
93,318,10:58,0
93,319,10:59,0
93,320,11:00,0
93,321,11:01,0
93,322,11:02,0
93,323,11:03,0
93,324,11:04,0
93,325,11:05,0
93,326,11:06,0
93,327,11:07,0
93,328,11:08,0
93,329,11:09,0
93,330,11:10,0
93,331,11:11,0
93,332,11:12,0
93,333,11:13,0
93,334,11:14,0
93,335,11:15,0
93,336,11:16,0
93,337,11:17,0
93,338,11:18,0
93,339,11:19,0
93,340,11:20,0
93,341,11:21,0
93,342,11:22,0
93,343,11:23,0
93,344,11:24,0
93,345,11:25,0
93,346,11:26,0
93,347,11:27,0
93,348,11:28,0
93,349,11:29,0
93,350,11:30,0
93,351,11:31,0
93,352,11:32,0
93,353,11:33,0
93,354,11:34,0
93,355,11:35,0
93,356,11:36,0
93,357,11:37,0
93,358,11:38,0
93,359,11:39,0
93,360,11:40,0
93,361,11:41,0
93,362,11:42,0
93,363,11:43,0
93,364,11:44,0
93,365,11:45,0
93,366,11:46,0
93,367,11:47,0
93,368,11:48,0
93,369,11:49,0
93,370,11:50,0
93,371,11:51,0
93,372,11:52,0
93,373,11:53,0
93,374,11:54,0
93,375,11:55,0
93,376,11:56,0
93,377,11:57,0
93,378,11:58,0
93,379,11:59,0
93,380,12:00,0
93,381,12:01,0
93,382,12:02,0
93,383,12:03,0
93,384,12:04,0
93,385,12:05,0
93,386,12:06,0
93,387,12:07,0
93,388,12:08,0
93,389,12:09,0
93,390,12:10,0
93,391,12:11,0
93,392,12:12,0
93,393,12:13,0
93,394,12:14,0
93,395,12:15,0
93,396,12:16,0
93,397,12:17,0
93,398,12:18,0
93,399,12:19,0
93,400,12:20,0
93,401,12:21,0
93,402,12:22,0
93,403,12:23,0
93,404,12:24,0
93,405,12:25,0
93,406,12:26,0
93,407,12:27,0
93,408,12:28,0
93,409,12:29,0
93,410,12:30,0
93,411,12:31,0
93,412,12:32,0
93,413,12:33,0
93,414,12:34,0
93,415,12:35,0
93,416,12:36,0
93,417,12:37,0
93,418,12:38,0
93,419,12:39,0
93,420,12:40,0
93,421,12:41,0
93,422,12:42,0
93,423,12:43,0
93,424,12:44,0
93,425,12:45,0
93,426,12:46,0
93,427,12:47,0
93,428,12:48,0
93,429,12:49,0
93,430,12:50,0
93,431,12:51,0
93,432,12:52,0
93,433,12:53,0
93,434,12:54,0
93,435,12:55,0
93,436,12:56,0
93,437,12:57,0
93,438,12:58,0
93,439,12:59,0
93,440,13:00,0
93,441,13:01,0
93,442,13:02,0
93,443,13:03,0
93,444,13:04,0
93,445,13:05,0
93,446,13:06,0
93,447,13:07,0
93,448,13:08,0
93,449,13:09,0
93,450,13:10,0
93,451,13:11,0
93,452,13:12,0
93,453,13:13,0
93,454,13:14,0
93,455,13:15,0
93,456,13:16,0
93,457,13:17,0
93,458,13:18,0
93,459,13:19,0
93,460,13:20,0
93,461,13:21,0
93,462,13:22,0
93,463,13:23,0
93,464,13:24,0
93,465,13:25,0
93,466,13:26,0
93,467,13:27,0
93,468,13:28,0
93,469,13:29,0
93,470,13:30,0
93,471,13:31,0
93,472,13:32,0
93,473,13:33,0
93,474,13:34,0
93,475,13:35,0
93,476,13:36,0
93,477,13:37,0
93,478,13:38,0
93,479,13:39,0
93,480,13:40,0
93,481,13:41,0
93,482,13:42,0
93,483,13:43,0
93,484,13:44,0
93,485,13:45,0
93,486,13:46,0
93,487,13:47,0
93,488,13:48,0
93,489,13:49,0
93,490,13:50,0
93,491,13:51,0
93,492,13:52,0
93,493,13:53,0
93,494,13:54,0
93,495,13:55,0
93,496,13:56,0
93,497,13:57,0
93,498,13:58,0
93,499,13:59,0
93,500,14:00,0
93,501,14:01,0
93,502,14:02,0
93,503,14:03,0
93,504,14:04,0
93,505,14:05,0
93,506,14:06,0
93,507,14:07,0
93,508,14:08,0
93,509,14:09,0
93,510,14:10,0
93,511,14:11,0
93,512,14:12,0
93,513,14:13,0
93,514,14:14,0
93,515,14:15,0
93,516,14:16,0
93,517,14:17,0
93,518,14:18,0
93,519,14:19,0
93,520,14:20,0
93,521,14:21,0
93,522,14:22,0
93,523,14:23,0
93,524,14:24,0
93,525,14:25,0
93,526,14:26,0
93,527,14:27,0
93,528,14:28,0
93,529,14:29,0
93,530,14:30,0
93,531,14:31,0
93,532,14:32,0
93,533,14:33,0
93,534,14:34,0
93,535,14:35,0
93,536,14:36,0
93,537,14:37,0
93,538,14:38,0
93,539,14:39,0
93,540,14:40,0
93,541,14:41,0
93,542,14:42,0
93,543,14:43,0
93,544,14:44,0
93,545,14:45,0
93,546,14:46,0
93,547,14:47,0
93,548,14:48,0
93,549,14:49,0
93,550,14:50,0
93,551,14:51,0
93,552,14:52,0
93,553,14:53,0
93,554,14:54,0
93,555,14:55,0
93,556,14:56,0
93,557,14:57,0
93,558,14:58,0
93,559,14:59,0
93,560,15:00,0
93,561,15:01,0
93,562,15:02,0
93,563,15:03,0
93,564,15:04,0
93,565,15:05,0
93,566,15:06,0
93,567,15:07,0
93,568,15:08,0
93,569,15:09,0
93,570,15:10,0
93,571,15:11,0
93,572,15:12,0
93,573,15:13,0
93,574,15:14,0
93,575,15:15,0
93,576,15:16,0
93,577,15:17,0
93,578,15:18,0
93,579,15:19,0
93,580,15:20,0
93,581,15:21,0
93,582,15:22,0
93,583,15:23,0
93,584,15:24,0
93,585,15:25,0
93,586,15:26,0
93,587,15:27,0
93,588,15:28,0
93,589,15:29,0
93,590,15:30,0
93,591,15:31,0
93,592,15:32,0
93,593,15:33,0
93,594,15:34,0
93,595,15:35,0
93,596,15:36,0
93,597,15:37,0
93,598,15:38,0
93,599,15:39,0
93,600,15:40,0
93,601,15:41,0
93,602,15:42,0
93,603,15:43,0
93,604,15:44,0
93,605,15:45,0
93,606,15:46,0
93,607,15:47,0
93,608,15:48,0
93,609,15:49,0
93,610,15:50,0
93,611,15:51,0
93,612,15:52,0
93,613,15:53,0
93,614,15:54,0
93,615,15:55,0
93,616,15:56,0
93,617,15:57,0
93,618,15:58,0
93,619,15:59,0
93,620,16:00,0
93,621,16:01,0
93,622,16:02,0
93,623,16:03,0
93,624,16:04,0
93,625,16:05,0
93,626,16:06,0
93,627,16:07,0
93,628,16:08,0
93,629,16:09,0
93,630,16:10,0
93,631,16:11,0
93,632,16:12,0
93,633,16:13,0
93,634,16:14,0
93,635,16:15,0
93,636,16:16,0
93,637,16:17,0
93,638,16:18,0
93,639,16:19,0
93,640,16:20,0
93,641,16:21,0
93,642,16:22,0
93,643,16:23,0
93,644,16:24,0
93,645,16:25,0
93,646,16:26,0
93,647,16:27,0
93,648,16:28,0
93,649,16:29,0
93,650,16:30,0
93,651,16:31,0
93,652,16:32,0
93,653,16:33,0
93,654,16:34,0
93,655,16:35,0
93,656,16:36,0
93,657,16:37,0
93,658,16:38,0
93,659,16:39,0
93,660,16:40,0
93,661,16:41,0
93,662,16:42,0
93,663,16:43,1
93,664,16:44,1
93,665,16:45,1
93,666,16:46,2
93,667,16:47,2
93,668,16:48,2
93,669,16:49,3
93,670,16:50,3
93,671,16:51,3
93,672,16:52,3
93,673,16:53,3
93,674,16:54,3
93,675,16:55,3
93,676,16:56,3
93,677,16:57,3
93,678,16:58,3
93,679,16:59,3
93,680,17:00,3
93,681,17:01,3
93,682,17:02,3
93,683,17:03,3
93,684,17:04,3
93,685,17:05,3
93,686,17:06,3
93,687,17:07,3
93,688,17:08,3
93,689,17:09,2
93,690,17:10,2
93,691,17:11,2
93,692,17:12,1
93,693,17:13,1
93,694,17:14,1
93,695,17:15,0
93,696,17:16,0
93,697,17:17,0
93,698,17:18,0
93,699,17:19,0
93,700,17:20,0
93,701,17:21,0
93,702,17:22,0
93,703,17:23,0
93,704,17:24,0
93,705,17:25,0
93,706,17:26,0
93,707,17:27,0
93,708,17:28,0
93,709,17:29,0
93,710,17:30,0
93,711,17:31,0
93,712,17:32,0
93,713,17:33,0
93,714,17:34,0
93,715,17:35,0
93,716,17:36,0
93,717,17:37,0
93,718,17:38,0
93,719,17:39,0
93,720,17:40,0
93,721,17:41,0
93,722,17:42,0
93,723,17:43,0
93,724,17:44,0
93,725,17:45,0
93,726,17:46,0
93,727,17:47,0
93,728,17:48,0
93,729,17:49,0
93,730,17:50,0
93,731,17:51,0
93,732,17:52,0
93,733,17:53,0
93,734,17:54,0
93,735,17:55,0
93,736,17:56,0
93,737,17:57,0
93,738,17:58,0
93,739,17:59,0
93,740,18:00,0
93,741,18:01,0
93,742,18:02,0
93,743,18:03,0
93,744,18:04,0
93,745,18:05,0
93,746,18:06,0
93,747,18:07,0
93,748,18:08,1
93,749,18:09,1
93,750,18:10,1
93,751,18:11,1
93,752,18:12,1
93,753,18:13,1
93,754,18:14,1
93,755,18:15,1
93,756,18:16,1
93,757,18:17,1
93,758,18:18,1
93,759,18:19,1
93,760,18:20,1
93,761,18:21,1
93,762,18:22,1
93,763,18:23,1
93,764,18:24,1
93,765,18:25,1
93,766,18:26,1
93,767,18:27,0
93,768,18:28,0
93,769,18:29,0
93,770,18:30,0
93,771,18:31,0
93,772,18:32,0
93,773,18:33,0
93,774,18:34,0
93,775,18:35,0
93,776,18:36,0
93,777,18:37,0
93,778,18:38,0
93,779,18:39,0
93,780,18:40,0
93,781,18:41,0
93,782,18:42,0
93,783,18:43,0
93,784,18:44,0
93,785,18:45,0
93,786,18:46,0
93,787,18:47,0
93,788,18:48,0
93,789,18:49,0
93,790,18:50,0
93,791,18:51,0
93,792,18:52,0
93,793,18:53,0
93,794,18:54,0
93,795,18:55,0
93,796,18:56,0
93,797,18:57,0
93,798,18:58,0
93,799,18:59,0
93,800,19:00,0
93,801,19:01,0
93,802,19:02,0
93,803,19:03,0
93,804,19:04,0
93,805,19:05,0
93,806,19:06,0
93,807,19:07,0
93,808,19:08,0
93,809,19:09,0
93,810,19:10,0
93,811,19:11,0
93,812,19:12,0
93,813,19:13,0
93,814,19:14,0
93,815,19:15,0
93,816,19:16,0
93,817,19:17,0
93,818,19:18,0
93,819,19:19,0
93,820,19:20,0
93,821,19:21,0
93,822,19:22,0
93,823,19:23,0
93,824,19:24,0
93,825,19:25,0
93,826,19:26,0
93,827,19:27,0
93,828,19:28,0
93,829,19:29,0
93,830,19:30,0
93,831,19:31,0
93,832,19:32,0
93,833,19:33,0
93,834,19:34,0
93,835,19:35,0
94,0,05:40,0
94,1,05:41,0
94,2,05:42,0
94,3,05:43,0
94,4,05:44,0
94,5,05:45,0
94,6,05:46,0
94,7,05:47,0
94,8,05:48,0
94,9,05:49,0
94,10,05:50,0
94,11,05:51,0
94,12,05:52,0
94,13,05:53,0
94,14,05:54,0
94,15,05:55,0
94,16,05:56,0
94,17,05:57,0
94,18,05:58,0
94,19,05:59,0
94,20,06:00,0
94,21,06:01,0
94,22,06:02,0
94,23,06:03,0
94,24,06:04,0
94,25,06:05,0
94,26,06:06,0
94,27,06:07,0
94,28,06:08,0
94,29,06:09,0
94,30,06:10,0
94,31,06:11,0
94,32,06:12,0
94,33,06:13,0
94,34,06:14,0
94,35,06:15,0
94,36,06:16,0
94,37,06:17,0
94,38,06:18,0
94,39,06:19,0
94,40,06:20,0
94,41,06:21,0
94,42,06:22,0
94,43,06:23,0
94,44,06:24,0
94,45,06:25,0
94,46,06:26,0
94,47,06:27,0
94,48,06:28,0
94,49,06:29,0
94,50,06:30,0
94,51,06:31,0
94,52,06:32,0
94,53,06:33,0
94,54,06:34,0
94,55,06:35,0
94,56,06:36,0
94,57,06:37,0
94,58,06:38,0
94,59,06:39,0
94,60,06:40,0
94,61,06:41,0
94,62,06:42,0
94,63,06:43,0
94,64,06:44,0
94,65,06:45,0
94,66,06:46,0
94,67,06:47,0
94,68,06:48,0
94,69,06:49,0
94,70,06:50,0
94,71,06:51,0
94,72,06:52,0
94,73,06:53,0
94,74,06:54,0
94,75,06:55,0
94,76,06:56,0
94,77,06:57,0
94,78,06:58,0
94,79,06:59,0
94,80,07:00,0
94,81,07:01,0
94,82,07:02,0
94,83,07:03,0
94,84,07:04,0
94,85,07:05,0
94,86,07:06,0
94,87,07:07,0
94,88,07:08,0
94,89,07:09,0
94,90,07:10,0
94,91,07:11,0
94,92,07:12,0
94,93,07:13,0
94,94,07:14,0
94,95,07:15,0
94,96,07:16,0
94,97,07:17,0
94,98,07:18,0
94,99,07:19,0
94,100,07:20,0
94,101,07:21,0
94,102,07:22,0
94,103,07:23,0
94,104,07:24,0
94,105,07:25,0
94,106,07:26,0
94,107,07:27,0
94,108,07:28,0
94,109,07:29,0
94,110,07:30,0
94,111,07:31,0
94,112,07:32,0
94,113,07:33,0
94,114,07:34,0
94,115,07:35,0
94,116,07:36,0
94,117,07:37,0
94,118,07:38,0
94,119,07:39,0
94,120,07:40,0
94,121,07:41,0
94,122,07:42,0
94,123,07:43,0
94,124,07:44,0
94,125,07:45,0
94,126,07:46,0
94,127,07:47,0
94,128,07:48,0
94,129,07:49,0
94,130,07:50,0
94,131,07:51,0
94,132,07:52,0
94,133,07:53,0
94,134,07:54,0
94,135,07:55,0
94,136,07:56,0
94,137,07:57,0
94,138,07:58,0
94,139,07:59,0
94,140,08:00,0
94,141,08:01,1
94,142,08:02,1
94,143,08:03,1
94,144,08:04,1
94,145,08:05,1
94,146,08:06,1
94,147,08:07,1
94,148,08:08,1
94,149,08:09,1
94,150,08:10,1
94,151,08:11,1
94,152,08:12,0
94,153,08:13,0
94,154,08:14,0
94,155,08:15,1
94,156,08:16,1
94,157,08:17,1
94,158,08:18,2
94,159,08:19,2
94,160,08:20,2
94,161,08:21,2
94,162,08:22,2
94,163,08:23,2
94,164,08:24,2
94,165,08:25,2
94,166,08:26,2
94,167,08:27,2
94,168,08:28,2
94,169,08:29,2
94,170,08:30,2
94,171,08:31,1
94,172,08:32,1
94,173,08:33,1
94,174,08:34,1
94,175,08:35,1
94,176,08:36,1
94,177,08:37,1
94,178,08:38,1
94,179,08:39,1
94,180,08:40,0
94,181,08:41,0
94,182,08:42,0
94,183,08:43,0
94,184,08:44,0
94,185,08:45,0
94,186,08:46,0
94,187,08:47,0
94,188,08:48,0
94,189,08:49,0
94,190,08:50,0
94,191,08:51,0
94,192,08:52,0
94,193,08:53,0
94,194,08:54,0
94,195,08:55,0
94,196,08:56,0
94,197,08:57,0
94,198,08:58,0
94,199,08:59,0
94,200,09:00,0
94,201,09:01,0
94,202,09:02,0
94,203,09:03,0
94,204,09:04,0
94,205,09:05,0
94,206,09:06,0
94,207,09:07,0
94,208,09:08,0
94,209,09:09,0
94,210,09:10,0
94,211,09:11,0
94,212,09:12,0
94,213,09:13,0
94,214,09:14,0
94,215,09:15,0
94,216,09:16,0
94,217,09:17,0
94,218,09:18,0
94,219,09:19,0
94,220,09:20,0
94,221,09:21,0
94,222,09:22,0
94,223,09:23,0
94,224,09:24,0
94,225,09:25,0
94,226,09:26,0
94,227,09:27,0
94,228,09:28,0
94,229,09:29,0
94,230,09:30,0
94,231,09:31,0
94,232,09:32,0
94,233,09:33,0
94,234,09:34,0
94,235,09:35,0
94,236,09:36,0
94,237,09:37,0
94,238,09:38,0
94,239,09:39,0
94,240,09:40,0
94,241,09:41,0
94,242,09:42,0
94,243,09:43,0
94,244,09:44,0
94,245,09:45,0
94,246,09:46,0
94,247,09:47,0
94,248,09:48,0
94,249,09:49,0
94,250,09:50,0
94,251,09:51,0
94,252,09:52,0
94,253,09:53,0
94,254,09:54,0
94,255,09:55,0
94,256,09:56,0
94,257,09:57,0
94,258,09:58,0
94,259,09:59,0
94,260,10:00,0
94,261,10:01,0
94,262,10:02,0
94,263,10:03,0
94,264,10:04,0
94,265,10:05,0
94,266,10:06,0
94,267,10:07,0
94,268,10:08,0
94,269,10:09,0
94,270,10:10,0
94,271,10:11,0
94,272,10:12,0
94,273,10:13,0
94,274,10:14,0
94,275,10:15,0
94,276,10:16,0
94,277,10:17,0
94,278,10:18,0
94,279,10:19,0
94,280,10:20,0
94,281,10:21,0
94,282,10:22,0
94,283,10:23,0
94,284,10:24,0
94,285,10:25,0
94,286,10:26,0
94,287,10:27,0
94,288,10:28,0
94,289,10:29,0
94,290,10:30,0
94,291,10:31,0
94,292,10:32,0
94,293,10:33,0
94,294,10:34,0
94,295,10:35,0
94,296,10:36,0
94,297,10:37,0
94,298,10:38,0
94,299,10:39,0
94,300,10:40,0
94,301,10:41,0
94,302,10:42,0
94,303,10:43,0
94,304,10:44,0
94,305,10:45,0
94,306,10:46,1
94,307,10:47,1
94,308,10:48,1
94,309,10:49,1
94,310,10:50,1
94,311,10:51,1
94,312,10:52,1
94,313,10:53,1
94,314,10:54,1
94,315,10:55,1
94,316,10:56,2
94,317,10:57,2
94,318,10:58,2
94,319,10:59,2
94,320,11:00,2
94,321,11:01,2
94,322,11:02,2
94,323,11:03,2
94,324,11:04,2
94,325,11:05,2
94,326,11:06,1
94,327,11:07,1
94,328,11:08,1
94,329,11:09,0
94,330,11:10,0
94,331,11:11,0
94,332,11:12,0
94,333,11:13,0
94,334,11:14,0
94,335,11:15,0
94,336,11:16,0
94,337,11:17,0
94,338,11:18,0
94,339,11:19,0
94,340,11:20,0
94,341,11:21,0
94,342,11:22,1
94,343,11:23,1
94,344,11:24,1
94,345,11:25,1
94,346,11:26,1
94,347,11:27,1
94,348,11:28,1
94,349,11:29,1
94,350,11:30,1
94,351,11:31,1
94,352,11:32,1
94,353,11:33,1
94,354,11:34,1
94,355,11:35,1
94,356,11:36,1
94,357,11:37,0
94,358,11:38,0
94,359,11:39,0
94,360,11:40,0
94,361,11:41,0
94,362,11:42,0
94,363,11:43,0
94,364,11:44,0
94,365,11:45,0
94,366,11:46,0
94,367,11:47,0
94,368,11:48,0
94,369,11:49,0
94,370,11:50,0
94,371,11:51,0
94,372,11:52,0
94,373,11:53,0
94,374,11:54,0
94,375,11:55,0
94,376,11:56,0
94,377,11:57,0
94,378,11:58,0
94,379,11:59,0
94,380,12:00,0
94,381,12:01,0
94,382,12:02,0
94,383,12:03,0
94,384,12:04,0
94,385,12:05,0
94,386,12:06,0
94,387,12:07,0
94,388,12:08,0
94,389,12:09,0
94,390,12:10,0
94,391,12:11,0
94,392,12:12,0
94,393,12:13,0
94,394,12:14,0
94,395,12:15,0
94,396,12:16,0
94,397,12:17,0
94,398,12:18,0
94,399,12:19,0
94,400,12:20,0
94,401,12:21,0
94,402,12:22,0
94,403,12:23,0
94,404,12:24,0
94,405,12:25,0
94,406,12:26,0
94,407,12:27,0
94,408,12:28,0
94,409,12:29,0
94,410,12:30,0
94,411,12:31,0
94,412,12:32,0
94,413,12:33,0
94,414,12:34,0
94,415,12:35,0
94,416,12:36,0
94,417,12:37,0
94,418,12:38,0
94,419,12:39,0
94,420,12:40,0
94,421,12:41,0
94,422,12:42,0
94,423,12:43,0
94,424,12:44,0
94,425,12:45,0
94,426,12:46,0
94,427,12:47,0
94,428,12:48,0
94,429,12:49,0
94,430,12:50,0
94,431,12:51,0
94,432,12:52,0
94,433,12:53,0
94,434,12:54,0
94,435,12:55,0
94,436,12:56,0
94,437,12:57,0
94,438,12:58,0
94,439,12:59,0
94,440,13:00,0
94,441,13:01,0
94,442,13:02,0
94,443,13:03,0
94,444,13:04,0
94,445,13:05,0
94,446,13:06,0
94,447,13:07,0
94,448,13:08,0
94,449,13:09,0
94,450,13:10,0
94,451,13:11,0
94,452,13:12,0
94,453,13:13,0
94,454,13:14,0
94,455,13:15,0
94,456,13:16,0
94,457,13:17,0
94,458,13:18,0
94,459,13:19,0
94,460,13:20,0
94,461,13:21,0
94,462,13:22,0
94,463,13:23,0
94,464,13:24,0
94,465,13:25,0
94,466,13:26,0
94,467,13:27,0
94,468,13:28,0
94,469,13:29,0
94,470,13:30,0
94,471,13:31,0
94,472,13:32,0
94,473,13:33,0
94,474,13:34,0
94,475,13:35,0
94,476,13:36,0
94,477,13:37,0
94,478,13:38,0
94,479,13:39,0
94,480,13:40,0
94,481,13:41,0
94,482,13:42,0
94,483,13:43,0
94,484,13:44,0
94,485,13:45,0
94,486,13:46,0
94,487,13:47,0
94,488,13:48,0
94,489,13:49,0
94,490,13:50,0
94,491,13:51,0
94,492,13:52,0
94,493,13:53,0
94,494,13:54,0
94,495,13:55,0
94,496,13:56,0
94,497,13:57,0
94,498,13:58,0
94,499,13:59,0
94,500,14:00,0
94,501,14:01,0
94,502,14:02,0
94,503,14:03,0
94,504,14:04,0
94,505,14:05,0
94,506,14:06,0
94,507,14:07,0
94,508,14:08,0
94,509,14:09,0
94,510,14:10,0
94,511,14:11,0
94,512,14:12,0
94,513,14:13,0
94,514,14:14,0
94,515,14:15,0
94,516,14:16,0
94,517,14:17,0
94,518,14:18,0
94,519,14:19,0
94,520,14:20,0
94,521,14:21,0
94,522,14:22,0
94,523,14:23,0
94,524,14:24,0
94,525,14:25,0
94,526,14:26,0
94,527,14:27,0
94,528,14:28,0
94,529,14:29,0
94,530,14:30,0
94,531,14:31,0
94,532,14:32,0
94,533,14:33,0
94,534,14:34,0
94,535,14:35,0
94,536,14:36,0
94,537,14:37,0
94,538,14:38,0
94,539,14:39,0
94,540,14:40,1
94,541,14:41,1
94,542,14:42,1
94,543,14:43,1
94,544,14:44,1
94,545,14:45,1
94,546,14:46,1
94,547,14:47,1
94,548,14:48,1
94,549,14:49,1
94,550,14:50,1
94,551,14:51,1
94,552,14:52,1
94,553,14:53,1
94,554,14:54,1
94,555,14:55,1
94,556,14:56,1
94,557,14:57,1
94,558,14:58,1
94,559,14:59,1
94,560,15:00,1
94,561,15:01,1
94,562,15:02,0
94,563,15:03,0
94,564,15:04,0
94,565,15:05,0
94,566,15:06,0
94,567,15:07,0
94,568,15:08,0
94,569,15:09,0
94,570,15:10,0
94,571,15:11,0
94,572,15:12,0
94,573,15:13,0
94,574,15:14,0
94,575,15:15,0
94,576,15:16,0
94,577,15:17,0
94,578,15:18,0
94,579,15:19,0
94,580,15:20,0
94,581,15:21,0
94,582,15:22,0
94,583,15:23,0
94,584,15:24,0
94,585,15:25,0
94,586,15:26,0
94,587,15:27,0
94,588,15:28,0
94,589,15:29,0
94,590,15:30,0
94,591,15:31,0
94,592,15:32,0
94,593,15:33,0
94,594,15:34,0
94,595,15:35,0
94,596,15:36,0
94,597,15:37,0
94,598,15:38,0
94,599,15:39,0
94,600,15:40,0
94,601,15:41,0
94,602,15:42,0
94,603,15:43,0
94,604,15:44,0
94,605,15:45,0
94,606,15:46,0
94,607,15:47,0
94,608,15:48,0
94,609,15:49,0
94,610,15:50,0
94,611,15:51,0
94,612,15:52,0
94,613,15:53,0
94,614,15:54,0
94,615,15:55,0
94,616,15:56,0
94,617,15:57,0
94,618,15:58,0
94,619,15:59,0
94,620,16:00,0
94,621,16:01,0
94,622,16:02,0
94,623,16:03,0
94,624,16:04,0
94,625,16:05,0
94,626,16:06,0
94,627,16:07,0
94,628,16:08,0
94,629,16:09,0
94,630,16:10,0
94,631,16:11,0
94,632,16:12,0
94,633,16:13,0
94,634,16:14,0
94,635,16:15,0
94,636,16:16,0
94,637,16:17,0
94,638,16:18,0
94,639,16:19,0
94,640,16:20,0
94,641,16:21,0
94,642,16:22,0
94,643,16:23,0
94,644,16:24,0
94,645,16:25,0
94,646,16:26,0
94,647,16:27,0
94,648,16:28,0
94,649,16:29,0
94,650,16:30,0
94,651,16:31,0
94,652,16:32,0
94,653,16:33,0
94,654,16:34,0
94,655,16:35,0
94,656,16:36,0
94,657,16:37,0
94,658,16:38,0
94,659,16:39,0
94,660,16:40,0
94,661,16:41,0
94,662,16:42,0
94,663,16:43,0
94,664,16:44,0
94,665,16:45,0
94,666,16:46,0
94,667,16:47,0
94,668,16:48,0
94,669,16:49,0
94,670,16:50,1
94,671,16:51,1
94,672,16:52,1
94,673,16:53,2
94,674,16:54,2
94,675,16:55,2
94,676,16:56,2
94,677,16:57,2
94,678,16:58,2
94,679,16:59,2
94,680,17:00,2
94,681,17:01,2
94,682,17:02,2
94,683,17:03,2
94,684,17:04,2
94,685,17:05,2
94,686,17:06,2
94,687,17:07,2
94,688,17:08,2
94,689,17:09,2
94,690,17:10,2
94,691,17:11,2
94,692,17:12,2
94,693,17:13,1
94,694,17:14,1
94,695,17:15,1
94,696,17:16,0
94,697,17:17,0
94,698,17:18,0
94,699,17:19,0
94,700,17:20,0
94,701,17:21,0
94,702,17:22,0
94,703,17:23,0
94,704,17:24,0
94,705,17:25,0
94,706,17:26,0
94,707,17:27,0
94,708,17:28,0
94,709,17:29,0
94,710,17:30,0
94,711,17:31,0
94,712,17:32,0
94,713,17:33,0
94,714,17:34,0
94,715,17:35,0
94,716,17:36,0
94,717,17:37,0
94,718,17:38,0
94,719,17:39,0
94,720,17:40,0
94,721,17:41,0
94,722,17:42,0
94,723,17:43,0
94,724,17:44,0
94,725,17:45,0
94,726,17:46,0
94,727,17:47,0
94,728,17:48,0
94,729,17:49,0
94,730,17:50,0
94,731,17:51,0
94,732,17:52,0
94,733,17:53,0
94,734,17:54,0
94,735,17:55,0
94,736,17:56,0
94,737,17:57,0
94,738,17:58,0
94,739,17:59,0
94,740,18:00,0
94,741,18:01,0
94,742,18:02,0
94,743,18:03,0
94,744,18:04,0
94,745,18:05,0
94,746,18:06,0
94,747,18:07,1
94,748,18:08,1
94,749,18:09,1
94,750,18:10,1
94,751,18:11,1
94,752,18:12,1
94,753,18:13,1
94,754,18:14,1
94,755,18:15,1
94,756,18:16,1
94,757,18:17,1
94,758,18:18,1
94,759,18:19,1
94,760,18:20,1
94,761,18:21,1
94,762,18:22,1
94,763,18:23,1
94,764,18:24,1
94,765,18:25,1
94,766,18:26,1
94,767,18:27,0
94,768,18:28,0
94,769,18:29,0
94,770,18:30,0
94,771,18:31,0
94,772,18:32,0
94,773,18:33,0
94,774,18:34,0
94,775,18:35,0
94,776,18:36,0
94,777,18:37,0
94,778,18:38,0
94,779,18:39,0
94,780,18:40,0
94,781,18:41,0
94,782,18:42,0
94,783,18:43,0
94,784,18:44,0
94,785,18:45,0
94,786,18:46,0
94,787,18:47,0
94,788,18:48,0
94,789,18:49,0
94,790,18:50,0
94,791,18:51,0
94,792,18:52,0
94,793,18:53,0
94,794,18:54,0
94,795,18:55,0
94,796,18:56,0
94,797,18:57,0
94,798,18:58,0
94,799,18:59,0
94,800,19:00,0
94,801,19:01,0
94,802,19:02,0
94,803,19:03,0
94,804,19:04,0
94,805,19:05,0
94,806,19:06,0
94,807,19:07,0
94,808,19:08,0
94,809,19:09,0
94,810,19:10,0
94,811,19:11,0
94,812,19:12,0
94,813,19:13,0
94,814,19:14,0
94,815,19:15,0
94,816,19:16,0
94,817,19:17,0
94,818,19:18,0
94,819,19:19,0
94,820,19:20,0
94,821,19:21,0
94,822,19:22,0
94,823,19:23,0
94,824,19:24,0
94,825,19:25,0
94,826,19:26,0
94,827,19:27,0
94,828,19:28,0
94,829,19:29,0
94,830,19:30,0
94,831,19:31,0
94,832,19:32,0
94,833,19:33,0
94,834,19:34,0
94,835,19:35,0
95,0,05:40,0
95,1,05:41,0
95,2,05:42,0
95,3,05:43,0
95,4,05:44,0
95,5,05:45,0
95,6,05:46,0
95,7,05:47,0
95,8,05:48,0
95,9,05:49,0
95,10,05:50,0
95,11,05:51,0
95,12,05:52,0
95,13,05:53,0
95,14,05:54,0
95,15,05:55,0
95,16,05:56,0
95,17,05:57,0
95,18,05:58,0
95,19,05:59,0
95,20,06:00,0
95,21,06:01,0
95,22,06:02,0
95,23,06:03,0
95,24,06:04,0
95,25,06:05,0
95,26,06:06,0
95,27,06:07,0
95,28,06:08,0
95,29,06:09,0
95,30,06:10,0
95,31,06:11,0
95,32,06:12,0
95,33,06:13,0
95,34,06:14,0
95,35,06:15,0
95,36,06:16,0
95,37,06:17,0
95,38,06:18,0
95,39,06:19,0
95,40,06:20,0
95,41,06:21,0
95,42,06:22,0
95,43,06:23,0
95,44,06:24,0
95,45,06:25,0
95,46,06:26,0
95,47,06:27,0
95,48,06:28,0
95,49,06:29,0
95,50,06:30,0
95,51,06:31,0
95,52,06:32,0
95,53,06:33,0
95,54,06:34,0
95,55,06:35,0
95,56,06:36,0
95,57,06:37,0
95,58,06:38,0
95,59,06:39,0
95,60,06:40,0
95,61,06:41,0
95,62,06:42,0
95,63,06:43,0
95,64,06:44,0
95,65,06:45,0
95,66,06:46,0
95,67,06:47,0
95,68,06:48,0
95,69,06:49,0
95,70,06:50,0
95,71,06:51,0
95,72,06:52,0
95,73,06:53,0
95,74,06:54,0
95,75,06:55,0
95,76,06:56,0
95,77,06:57,0
95,78,06:58,0
95,79,06:59,0
95,80,07:00,0
95,81,07:01,0
95,82,07:02,0
95,83,07:03,0
95,84,07:04,0
95,85,07:05,0
95,86,07:06,0
95,87,07:07,0
95,88,07:08,0
95,89,07:09,0
95,90,07:10,0
95,91,07:11,0
95,92,07:12,0
95,93,07:13,0
95,94,07:14,0
95,95,07:15,0
95,96,07:16,0
95,97,07:17,0
95,98,07:18,0
95,99,07:19,0
95,100,07:20,0
95,101,07:21,0
95,102,07:22,0
95,103,07:23,0
95,104,07:24,0
95,105,07:25,0
95,106,07:26,0
95,107,07:27,0
95,108,07:28,0
95,109,07:29,0
95,110,07:30,0
95,111,07:31,0
95,112,07:32,0
95,113,07:33,0
95,114,07:34,0
95,115,07:35,0
95,116,07:36,0
95,117,07:37,0
95,118,07:38,0
95,119,07:39,0
95,120,07:40,0
95,121,07:41,0
95,122,07:42,0
95,123,07:43,0
95,124,07:44,0
95,125,07:45,0
95,126,07:46,0
95,127,07:47,0
95,128,07:48,0
95,129,07:49,0
95,130,07:50,0
95,131,07:51,0
95,132,07:52,0
95,133,07:53,0
95,134,07:54,0
95,135,07:55,0
95,136,07:56,0
95,137,07:57,0
95,138,07:58,0
95,139,07:59,0
95,140,08:00,0
95,141,08:01,0
95,142,08:02,0
95,143,08:03,0
95,144,08:04,0
95,145,08:05,1
95,146,08:06,1
95,147,08:07,1
95,148,08:08,1
95,149,08:09,1
95,150,08:10,2
95,151,08:11,2
95,152,08:12,2
95,153,08:13,3
95,154,08:14,3
95,155,08:15,3
95,156,08:16,3
95,157,08:17,3
95,158,08:18,3
95,159,08:19,3
95,160,08:20,3
95,161,08:21,3
95,162,08:22,3
95,163,08:23,2
95,164,08:24,2
95,165,08:25,2
95,166,08:26,1
95,167,08:27,1
95,168,08:28,1
95,169,08:29,0
95,170,08:30,0
95,171,08:31,0
95,172,08:32,0
95,173,08:33,0
95,174,08:34,0
95,175,08:35,0
95,176,08:36,0
95,177,08:37,0
95,178,08:38,0
95,179,08:39,0
95,180,08:40,0
95,181,08:41,0
95,182,08:42,0
95,183,08:43,0
95,184,08:44,0
95,185,08:45,0
95,186,08:46,0
95,187,08:47,0
95,188,08:48,0
95,189,08:49,0
95,190,08:50,0
95,191,08:51,0
95,192,08:52,0
95,193,08:53,0
95,194,08:54,0
95,195,08:55,0
95,196,08:56,0
95,197,08:57,0
95,198,08:58,0
95,199,08:59,0
95,200,09:00,0
95,201,09:01,0
95,202,09:02,0
95,203,09:03,0
95,204,09:04,0
95,205,09:05,0
95,206,09:06,0
95,207,09:07,0
95,208,09:08,0
95,209,09:09,0
95,210,09:10,0
95,211,09:11,0
95,212,09:12,0
95,213,09:13,0
95,214,09:14,0
95,215,09:15,0
95,216,09:16,0
95,217,09:17,0
95,218,09:18,0
95,219,09:19,0
95,220,09:20,0
95,221,09:21,0
95,222,09:22,0
95,223,09:23,0
95,224,09:24,0
95,225,09:25,0
95,226,09:26,0
95,227,09:27,0
95,228,09:28,0
95,229,09:29,0
95,230,09:30,0
95,231,09:31,0
95,232,09:32,0
95,233,09:33,0
95,234,09:34,0
95,235,09:35,0
95,236,09:36,0
95,237,09:37,0
95,238,09:38,0
95,239,09:39,0
95,240,09:40,0
95,241,09:41,0
95,242,09:42,0
95,243,09:43,0
95,244,09:44,0
95,245,09:45,0
95,246,09:46,0
95,247,09:47,0
95,248,09:48,0
95,249,09:49,0
95,250,09:50,0
95,251,09:51,0
95,252,09:52,0
95,253,09:53,0
95,254,09:54,0
95,255,09:55,0
95,256,09:56,0
95,257,09:57,0
95,258,09:58,0
95,259,09:59,0
95,260,10:00,0
95,261,10:01,0
95,262,10:02,0
95,263,10:03,0
95,264,10:04,0
95,265,10:05,0
95,266,10:06,0
95,267,10:07,0
95,268,10:08,0
95,269,10:09,0
95,270,10:10,0
95,271,10:11,0
95,272,10:12,0
95,273,10:13,0
95,274,10:14,0
95,275,10:15,0
95,276,10:16,0
95,277,10:17,0
95,278,10:18,0
95,279,10:19,0
95,280,10:20,0
95,281,10:21,0
95,282,10:22,0
95,283,10:23,0
95,284,10:24,0
95,285,10:25,0
95,286,10:26,0
95,287,10:27,0
95,288,10:28,0
95,289,10:29,0
95,290,10:30,0
95,291,10:31,0
95,292,10:32,0
95,293,10:33,0
95,294,10:34,0
95,295,10:35,0
95,296,10:36,0
95,297,10:37,0
95,298,10:38,0
95,299,10:39,0
95,300,10:40,0
95,301,10:41,0
95,302,10:42,0
95,303,10:43,0
95,304,10:44,0
95,305,10:45,0
95,306,10:46,0
95,307,10:47,0
95,308,10:48,0
95,309,10:49,0
95,310,10:50,0
95,311,10:51,0
95,312,10:52,0
95,313,10:53,0
95,314,10:54,0
95,315,10:55,0
95,316,10:56,0
95,317,10:57,0
95,318,10:58,0
95,319,10:59,0
95,320,11:00,0
95,321,11:01,0
95,322,11:02,0
95,323,11:03,0
95,324,11:04,0
95,325,11:05,0
95,326,11:06,0
95,327,11:07,0
95,328,11:08,0
95,329,11:09,0
95,330,11:10,0
95,331,11:11,0
95,332,11:12,0
95,333,11:13,0
95,334,11:14,0
95,335,11:15,0
95,336,11:16,0
95,337,11:17,0
95,338,11:18,0
95,339,11:19,0
95,340,11:20,0
95,341,11:21,0
95,342,11:22,0
95,343,11:23,0
95,344,11:24,0
95,345,11:25,0
95,346,11:26,0
95,347,11:27,0
95,348,11:28,0
95,349,11:29,0
95,350,11:30,0
95,351,11:31,0
95,352,11:32,0
95,353,11:33,0
95,354,11:34,0
95,355,11:35,0
95,356,11:36,0
95,357,11:37,0
95,358,11:38,0
95,359,11:39,0
95,360,11:40,0
95,361,11:41,0
95,362,11:42,0
95,363,11:43,0
95,364,11:44,0
95,365,11:45,0
95,366,11:46,0
95,367,11:47,0
95,368,11:48,0
95,369,11:49,0
95,370,11:50,0
95,371,11:51,0
95,372,11:52,0
95,373,11:53,0
95,374,11:54,0
95,375,11:55,0
95,376,11:56,0
95,377,11:57,0
95,378,11:58,0
95,379,11:59,0
95,380,12:00,0
95,381,12:01,0
95,382,12:02,0
95,383,12:03,0
95,384,12:04,0
95,385,12:05,0
95,386,12:06,0
95,387,12:07,0
95,388,12:08,0
95,389,12:09,0
95,390,12:10,0
95,391,12:11,0
95,392,12:12,0
95,393,12:13,0
95,394,12:14,0
95,395,12:15,0
95,396,12:16,0
95,397,12:17,0
95,398,12:18,0
95,399,12:19,0
95,400,12:20,0
95,401,12:21,0
95,402,12:22,0
95,403,12:23,0
95,404,12:24,0
95,405,12:25,0
95,406,12:26,0
95,407,12:27,0
95,408,12:28,0
95,409,12:29,0
95,410,12:30,0
95,411,12:31,0
95,412,12:32,0
95,413,12:33,0
95,414,12:34,0
95,415,12:35,0
95,416,12:36,0
95,417,12:37,0
95,418,12:38,0
95,419,12:39,0
95,420,12:40,0
95,421,12:41,0
95,422,12:42,0
95,423,12:43,0
95,424,12:44,0
95,425,12:45,0
95,426,12:46,0
95,427,12:47,0
95,428,12:48,0
95,429,12:49,0
95,430,12:50,0
95,431,12:51,0
95,432,12:52,0
95,433,12:53,0
95,434,12:54,0
95,435,12:55,0
95,436,12:56,0
95,437,12:57,0
95,438,12:58,0
95,439,12:59,0
95,440,13:00,0
95,441,13:01,0
95,442,13:02,0
95,443,13:03,0
95,444,13:04,0
95,445,13:05,0
95,446,13:06,0
95,447,13:07,0
95,448,13:08,0
95,449,13:09,0
95,450,13:10,0
95,451,13:11,0
95,452,13:12,0
95,453,13:13,0
95,454,13:14,0
95,455,13:15,0
95,456,13:16,0
95,457,13:17,0
95,458,13:18,0
95,459,13:19,0
95,460,13:20,0
95,461,13:21,0
95,462,13:22,0
95,463,13:23,0
95,464,13:24,0
95,465,13:25,0
95,466,13:26,0
95,467,13:27,0
95,468,13:28,0
95,469,13:29,0
95,470,13:30,0
95,471,13:31,0
95,472,13:32,0
95,473,13:33,0
95,474,13:34,0
95,475,13:35,0
95,476,13:36,0
95,477,13:37,0
95,478,13:38,0
95,479,13:39,0
95,480,13:40,0
95,481,13:41,0
95,482,13:42,0
95,483,13:43,0
95,484,13:44,0
95,485,13:45,0
95,486,13:46,0
95,487,13:47,0
95,488,13:48,0
95,489,13:49,0
95,490,13:50,0
95,491,13:51,0
95,492,13:52,0
95,493,13:53,0
95,494,13:54,0
95,495,13:55,0
95,496,13:56,0
95,497,13:57,0
95,498,13:58,0
95,499,13:59,0
95,500,14:00,0
95,501,14:01,0
95,502,14:02,0
95,503,14:03,0
95,504,14:04,0
95,505,14:05,0
95,506,14:06,0
95,507,14:07,0
95,508,14:08,0
95,509,14:09,0
95,510,14:10,0
95,511,14:11,0
95,512,14:12,0
95,513,14:13,0
95,514,14:14,0
95,515,14:15,0
95,516,14:16,0
95,517,14:17,0
95,518,14:18,0
95,519,14:19,0
95,520,14:20,0
95,521,14:21,0
95,522,14:22,0
95,523,14:23,0
95,524,14:24,0
95,525,14:25,0
95,526,14:26,0
95,527,14:27,0
95,528,14:28,0
95,529,14:29,0
95,530,14:30,0
95,531,14:31,0
95,532,14:32,1
95,533,14:33,1
95,534,14:34,1
95,535,14:35,2
95,536,14:36,2
95,537,14:37,2
95,538,14:38,2
95,539,14:39,2
95,540,14:40,2
95,541,14:41,2
95,542,14:42,2
95,543,14:43,2
95,544,14:44,2
95,545,14:45,1
95,546,14:46,1
95,547,14:47,1
95,548,14:48,0
95,549,14:49,0
95,550,14:50,0
95,551,14:51,0
95,552,14:52,0
95,553,14:53,0
95,554,14:54,0
95,555,14:55,0
95,556,14:56,0
95,557,14:57,0
95,558,14:58,0
95,559,14:59,0
95,560,15:00,0
95,561,15:01,0
95,562,15:02,0
95,563,15:03,0
95,564,15:04,0
95,565,15:05,0
95,566,15:06,0
95,567,15:07,0
95,568,15:08,0
95,569,15:09,0
95,570,15:10,0
95,571,15:11,0
95,572,15:12,0
95,573,15:13,0
95,574,15:14,0
95,575,15:15,0
95,576,15:16,0
95,577,15:17,0
95,578,15:18,0
95,579,15:19,0
95,580,15:20,0
95,581,15:21,0
95,582,15:22,0
95,583,15:23,0
95,584,15:24,0
95,585,15:25,0
95,586,15:26,0
95,587,15:27,0
95,588,15:28,0
95,589,15:29,0
95,590,15:30,0
95,591,15:31,0
95,592,15:32,0
95,593,15:33,0
95,594,15:34,0
95,595,15:35,0
95,596,15:36,0
95,597,15:37,0
95,598,15:38,0
95,599,15:39,0
95,600,15:40,0
95,601,15:41,0
95,602,15:42,0
95,603,15:43,0
95,604,15:44,0
95,605,15:45,0
95,606,15:46,0
95,607,15:47,0
95,608,15:48,0
95,609,15:49,0
95,610,15:50,0
95,611,15:51,0
95,612,15:52,0
95,613,15:53,0
95,614,15:54,0
95,615,15:55,0
95,616,15:56,0
95,617,15:57,0
95,618,15:58,0
95,619,15:59,0
95,620,16:00,0
95,621,16:01,0
95,622,16:02,0
95,623,16:03,0
95,624,16:04,0
95,625,16:05,0
95,626,16:06,0
95,627,16:07,1
95,628,16:08,1
95,629,16:09,1
95,630,16:10,1
95,631,16:11,1
95,632,16:12,1
95,633,16:13,1
95,634,16:14,1
95,635,16:15,1
95,636,16:16,1
95,637,16:17,1
95,638,16:18,1
95,639,16:19,1
95,640,16:20,1
95,641,16:21,1
95,642,16:22,1
95,643,16:23,1
95,644,16:24,1
95,645,16:25,0
95,646,16:26,0
95,647,16:27,0
95,648,16:28,0
95,649,16:29,0
95,650,16:30,0
95,651,16:31,0
95,652,16:32,0
95,653,16:33,0
95,654,16:34,0
95,655,16:35,0
95,656,16:36,0
95,657,16:37,0
95,658,16:38,0
95,659,16:39,0
95,660,16:40,0
95,661,16:41,0
95,662,16:42,0
95,663,16:43,0
95,664,16:44,0
95,665,16:45,0
95,666,16:46,1
95,667,16:47,1
95,668,16:48,1
95,669,16:49,2
95,670,16:50,2
95,671,16:51,2
95,672,16:52,3
95,673,16:53,3
95,674,16:54,3
95,675,16:55,3
95,676,16:56,3
95,677,16:57,3
95,678,16:58,3
95,679,16:59,3
95,680,17:00,3
95,681,17:01,3
95,682,17:02,3
95,683,17:03,3
95,684,17:04,3
95,685,17:05,3
95,686,17:06,3
95,687,17:07,3
95,688,17:08,3
95,689,17:09,3
95,690,17:10,2
95,691,17:11,2
95,692,17:12,2
95,693,17:13,1
95,694,17:14,1
95,695,17:15,1
95,696,17:16,0
95,697,17:17,0
95,698,17:18,0
95,699,17:19,2
95,700,17:20,2
95,701,17:21,2
95,702,17:22,2
95,703,17:23,2
95,704,17:24,2
95,705,17:25,2
95,706,17:26,2
95,707,17:27,2
95,708,17:28,2
95,709,17:29,2
95,710,17:30,2
95,711,17:31,2
95,712,17:32,2
95,713,17:33,2
95,714,17:34,2
95,715,17:35,2
95,716,17:36,2
95,717,17:37,2
95,718,17:38,2
95,719,17:39,2
95,720,17:40,2
95,721,17:41,0
95,722,17:42,0
95,723,17:43,0
95,724,17:44,0
95,725,17:45,0
95,726,17:46,0
95,727,17:47,0
95,728,17:48,0
95,729,17:49,0
95,730,17:50,0
95,731,17:51,0
95,732,17:52,0
95,733,17:53,0
95,734,17:54,0
95,735,17:55,0
95,736,17:56,0
95,737,17:57,0
95,738,17:58,0
95,739,17:59,0
95,740,18:00,0
95,741,18:01,0
95,742,18:02,0
95,743,18:03,0
95,744,18:04,0
95,745,18:05,0
95,746,18:06,0
95,747,18:07,1
95,748,18:08,1
95,749,18:09,1
95,750,18:10,1
95,751,18:11,1
95,752,18:12,1
95,753,18:13,1
95,754,18:14,1
95,755,18:15,1
95,756,18:16,1
95,757,18:17,1
95,758,18:18,1
95,759,18:19,1
95,760,18:20,1
95,761,18:21,1
95,762,18:22,1
95,763,18:23,1
95,764,18:24,1
95,765,18:25,1
95,766,18:26,1
95,767,18:27,1
95,768,18:28,1
95,769,18:29,1
95,770,18:30,0
95,771,18:31,0
95,772,18:32,0
95,773,18:33,0
95,774,18:34,0
95,775,18:35,0
95,776,18:36,0
95,777,18:37,0
95,778,18:38,0
95,779,18:39,0
95,780,18:40,0
95,781,18:41,0
95,782,18:42,0
95,783,18:43,0
95,784,18:44,0
95,785,18:45,0
95,786,18:46,0
95,787,18:47,0
95,788,18:48,0
95,789,18:49,0
95,790,18:50,0
95,791,18:51,0
95,792,18:52,0
95,793,18:53,0
95,794,18:54,0
95,795,18:55,0
95,796,18:56,0
95,797,18:57,0
95,798,18:58,0
95,799,18:59,0
95,800,19:00,0
95,801,19:01,0
95,802,19:02,0
95,803,19:03,0
95,804,19:04,0
95,805,19:05,0
95,806,19:06,0
95,807,19:07,0
95,808,19:08,0
95,809,19:09,0
95,810,19:10,0
95,811,19:11,0
95,812,19:12,0
95,813,19:13,0
95,814,19:14,0
95,815,19:15,0
95,816,19:16,0
95,817,19:17,0
95,818,19:18,0
95,819,19:19,0
95,820,19:20,0
95,821,19:21,0
95,822,19:22,0
95,823,19:23,0
95,824,19:24,0
95,825,19:25,0
95,826,19:26,0
95,827,19:27,0
95,828,19:28,0
95,829,19:29,0
95,830,19:30,0
95,831,19:31,0
95,832,19:32,0
95,833,19:33,0
95,834,19:34,0
95,835,19:35,0
96,0,05:40,0
96,1,05:41,0
96,2,05:42,0
96,3,05:43,0
96,4,05:44,0
96,5,05:45,0
96,6,05:46,0
96,7,05:47,0
96,8,05:48,0
96,9,05:49,0
96,10,05:50,0
96,11,05:51,0
96,12,05:52,0
96,13,05:53,0
96,14,05:54,0
96,15,05:55,0
96,16,05:56,0
96,17,05:57,0
96,18,05:58,0
96,19,05:59,0
96,20,06:00,0
96,21,06:01,0
96,22,06:02,0
96,23,06:03,0
96,24,06:04,0
96,25,06:05,0
96,26,06:06,0
96,27,06:07,0
96,28,06:08,0
96,29,06:09,0
96,30,06:10,0
96,31,06:11,0
96,32,06:12,0
96,33,06:13,0
96,34,06:14,0
96,35,06:15,0
96,36,06:16,0
96,37,06:17,0
96,38,06:18,0
96,39,06:19,0
96,40,06:20,0
96,41,06:21,0
96,42,06:22,0
96,43,06:23,0
96,44,06:24,0
96,45,06:25,0
96,46,06:26,0
96,47,06:27,0
96,48,06:28,0
96,49,06:29,0
96,50,06:30,0
96,51,06:31,0
96,52,06:32,0
96,53,06:33,0
96,54,06:34,0
96,55,06:35,0
96,56,06:36,0
96,57,06:37,0
96,58,06:38,0
96,59,06:39,0
96,60,06:40,0
96,61,06:41,0
96,62,06:42,0
96,63,06:43,0
96,64,06:44,0
96,65,06:45,0
96,66,06:46,0
96,67,06:47,0
96,68,06:48,0
96,69,06:49,0
96,70,06:50,0
96,71,06:51,0
96,72,06:52,0
96,73,06:53,0
96,74,06:54,0
96,75,06:55,0
96,76,06:56,0
96,77,06:57,0
96,78,06:58,0
96,79,06:59,0
96,80,07:00,0
96,81,07:01,0
96,82,07:02,0
96,83,07:03,0
96,84,07:04,0
96,85,07:05,0
96,86,07:06,0
96,87,07:07,0
96,88,07:08,0
96,89,07:09,0
96,90,07:10,0
96,91,07:11,0
96,92,07:12,0
96,93,07:13,0
96,94,07:14,0
96,95,07:15,0
96,96,07:16,0
96,97,07:17,0
96,98,07:18,0
96,99,07:19,0
96,100,07:20,0
96,101,07:21,0
96,102,07:22,0
96,103,07:23,0
96,104,07:24,0
96,105,07:25,0
96,106,07:26,0
96,107,07:27,0
96,108,07:28,0
96,109,07:29,0
96,110,07:30,0
96,111,07:31,0
96,112,07:32,0
96,113,07:33,0
96,114,07:34,0
96,115,07:35,0
96,116,07:36,0
96,117,07:37,0
96,118,07:38,0
96,119,07:39,0
96,120,07:40,0
96,121,07:41,0
96,122,07:42,0
96,123,07:43,0
96,124,07:44,0
96,125,07:45,0
96,126,07:46,0
96,127,07:47,0
96,128,07:48,0
96,129,07:49,0
96,130,07:50,0
96,131,07:51,0
96,132,07:52,0
96,133,07:53,0
96,134,07:54,0
96,135,07:55,0
96,136,07:56,0
96,137,07:57,0
96,138,07:58,0
96,139,07:59,0
96,140,08:00,0
96,141,08:01,0
96,142,08:02,0
96,143,08:03,0
96,144,08:04,0
96,145,08:05,0
96,146,08:06,0
96,147,08:07,0
96,148,08:08,0
96,149,08:09,0
96,150,08:10,0
96,151,08:11,0
96,152,08:12,0
96,153,08:13,0
96,154,08:14,0
96,155,08:15,0
96,156,08:16,0
96,157,08:17,0
96,158,08:18,0
96,159,08:19,0
96,160,08:20,0
96,161,08:21,0
96,162,08:22,0
96,163,08:23,0
96,164,08:24,0
96,165,08:25,0
96,166,08:26,0
96,167,08:27,0
96,168,08:28,0
96,169,08:29,0
96,170,08:30,0
96,171,08:31,0
96,172,08:32,0
96,173,08:33,0
96,174,08:34,0
96,175,08:35,0
96,176,08:36,0
96,177,08:37,0
96,178,08:38,0
96,179,08:39,0
96,180,08:40,0
96,181,08:41,0
96,182,08:42,0
96,183,08:43,0
96,184,08:44,0
96,185,08:45,0
96,186,08:46,0
96,187,08:47,0
96,188,08:48,0
96,189,08:49,0
96,190,08:50,0
96,191,08:51,0
96,192,08:52,0
96,193,08:53,0
96,194,08:54,0
96,195,08:55,0
96,196,08:56,0
96,197,08:57,0
96,198,08:58,0
96,199,08:59,0
96,200,09:00,0
96,201,09:01,0
96,202,09:02,0
96,203,09:03,0
96,204,09:04,0
96,205,09:05,0
96,206,09:06,0
96,207,09:07,0
96,208,09:08,0
96,209,09:09,0
96,210,09:10,0
96,211,09:11,0
96,212,09:12,0
96,213,09:13,0
96,214,09:14,0
96,215,09:15,0
96,216,09:16,0
96,217,09:17,0
96,218,09:18,0
96,219,09:19,0
96,220,09:20,0
96,221,09:21,0
96,222,09:22,0
96,223,09:23,0
96,224,09:24,0
96,225,09:25,0
96,226,09:26,0
96,227,09:27,0
96,228,09:28,0
96,229,09:29,0
96,230,09:30,0
96,231,09:31,0
96,232,09:32,0
96,233,09:33,0
96,234,09:34,0
96,235,09:35,0
96,236,09:36,0
96,237,09:37,0
96,238,09:38,0
96,239,09:39,0
96,240,09:40,0
96,241,09:41,0
96,242,09:42,0
96,243,09:43,0
96,244,09:44,0
96,245,09:45,0
96,246,09:46,0
96,247,09:47,0
96,248,09:48,0
96,249,09:49,0
96,250,09:50,0
96,251,09:51,0
96,252,09:52,0
96,253,09:53,0
96,254,09:54,0
96,255,09:55,0
96,256,09:56,0
96,257,09:57,0
96,258,09:58,0
96,259,09:59,0
96,260,10:00,0
96,261,10:01,0
96,262,10:02,0
96,263,10:03,0
96,264,10:04,0
96,265,10:05,0
96,266,10:06,0
96,267,10:07,0
96,268,10:08,0
96,269,10:09,0
96,270,10:10,0
96,271,10:11,0
96,272,10:12,0
96,273,10:13,0
96,274,10:14,0
96,275,10:15,0
96,276,10:16,0
96,277,10:17,0
96,278,10:18,0
96,279,10:19,0
96,280,10:20,0
96,281,10:21,0
96,282,10:22,0
96,283,10:23,0
96,284,10:24,0
96,285,10:25,0
96,286,10:26,1
96,287,10:27,1
96,288,10:28,1
96,289,10:29,1
96,290,10:30,1
96,291,10:31,1
96,292,10:32,1
96,293,10:33,1
96,294,10:34,1
96,295,10:35,1
96,296,10:36,1
96,297,10:37,1
96,298,10:38,1
96,299,10:39,1
96,300,10:40,1
96,301,10:41,1
96,302,10:42,1
96,303,10:43,0
96,304,10:44,0
96,305,10:45,0
96,306,10:46,1
96,307,10:47,1
96,308,10:48,1
96,309,10:49,2
96,310,10:50,2
96,311,10:51,2
96,312,10:52,2
96,313,10:53,3
96,314,10:54,3
96,315,10:55,3
96,316,10:56,3
96,317,10:57,3
96,318,10:58,3
96,319,10:59,3
96,320,11:00,3
96,321,11:01,3
96,322,11:02,3
96,323,11:03,3
96,324,11:04,3
96,325,11:05,3
96,326,11:06,3
96,327,11:07,2
96,328,11:08,2
96,329,11:09,2
96,330,11:10,1
96,331,11:11,1
96,332,11:12,1
96,333,11:13,0
96,334,11:14,0
96,335,11:15,0
96,336,11:16,0
96,337,11:17,0
96,338,11:18,0
96,339,11:19,0
96,340,11:20,0
96,341,11:21,0
96,342,11:22,0
96,343,11:23,0
96,344,11:24,0
96,345,11:25,0
96,346,11:26,0
96,347,11:27,0
96,348,11:28,0
96,349,11:29,0
96,350,11:30,0
96,351,11:31,0
96,352,11:32,0
96,353,11:33,0
96,354,11:34,0
96,355,11:35,0
96,356,11:36,0
96,357,11:37,0
96,358,11:38,0
96,359,11:39,0
96,360,11:40,0
96,361,11:41,0
96,362,11:42,0
96,363,11:43,0
96,364,11:44,0
96,365,11:45,0
96,366,11:46,0
96,367,11:47,0
96,368,11:48,0
96,369,11:49,0
96,370,11:50,0
96,371,11:51,0
96,372,11:52,0
96,373,11:53,0
96,374,11:54,0
96,375,11:55,0
96,376,11:56,0
96,377,11:57,0
96,378,11:58,0
96,379,11:59,0
96,380,12:00,0
96,381,12:01,0
96,382,12:02,0
96,383,12:03,0
96,384,12:04,0
96,385,12:05,0
96,386,12:06,0
96,387,12:07,0
96,388,12:08,0
96,389,12:09,0
96,390,12:10,0
96,391,12:11,0
96,392,12:12,0
96,393,12:13,0
96,394,12:14,0
96,395,12:15,0
96,396,12:16,0
96,397,12:17,0
96,398,12:18,0
96,399,12:19,0
96,400,12:20,0
96,401,12:21,0
96,402,12:22,0
96,403,12:23,0
96,404,12:24,0
96,405,12:25,0
96,406,12:26,1
96,407,12:27,1
96,408,12:28,1
96,409,12:29,1
96,410,12:30,1
96,411,12:31,1
96,412,12:32,1
96,413,12:33,1
96,414,12:34,1
96,415,12:35,1
96,416,12:36,0
96,417,12:37,0
96,418,12:38,0
96,419,12:39,0
96,420,12:40,0
96,421,12:41,0
96,422,12:42,0
96,423,12:43,0
96,424,12:44,0
96,425,12:45,0
96,426,12:46,0
96,427,12:47,0
96,428,12:48,0
96,429,12:49,0
96,430,12:50,0
96,431,12:51,0
96,432,12:52,0
96,433,12:53,0
96,434,12:54,0
96,435,12:55,0
96,436,12:56,0
96,437,12:57,0
96,438,12:58,0
96,439,12:59,0
96,440,13:00,0
96,441,13:01,0
96,442,13:02,0
96,443,13:03,0
96,444,13:04,0
96,445,13:05,0
96,446,13:06,0
96,447,13:07,0
96,448,13:08,0
96,449,13:09,0
96,450,13:10,0
96,451,13:11,0
96,452,13:12,0
96,453,13:13,0
96,454,13:14,0
96,455,13:15,0
96,456,13:16,0
96,457,13:17,0
96,458,13:18,0
96,459,13:19,0
96,460,13:20,0
96,461,13:21,0
96,462,13:22,0
96,463,13:23,0
96,464,13:24,0
96,465,13:25,0
96,466,13:26,0
96,467,13:27,0
96,468,13:28,0
96,469,13:29,0
96,470,13:30,0
96,471,13:31,0
96,472,13:32,0
96,473,13:33,0
96,474,13:34,0
96,475,13:35,0
96,476,13:36,0
96,477,13:37,0
96,478,13:38,0
96,479,13:39,0
96,480,13:40,0
96,481,13:41,0
96,482,13:42,0
96,483,13:43,0
96,484,13:44,0
96,485,13:45,0
96,486,13:46,0
96,487,13:47,0
96,488,13:48,0
96,489,13:49,0
96,490,13:50,0
96,491,13:51,0
96,492,13:52,0
96,493,13:53,0
96,494,13:54,0
96,495,13:55,0
96,496,13:56,0
96,497,13:57,0
96,498,13:58,0
96,499,13:59,0
96,500,14:00,0
96,501,14:01,0
96,502,14:02,0
96,503,14:03,0
96,504,14:04,0
96,505,14:05,0
96,506,14:06,0
96,507,14:07,0
96,508,14:08,0
96,509,14:09,0
96,510,14:10,0
96,511,14:11,0
96,512,14:12,1
96,513,14:13,1
96,514,14:14,1
96,515,14:15,1
96,516,14:16,1
96,517,14:17,1
96,518,14:18,1
96,519,14:19,1
96,520,14:20,1
96,521,14:21,1
96,522,14:22,0
96,523,14:23,0
96,524,14:24,0
96,525,14:25,1
96,526,14:26,1
96,527,14:27,1
96,528,14:28,1
96,529,14:29,1
96,530,14:30,1
96,531,14:31,1
96,532,14:32,1
96,533,14:33,1
96,534,14:34,1
96,535,14:35,0
96,536,14:36,0
96,537,14:37,0
96,538,14:38,0
96,539,14:39,0
96,540,14:40,0
96,541,14:41,0
96,542,14:42,0
96,543,14:43,0
96,544,14:44,0
96,545,14:45,0
96,546,14:46,0
96,547,14:47,0
96,548,14:48,0
96,549,14:49,0
96,550,14:50,0
96,551,14:51,0
96,552,14:52,0
96,553,14:53,0
96,554,14:54,0
96,555,14:55,0
96,556,14:56,0
96,557,14:57,0
96,558,14:58,0
96,559,14:59,0
96,560,15:00,0
96,561,15:01,0
96,562,15:02,0
96,563,15:03,0
96,564,15:04,0
96,565,15:05,0
96,566,15:06,0
96,567,15:07,0
96,568,15:08,0
96,569,15:09,0
96,570,15:10,0
96,571,15:11,0
96,572,15:12,0
96,573,15:13,0
96,574,15:14,0
96,575,15:15,0
96,576,15:16,0
96,577,15:17,0
96,578,15:18,0
96,579,15:19,0
96,580,15:20,0
96,581,15:21,0
96,582,15:22,0
96,583,15:23,0
96,584,15:24,0
96,585,15:25,0
96,586,15:26,0
96,587,15:27,0
96,588,15:28,0
96,589,15:29,0
96,590,15:30,0
96,591,15:31,0
96,592,15:32,0
96,593,15:33,0
96,594,15:34,0
96,595,15:35,0
96,596,15:36,0
96,597,15:37,0
96,598,15:38,0
96,599,15:39,0
96,600,15:40,0
96,601,15:41,0
96,602,15:42,0
96,603,15:43,0
96,604,15:44,0
96,605,15:45,0
96,606,15:46,0
96,607,15:47,0
96,608,15:48,0
96,609,15:49,0
96,610,15:50,0
96,611,15:51,0
96,612,15:52,0
96,613,15:53,0
96,614,15:54,0
96,615,15:55,0
96,616,15:56,0
96,617,15:57,0
96,618,15:58,0
96,619,15:59,0
96,620,16:00,0
96,621,16:01,0
96,622,16:02,0
96,623,16:03,0
96,624,16:04,0
96,625,16:05,0
96,626,16:06,0
96,627,16:07,0
96,628,16:08,0
96,629,16:09,0
96,630,16:10,0
96,631,16:11,0
96,632,16:12,0
96,633,16:13,0
96,634,16:14,0
96,635,16:15,0
96,636,16:16,0
96,637,16:17,0
96,638,16:18,0
96,639,16:19,0
96,640,16:20,0
96,641,16:21,0
96,642,16:22,0
96,643,16:23,1
96,644,16:24,1
96,645,16:25,1
96,646,16:26,1
96,647,16:27,1
96,648,16:28,1
96,649,16:29,1
96,650,16:30,1
96,651,16:31,1
96,652,16:32,1
96,653,16:33,0
96,654,16:34,0
96,655,16:35,0
96,656,16:36,0
96,657,16:37,0
96,658,16:38,0
96,659,16:39,0
96,660,16:40,0
96,661,16:41,0
96,662,16:42,0
96,663,16:43,0
96,664,16:44,0
96,665,16:45,1
96,666,16:46,1
96,667,16:47,1
96,668,16:48,1
96,669,16:49,1
96,670,16:50,1
96,671,16:51,1
96,672,16:52,2
96,673,16:53,2
96,674,16:54,2
96,675,16:55,2
96,676,16:56,2
96,677,16:57,2
96,678,16:58,2
96,679,16:59,2
96,680,17:00,2
96,681,17:01,2
96,682,17:02,1
96,683,17:03,1
96,684,17:04,1
96,685,17:05,0
96,686,17:06,0
96,687,17:07,0
96,688,17:08,0
96,689,17:09,1
96,690,17:10,1
96,691,17:11,1
96,692,17:12,3
96,693,17:13,3
96,694,17:14,3
96,695,17:15,3
96,696,17:16,3
96,697,17:17,3
96,698,17:18,3
96,699,17:19,3
96,700,17:20,3
96,701,17:21,3
96,702,17:22,1
96,703,17:23,1
96,704,17:24,1
96,705,17:25,1
96,706,17:26,1
96,707,17:27,1
96,708,17:28,0
96,709,17:29,0
96,710,17:30,0
96,711,17:31,0
96,712,17:32,0
96,713,17:33,0
96,714,17:34,0
96,715,17:35,0
96,716,17:36,0
96,717,17:37,0
96,718,17:38,0
96,719,17:39,0
96,720,17:40,0
96,721,17:41,0
96,722,17:42,0
96,723,17:43,0
96,724,17:44,0
96,725,17:45,0
96,726,17:46,0
96,727,17:47,0
96,728,17:48,0
96,729,17:49,0
96,730,17:50,0
96,731,17:51,0
96,732,17:52,0
96,733,17:53,0
96,734,17:54,0
96,735,17:55,0
96,736,17:56,0
96,737,17:57,0
96,738,17:58,0
96,739,17:59,0
96,740,18:00,0
96,741,18:01,0
96,742,18:02,0
96,743,18:03,0
96,744,18:04,0
96,745,18:05,0
96,746,18:06,1
96,747,18:07,1
96,748,18:08,1
96,749,18:09,1
96,750,18:10,1
96,751,18:11,1
96,752,18:12,1
96,753,18:13,1
96,754,18:14,1
96,755,18:15,1
96,756,18:16,0
96,757,18:17,0
96,758,18:18,0
96,759,18:19,0
96,760,18:20,0
96,761,18:21,0
96,762,18:22,0
96,763,18:23,0
96,764,18:24,0
96,765,18:25,0
96,766,18:26,0
96,767,18:27,2
96,768,18:28,2
96,769,18:29,2
96,770,18:30,2
96,771,18:31,2
96,772,18:32,2
96,773,18:33,2
96,774,18:34,2
96,775,18:35,2
96,776,18:36,0
96,777,18:37,0
96,778,18:38,0
96,779,18:39,0
96,780,18:40,1
96,781,18:41,1
96,782,18:42,1
96,783,18:43,2
96,784,18:44,2
96,785,18:45,2
96,786,18:46,2
96,787,18:47,2
96,788,18:48,2
96,789,18:49,2
96,790,18:50,2
96,791,18:51,2
96,792,18:52,2
96,793,18:53,1
96,794,18:54,1
96,795,18:55,1
96,796,18:56,0
96,797,18:57,0
96,798,18:58,0
96,799,18:59,0
96,800,19:00,0
96,801,19:01,0
96,802,19:02,0
96,803,19:03,0
96,804,19:04,0
96,805,19:05,0
96,806,19:06,1
96,807,19:07,1
96,808,19:08,1
96,809,19:09,1
96,810,19:10,1
96,811,19:11,1
96,812,19:12,1
96,813,19:13,1
96,814,19:14,1
96,815,19:15,1
96,816,19:16,0
96,817,19:17,0
96,818,19:18,0
96,819,19:19,0
96,820,19:20,0
96,821,19:21,0
96,822,19:22,0
96,823,19:23,0
96,824,19:24,0
96,825,19:25,0
96,826,19:26,0
96,827,19:27,0
96,828,19:28,0
96,829,19:29,0
96,830,19:30,0
96,831,19:31,0
96,832,19:32,0
96,833,19:33,0
96,834,19:34,0
96,835,19:35,0
97,0,05:40,0
97,1,05:41,0
97,2,05:42,0
97,3,05:43,0
97,4,05:44,0
97,5,05:45,0
97,6,05:46,0
97,7,05:47,0
97,8,05:48,0
97,9,05:49,0
97,10,05:50,0
97,11,05:51,0
97,12,05:52,0
97,13,05:53,0
97,14,05:54,0
97,15,05:55,0
97,16,05:56,0
97,17,05:57,0
97,18,05:58,0
97,19,05:59,0
97,20,06:00,0
97,21,06:01,0
97,22,06:02,0
97,23,06:03,0
97,24,06:04,0
97,25,06:05,0
97,26,06:06,0
97,27,06:07,0
97,28,06:08,0
97,29,06:09,0
97,30,06:10,0
97,31,06:11,0
97,32,06:12,0
97,33,06:13,0
97,34,06:14,0
97,35,06:15,0
97,36,06:16,0
97,37,06:17,0
97,38,06:18,0
97,39,06:19,0
97,40,06:20,0
97,41,06:21,0
97,42,06:22,0
97,43,06:23,0
97,44,06:24,0
97,45,06:25,0
97,46,06:26,0
97,47,06:27,0
97,48,06:28,0
97,49,06:29,0
97,50,06:30,0
97,51,06:31,0
97,52,06:32,0
97,53,06:33,0
97,54,06:34,0
97,55,06:35,0
97,56,06:36,0
97,57,06:37,0
97,58,06:38,0
97,59,06:39,0
97,60,06:40,0
97,61,06:41,0
97,62,06:42,0
97,63,06:43,0
97,64,06:44,0
97,65,06:45,0
97,66,06:46,0
97,67,06:47,0
97,68,06:48,0
97,69,06:49,0
97,70,06:50,0
97,71,06:51,0
97,72,06:52,0
97,73,06:53,0
97,74,06:54,0
97,75,06:55,0
97,76,06:56,0
97,77,06:57,0
97,78,06:58,0
97,79,06:59,0
97,80,07:00,0
97,81,07:01,0
97,82,07:02,0
97,83,07:03,0
97,84,07:04,0
97,85,07:05,0
97,86,07:06,0
97,87,07:07,0
97,88,07:08,0
97,89,07:09,0
97,90,07:10,0
97,91,07:11,0
97,92,07:12,0
97,93,07:13,0
97,94,07:14,0
97,95,07:15,0
97,96,07:16,0
97,97,07:17,0
97,98,07:18,0
97,99,07:19,0
97,100,07:20,0
97,101,07:21,0
97,102,07:22,0
97,103,07:23,0
97,104,07:24,0
97,105,07:25,0
97,106,07:26,0
97,107,07:27,0
97,108,07:28,0
97,109,07:29,0
97,110,07:30,0
97,111,07:31,0
97,112,07:32,0
97,113,07:33,0
97,114,07:34,0
97,115,07:35,0
97,116,07:36,0
97,117,07:37,0
97,118,07:38,0
97,119,07:39,0
97,120,07:40,0
97,121,07:41,0
97,122,07:42,0
97,123,07:43,0
97,124,07:44,0
97,125,07:45,0
97,126,07:46,0
97,127,07:47,0
97,128,07:48,0
97,129,07:49,0
97,130,07:50,0
97,131,07:51,0
97,132,07:52,0
97,133,07:53,0
97,134,07:54,0
97,135,07:55,0
97,136,07:56,0
97,137,07:57,0
97,138,07:58,0
97,139,07:59,0
97,140,08:00,0
97,141,08:01,0
97,142,08:02,0
97,143,08:03,0
97,144,08:04,0
97,145,08:05,0
97,146,08:06,0
97,147,08:07,0
97,148,08:08,0
97,149,08:09,0
97,150,08:10,0
97,151,08:11,0
97,152,08:12,0
97,153,08:13,0
97,154,08:14,0
97,155,08:15,0
97,156,08:16,0
97,157,08:17,0
97,158,08:18,0
97,159,08:19,0
97,160,08:20,0
97,161,08:21,0
97,162,08:22,1
97,163,08:23,1
97,164,08:24,1
97,165,08:25,2
97,166,08:26,2
97,167,08:27,2
97,168,08:28,2
97,169,08:29,2
97,170,08:30,2
97,171,08:31,2
97,172,08:32,2
97,173,08:33,2
97,174,08:34,2
97,175,08:35,2
97,176,08:36,2
97,177,08:37,2
97,178,08:38,2
97,179,08:39,1
97,180,08:40,1
97,181,08:41,1
97,182,08:42,0
97,183,08:43,0
97,184,08:44,0
97,185,08:45,0
97,186,08:46,0
97,187,08:47,0
97,188,08:48,0
97,189,08:49,0
97,190,08:50,0
97,191,08:51,0
97,192,08:52,0
97,193,08:53,0
97,194,08:54,0
97,195,08:55,0
97,196,08:56,0
97,197,08:57,0
97,198,08:58,0
97,199,08:59,0
97,200,09:00,0
97,201,09:01,0
97,202,09:02,0
97,203,09:03,0
97,204,09:04,0
97,205,09:05,0
97,206,09:06,0
97,207,09:07,0
97,208,09:08,0
97,209,09:09,0
97,210,09:10,0
97,211,09:11,0
97,212,09:12,0
97,213,09:13,0
97,214,09:14,0
97,215,09:15,0
97,216,09:16,0
97,217,09:17,0
97,218,09:18,0
97,219,09:19,0
97,220,09:20,0
97,221,09:21,0
97,222,09:22,0
97,223,09:23,0
97,224,09:24,0
97,225,09:25,0
97,226,09:26,0
97,227,09:27,0
97,228,09:28,0
97,229,09:29,0
97,230,09:30,0
97,231,09:31,0
97,232,09:32,0
97,233,09:33,0
97,234,09:34,0
97,235,09:35,0
97,236,09:36,0
97,237,09:37,0
97,238,09:38,0
97,239,09:39,0
97,240,09:40,0
97,241,09:41,0
97,242,09:42,0
97,243,09:43,0
97,244,09:44,0
97,245,09:45,0
97,246,09:46,0
97,247,09:47,0
97,248,09:48,0
97,249,09:49,0
97,250,09:50,0
97,251,09:51,0
97,252,09:52,0
97,253,09:53,0
97,254,09:54,0
97,255,09:55,0
97,256,09:56,0
97,257,09:57,0
97,258,09:58,0
97,259,09:59,0
97,260,10:00,0
97,261,10:01,0
97,262,10:02,0
97,263,10:03,0
97,264,10:04,0
97,265,10:05,0
97,266,10:06,0
97,267,10:07,0
97,268,10:08,0
97,269,10:09,0
97,270,10:10,0
97,271,10:11,0
97,272,10:12,0
97,273,10:13,0
97,274,10:14,0
97,275,10:15,0
97,276,10:16,0
97,277,10:17,0
97,278,10:18,0
97,279,10:19,0
97,280,10:20,0
97,281,10:21,0
97,282,10:22,0
97,283,10:23,0
97,284,10:24,0
97,285,10:25,0
97,286,10:26,1
97,287,10:27,1
97,288,10:28,1
97,289,10:29,2
97,290,10:30,2
97,291,10:31,2
97,292,10:32,2
97,293,10:33,2
97,294,10:34,2
97,295,10:35,2
97,296,10:36,2
97,297,10:37,2
97,298,10:38,2
97,299,10:39,2
97,300,10:40,2
97,301,10:41,2
97,302,10:42,1
97,303,10:43,1
97,304,10:44,1
97,305,10:45,0
97,306,10:46,0
97,307,10:47,0
97,308,10:48,0
97,309,10:49,0
97,310,10:50,0
97,311,10:51,0
97,312,10:52,0
97,313,10:53,0
97,314,10:54,0
97,315,10:55,0
97,316,10:56,0
97,317,10:57,0
97,318,10:58,0
97,319,10:59,0
97,320,11:00,0
97,321,11:01,0
97,322,11:02,0
97,323,11:03,0
97,324,11:04,0
97,325,11:05,0
97,326,11:06,0
97,327,11:07,0
97,328,11:08,0
97,329,11:09,0
97,330,11:10,0
97,331,11:11,0
97,332,11:12,0
97,333,11:13,0
97,334,11:14,0
97,335,11:15,0
97,336,11:16,0
97,337,11:17,0
97,338,11:18,0
97,339,11:19,0
97,340,11:20,0
97,341,11:21,0
97,342,11:22,0
97,343,11:23,0
97,344,11:24,0
97,345,11:25,0
97,346,11:26,0
97,347,11:27,0
97,348,11:28,0
97,349,11:29,0
97,350,11:30,0
97,351,11:31,0
97,352,11:32,0
97,353,11:33,0
97,354,11:34,0
97,355,11:35,0
97,356,11:36,0
97,357,11:37,0
97,358,11:38,0
97,359,11:39,0
97,360,11:40,0
97,361,11:41,0
97,362,11:42,0
97,363,11:43,0
97,364,11:44,0
97,365,11:45,0
97,366,11:46,0
97,367,11:47,0
97,368,11:48,0
97,369,11:49,0
97,370,11:50,0
97,371,11:51,0
97,372,11:52,0
97,373,11:53,0
97,374,11:54,0
97,375,11:55,0
97,376,11:56,0
97,377,11:57,0
97,378,11:58,0
97,379,11:59,0
97,380,12:00,0
97,381,12:01,0
97,382,12:02,0
97,383,12:03,0
97,384,12:04,0
97,385,12:05,0
97,386,12:06,0
97,387,12:07,0
97,388,12:08,0
97,389,12:09,0
97,390,12:10,0
97,391,12:11,0
97,392,12:12,0
97,393,12:13,0
97,394,12:14,0
97,395,12:15,0
97,396,12:16,0
97,397,12:17,0
97,398,12:18,0
97,399,12:19,0
97,400,12:20,0
97,401,12:21,0
97,402,12:22,0
97,403,12:23,0
97,404,12:24,0
97,405,12:25,0
97,406,12:26,0
97,407,12:27,0
97,408,12:28,0
97,409,12:29,0
97,410,12:30,0
97,411,12:31,0
97,412,12:32,0
97,413,12:33,0
97,414,12:34,0
97,415,12:35,0
97,416,12:36,0
97,417,12:37,0
97,418,12:38,0
97,419,12:39,0
97,420,12:40,0
97,421,12:41,0
97,422,12:42,0
97,423,12:43,0
97,424,12:44,0
97,425,12:45,0
97,426,12:46,0
97,427,12:47,0
97,428,12:48,0
97,429,12:49,0
97,430,12:50,0
97,431,12:51,0
97,432,12:52,0
97,433,12:53,0
97,434,12:54,0
97,435,12:55,0
97,436,12:56,0
97,437,12:57,0
97,438,12:58,0
97,439,12:59,0
97,440,13:00,0
97,441,13:01,0
97,442,13:02,0
97,443,13:03,0
97,444,13:04,0
97,445,13:05,0
97,446,13:06,0
97,447,13:07,0
97,448,13:08,0
97,449,13:09,0
97,450,13:10,0
97,451,13:11,0
97,452,13:12,0
97,453,13:13,0
97,454,13:14,0
97,455,13:15,0
97,456,13:16,0
97,457,13:17,0
97,458,13:18,0
97,459,13:19,0
97,460,13:20,0
97,461,13:21,0
97,462,13:22,0
97,463,13:23,0
97,464,13:24,0
97,465,13:25,0
97,466,13:26,0
97,467,13:27,0
97,468,13:28,0
97,469,13:29,0
97,470,13:30,0
97,471,13:31,0
97,472,13:32,0
97,473,13:33,0
97,474,13:34,0
97,475,13:35,0
97,476,13:36,0
97,477,13:37,0
97,478,13:38,0
97,479,13:39,0
97,480,13:40,0
97,481,13:41,0
97,482,13:42,0
97,483,13:43,0
97,484,13:44,0
97,485,13:45,0
97,486,13:46,0
97,487,13:47,0
97,488,13:48,0
97,489,13:49,0
97,490,13:50,0
97,491,13:51,0
97,492,13:52,0
97,493,13:53,0
97,494,13:54,0
97,495,13:55,0
97,496,13:56,0
97,497,13:57,0
97,498,13:58,0
97,499,13:59,0
97,500,14:00,0
97,501,14:01,0
97,502,14:02,0
97,503,14:03,0
97,504,14:04,0
97,505,14:05,0
97,506,14:06,0
97,507,14:07,0
97,508,14:08,0
97,509,14:09,0
97,510,14:10,0
97,511,14:11,0
97,512,14:12,0
97,513,14:13,0
97,514,14:14,0
97,515,14:15,0
97,516,14:16,0
97,517,14:17,0
97,518,14:18,0
97,519,14:19,0
97,520,14:20,0
97,521,14:21,0
97,522,14:22,0
97,523,14:23,0
97,524,14:24,0
97,525,14:25,0
97,526,14:26,0
97,527,14:27,0
97,528,14:28,0
97,529,14:29,0
97,530,14:30,0
97,531,14:31,0
97,532,14:32,0
97,533,14:33,0
97,534,14:34,0
97,535,14:35,0
97,536,14:36,0
97,537,14:37,0
97,538,14:38,0
97,539,14:39,0
97,540,14:40,0
97,541,14:41,0
97,542,14:42,0
97,543,14:43,0
97,544,14:44,0
97,545,14:45,0
97,546,14:46,0
97,547,14:47,0
97,548,14:48,0
97,549,14:49,0
97,550,14:50,0
97,551,14:51,0
97,552,14:52,0
97,553,14:53,0
97,554,14:54,0
97,555,14:55,0
97,556,14:56,0
97,557,14:57,0
97,558,14:58,0
97,559,14:59,0
97,560,15:00,0
97,561,15:01,0
97,562,15:02,0
97,563,15:03,0
97,564,15:04,0
97,565,15:05,0
97,566,15:06,0
97,567,15:07,0
97,568,15:08,0
97,569,15:09,0
97,570,15:10,0
97,571,15:11,0
97,572,15:12,0
97,573,15:13,0
97,574,15:14,0
97,575,15:15,0
97,576,15:16,0
97,577,15:17,0
97,578,15:18,0
97,579,15:19,0
97,580,15:20,0
97,581,15:21,0
97,582,15:22,0
97,583,15:23,0
97,584,15:24,0
97,585,15:25,0
97,586,15:26,0
97,587,15:27,0
97,588,15:28,0
97,589,15:29,0
97,590,15:30,0
97,591,15:31,0
97,592,15:32,0
97,593,15:33,0
97,594,15:34,0
97,595,15:35,0
97,596,15:36,0
97,597,15:37,0
97,598,15:38,0
97,599,15:39,0
97,600,15:40,0
97,601,15:41,0
97,602,15:42,0
97,603,15:43,0
97,604,15:44,0
97,605,15:45,0
97,606,15:46,0
97,607,15:47,0
97,608,15:48,0
97,609,15:49,0
97,610,15:50,0
97,611,15:51,0
97,612,15:52,0
97,613,15:53,0
97,614,15:54,0
97,615,15:55,0
97,616,15:56,0
97,617,15:57,0
97,618,15:58,0
97,619,15:59,0
97,620,16:00,0
97,621,16:01,0
97,622,16:02,0
97,623,16:03,0
97,624,16:04,0
97,625,16:05,0
97,626,16:06,0
97,627,16:07,1
97,628,16:08,1
97,629,16:09,1
97,630,16:10,1
97,631,16:11,1
97,632,16:12,1
97,633,16:13,1
97,634,16:14,1
97,635,16:15,1
97,636,16:16,2
97,637,16:17,2
97,638,16:18,2
97,639,16:19,2
97,640,16:20,2
97,641,16:21,2
97,642,16:22,2
97,643,16:23,2
97,644,16:24,2
97,645,16:25,2
97,646,16:26,2
97,647,16:27,2
97,648,16:28,2
97,649,16:29,2
97,650,16:30,2
97,651,16:31,2
97,652,16:32,2
97,653,16:33,2
97,654,16:34,1
97,655,16:35,1
97,656,16:36,1
97,657,16:37,0
97,658,16:38,0
97,659,16:39,0
97,660,16:40,0
97,661,16:41,0
97,662,16:42,0
97,663,16:43,0
97,664,16:44,0
97,665,16:45,0
97,666,16:46,0
97,667,16:47,1
97,668,16:48,1
97,669,16:49,1
97,670,16:50,1
97,671,16:51,2
97,672,16:52,2
97,673,16:53,2
97,674,16:54,2
97,675,16:55,2
97,676,16:56,2
97,677,16:57,2
97,678,16:58,2
97,679,16:59,2
97,680,17:00,2
97,681,17:01,2
97,682,17:02,2
97,683,17:03,2
97,684,17:04,2
97,685,17:05,1
97,686,17:06,1
97,687,17:07,1
97,688,17:08,1
97,689,17:09,1
97,690,17:10,1
97,691,17:11,1
97,692,17:12,1
97,693,17:13,1
97,694,17:14,1
97,695,17:15,0
97,696,17:16,0
97,697,17:17,0
97,698,17:18,0
97,699,17:19,0
97,700,17:20,0
97,701,17:21,0
97,702,17:22,0
97,703,17:23,0
97,704,17:24,0
97,705,17:25,0
97,706,17:26,0
97,707,17:27,0
97,708,17:28,0
97,709,17:29,0
97,710,17:30,0
97,711,17:31,0
97,712,17:32,0
97,713,17:33,0
97,714,17:34,0
97,715,17:35,0
97,716,17:36,0
97,717,17:37,0
97,718,17:38,0
97,719,17:39,1
97,720,17:40,1
97,721,17:41,1
97,722,17:42,1
97,723,17:43,1
97,724,17:44,1
97,725,17:45,1
97,726,17:46,1
97,727,17:47,1
97,728,17:48,1
97,729,17:49,1
97,730,17:50,1
97,731,17:51,1
97,732,17:52,1
97,733,17:53,1
97,734,17:54,1
97,735,17:55,1
97,736,17:56,1
97,737,17:57,1
97,738,17:58,1
97,739,17:59,0
97,740,18:00,0
97,741,18:01,0
97,742,18:02,1
97,743,18:03,1
97,744,18:04,1
97,745,18:05,2
97,746,18:06,2
97,747,18:07,2
97,748,18:08,2
97,749,18:09,2
97,750,18:10,2
97,751,18:11,2
97,752,18:12,2
97,753,18:13,2
97,754,18:14,2
97,755,18:15,1
97,756,18:16,1
97,757,18:17,1
97,758,18:18,0
97,759,18:19,0
97,760,18:20,0
97,761,18:21,0
97,762,18:22,0
97,763,18:23,1
97,764,18:24,1
97,765,18:25,1
97,766,18:26,1
97,767,18:27,1
97,768,18:28,1
97,769,18:29,1
97,770,18:30,1
97,771,18:31,1
97,772,18:32,1
97,773,18:33,0
97,774,18:34,0
97,775,18:35,0
97,776,18:36,0
97,777,18:37,0
97,778,18:38,0
97,779,18:39,0
97,780,18:40,0
97,781,18:41,0
97,782,18:42,0
97,783,18:43,0
97,784,18:44,0
97,785,18:45,0
97,786,18:46,0
97,787,18:47,0
97,788,18:48,0
97,789,18:49,0
97,790,18:50,0
97,791,18:51,0
97,792,18:52,1
97,793,18:53,1
97,794,18:54,1
97,795,18:55,1
97,796,18:56,1
97,797,18:57,1
97,798,18:58,1
97,799,18:59,1
97,800,19:00,1
97,801,19:01,1
97,802,19:02,1
97,803,19:03,1
97,804,19:04,1
97,805,19:05,1
97,806,19:06,1
97,807,19:07,1
97,808,19:08,1
97,809,19:09,1
97,810,19:10,1
97,811,19:11,1
97,812,19:12,1
97,813,19:13,1
97,814,19:14,1
97,815,19:15,0
97,816,19:16,0
97,817,19:17,0
97,818,19:18,0
97,819,19:19,0
97,820,19:20,0
97,821,19:21,0
97,822,19:22,0
97,823,19:23,0
97,824,19:24,0
97,825,19:25,0
97,826,19:26,0
97,827,19:27,0
97,828,19:28,0
97,829,19:29,0
97,830,19:30,0
97,831,19:31,0
97,832,19:32,0
97,833,19:33,0
97,834,19:34,0
97,835,19:35,0
98,0,05:40,0
98,1,05:41,0
98,2,05:42,0
98,3,05:43,0
98,4,05:44,0
98,5,05:45,0
98,6,05:46,0
98,7,05:47,0
98,8,05:48,0
98,9,05:49,0
98,10,05:50,0
98,11,05:51,0
98,12,05:52,0
98,13,05:53,0
98,14,05:54,0
98,15,05:55,0
98,16,05:56,0
98,17,05:57,0
98,18,05:58,0
98,19,05:59,0
98,20,06:00,0
98,21,06:01,0
98,22,06:02,0
98,23,06:03,0
98,24,06:04,0
98,25,06:05,0
98,26,06:06,0
98,27,06:07,0
98,28,06:08,0
98,29,06:09,0
98,30,06:10,0
98,31,06:11,0
98,32,06:12,0
98,33,06:13,0
98,34,06:14,0
98,35,06:15,0
98,36,06:16,0
98,37,06:17,0
98,38,06:18,0
98,39,06:19,0
98,40,06:20,0
98,41,06:21,0
98,42,06:22,0
98,43,06:23,0
98,44,06:24,0
98,45,06:25,0
98,46,06:26,0
98,47,06:27,0
98,48,06:28,0
98,49,06:29,0
98,50,06:30,0
98,51,06:31,0
98,52,06:32,0
98,53,06:33,0
98,54,06:34,0
98,55,06:35,0
98,56,06:36,0
98,57,06:37,0
98,58,06:38,0
98,59,06:39,0
98,60,06:40,0
98,61,06:41,0
98,62,06:42,0
98,63,06:43,0
98,64,06:44,0
98,65,06:45,0
98,66,06:46,0
98,67,06:47,0
98,68,06:48,0
98,69,06:49,0
98,70,06:50,0
98,71,06:51,0
98,72,06:52,0
98,73,06:53,0
98,74,06:54,0
98,75,06:55,0
98,76,06:56,0
98,77,06:57,0
98,78,06:58,0
98,79,06:59,0
98,80,07:00,0
98,81,07:01,0
98,82,07:02,0
98,83,07:03,0
98,84,07:04,0
98,85,07:05,0
98,86,07:06,0
98,87,07:07,0
98,88,07:08,0
98,89,07:09,0
98,90,07:10,0
98,91,07:11,0
98,92,07:12,0
98,93,07:13,0
98,94,07:14,0
98,95,07:15,0
98,96,07:16,0
98,97,07:17,0
98,98,07:18,0
98,99,07:19,0
98,100,07:20,0
98,101,07:21,0
98,102,07:22,0
98,103,07:23,0
98,104,07:24,0
98,105,07:25,0
98,106,07:26,0
98,107,07:27,0
98,108,07:28,0
98,109,07:29,0
98,110,07:30,0
98,111,07:31,0
98,112,07:32,0
98,113,07:33,0
98,114,07:34,0
98,115,07:35,0
98,116,07:36,0
98,117,07:37,0
98,118,07:38,0
98,119,07:39,0
98,120,07:40,0
98,121,07:41,0
98,122,07:42,0
98,123,07:43,0
98,124,07:44,0
98,125,07:45,0
98,126,07:46,0
98,127,07:47,0
98,128,07:48,0
98,129,07:49,0
98,130,07:50,0
98,131,07:51,0
98,132,07:52,0
98,133,07:53,0
98,134,07:54,0
98,135,07:55,0
98,136,07:56,0
98,137,07:57,0
98,138,07:58,0
98,139,07:59,0
98,140,08:00,0
98,141,08:01,0
98,142,08:02,0
98,143,08:03,0
98,144,08:04,0
98,145,08:05,0
98,146,08:06,0
98,147,08:07,0
98,148,08:08,0
98,149,08:09,0
98,150,08:10,0
98,151,08:11,0
98,152,08:12,0
98,153,08:13,0
98,154,08:14,0
98,155,08:15,0
98,156,08:16,0
98,157,08:17,0
98,158,08:18,0
98,159,08:19,0
98,160,08:20,0
98,161,08:21,0
98,162,08:22,0
98,163,08:23,0
98,164,08:24,0
98,165,08:25,0
98,166,08:26,0
98,167,08:27,0
98,168,08:28,0
98,169,08:29,0
98,170,08:30,0
98,171,08:31,0
98,172,08:32,0
98,173,08:33,0
98,174,08:34,0
98,175,08:35,0
98,176,08:36,0
98,177,08:37,0
98,178,08:38,0
98,179,08:39,0
98,180,08:40,0
98,181,08:41,0
98,182,08:42,0
98,183,08:43,0
98,184,08:44,0
98,185,08:45,0
98,186,08:46,0
98,187,08:47,0
98,188,08:48,0
98,189,08:49,0
98,190,08:50,0
98,191,08:51,0
98,192,08:52,0
98,193,08:53,0
98,194,08:54,0
98,195,08:55,0
98,196,08:56,0
98,197,08:57,0
98,198,08:58,0
98,199,08:59,0
98,200,09:00,0
98,201,09:01,0
98,202,09:02,0
98,203,09:03,0
98,204,09:04,0
98,205,09:05,0
98,206,09:06,0
98,207,09:07,0
98,208,09:08,0
98,209,09:09,0
98,210,09:10,0
98,211,09:11,0
98,212,09:12,0
98,213,09:13,0
98,214,09:14,0
98,215,09:15,0
98,216,09:16,0
98,217,09:17,0
98,218,09:18,0
98,219,09:19,0
98,220,09:20,0
98,221,09:21,0
98,222,09:22,0
98,223,09:23,0
98,224,09:24,0
98,225,09:25,0
98,226,09:26,0
98,227,09:27,0
98,228,09:28,0
98,229,09:29,0
98,230,09:30,0
98,231,09:31,0
98,232,09:32,0
98,233,09:33,0
98,234,09:34,0
98,235,09:35,0
98,236,09:36,0
98,237,09:37,0
98,238,09:38,0
98,239,09:39,0
98,240,09:40,0
98,241,09:41,0
98,242,09:42,0
98,243,09:43,0
98,244,09:44,0
98,245,09:45,0
98,246,09:46,0
98,247,09:47,0
98,248,09:48,0
98,249,09:49,0
98,250,09:50,0
98,251,09:51,0
98,252,09:52,0
98,253,09:53,0
98,254,09:54,0
98,255,09:55,0
98,256,09:56,0
98,257,09:57,0
98,258,09:58,0
98,259,09:59,0
98,260,10:00,0
98,261,10:01,0
98,262,10:02,0
98,263,10:03,0
98,264,10:04,0
98,265,10:05,0
98,266,10:06,0
98,267,10:07,0
98,268,10:08,0
98,269,10:09,0
98,270,10:10,0
98,271,10:11,0
98,272,10:12,0
98,273,10:13,0
98,274,10:14,0
98,275,10:15,0
98,276,10:16,0
98,277,10:17,0
98,278,10:18,0
98,279,10:19,0
98,280,10:20,0
98,281,10:21,0
98,282,10:22,0
98,283,10:23,0
98,284,10:24,0
98,285,10:25,0
98,286,10:26,0
98,287,10:27,0
98,288,10:28,0
98,289,10:29,0
98,290,10:30,0
98,291,10:31,0
98,292,10:32,1
98,293,10:33,1
98,294,10:34,1
98,295,10:35,1
98,296,10:36,2
98,297,10:37,2
98,298,10:38,2
98,299,10:39,2
98,300,10:40,2
98,301,10:41,2
98,302,10:42,2
98,303,10:43,2
98,304,10:44,2
98,305,10:45,2
98,306,10:46,2
98,307,10:47,2
98,308,10:48,2
98,309,10:49,2
98,310,10:50,2
98,311,10:51,1
98,312,10:52,1
98,313,10:53,1
98,314,10:54,0
98,315,10:55,0
98,316,10:56,0
98,317,10:57,0
98,318,10:58,0
98,319,10:59,0
98,320,11:00,0
98,321,11:01,0
98,322,11:02,0
98,323,11:03,0
98,324,11:04,0
98,325,11:05,0
98,326,11:06,0
98,327,11:07,0
98,328,11:08,0
98,329,11:09,0
98,330,11:10,0
98,331,11:11,0
98,332,11:12,0
98,333,11:13,0
98,334,11:14,0
98,335,11:15,0
98,336,11:16,0
98,337,11:17,0
98,338,11:18,0
98,339,11:19,0
98,340,11:20,0
98,341,11:21,0
98,342,11:22,0
98,343,11:23,0
98,344,11:24,0
98,345,11:25,0
98,346,11:26,0
98,347,11:27,0
98,348,11:28,0
98,349,11:29,0
98,350,11:30,0
98,351,11:31,0
98,352,11:32,0
98,353,11:33,0
98,354,11:34,0
98,355,11:35,0
98,356,11:36,0
98,357,11:37,0
98,358,11:38,0
98,359,11:39,0
98,360,11:40,0
98,361,11:41,0
98,362,11:42,0
98,363,11:43,0
98,364,11:44,0
98,365,11:45,0
98,366,11:46,0
98,367,11:47,0
98,368,11:48,0
98,369,11:49,0
98,370,11:50,0
98,371,11:51,0
98,372,11:52,0
98,373,11:53,0
98,374,11:54,0
98,375,11:55,0
98,376,11:56,0
98,377,11:57,0
98,378,11:58,0
98,379,11:59,0
98,380,12:00,0
98,381,12:01,0
98,382,12:02,0
98,383,12:03,0
98,384,12:04,0
98,385,12:05,0
98,386,12:06,0
98,387,12:07,0
98,388,12:08,0
98,389,12:09,0
98,390,12:10,0
98,391,12:11,0
98,392,12:12,0
98,393,12:13,0
98,394,12:14,0
98,395,12:15,0
98,396,12:16,0
98,397,12:17,0
98,398,12:18,0
98,399,12:19,0
98,400,12:20,0
98,401,12:21,0
98,402,12:22,0
98,403,12:23,0
98,404,12:24,0
98,405,12:25,0
98,406,12:26,0
98,407,12:27,0
98,408,12:28,0
98,409,12:29,0
98,410,12:30,0
98,411,12:31,0
98,412,12:32,0
98,413,12:33,0
98,414,12:34,0
98,415,12:35,0
98,416,12:36,0
98,417,12:37,0
98,418,12:38,0
98,419,12:39,0
98,420,12:40,0
98,421,12:41,0
98,422,12:42,0
98,423,12:43,0
98,424,12:44,0
98,425,12:45,0
98,426,12:46,0
98,427,12:47,0
98,428,12:48,0
98,429,12:49,0
98,430,12:50,0
98,431,12:51,0
98,432,12:52,0
98,433,12:53,0
98,434,12:54,0
98,435,12:55,0
98,436,12:56,0
98,437,12:57,0
98,438,12:58,0
98,439,12:59,0
98,440,13:00,0
98,441,13:01,0
98,442,13:02,0
98,443,13:03,0
98,444,13:04,0
98,445,13:05,0
98,446,13:06,0
98,447,13:07,0
98,448,13:08,0
98,449,13:09,0
98,450,13:10,0
98,451,13:11,0
98,452,13:12,0
98,453,13:13,0
98,454,13:14,0
98,455,13:15,0
98,456,13:16,0
98,457,13:17,0
98,458,13:18,0
98,459,13:19,0
98,460,13:20,0
98,461,13:21,0
98,462,13:22,0
98,463,13:23,0
98,464,13:24,0
98,465,13:25,0
98,466,13:26,0
98,467,13:27,0
98,468,13:28,0
98,469,13:29,0
98,470,13:30,0
98,471,13:31,0
98,472,13:32,0
98,473,13:33,0
98,474,13:34,0
98,475,13:35,0
98,476,13:36,0
98,477,13:37,0
98,478,13:38,0
98,479,13:39,0
98,480,13:40,0
98,481,13:41,0
98,482,13:42,0
98,483,13:43,0
98,484,13:44,0
98,485,13:45,0
98,486,13:46,0
98,487,13:47,0
98,488,13:48,0
98,489,13:49,0
98,490,13:50,0
98,491,13:51,0
98,492,13:52,0
98,493,13:53,0
98,494,13:54,0
98,495,13:55,0
98,496,13:56,0
98,497,13:57,0
98,498,13:58,0
98,499,13:59,0
98,500,14:00,0
98,501,14:01,0
98,502,14:02,0
98,503,14:03,0
98,504,14:04,0
98,505,14:05,0
98,506,14:06,0
98,507,14:07,0
98,508,14:08,0
98,509,14:09,0
98,510,14:10,0
98,511,14:11,0
98,512,14:12,0
98,513,14:13,0
98,514,14:14,0
98,515,14:15,0
98,516,14:16,0
98,517,14:17,0
98,518,14:18,0
98,519,14:19,0
98,520,14:20,0
98,521,14:21,0
98,522,14:22,0
98,523,14:23,0
98,524,14:24,0
98,525,14:25,1
98,526,14:26,1
98,527,14:27,1
98,528,14:28,1
98,529,14:29,1
98,530,14:30,1
98,531,14:31,1
98,532,14:32,1
98,533,14:33,1
98,534,14:34,0
98,535,14:35,0
98,536,14:36,0
98,537,14:37,0
98,538,14:38,0
98,539,14:39,0
98,540,14:40,1
98,541,14:41,1
98,542,14:42,1
98,543,14:43,1
98,544,14:44,1
98,545,14:45,1
98,546,14:46,1
98,547,14:47,1
98,548,14:48,1
98,549,14:49,1
98,550,14:50,1
98,551,14:51,0
98,552,14:52,0
98,553,14:53,0
98,554,14:54,0
98,555,14:55,0
98,556,14:56,0
98,557,14:57,0
98,558,14:58,0
98,559,14:59,0
98,560,15:00,0
98,561,15:01,0
98,562,15:02,0
98,563,15:03,0
98,564,15:04,0
98,565,15:05,0
98,566,15:06,0
98,567,15:07,0
98,568,15:08,0
98,569,15:09,0
98,570,15:10,0
98,571,15:11,0
98,572,15:12,0
98,573,15:13,0
98,574,15:14,0
98,575,15:15,0
98,576,15:16,0
98,577,15:17,0
98,578,15:18,0
98,579,15:19,0
98,580,15:20,0
98,581,15:21,0
98,582,15:22,0
98,583,15:23,0
98,584,15:24,0
98,585,15:25,0
98,586,15:26,0
98,587,15:27,0
98,588,15:28,0
98,589,15:29,0
98,590,15:30,0
98,591,15:31,0
98,592,15:32,0
98,593,15:33,0
98,594,15:34,0
98,595,15:35,0
98,596,15:36,0
98,597,15:37,0
98,598,15:38,0
98,599,15:39,0
98,600,15:40,0
98,601,15:41,0
98,602,15:42,0
98,603,15:43,0
98,604,15:44,0
98,605,15:45,0
98,606,15:46,0
98,607,15:47,0
98,608,15:48,0
98,609,15:49,0
98,610,15:50,0
98,611,15:51,0
98,612,15:52,0
98,613,15:53,0
98,614,15:54,0
98,615,15:55,0
98,616,15:56,0
98,617,15:57,0
98,618,15:58,0
98,619,15:59,0
98,620,16:00,0
98,621,16:01,0
98,622,16:02,0
98,623,16:03,0
98,624,16:04,0
98,625,16:05,0
98,626,16:06,0
98,627,16:07,0
98,628,16:08,0
98,629,16:09,0
98,630,16:10,0
98,631,16:11,0
98,632,16:12,0
98,633,16:13,0
98,634,16:14,0
98,635,16:15,0
98,636,16:16,0
98,637,16:17,0
98,638,16:18,0
98,639,16:19,0
98,640,16:20,0
98,641,16:21,0
98,642,16:22,0
98,643,16:23,0
98,644,16:24,0
98,645,16:25,0
98,646,16:26,0
98,647,16:27,0
98,648,16:28,0
98,649,16:29,0
98,650,16:30,0
98,651,16:31,0
98,652,16:32,0
98,653,16:33,0
98,654,16:34,0
98,655,16:35,0
98,656,16:36,0
98,657,16:37,0
98,658,16:38,0
98,659,16:39,0
98,660,16:40,0
98,661,16:41,0
98,662,16:42,0
98,663,16:43,0
98,664,16:44,0
98,665,16:45,0
98,666,16:46,0
98,667,16:47,0
98,668,16:48,0
98,669,16:49,0
98,670,16:50,0
98,671,16:51,0
98,672,16:52,0
98,673,16:53,0
98,674,16:54,0
98,675,16:55,0
98,676,16:56,1
98,677,16:57,1
98,678,16:58,1
98,679,16:59,1
98,680,17:00,1
98,681,17:01,1
98,682,17:02,1
98,683,17:03,1
98,684,17:04,1
98,685,17:05,1
98,686,17:06,1
98,687,17:07,1
98,688,17:08,1
98,689,17:09,1
98,690,17:10,1
98,691,17:11,1
98,692,17:12,1
98,693,17:13,1
98,694,17:14,1
98,695,17:15,1
98,696,17:16,0
98,697,17:17,0
98,698,17:18,0
98,699,17:19,1
98,700,17:20,1
98,701,17:21,1
98,702,17:22,1
98,703,17:23,1
98,704,17:24,1
98,705,17:25,1
98,706,17:26,1
98,707,17:27,1
98,708,17:28,0
98,709,17:29,0
98,710,17:30,0
98,711,17:31,0
98,712,17:32,0
98,713,17:33,0
98,714,17:34,0
98,715,17:35,0
98,716,17:36,0
98,717,17:37,0
98,718,17:38,0
98,719,17:39,2
98,720,17:40,2
98,721,17:41,2
98,722,17:42,2
98,723,17:43,2
98,724,17:44,2
98,725,17:45,2
98,726,17:46,2
98,727,17:47,2
98,728,17:48,2
98,729,17:49,2
98,730,17:50,2
98,731,17:51,2
98,732,17:52,2
98,733,17:53,2
98,734,17:54,2
98,735,17:55,2
98,736,17:56,2
98,737,17:57,2
98,738,17:58,2
98,739,17:59,2
98,740,18:00,2
98,741,18:01,2
98,742,18:02,0
98,743,18:03,0
98,744,18:04,0
98,745,18:05,0
98,746,18:06,0
98,747,18:07,0
98,748,18:08,0
98,749,18:09,0
98,750,18:10,0
98,751,18:11,0
98,752,18:12,0
98,753,18:13,0
98,754,18:14,0
98,755,18:15,0
98,756,18:16,0
98,757,18:17,0
98,758,18:18,0
98,759,18:19,1
98,760,18:20,1
98,761,18:21,1
98,762,18:22,1
98,763,18:23,1
98,764,18:24,1
98,765,18:25,1
98,766,18:26,1
98,767,18:27,1
98,768,18:28,1
98,769,18:29,1
98,770,18:30,1
98,771,18:31,1
98,772,18:32,0
98,773,18:33,0
98,774,18:34,0
98,775,18:35,0
98,776,18:36,0
98,777,18:37,0
98,778,18:38,0
98,779,18:39,0
98,780,18:40,1
98,781,18:41,1
98,782,18:42,1
98,783,18:43,1
98,784,18:44,1
98,785,18:45,1
98,786,18:46,1
98,787,18:47,1
98,788,18:48,1
98,789,18:49,1
98,790,18:50,0
98,791,18:51,0
98,792,18:52,0
98,793,18:53,0
98,794,18:54,0
98,795,18:55,0
98,796,18:56,0
98,797,18:57,0
98,798,18:58,0
98,799,18:59,0
98,800,19:00,0
98,801,19:01,0
98,802,19:02,0
98,803,19:03,0
98,804,19:04,0
98,805,19:05,0
98,806,19:06,0
98,807,19:07,0
98,808,19:08,0
98,809,19:09,0
98,810,19:10,0
98,811,19:11,0
98,812,19:12,0
98,813,19:13,0
98,814,19:14,0
98,815,19:15,0
98,816,19:16,0
98,817,19:17,0
98,818,19:18,0
98,819,19:19,0
98,820,19:20,0
98,821,19:21,0
98,822,19:22,0
98,823,19:23,0
98,824,19:24,0
98,825,19:25,0
98,826,19:26,0
98,827,19:27,0
98,828,19:28,0
98,829,19:29,0
98,830,19:30,0
98,831,19:31,0
98,832,19:32,0
98,833,19:33,0
98,834,19:34,0
98,835,19:35,0
99,0,05:40,0
99,1,05:41,0
99,2,05:42,0
99,3,05:43,0
99,4,05:44,0
99,5,05:45,0
99,6,05:46,0
99,7,05:47,0
99,8,05:48,0
99,9,05:49,0
99,10,05:50,0
99,11,05:51,0
99,12,05:52,0
99,13,05:53,0
99,14,05:54,0
99,15,05:55,0
99,16,05:56,0
99,17,05:57,0
99,18,05:58,0
99,19,05:59,0
99,20,06:00,0
99,21,06:01,0
99,22,06:02,0
99,23,06:03,0
99,24,06:04,0
99,25,06:05,0
99,26,06:06,0
99,27,06:07,0
99,28,06:08,0
99,29,06:09,0
99,30,06:10,0
99,31,06:11,0
99,32,06:12,0
99,33,06:13,0
99,34,06:14,0
99,35,06:15,0
99,36,06:16,0
99,37,06:17,0
99,38,06:18,0
99,39,06:19,0
99,40,06:20,0
99,41,06:21,0
99,42,06:22,0
99,43,06:23,0
99,44,06:24,0
99,45,06:25,0
99,46,06:26,0
99,47,06:27,0
99,48,06:28,0
99,49,06:29,0
99,50,06:30,0
99,51,06:31,0
99,52,06:32,0
99,53,06:33,0
99,54,06:34,0
99,55,06:35,0
99,56,06:36,0
99,57,06:37,0
99,58,06:38,0
99,59,06:39,0
99,60,06:40,0
99,61,06:41,0
99,62,06:42,0
99,63,06:43,0
99,64,06:44,0
99,65,06:45,0
99,66,06:46,0
99,67,06:47,0
99,68,06:48,0
99,69,06:49,0
99,70,06:50,0
99,71,06:51,0
99,72,06:52,0
99,73,06:53,0
99,74,06:54,0
99,75,06:55,0
99,76,06:56,0
99,77,06:57,0
99,78,06:58,0
99,79,06:59,0
99,80,07:00,0
99,81,07:01,0
99,82,07:02,0
99,83,07:03,0
99,84,07:04,0
99,85,07:05,0
99,86,07:06,0
99,87,07:07,0
99,88,07:08,0
99,89,07:09,0
99,90,07:10,0
99,91,07:11,0
99,92,07:12,0
99,93,07:13,0
99,94,07:14,0
99,95,07:15,0
99,96,07:16,0
99,97,07:17,0
99,98,07:18,0
99,99,07:19,0
99,100,07:20,0
99,101,07:21,0
99,102,07:22,0
99,103,07:23,0
99,104,07:24,0
99,105,07:25,0
99,106,07:26,0
99,107,07:27,0
99,108,07:28,0
99,109,07:29,0
99,110,07:30,0
99,111,07:31,0
99,112,07:32,0
99,113,07:33,0
99,114,07:34,0
99,115,07:35,0
99,116,07:36,0
99,117,07:37,0
99,118,07:38,0
99,119,07:39,0
99,120,07:40,0
99,121,07:41,0
99,122,07:42,0
99,123,07:43,0
99,124,07:44,0
99,125,07:45,0
99,126,07:46,0
99,127,07:47,0
99,128,07:48,0
99,129,07:49,0
99,130,07:50,0
99,131,07:51,0
99,132,07:52,0
99,133,07:53,0
99,134,07:54,0
99,135,07:55,0
99,136,07:56,0
99,137,07:57,0
99,138,07:58,0
99,139,07:59,0
99,140,08:00,0
99,141,08:01,0
99,142,08:02,0
99,143,08:03,0
99,144,08:04,0
99,145,08:05,0
99,146,08:06,0
99,147,08:07,0
99,148,08:08,0
99,149,08:09,0
99,150,08:10,0
99,151,08:11,0
99,152,08:12,0
99,153,08:13,0
99,154,08:14,0
99,155,08:15,0
99,156,08:16,0
99,157,08:17,0
99,158,08:18,0
99,159,08:19,0
99,160,08:20,0
99,161,08:21,0
99,162,08:22,0
99,163,08:23,0
99,164,08:24,0
99,165,08:25,0
99,166,08:26,0
99,167,08:27,0
99,168,08:28,0
99,169,08:29,0
99,170,08:30,0
99,171,08:31,0
99,172,08:32,0
99,173,08:33,0
99,174,08:34,0
99,175,08:35,0
99,176,08:36,0
99,177,08:37,0
99,178,08:38,0
99,179,08:39,0
99,180,08:40,0
99,181,08:41,0
99,182,08:42,0
99,183,08:43,0
99,184,08:44,0
99,185,08:45,0
99,186,08:46,0
99,187,08:47,0
99,188,08:48,0
99,189,08:49,0
99,190,08:50,0
99,191,08:51,0
99,192,08:52,0
99,193,08:53,0
99,194,08:54,0
99,195,08:55,0
99,196,08:56,0
99,197,08:57,0
99,198,08:58,0
99,199,08:59,0
99,200,09:00,0
99,201,09:01,0
99,202,09:02,0
99,203,09:03,0
99,204,09:04,0
99,205,09:05,0
99,206,09:06,0
99,207,09:07,0
99,208,09:08,0
99,209,09:09,0
99,210,09:10,0
99,211,09:11,0
99,212,09:12,0
99,213,09:13,0
99,214,09:14,0
99,215,09:15,0
99,216,09:16,0
99,217,09:17,0
99,218,09:18,0
99,219,09:19,0
99,220,09:20,0
99,221,09:21,0
99,222,09:22,0
99,223,09:23,0
99,224,09:24,0
99,225,09:25,0
99,226,09:26,0
99,227,09:27,0
99,228,09:28,0
99,229,09:29,0
99,230,09:30,0
99,231,09:31,0
99,232,09:32,0
99,233,09:33,0
99,234,09:34,0
99,235,09:35,0
99,236,09:36,0
99,237,09:37,0
99,238,09:38,0
99,239,09:39,0
99,240,09:40,0
99,241,09:41,0
99,242,09:42,0
99,243,09:43,0
99,244,09:44,0
99,245,09:45,0
99,246,09:46,0
99,247,09:47,0
99,248,09:48,0
99,249,09:49,0
99,250,09:50,0
99,251,09:51,0
99,252,09:52,0
99,253,09:53,0
99,254,09:54,0
99,255,09:55,0
99,256,09:56,0
99,257,09:57,0
99,258,09:58,0
99,259,09:59,0
99,260,10:00,0
99,261,10:01,0
99,262,10:02,0
99,263,10:03,0
99,264,10:04,1
99,265,10:05,1
99,266,10:06,1
99,267,10:07,2
99,268,10:08,2
99,269,10:09,2
99,270,10:10,2
99,271,10:11,2
99,272,10:12,2
99,273,10:13,2
99,274,10:14,2
99,275,10:15,2
99,276,10:16,2
99,277,10:17,2
99,278,10:18,2
99,279,10:19,2
99,280,10:20,2
99,281,10:21,2
99,282,10:22,1
99,283,10:23,1
99,284,10:24,1
99,285,10:25,0
99,286,10:26,0
99,287,10:27,0
99,288,10:28,0
99,289,10:29,0
99,290,10:30,0
99,291,10:31,0
99,292,10:32,0
99,293,10:33,1
99,294,10:34,1
99,295,10:35,1
99,296,10:36,1
99,297,10:37,1
99,298,10:38,1
99,299,10:39,1
99,300,10:40,1
99,301,10:41,1
99,302,10:42,1
99,303,10:43,1
99,304,10:44,1
99,305,10:45,1
99,306,10:46,1
99,307,10:47,1
99,308,10:48,1
99,309,10:49,1
99,310,10:50,1
99,311,10:51,1
99,312,10:52,1
99,313,10:53,1
99,314,10:54,1
99,315,10:55,1
99,316,10:56,1
99,317,10:57,1
99,318,10:58,1
99,319,10:59,1
99,320,11:00,1
99,321,11:01,1
99,322,11:02,1
99,323,11:03,0
99,324,11:04,0
99,325,11:05,0
99,326,11:06,0
99,327,11:07,0
99,328,11:08,0
99,329,11:09,0
99,330,11:10,0
99,331,11:11,0
99,332,11:12,0
99,333,11:13,0
99,334,11:14,0
99,335,11:15,0
99,336,11:16,0
99,337,11:17,0
99,338,11:18,0
99,339,11:19,0
99,340,11:20,0
99,341,11:21,0
99,342,11:22,0
99,343,11:23,0
99,344,11:24,0
99,345,11:25,0
99,346,11:26,0
99,347,11:27,0
99,348,11:28,0
99,349,11:29,0
99,350,11:30,0
99,351,11:31,0
99,352,11:32,0
99,353,11:33,0
99,354,11:34,0
99,355,11:35,0
99,356,11:36,0
99,357,11:37,0
99,358,11:38,0
99,359,11:39,0
99,360,11:40,0
99,361,11:41,0
99,362,11:42,0
99,363,11:43,0
99,364,11:44,0
99,365,11:45,0
99,366,11:46,0
99,367,11:47,0
99,368,11:48,0
99,369,11:49,0
99,370,11:50,0
99,371,11:51,0
99,372,11:52,0
99,373,11:53,0
99,374,11:54,0
99,375,11:55,0
99,376,11:56,0
99,377,11:57,0
99,378,11:58,0
99,379,11:59,0
99,380,12:00,0
99,381,12:01,0
99,382,12:02,0
99,383,12:03,0
99,384,12:04,0
99,385,12:05,0
99,386,12:06,0
99,387,12:07,0
99,388,12:08,0
99,389,12:09,0
99,390,12:10,0
99,391,12:11,0
99,392,12:12,0
99,393,12:13,0
99,394,12:14,0
99,395,12:15,0
99,396,12:16,0
99,397,12:17,0
99,398,12:18,0
99,399,12:19,0
99,400,12:20,0
99,401,12:21,0
99,402,12:22,0
99,403,12:23,0
99,404,12:24,0
99,405,12:25,0
99,406,12:26,0
99,407,12:27,0
99,408,12:28,0
99,409,12:29,0
99,410,12:30,0
99,411,12:31,0
99,412,12:32,0
99,413,12:33,0
99,414,12:34,0
99,415,12:35,0
99,416,12:36,0
99,417,12:37,0
99,418,12:38,0
99,419,12:39,0
99,420,12:40,0
99,421,12:41,0
99,422,12:42,0
99,423,12:43,0
99,424,12:44,0
99,425,12:45,0
99,426,12:46,0
99,427,12:47,0
99,428,12:48,0
99,429,12:49,0
99,430,12:50,0
99,431,12:51,0
99,432,12:52,0
99,433,12:53,0
99,434,12:54,0
99,435,12:55,0
99,436,12:56,0
99,437,12:57,0
99,438,12:58,0
99,439,12:59,0
99,440,13:00,0
99,441,13:01,0
99,442,13:02,0
99,443,13:03,0
99,444,13:04,0
99,445,13:05,0
99,446,13:06,0
99,447,13:07,0
99,448,13:08,0
99,449,13:09,0
99,450,13:10,0
99,451,13:11,0
99,452,13:12,0
99,453,13:13,0
99,454,13:14,0
99,455,13:15,0
99,456,13:16,0
99,457,13:17,0
99,458,13:18,0
99,459,13:19,0
99,460,13:20,0
99,461,13:21,0
99,462,13:22,0
99,463,13:23,0
99,464,13:24,0
99,465,13:25,0
99,466,13:26,0
99,467,13:27,0
99,468,13:28,0
99,469,13:29,0
99,470,13:30,0
99,471,13:31,0
99,472,13:32,0
99,473,13:33,0
99,474,13:34,0
99,475,13:35,0
99,476,13:36,0
99,477,13:37,0
99,478,13:38,0
99,479,13:39,0
99,480,13:40,0
99,481,13:41,0
99,482,13:42,0
99,483,13:43,0
99,484,13:44,0
99,485,13:45,0
99,486,13:46,0
99,487,13:47,0
99,488,13:48,0
99,489,13:49,0
99,490,13:50,0
99,491,13:51,0
99,492,13:52,0
99,493,13:53,0
99,494,13:54,0
99,495,13:55,0
99,496,13:56,0
99,497,13:57,0
99,498,13:58,0
99,499,13:59,0
99,500,14:00,0
99,501,14:01,0
99,502,14:02,0
99,503,14:03,0
99,504,14:04,0
99,505,14:05,0
99,506,14:06,0
99,507,14:07,0
99,508,14:08,0
99,509,14:09,0
99,510,14:10,0
99,511,14:11,0
99,512,14:12,0
99,513,14:13,0
99,514,14:14,0
99,515,14:15,0
99,516,14:16,0
99,517,14:17,0
99,518,14:18,0
99,519,14:19,0
99,520,14:20,0
99,521,14:21,0
99,522,14:22,0
99,523,14:23,0
99,524,14:24,0
99,525,14:25,0
99,526,14:26,0
99,527,14:27,0
99,528,14:28,0
99,529,14:29,0
99,530,14:30,0
99,531,14:31,0
99,532,14:32,0
99,533,14:33,0
99,534,14:34,0
99,535,14:35,0
99,536,14:36,0
99,537,14:37,0
99,538,14:38,0
99,539,14:39,0
99,540,14:40,0
99,541,14:41,0
99,542,14:42,0
99,543,14:43,0
99,544,14:44,0
99,545,14:45,0
99,546,14:46,0
99,547,14:47,0
99,548,14:48,0
99,549,14:49,0
99,550,14:50,0
99,551,14:51,0
99,552,14:52,0
99,553,14:53,0
99,554,14:54,0
99,555,14:55,0
99,556,14:56,0
99,557,14:57,0
99,558,14:58,0
99,559,14:59,0
99,560,15:00,0
99,561,15:01,0
99,562,15:02,0
99,563,15:03,0
99,564,15:04,0
99,565,15:05,0
99,566,15:06,0
99,567,15:07,0
99,568,15:08,0
99,569,15:09,0
99,570,15:10,0
99,571,15:11,0
99,572,15:12,0
99,573,15:13,0
99,574,15:14,0
99,575,15:15,0
99,576,15:16,0
99,577,15:17,0
99,578,15:18,0
99,579,15:19,0
99,580,15:20,0
99,581,15:21,0
99,582,15:22,0
99,583,15:23,0
99,584,15:24,0
99,585,15:25,0
99,586,15:26,0
99,587,15:27,0
99,588,15:28,0
99,589,15:29,0
99,590,15:30,0
99,591,15:31,0
99,592,15:32,0
99,593,15:33,0
99,594,15:34,0
99,595,15:35,0
99,596,15:36,0
99,597,15:37,0
99,598,15:38,0
99,599,15:39,0
99,600,15:40,0
99,601,15:41,0
99,602,15:42,0
99,603,15:43,0
99,604,15:44,0
99,605,15:45,0
99,606,15:46,0
99,607,15:47,0
99,608,15:48,0
99,609,15:49,0
99,610,15:50,0
99,611,15:51,0
99,612,15:52,0
99,613,15:53,0
99,614,15:54,0
99,615,15:55,0
99,616,15:56,0
99,617,15:57,0
99,618,15:58,0
99,619,15:59,0
99,620,16:00,0
99,621,16:01,0
99,622,16:02,0
99,623,16:03,0
99,624,16:04,0
99,625,16:05,0
99,626,16:06,0
99,627,16:07,0
99,628,16:08,0
99,629,16:09,0
99,630,16:10,0
99,631,16:11,0
99,632,16:12,0
99,633,16:13,0
99,634,16:14,0
99,635,16:15,0
99,636,16:16,0
99,637,16:17,0
99,638,16:18,0
99,639,16:19,0
99,640,16:20,0
99,641,16:21,0
99,642,16:22,0
99,643,16:23,0
99,644,16:24,0
99,645,16:25,0
99,646,16:26,0
99,647,16:27,0
99,648,16:28,0
99,649,16:29,0
99,650,16:30,0
99,651,16:31,0
99,652,16:32,0
99,653,16:33,0
99,654,16:34,0
99,655,16:35,0
99,656,16:36,0
99,657,16:37,0
99,658,16:38,0
99,659,16:39,0
99,660,16:40,0
99,661,16:41,1
99,662,16:42,1
99,663,16:43,1
99,664,16:44,2
99,665,16:45,2
99,666,16:46,2
99,667,16:47,3
99,668,16:48,3
99,669,16:49,3
99,670,16:50,3
99,671,16:51,3
99,672,16:52,3
99,673,16:53,3
99,674,16:54,3
99,675,16:55,3
99,676,16:56,3
99,677,16:57,3
99,678,16:58,3
99,679,16:59,3
99,680,17:00,3
99,681,17:01,3
99,682,17:02,3
99,683,17:03,3
99,684,17:04,3
99,685,17:05,3
99,686,17:06,3
99,687,17:07,3
99,688,17:08,3
99,689,17:09,2
99,690,17:10,2
99,691,17:11,2
99,692,17:12,1
99,693,17:13,1
99,694,17:14,1
99,695,17:15,0
99,696,17:16,0
99,697,17:17,0
99,698,17:18,0
99,699,17:19,0
99,700,17:20,0
99,701,17:21,0
99,702,17:22,0
99,703,17:23,0
99,704,17:24,0
99,705,17:25,0
99,706,17:26,0
99,707,17:27,0
99,708,17:28,0
99,709,17:29,0
99,710,17:30,0
99,711,17:31,0
99,712,17:32,0
99,713,17:33,0
99,714,17:34,0
99,715,17:35,0
99,716,17:36,0
99,717,17:37,0
99,718,17:38,0
99,719,17:39,0
99,720,17:40,0
99,721,17:41,0
99,722,17:42,0
99,723,17:43,0
99,724,17:44,0
99,725,17:45,0
99,726,17:46,0
99,727,17:47,0
99,728,17:48,0
99,729,17:49,0
99,730,17:50,0
99,731,17:51,0
99,732,17:52,0
99,733,17:53,0
99,734,17:54,0
99,735,17:55,0
99,736,17:56,0
99,737,17:57,0
99,738,17:58,0
99,739,17:59,0
99,740,18:00,0
99,741,18:01,0
99,742,18:02,0
99,743,18:03,0
99,744,18:04,0
99,745,18:05,0
99,746,18:06,0
99,747,18:07,0
99,748,18:08,0
99,749,18:09,0
99,750,18:10,0
99,751,18:11,0
99,752,18:12,0
99,753,18:13,0
99,754,18:14,0
99,755,18:15,0
99,756,18:16,0
99,757,18:17,0
99,758,18:18,0
99,759,18:19,0
99,760,18:20,0
99,761,18:21,0
99,762,18:22,0
99,763,18:23,0
99,764,18:24,0
99,765,18:25,0
99,766,18:26,0
99,767,18:27,0
99,768,18:28,0
99,769,18:29,0
99,770,18:30,0
99,771,18:31,0
99,772,18:32,0
99,773,18:33,0
99,774,18:34,0
99,775,18:35,0
99,776,18:36,0
99,777,18:37,0
99,778,18:38,0
99,779,18:39,0
99,780,18:40,0
99,781,18:41,0
99,782,18:42,0
99,783,18:43,0
99,784,18:44,0
99,785,18:45,0
99,786,18:46,0
99,787,18:47,0
99,788,18:48,0
99,789,18:49,0
99,790,18:50,0
99,791,18:51,0
99,792,18:52,0
99,793,18:53,0
99,794,18:54,0
99,795,18:55,0
99,796,18:56,0
99,797,18:57,0
99,798,18:58,0
99,799,18:59,0
99,800,19:00,0
99,801,19:01,0
99,802,19:02,0
99,803,19:03,0
99,804,19:04,0
99,805,19:05,0
99,806,19:06,0
99,807,19:07,0
99,808,19:08,0
99,809,19:09,0
99,810,19:10,0
99,811,19:11,0
99,812,19:12,0
99,813,19:13,0
99,814,19:14,0
99,815,19:15,0
99,816,19:16,0
99,817,19:17,0
99,818,19:18,0
99,819,19:19,0
99,820,19:20,0
99,821,19:21,0
99,822,19:22,0
99,823,19:23,0
99,824,19:24,0
99,825,19:25,0
99,826,19:26,0
99,827,19:27,0
99,828,19:28,0
99,829,19:29,0
99,830,19:30,0
99,831,19:31,0
99,832,19:32,0
99,833,19:33,0
99,834,19:34,0
99,835,19:35,0
100,0,05:40,0
100,1,05:41,0
100,2,05:42,0
100,3,05:43,0
100,4,05:44,0
100,5,05:45,0
100,6,05:46,0
100,7,05:47,0
100,8,05:48,0
100,9,05:49,0
100,10,05:50,0
100,11,05:51,0
100,12,05:52,0
100,13,05:53,0
100,14,05:54,0
100,15,05:55,0
100,16,05:56,0
100,17,05:57,0
100,18,05:58,0
100,19,05:59,0
100,20,06:00,0
100,21,06:01,0
100,22,06:02,0
100,23,06:03,0
100,24,06:04,0
100,25,06:05,0
100,26,06:06,0
100,27,06:07,0
100,28,06:08,0
100,29,06:09,0
100,30,06:10,0
100,31,06:11,0
100,32,06:12,0
100,33,06:13,0
100,34,06:14,0
100,35,06:15,0
100,36,06:16,0
100,37,06:17,0
100,38,06:18,0
100,39,06:19,0
100,40,06:20,0
100,41,06:21,0
100,42,06:22,0
100,43,06:23,0
100,44,06:24,0
100,45,06:25,0
100,46,06:26,0
100,47,06:27,0
100,48,06:28,0
100,49,06:29,0
100,50,06:30,0
100,51,06:31,0
100,52,06:32,0
100,53,06:33,0
100,54,06:34,0
100,55,06:35,0
100,56,06:36,0
100,57,06:37,0
100,58,06:38,0
100,59,06:39,0
100,60,06:40,0
100,61,06:41,0
100,62,06:42,0
100,63,06:43,0
100,64,06:44,0
100,65,06:45,0
100,66,06:46,0
100,67,06:47,0
100,68,06:48,0
100,69,06:49,0
100,70,06:50,0
100,71,06:51,0
100,72,06:52,0
100,73,06:53,0
100,74,06:54,0
100,75,06:55,0
100,76,06:56,0
100,77,06:57,0
100,78,06:58,0
100,79,06:59,0
100,80,07:00,0
100,81,07:01,0
100,82,07:02,0
100,83,07:03,0
100,84,07:04,0
100,85,07:05,0
100,86,07:06,0
100,87,07:07,0
100,88,07:08,0
100,89,07:09,0
100,90,07:10,0
100,91,07:11,0
100,92,07:12,0
100,93,07:13,0
100,94,07:14,0
100,95,07:15,0
100,96,07:16,0
100,97,07:17,0
100,98,07:18,0
100,99,07:19,0
100,100,07:20,0
100,101,07:21,0
100,102,07:22,0
100,103,07:23,0
100,104,07:24,0
100,105,07:25,0
100,106,07:26,0
100,107,07:27,0
100,108,07:28,0
100,109,07:29,0
100,110,07:30,0
100,111,07:31,0
100,112,07:32,0
100,113,07:33,0
100,114,07:34,0
100,115,07:35,0
100,116,07:36,0
100,117,07:37,0
100,118,07:38,0
100,119,07:39,0
100,120,07:40,0
100,121,07:41,0
100,122,07:42,0
100,123,07:43,0
100,124,07:44,0
100,125,07:45,0
100,126,07:46,0
100,127,07:47,0
100,128,07:48,0
100,129,07:49,0
100,130,07:50,0
100,131,07:51,0
100,132,07:52,0
100,133,07:53,0
100,134,07:54,0
100,135,07:55,0
100,136,07:56,0
100,137,07:57,0
100,138,07:58,0
100,139,07:59,0
100,140,08:00,0
100,141,08:01,0
100,142,08:02,0
100,143,08:03,0
100,144,08:04,0
100,145,08:05,0
100,146,08:06,0
100,147,08:07,0
100,148,08:08,0
100,149,08:09,0
100,150,08:10,0
100,151,08:11,0
100,152,08:12,0
100,153,08:13,0
100,154,08:14,0
100,155,08:15,0
100,156,08:16,0
100,157,08:17,0
100,158,08:18,0
100,159,08:19,0
100,160,08:20,0
100,161,08:21,0
100,162,08:22,0
100,163,08:23,0
100,164,08:24,0
100,165,08:25,0
100,166,08:26,0
100,167,08:27,0
100,168,08:28,0
100,169,08:29,0
100,170,08:30,0
100,171,08:31,0
100,172,08:32,0
100,173,08:33,0
100,174,08:34,0
100,175,08:35,0
100,176,08:36,0
100,177,08:37,0
100,178,08:38,0
100,179,08:39,0
100,180,08:40,0
100,181,08:41,0
100,182,08:42,0
100,183,08:43,0
100,184,08:44,0
100,185,08:45,0
100,186,08:46,0
100,187,08:47,0
100,188,08:48,0
100,189,08:49,0
100,190,08:50,0
100,191,08:51,0
100,192,08:52,0
100,193,08:53,0
100,194,08:54,0
100,195,08:55,0
100,196,08:56,0
100,197,08:57,0
100,198,08:58,0
100,199,08:59,0
100,200,09:00,0
100,201,09:01,0
100,202,09:02,0
100,203,09:03,0
100,204,09:04,0
100,205,09:05,0
100,206,09:06,0
100,207,09:07,0
100,208,09:08,0
100,209,09:09,0
100,210,09:10,0
100,211,09:11,0
100,212,09:12,0
100,213,09:13,0
100,214,09:14,0
100,215,09:15,0
100,216,09:16,0
100,217,09:17,0
100,218,09:18,0
100,219,09:19,0
100,220,09:20,0
100,221,09:21,0
100,222,09:22,0
100,223,09:23,0
100,224,09:24,0
100,225,09:25,0
100,226,09:26,0
100,227,09:27,0
100,228,09:28,0
100,229,09:29,0
100,230,09:30,0
100,231,09:31,0
100,232,09:32,0
100,233,09:33,0
100,234,09:34,0
100,235,09:35,0
100,236,09:36,0
100,237,09:37,0
100,238,09:38,0
100,239,09:39,0
100,240,09:40,0
100,241,09:41,0
100,242,09:42,0
100,243,09:43,0
100,244,09:44,0
100,245,09:45,0
100,246,09:46,0
100,247,09:47,0
100,248,09:48,0
100,249,09:49,0
100,250,09:50,0
100,251,09:51,0
100,252,09:52,0
100,253,09:53,0
100,254,09:54,0
100,255,09:55,0
100,256,09:56,0
100,257,09:57,0
100,258,09:58,0
100,259,09:59,0
100,260,10:00,0
100,261,10:01,0
100,262,10:02,0
100,263,10:03,0
100,264,10:04,0
100,265,10:05,0
100,266,10:06,0
100,267,10:07,0
100,268,10:08,0
100,269,10:09,0
100,270,10:10,0
100,271,10:11,0
100,272,10:12,0
100,273,10:13,0
100,274,10:14,0
100,275,10:15,0
100,276,10:16,0
100,277,10:17,0
100,278,10:18,0
100,279,10:19,0
100,280,10:20,0
100,281,10:21,0
100,282,10:22,0
100,283,10:23,0
100,284,10:24,0
100,285,10:25,0
100,286,10:26,0
100,287,10:27,0
100,288,10:28,0
100,289,10:29,0
100,290,10:30,0
100,291,10:31,0
100,292,10:32,0
100,293,10:33,0
100,294,10:34,0
100,295,10:35,0
100,296,10:36,0
100,297,10:37,0
100,298,10:38,0
100,299,10:39,0
100,300,10:40,0
100,301,10:41,0
100,302,10:42,0
100,303,10:43,0
100,304,10:44,0
100,305,10:45,0
100,306,10:46,0
100,307,10:47,0
100,308,10:48,0
100,309,10:49,0
100,310,10:50,0
100,311,10:51,0
100,312,10:52,0
100,313,10:53,0
100,314,10:54,0
100,315,10:55,0
100,316,10:56,0
100,317,10:57,0
100,318,10:58,0
100,319,10:59,0
100,320,11:00,0
100,321,11:01,0
100,322,11:02,0
100,323,11:03,0
100,324,11:04,0
100,325,11:05,0
100,326,11:06,0
100,327,11:07,0
100,328,11:08,0
100,329,11:09,0
100,330,11:10,0
100,331,11:11,0
100,332,11:12,0
100,333,11:13,0
100,334,11:14,0
100,335,11:15,0
100,336,11:16,0
100,337,11:17,0
100,338,11:18,0
100,339,11:19,0
100,340,11:20,0
100,341,11:21,0
100,342,11:22,0
100,343,11:23,0
100,344,11:24,0
100,345,11:25,0
100,346,11:26,0
100,347,11:27,0
100,348,11:28,0
100,349,11:29,0
100,350,11:30,0
100,351,11:31,0
100,352,11:32,0
100,353,11:33,0
100,354,11:34,0
100,355,11:35,0
100,356,11:36,0
100,357,11:37,0
100,358,11:38,0
100,359,11:39,0
100,360,11:40,0
100,361,11:41,0
100,362,11:42,0
100,363,11:43,0
100,364,11:44,0
100,365,11:45,0
100,366,11:46,0
100,367,11:47,0
100,368,11:48,0
100,369,11:49,0
100,370,11:50,0
100,371,11:51,0
100,372,11:52,0
100,373,11:53,0
100,374,11:54,0
100,375,11:55,0
100,376,11:56,0
100,377,11:57,0
100,378,11:58,0
100,379,11:59,0
100,380,12:00,0
100,381,12:01,0
100,382,12:02,0
100,383,12:03,0
100,384,12:04,0
100,385,12:05,0
100,386,12:06,0
100,387,12:07,0
100,388,12:08,0
100,389,12:09,0
100,390,12:10,0
100,391,12:11,0
100,392,12:12,0
100,393,12:13,0
100,394,12:14,0
100,395,12:15,0
100,396,12:16,0
100,397,12:17,0
100,398,12:18,0
100,399,12:19,0
100,400,12:20,0
100,401,12:21,0
100,402,12:22,0
100,403,12:23,0
100,404,12:24,0
100,405,12:25,0
100,406,12:26,0
100,407,12:27,0
100,408,12:28,0
100,409,12:29,0
100,410,12:30,0
100,411,12:31,0
100,412,12:32,0
100,413,12:33,0
100,414,12:34,0
100,415,12:35,0
100,416,12:36,0
100,417,12:37,0
100,418,12:38,0
100,419,12:39,0
100,420,12:40,0
100,421,12:41,0
100,422,12:42,0
100,423,12:43,0
100,424,12:44,0
100,425,12:45,0
100,426,12:46,0
100,427,12:47,0
100,428,12:48,0
100,429,12:49,0
100,430,12:50,0
100,431,12:51,0
100,432,12:52,0
100,433,12:53,0
100,434,12:54,0
100,435,12:55,0
100,436,12:56,0
100,437,12:57,0
100,438,12:58,0
100,439,12:59,0
100,440,13:00,0
100,441,13:01,0
100,442,13:02,0
100,443,13:03,0
100,444,13:04,0
100,445,13:05,0
100,446,13:06,0
100,447,13:07,0
100,448,13:08,0
100,449,13:09,0
100,450,13:10,0
100,451,13:11,0
100,452,13:12,0
100,453,13:13,0
100,454,13:14,0
100,455,13:15,0
100,456,13:16,0
100,457,13:17,0
100,458,13:18,0
100,459,13:19,0
100,460,13:20,0
100,461,13:21,0
100,462,13:22,0
100,463,13:23,0
100,464,13:24,0
100,465,13:25,0
100,466,13:26,0
100,467,13:27,0
100,468,13:28,0
100,469,13:29,0
100,470,13:30,0
100,471,13:31,0
100,472,13:32,0
100,473,13:33,0
100,474,13:34,0
100,475,13:35,0
100,476,13:36,0
100,477,13:37,0
100,478,13:38,0
100,479,13:39,0
100,480,13:40,0
100,481,13:41,0
100,482,13:42,0
100,483,13:43,0
100,484,13:44,0
100,485,13:45,0
100,486,13:46,0
100,487,13:47,0
100,488,13:48,0
100,489,13:49,0
100,490,13:50,0
100,491,13:51,0
100,492,13:52,0
100,493,13:53,0
100,494,13:54,0
100,495,13:55,0
100,496,13:56,0
100,497,13:57,0
100,498,13:58,0
100,499,13:59,0
100,500,14:00,0
100,501,14:01,0
100,502,14:02,0
100,503,14:03,0
100,504,14:04,0
100,505,14:05,0
100,506,14:06,0
100,507,14:07,0
100,508,14:08,0
100,509,14:09,0
100,510,14:10,0
100,511,14:11,0
100,512,14:12,0
100,513,14:13,0
100,514,14:14,0
100,515,14:15,0
100,516,14:16,0
100,517,14:17,0
100,518,14:18,0
100,519,14:19,0
100,520,14:20,0
100,521,14:21,0
100,522,14:22,0
100,523,14:23,0
100,524,14:24,0
100,525,14:25,0
100,526,14:26,0
100,527,14:27,0
100,528,14:28,0
100,529,14:29,0
100,530,14:30,0
100,531,14:31,0
100,532,14:32,0
100,533,14:33,0
100,534,14:34,0
100,535,14:35,0
100,536,14:36,0
100,537,14:37,0
100,538,14:38,0
100,539,14:39,0
100,540,14:40,0
100,541,14:41,0
100,542,14:42,0
100,543,14:43,0
100,544,14:44,0
100,545,14:45,0
100,546,14:46,0
100,547,14:47,0
100,548,14:48,0
100,549,14:49,0
100,550,14:50,0
100,551,14:51,0
100,552,14:52,0
100,553,14:53,0
100,554,14:54,0
100,555,14:55,0
100,556,14:56,0
100,557,14:57,1
100,558,14:58,1
100,559,14:59,1
100,560,15:00,1
100,561,15:01,1
100,562,15:02,1
100,563,15:03,1
100,564,15:04,1
100,565,15:05,1
100,566,15:06,1
100,567,15:07,1
100,568,15:08,1
100,569,15:09,1
100,570,15:10,1
100,571,15:11,1
100,572,15:12,1
100,573,15:13,1
100,574,15:14,1
100,575,15:15,1
100,576,15:16,1
100,577,15:17,1
100,578,15:18,1
100,579,15:19,1
100,580,15:20,1
100,581,15:21,1
100,582,15:22,0
100,583,15:23,0
100,584,15:24,0
100,585,15:25,0
100,586,15:26,0
100,587,15:27,0
100,588,15:28,0
100,589,15:29,0
100,590,15:30,1
100,591,15:31,1
100,592,15:32,1
100,593,15:33,2
100,594,15:34,2
100,595,15:35,2
100,596,15:36,2
100,597,15:37,2
100,598,15:38,2
100,599,15:39,2
100,600,15:40,2
100,601,15:41,2
100,602,15:42,2
100,603,15:43,2
100,604,15:44,2
100,605,15:45,2
100,606,15:46,2
100,607,15:47,1
100,608,15:48,1
100,609,15:49,1
100,610,15:50,0
100,611,15:51,0
100,612,15:52,0
100,613,15:53,0
100,614,15:54,0
100,615,15:55,0
100,616,15:56,0
100,617,15:57,0
100,618,15:58,0
100,619,15:59,1
100,620,16:00,1
100,621,16:01,1
100,622,16:02,1
100,623,16:03,1
100,624,16:04,1
100,625,16:05,1
100,626,16:06,1
100,627,16:07,1
100,628,16:08,1
100,629,16:09,0
100,630,16:10,0
100,631,16:11,0
100,632,16:12,0
100,633,16:13,0
100,634,16:14,1
100,635,16:15,1
100,636,16:16,1
100,637,16:17,2
100,638,16:18,2
100,639,16:19,2
100,640,16:20,2
100,641,16:21,2
100,642,16:22,2
100,643,16:23,2
100,644,16:24,2
100,645,16:25,2
100,646,16:26,2
100,647,16:27,2
100,648,16:28,1
100,649,16:29,1
100,650,16:30,1
100,651,16:31,1
100,652,16:32,1
100,653,16:33,1
100,654,16:34,1
100,655,16:35,1
100,656,16:36,1
100,657,16:37,1
100,658,16:38,1
100,659,16:39,1
100,660,16:40,1
100,661,16:41,0
100,662,16:42,0
100,663,16:43,0
100,664,16:44,0
100,665,16:45,0
100,666,16:46,0
100,667,16:47,0
100,668,16:48,0
100,669,16:49,0
100,670,16:50,0
100,671,16:51,0
100,672,16:52,0
100,673,16:53,1
100,674,16:54,1
100,675,16:55,1
100,676,16:56,2
100,677,16:57,2
100,678,16:58,2
100,679,16:59,2
100,680,17:00,2
100,681,17:01,2
100,682,17:02,2
100,683,17:03,2
100,684,17:04,2
100,685,17:05,2
100,686,17:06,2
100,687,17:07,2
100,688,17:08,2
100,689,17:09,2
100,690,17:10,2
100,691,17:11,2
100,692,17:12,2
100,693,17:13,2
100,694,17:14,1
100,695,17:15,1
100,696,17:16,1
100,697,17:17,0
100,698,17:18,0
100,699,17:19,0
100,700,17:20,0
100,701,17:21,0
100,702,17:22,0
100,703,17:23,0
100,704,17:24,0
100,705,17:25,0
100,706,17:26,0
100,707,17:27,0
100,708,17:28,0
100,709,17:29,0
100,710,17:30,0
100,711,17:31,0
100,712,17:32,0
100,713,17:33,0
100,714,17:34,2
100,715,17:35,2
100,716,17:36,2
100,717,17:37,4
100,718,17:38,4
100,719,17:39,4
100,720,17:40,4
100,721,17:41,4
100,722,17:42,4
100,723,17:43,4
100,724,17:44,4
100,725,17:45,4
100,726,17:46,4
100,727,17:47,4
100,728,17:48,2
100,729,17:49,2
100,730,17:50,2
100,731,17:51,0
100,732,17:52,0
100,733,17:53,0
100,734,17:54,0
100,735,17:55,0
100,736,17:56,0
100,737,17:57,0
100,738,17:58,0
100,739,17:59,0
100,740,18:00,0
100,741,18:01,0
100,742,18:02,0
100,743,18:03,0
100,744,18:04,0
100,745,18:05,0
100,746,18:06,0
100,747,18:07,0
100,748,18:08,0
100,749,18:09,0
100,750,18:10,0
100,751,18:11,0
100,752,18:12,0
100,753,18:13,0
100,754,18:14,0
100,755,18:15,0
100,756,18:16,0
100,757,18:17,0
100,758,18:18,0
100,759,18:19,0
100,760,18:20,0
100,761,18:21,0
100,762,18:22,0
100,763,18:23,0
100,764,18:24,0
100,765,18:25,0
100,766,18:26,0
100,767,18:27,0
100,768,18:28,0
100,769,18:29,0
100,770,18:30,0
100,771,18:31,0
100,772,18:32,0
100,773,18:33,0
100,774,18:34,0
100,775,18:35,0
100,776,18:36,0
100,777,18:37,0
100,778,18:38,0
100,779,18:39,0
100,780,18:40,0
100,781,18:41,0
100,782,18:42,0
100,783,18:43,0
100,784,18:44,0
100,785,18:45,0
100,786,18:46,0
100,787,18:47,0
100,788,18:48,0
100,789,18:49,0
100,790,18:50,0
100,791,18:51,0
100,792,18:52,0
100,793,18:53,0
100,794,18:54,0
100,795,18:55,0
100,796,18:56,0
100,797,18:57,0
100,798,18:58,0
100,799,18:59,0
100,800,19:00,0
100,801,19:01,0
100,802,19:02,0
100,803,19:03,0
100,804,19:04,0
100,805,19:05,0
100,806,19:06,2
100,807,19:07,2
100,808,19:08,2
100,809,19:09,2
100,810,19:10,2
100,811,19:11,2
100,812,19:12,2
100,813,19:13,2
100,814,19:14,2
100,815,19:15,2
100,816,19:16,0
100,817,19:17,0
100,818,19:18,0
100,819,19:19,0
100,820,19:20,0
100,821,19:21,0
100,822,19:22,0
100,823,19:23,0
100,824,19:24,0
100,825,19:25,0
100,826,19:26,0
100,827,19:27,0
100,828,19:28,0
100,829,19:29,0
100,830,19:30,0
100,831,19:31,0
100,832,19:32,0
100,833,19:33,0
100,834,19:34,0
100,835,19:35,0
101,0,05:40,0
101,1,05:41,0
101,2,05:42,0
101,3,05:43,0
101,4,05:44,0
101,5,05:45,0
101,6,05:46,0
101,7,05:47,0
101,8,05:48,0
101,9,05:49,0
101,10,05:50,0
101,11,05:51,0
101,12,05:52,0
101,13,05:53,0
101,14,05:54,0
101,15,05:55,0
101,16,05:56,0
101,17,05:57,0
101,18,05:58,0
101,19,05:59,0
101,20,06:00,0
101,21,06:01,0
101,22,06:02,0
101,23,06:03,0
101,24,06:04,0
101,25,06:05,0
101,26,06:06,0
101,27,06:07,0
101,28,06:08,0
101,29,06:09,0
101,30,06:10,0
101,31,06:11,0
101,32,06:12,0
101,33,06:13,0
101,34,06:14,0
101,35,06:15,0
101,36,06:16,0
101,37,06:17,0
101,38,06:18,0
101,39,06:19,0
101,40,06:20,0
101,41,06:21,0
101,42,06:22,0
101,43,06:23,0
101,44,06:24,0
101,45,06:25,0
101,46,06:26,0
101,47,06:27,0
101,48,06:28,0
101,49,06:29,0
101,50,06:30,0
101,51,06:31,0
101,52,06:32,0
101,53,06:33,0
101,54,06:34,0
101,55,06:35,0
101,56,06:36,0
101,57,06:37,0
101,58,06:38,0
101,59,06:39,0
101,60,06:40,0
101,61,06:41,0
101,62,06:42,0
101,63,06:43,0
101,64,06:44,0
101,65,06:45,0
101,66,06:46,0
101,67,06:47,0
101,68,06:48,0
101,69,06:49,0
101,70,06:50,0
101,71,06:51,0
101,72,06:52,0
101,73,06:53,0
101,74,06:54,0
101,75,06:55,0
101,76,06:56,0
101,77,06:57,0
101,78,06:58,0
101,79,06:59,0
101,80,07:00,0
101,81,07:01,0
101,82,07:02,0
101,83,07:03,0
101,84,07:04,0
101,85,07:05,0
101,86,07:06,0
101,87,07:07,0
101,88,07:08,0
101,89,07:09,0
101,90,07:10,0
101,91,07:11,0
101,92,07:12,0
101,93,07:13,0
101,94,07:14,0
101,95,07:15,0
101,96,07:16,0
101,97,07:17,0
101,98,07:18,0
101,99,07:19,0
101,100,07:20,0
101,101,07:21,0
101,102,07:22,0
101,103,07:23,0
101,104,07:24,0
101,105,07:25,0
101,106,07:26,0
101,107,07:27,0
101,108,07:28,0
101,109,07:29,0
101,110,07:30,0
101,111,07:31,0
101,112,07:32,0
101,113,07:33,0
101,114,07:34,0
101,115,07:35,0
101,116,07:36,0
101,117,07:37,0
101,118,07:38,0
101,119,07:39,0
101,120,07:40,0
101,121,07:41,0
101,122,07:42,0
101,123,07:43,0
101,124,07:44,0
101,125,07:45,0
101,126,07:46,0
101,127,07:47,0
101,128,07:48,0
101,129,07:49,0
101,130,07:50,0
101,131,07:51,0
101,132,07:52,0
101,133,07:53,0
101,134,07:54,0
101,135,07:55,0
101,136,07:56,0
101,137,07:57,0
101,138,07:58,0
101,139,07:59,0
101,140,08:00,0
101,141,08:01,0
101,142,08:02,0
101,143,08:03,0
101,144,08:04,0
101,145,08:05,0
101,146,08:06,0
101,147,08:07,0
101,148,08:08,0
101,149,08:09,0
101,150,08:10,0
101,151,08:11,0
101,152,08:12,0
101,153,08:13,0
101,154,08:14,0
101,155,08:15,0
101,156,08:16,0
101,157,08:17,0
101,158,08:18,0
101,159,08:19,0
101,160,08:20,0
101,161,08:21,0
101,162,08:22,0
101,163,08:23,0
101,164,08:24,0
101,165,08:25,0
101,166,08:26,0
101,167,08:27,0
101,168,08:28,0
101,169,08:29,0
101,170,08:30,0
101,171,08:31,0
101,172,08:32,0
101,173,08:33,0
101,174,08:34,0
101,175,08:35,0
101,176,08:36,0
101,177,08:37,0
101,178,08:38,0
101,179,08:39,0
101,180,08:40,0
101,181,08:41,0
101,182,08:42,0
101,183,08:43,0
101,184,08:44,0
101,185,08:45,0
101,186,08:46,0
101,187,08:47,0
101,188,08:48,0
101,189,08:49,0
101,190,08:50,0
101,191,08:51,0
101,192,08:52,0
101,193,08:53,0
101,194,08:54,0
101,195,08:55,0
101,196,08:56,0
101,197,08:57,0
101,198,08:58,0
101,199,08:59,0
101,200,09:00,0
101,201,09:01,0
101,202,09:02,0
101,203,09:03,0
101,204,09:04,0
101,205,09:05,0
101,206,09:06,0
101,207,09:07,0
101,208,09:08,0
101,209,09:09,0
101,210,09:10,1
101,211,09:11,1
101,212,09:12,1
101,213,09:13,1
101,214,09:14,1
101,215,09:15,1
101,216,09:16,1
101,217,09:17,1
101,218,09:18,1
101,219,09:19,1
101,220,09:20,1
101,221,09:21,1
101,222,09:22,1
101,223,09:23,0
101,224,09:24,0
101,225,09:25,0
101,226,09:26,0
101,227,09:27,0
101,228,09:28,0
101,229,09:29,0
101,230,09:30,0
101,231,09:31,0
101,232,09:32,0
101,233,09:33,0
101,234,09:34,0
101,235,09:35,0
101,236,09:36,0
101,237,09:37,0
101,238,09:38,0
101,239,09:39,0
101,240,09:40,0
101,241,09:41,0
101,242,09:42,0
101,243,09:43,0
101,244,09:44,0
101,245,09:45,0
101,246,09:46,0
101,247,09:47,0
101,248,09:48,0
101,249,09:49,0
101,250,09:50,0
101,251,09:51,0
101,252,09:52,0
101,253,09:53,0
101,254,09:54,0
101,255,09:55,0
101,256,09:56,0
101,257,09:57,0
101,258,09:58,0
101,259,09:59,0
101,260,10:00,0
101,261,10:01,1
101,262,10:02,1
101,263,10:03,1
101,264,10:04,1
101,265,10:05,1
101,266,10:06,1
101,267,10:07,1
101,268,10:08,1
101,269,10:09,1
101,270,10:10,1
101,271,10:11,1
101,272,10:12,0
101,273,10:13,0
101,274,10:14,0
101,275,10:15,0
101,276,10:16,0
101,277,10:17,0
101,278,10:18,0
101,279,10:19,0
101,280,10:20,1
101,281,10:21,1
101,282,10:22,1
101,283,10:23,1
101,284,10:24,1
101,285,10:25,1
101,286,10:26,2
101,287,10:27,2
101,288,10:28,2
101,289,10:29,2
101,290,10:30,2
101,291,10:31,2
101,292,10:32,2
101,293,10:33,2
101,294,10:34,2
101,295,10:35,2
101,296,10:36,2
101,297,10:37,1
101,298,10:38,1
101,299,10:39,1
101,300,10:40,1
101,301,10:41,1
101,302,10:42,1
101,303,10:43,1
101,304,10:44,1
101,305,10:45,1
101,306,10:46,0
101,307,10:47,0
101,308,10:48,0
101,309,10:49,0
101,310,10:50,0
101,311,10:51,0
101,312,10:52,0
101,313,10:53,0
101,314,10:54,0
101,315,10:55,0
101,316,10:56,0
101,317,10:57,0
101,318,10:58,0
101,319,10:59,0
101,320,11:00,0
101,321,11:01,0
101,322,11:02,0
101,323,11:03,0
101,324,11:04,0
101,325,11:05,0
101,326,11:06,0
101,327,11:07,0
101,328,11:08,0
101,329,11:09,0
101,330,11:10,0
101,331,11:11,0
101,332,11:12,0
101,333,11:13,0
101,334,11:14,0
101,335,11:15,0
101,336,11:16,0
101,337,11:17,0
101,338,11:18,0
101,339,11:19,0
101,340,11:20,0
101,341,11:21,0
101,342,11:22,0
101,343,11:23,0
101,344,11:24,0
101,345,11:25,0
101,346,11:26,0
101,347,11:27,0
101,348,11:28,0
101,349,11:29,0
101,350,11:30,0
101,351,11:31,0
101,352,11:32,0
101,353,11:33,0
101,354,11:34,0
101,355,11:35,0
101,356,11:36,0
101,357,11:37,0
101,358,11:38,0
101,359,11:39,0
101,360,11:40,0
101,361,11:41,0
101,362,11:42,0
101,363,11:43,0
101,364,11:44,0
101,365,11:45,0
101,366,11:46,0
101,367,11:47,0
101,368,11:48,0
101,369,11:49,0
101,370,11:50,0
101,371,11:51,0
101,372,11:52,0
101,373,11:53,0
101,374,11:54,0
101,375,11:55,0
101,376,11:56,0
101,377,11:57,0
101,378,11:58,0
101,379,11:59,0
101,380,12:00,0
101,381,12:01,0
101,382,12:02,0
101,383,12:03,0
101,384,12:04,0
101,385,12:05,0
101,386,12:06,0
101,387,12:07,0
101,388,12:08,0
101,389,12:09,0
101,390,12:10,0
101,391,12:11,0
101,392,12:12,0
101,393,12:13,0
101,394,12:14,0
101,395,12:15,0
101,396,12:16,0
101,397,12:17,0
101,398,12:18,0
101,399,12:19,0
101,400,12:20,0
101,401,12:21,0
101,402,12:22,0
101,403,12:23,0
101,404,12:24,0
101,405,12:25,0
101,406,12:26,0
101,407,12:27,0
101,408,12:28,0
101,409,12:29,0
101,410,12:30,0
101,411,12:31,0
101,412,12:32,0
101,413,12:33,0
101,414,12:34,0
101,415,12:35,0
101,416,12:36,0
101,417,12:37,0
101,418,12:38,0
101,419,12:39,0
101,420,12:40,0
101,421,12:41,0
101,422,12:42,0
101,423,12:43,0
101,424,12:44,0
101,425,12:45,0
101,426,12:46,0
101,427,12:47,0
101,428,12:48,0
101,429,12:49,0
101,430,12:50,0
101,431,12:51,0
101,432,12:52,0
101,433,12:53,0
101,434,12:54,0
101,435,12:55,0
101,436,12:56,0
101,437,12:57,0
101,438,12:58,0
101,439,12:59,0
101,440,13:00,0
101,441,13:01,0
101,442,13:02,0
101,443,13:03,0
101,444,13:04,0
101,445,13:05,0
101,446,13:06,1
101,447,13:07,1
101,448,13:08,1
101,449,13:09,1
101,450,13:10,1
101,451,13:11,1
101,452,13:12,1
101,453,13:13,1
101,454,13:14,1
101,455,13:15,1
101,456,13:16,1
101,457,13:17,1
101,458,13:18,1
101,459,13:19,0
101,460,13:20,0
101,461,13:21,0
101,462,13:22,0
101,463,13:23,0
101,464,13:24,0
101,465,13:25,0
101,466,13:26,0
101,467,13:27,0
101,468,13:28,0
101,469,13:29,0
101,470,13:30,1
101,471,13:31,1
101,472,13:32,1
101,473,13:33,1
101,474,13:34,1
101,475,13:35,1
101,476,13:36,1
101,477,13:37,1
101,478,13:38,1
101,479,13:39,1
101,480,13:40,1
101,481,13:41,1
101,482,13:42,1
101,483,13:43,0
101,484,13:44,0
101,485,13:45,0
101,486,13:46,0
101,487,13:47,1
101,488,13:48,1
101,489,13:49,1
101,490,13:50,2
101,491,13:51,2
101,492,13:52,2
101,493,13:53,2
101,494,13:54,2
101,495,13:55,2
101,496,13:56,2
101,497,13:57,2
101,498,13:58,2
101,499,13:59,2
101,500,14:00,2
101,501,14:01,2
101,502,14:02,2
101,503,14:03,2
101,504,14:04,2
101,505,14:05,1
101,506,14:06,1
101,507,14:07,1
101,508,14:08,0
101,509,14:09,0
101,510,14:10,0
101,511,14:11,0
101,512,14:12,0
101,513,14:13,0
101,514,14:14,0
101,515,14:15,0
101,516,14:16,0
101,517,14:17,0
101,518,14:18,0
101,519,14:19,0
101,520,14:20,0
101,521,14:21,0
101,522,14:22,0
101,523,14:23,0
101,524,14:24,0
101,525,14:25,0
101,526,14:26,0
101,527,14:27,0
101,528,14:28,0
101,529,14:29,0
101,530,14:30,0
101,531,14:31,0
101,532,14:32,0
101,533,14:33,0
101,534,14:34,0
101,535,14:35,0
101,536,14:36,0
101,537,14:37,0
101,538,14:38,0
101,539,14:39,0
101,540,14:40,0
101,541,14:41,0
101,542,14:42,0
101,543,14:43,0
101,544,14:44,0
101,545,14:45,0
101,546,14:46,0
101,547,14:47,0
101,548,14:48,0
101,549,14:49,0
101,550,14:50,0
101,551,14:51,0
101,552,14:52,0
101,553,14:53,0
101,554,14:54,0
101,555,14:55,0
101,556,14:56,0
101,557,14:57,0
101,558,14:58,0
101,559,14:59,0
101,560,15:00,0
101,561,15:01,0
101,562,15:02,0
101,563,15:03,0
101,564,15:04,0
101,565,15:05,0
101,566,15:06,0
101,567,15:07,0
101,568,15:08,0
101,569,15:09,0
101,570,15:10,0
101,571,15:11,0
101,572,15:12,0
101,573,15:13,0
101,574,15:14,0
101,575,15:15,0
101,576,15:16,0
101,577,15:17,0
101,578,15:18,0
101,579,15:19,0
101,580,15:20,0
101,581,15:21,0
101,582,15:22,0
101,583,15:23,0
101,584,15:24,0
101,585,15:25,0
101,586,15:26,0
101,587,15:27,0
101,588,15:28,0
101,589,15:29,0
101,590,15:30,0
101,591,15:31,0
101,592,15:32,0
101,593,15:33,0
101,594,15:34,0
101,595,15:35,0
101,596,15:36,0
101,597,15:37,0
101,598,15:38,0
101,599,15:39,0
101,600,15:40,0
101,601,15:41,0
101,602,15:42,0
101,603,15:43,0
101,604,15:44,0
101,605,15:45,0
101,606,15:46,0
101,607,15:47,0
101,608,15:48,0
101,609,15:49,0
101,610,15:50,0
101,611,15:51,0
101,612,15:52,0
101,613,15:53,0
101,614,15:54,0
101,615,15:55,0
101,616,15:56,0
101,617,15:57,0
101,618,15:58,0
101,619,15:59,0
101,620,16:00,0
101,621,16:01,0
101,622,16:02,0
101,623,16:03,0
101,624,16:04,0
101,625,16:05,0
101,626,16:06,0
101,627,16:07,0
101,628,16:08,0
101,629,16:09,0
101,630,16:10,0
101,631,16:11,0
101,632,16:12,0
101,633,16:13,0
101,634,16:14,0
101,635,16:15,0
101,636,16:16,0
101,637,16:17,0
101,638,16:18,0
101,639,16:19,0
101,640,16:20,1
101,641,16:21,1
101,642,16:22,1
101,643,16:23,1
101,644,16:24,1
101,645,16:25,1
101,646,16:26,1
101,647,16:27,1
101,648,16:28,1
101,649,16:29,1
101,650,16:30,1
101,651,16:31,1
101,652,16:32,1
101,653,16:33,1
101,654,16:34,1
101,655,16:35,0
101,656,16:36,0
101,657,16:37,0
101,658,16:38,0
101,659,16:39,0
101,660,16:40,0
101,661,16:41,0
101,662,16:42,0
101,663,16:43,0
101,664,16:44,0
101,665,16:45,0
101,666,16:46,0
101,667,16:47,0
101,668,16:48,0
101,669,16:49,0
101,670,16:50,0
101,671,16:51,0
101,672,16:52,0
101,673,16:53,0
101,674,16:54,0
101,675,16:55,0
101,676,16:56,0
101,677,16:57,0
101,678,16:58,0
101,679,16:59,0
101,680,17:00,0
101,681,17:01,0
101,682,17:02,0
101,683,17:03,0
101,684,17:04,0
101,685,17:05,0
101,686,17:06,0
101,687,17:07,0
101,688,17:08,0
101,689,17:09,0
101,690,17:10,0
101,691,17:11,1
101,692,17:12,1
101,693,17:13,1
101,694,17:14,2
101,695,17:15,2
101,696,17:16,2
101,697,17:17,2
101,698,17:18,2
101,699,17:19,2
101,700,17:20,2
101,701,17:21,2
101,702,17:22,2
101,703,17:23,2
101,704,17:24,1
101,705,17:25,1
101,706,17:26,1
101,707,17:27,1
101,708,17:28,1
101,709,17:29,1
101,710,17:30,1
101,711,17:31,1
101,712,17:32,1
101,713,17:33,0
101,714,17:34,0
101,715,17:35,0
101,716,17:36,0
101,717,17:37,0
101,718,17:38,0
101,719,17:39,0
101,720,17:40,0
101,721,17:41,0
101,722,17:42,0
101,723,17:43,0
101,724,17:44,0
101,725,17:45,0
101,726,17:46,0
101,727,17:47,0
101,728,17:48,0
101,729,17:49,0
101,730,17:50,0
101,731,17:51,1
101,732,17:52,1
101,733,17:53,1
101,734,17:54,2
101,735,17:55,2
101,736,17:56,2
101,737,17:57,4
101,738,17:58,4
101,739,17:59,4
101,740,18:00,4
101,741,18:01,4
101,742,18:02,4
101,743,18:03,4
101,744,18:04,4
101,745,18:05,4
101,746,18:06,4
101,747,18:07,4
101,748,18:08,4
101,749,18:09,4
101,750,18:10,4
101,751,18:11,4
101,752,18:12,3
101,753,18:13,3
101,754,18:14,3
101,755,18:15,2
101,756,18:16,2
101,757,18:17,2
101,758,18:18,0
101,759,18:19,0
101,760,18:20,0
101,761,18:21,0
101,762,18:22,0
101,763,18:23,0
101,764,18:24,0
101,765,18:25,0
101,766,18:26,0
101,767,18:27,0
101,768,18:28,1
101,769,18:29,1
101,770,18:30,1
101,771,18:31,1
101,772,18:32,1
101,773,18:33,2
101,774,18:34,2
101,775,18:35,2
101,776,18:36,2
101,777,18:37,2
101,778,18:38,2
101,779,18:39,2
101,780,18:40,2
101,781,18:41,2
101,782,18:42,2
101,783,18:43,2
101,784,18:44,2
101,785,18:45,2
101,786,18:46,2
101,787,18:47,2
101,788,18:48,1
101,789,18:49,1
101,790,18:50,1
101,791,18:51,1
101,792,18:52,1
101,793,18:53,1
101,794,18:54,1
101,795,18:55,1
101,796,18:56,1
101,797,18:57,0
101,798,18:58,0
101,799,18:59,0
101,800,19:00,0
101,801,19:01,0
101,802,19:02,0
101,803,19:03,0
101,804,19:04,0
101,805,19:05,0
101,806,19:06,0
101,807,19:07,0
101,808,19:08,0
101,809,19:09,0
101,810,19:10,0
101,811,19:11,0
101,812,19:12,0
101,813,19:13,0
101,814,19:14,0
101,815,19:15,0
101,816,19:16,0
101,817,19:17,0
101,818,19:18,0
101,819,19:19,0
101,820,19:20,0
101,821,19:21,0
101,822,19:22,0
101,823,19:23,0
101,824,19:24,0
101,825,19:25,0
101,826,19:26,0
101,827,19:27,0
101,828,19:28,0
101,829,19:29,0
101,830,19:30,0
101,831,19:31,0
101,832,19:32,0
101,833,19:33,0
101,834,19:34,0
101,835,19:35,0
102,0,05:40,0
102,1,05:41,0
102,2,05:42,0
102,3,05:43,0
102,4,05:44,0
102,5,05:45,0
102,6,05:46,0
102,7,05:47,0
102,8,05:48,0
102,9,05:49,0
102,10,05:50,0
102,11,05:51,0
102,12,05:52,0
102,13,05:53,0
102,14,05:54,0
102,15,05:55,0
102,16,05:56,0
102,17,05:57,0
102,18,05:58,0
102,19,05:59,0
102,20,06:00,0
102,21,06:01,0
102,22,06:02,0
102,23,06:03,0
102,24,06:04,0
102,25,06:05,0
102,26,06:06,0
102,27,06:07,0
102,28,06:08,0
102,29,06:09,0
102,30,06:10,0
102,31,06:11,0
102,32,06:12,0
102,33,06:13,0
102,34,06:14,0
102,35,06:15,0
102,36,06:16,0
102,37,06:17,0
102,38,06:18,0
102,39,06:19,0
102,40,06:20,0
102,41,06:21,0
102,42,06:22,0
102,43,06:23,0
102,44,06:24,0
102,45,06:25,0
102,46,06:26,0
102,47,06:27,0
102,48,06:28,0
102,49,06:29,0
102,50,06:30,0
102,51,06:31,0
102,52,06:32,0
102,53,06:33,0
102,54,06:34,0
102,55,06:35,0
102,56,06:36,0
102,57,06:37,0
102,58,06:38,0
102,59,06:39,0
102,60,06:40,0
102,61,06:41,0
102,62,06:42,0
102,63,06:43,0
102,64,06:44,0
102,65,06:45,0
102,66,06:46,0
102,67,06:47,0
102,68,06:48,0
102,69,06:49,0
102,70,06:50,0
102,71,06:51,0
102,72,06:52,0
102,73,06:53,0
102,74,06:54,0
102,75,06:55,0
102,76,06:56,0
102,77,06:57,0
102,78,06:58,0
102,79,06:59,0
102,80,07:00,0
102,81,07:01,0
102,82,07:02,0
102,83,07:03,0
102,84,07:04,0
102,85,07:05,0
102,86,07:06,0
102,87,07:07,0
102,88,07:08,0
102,89,07:09,0
102,90,07:10,0
102,91,07:11,0
102,92,07:12,0
102,93,07:13,0
102,94,07:14,0
102,95,07:15,0
102,96,07:16,0
102,97,07:17,0
102,98,07:18,0
102,99,07:19,0
102,100,07:20,0
102,101,07:21,0
102,102,07:22,0
102,103,07:23,0
102,104,07:24,0
102,105,07:25,0
102,106,07:26,0
102,107,07:27,0
102,108,07:28,0
102,109,07:29,0
102,110,07:30,0
102,111,07:31,0
102,112,07:32,0
102,113,07:33,0
102,114,07:34,0
102,115,07:35,0
102,116,07:36,0
102,117,07:37,0
102,118,07:38,0
102,119,07:39,0
102,120,07:40,0
102,121,07:41,0
102,122,07:42,0
102,123,07:43,0
102,124,07:44,0
102,125,07:45,0
102,126,07:46,0
102,127,07:47,0
102,128,07:48,0
102,129,07:49,0
102,130,07:50,0
102,131,07:51,0
102,132,07:52,0
102,133,07:53,0
102,134,07:54,0
102,135,07:55,0
102,136,07:56,0
102,137,07:57,0
102,138,07:58,0
102,139,07:59,0
102,140,08:00,0
102,141,08:01,0
102,142,08:02,0
102,143,08:03,0
102,144,08:04,0
102,145,08:05,0
102,146,08:06,0
102,147,08:07,0
102,148,08:08,2
102,149,08:09,2
102,150,08:10,2
102,151,08:11,2
102,152,08:12,2
102,153,08:13,2
102,154,08:14,2
102,155,08:15,2
102,156,08:16,2
102,157,08:17,2
102,158,08:18,2
102,159,08:19,0
102,160,08:20,0
102,161,08:21,0
102,162,08:22,0
102,163,08:23,0
102,164,08:24,0
102,165,08:25,0
102,166,08:26,0
102,167,08:27,0
102,168,08:28,0
102,169,08:29,0
102,170,08:30,1
102,171,08:31,1
102,172,08:32,1
102,173,08:33,1
102,174,08:34,2
102,175,08:35,2
102,176,08:36,2
102,177,08:37,3
102,178,08:38,3
102,179,08:39,3
102,180,08:40,3
102,181,08:41,3
102,182,08:42,3
102,183,08:43,3
102,184,08:44,3
102,185,08:45,3
102,186,08:46,3
102,187,08:47,2
102,188,08:48,2
102,189,08:49,2
102,190,08:50,1
102,191,08:51,1
102,192,08:52,1
102,193,08:53,0
102,194,08:54,0
102,195,08:55,0
102,196,08:56,0
102,197,08:57,0
102,198,08:58,0
102,199,08:59,0
102,200,09:00,0
102,201,09:01,0
102,202,09:02,0
102,203,09:03,0
102,204,09:04,0
102,205,09:05,0
102,206,09:06,0
102,207,09:07,0
102,208,09:08,0
102,209,09:09,0
102,210,09:10,0
102,211,09:11,0
102,212,09:12,0
102,213,09:13,0
102,214,09:14,0
102,215,09:15,0
102,216,09:16,0
102,217,09:17,0
102,218,09:18,0
102,219,09:19,0
102,220,09:20,0
102,221,09:21,0
102,222,09:22,0
102,223,09:23,0
102,224,09:24,0
102,225,09:25,0
102,226,09:26,0
102,227,09:27,0
102,228,09:28,0
102,229,09:29,0
102,230,09:30,0
102,231,09:31,0
102,232,09:32,0
102,233,09:33,0
102,234,09:34,0
102,235,09:35,0
102,236,09:36,0
102,237,09:37,0
102,238,09:38,0
102,239,09:39,0
102,240,09:40,0
102,241,09:41,0
102,242,09:42,0
102,243,09:43,0
102,244,09:44,0
102,245,09:45,0
102,246,09:46,0
102,247,09:47,0
102,248,09:48,0
102,249,09:49,0
102,250,09:50,0
102,251,09:51,0
102,252,09:52,0
102,253,09:53,0
102,254,09:54,0
102,255,09:55,0
102,256,09:56,0
102,257,09:57,0
102,258,09:58,0
102,259,09:59,0
102,260,10:00,0
102,261,10:01,0
102,262,10:02,0
102,263,10:03,0
102,264,10:04,0
102,265,10:05,0
102,266,10:06,0
102,267,10:07,0
102,268,10:08,0
102,269,10:09,0
102,270,10:10,0
102,271,10:11,0
102,272,10:12,0
102,273,10:13,0
102,274,10:14,0
102,275,10:15,0
102,276,10:16,0
102,277,10:17,0
102,278,10:18,0
102,279,10:19,0
102,280,10:20,0
102,281,10:21,0
102,282,10:22,0
102,283,10:23,0
102,284,10:24,0
102,285,10:25,0
102,286,10:26,1
102,287,10:27,1
102,288,10:28,1
102,289,10:29,2
102,290,10:30,2
102,291,10:31,2
102,292,10:32,2
102,293,10:33,2
102,294,10:34,2
102,295,10:35,2
102,296,10:36,2
102,297,10:37,2
102,298,10:38,2
102,299,10:39,2
102,300,10:40,2
102,301,10:41,2
102,302,10:42,2
102,303,10:43,2
102,304,10:44,2
102,305,10:45,2
102,306,10:46,1
102,307,10:47,1
102,308,10:48,1
102,309,10:49,1
102,310,10:50,1
102,311,10:51,1
102,312,10:52,0
102,313,10:53,0
102,314,10:54,0
102,315,10:55,1
102,316,10:56,1
102,317,10:57,1
102,318,10:58,2
102,319,10:59,2
102,320,11:00,2
102,321,11:01,2
102,322,11:02,2
102,323,11:03,2
102,324,11:04,2
102,325,11:05,2
102,326,11:06,2
102,327,11:07,2
102,328,11:08,2
102,329,11:09,2
102,330,11:10,2
102,331,11:11,2
102,332,11:12,1
102,333,11:13,1
102,334,11:14,1
102,335,11:15,0
102,336,11:16,0
102,337,11:17,0
102,338,11:18,0
102,339,11:19,0
102,340,11:20,0
102,341,11:21,0
102,342,11:22,0
102,343,11:23,0
102,344,11:24,0
102,345,11:25,0
102,346,11:26,0
102,347,11:27,1
102,348,11:28,1
102,349,11:29,1
102,350,11:30,1
102,351,11:31,1
102,352,11:32,1
102,353,11:33,1
102,354,11:34,1
102,355,11:35,1
102,356,11:36,1
102,357,11:37,2
102,358,11:38,2
102,359,11:39,2
102,360,11:40,2
102,361,11:41,2
102,362,11:42,2
102,363,11:43,2
102,364,11:44,2
102,365,11:45,2
102,366,11:46,2
102,367,11:47,2
102,368,11:48,2
102,369,11:49,2
102,370,11:50,2
102,371,11:51,2
102,372,11:52,1
102,373,11:53,1
102,374,11:54,1
102,375,11:55,0
102,376,11:56,0
102,377,11:57,0
102,378,11:58,1
102,379,11:59,1
102,380,12:00,1
102,381,12:01,1
102,382,12:02,1
102,383,12:03,1
102,384,12:04,1
102,385,12:05,1
102,386,12:06,1
102,387,12:07,1
102,388,12:08,1
102,389,12:09,1
102,390,12:10,1
102,391,12:11,1
102,392,12:12,1
102,393,12:13,1
102,394,12:14,1
102,395,12:15,1
102,396,12:16,0
102,397,12:17,0
102,398,12:18,0
102,399,12:19,0
102,400,12:20,0
102,401,12:21,0
102,402,12:22,0
102,403,12:23,0
102,404,12:24,0
102,405,12:25,0
102,406,12:26,0
102,407,12:27,0
102,408,12:28,0
102,409,12:29,0
102,410,12:30,0
102,411,12:31,0
102,412,12:32,0
102,413,12:33,0
102,414,12:34,0
102,415,12:35,0
102,416,12:36,0
102,417,12:37,0
102,418,12:38,0
102,419,12:39,0
102,420,12:40,0
102,421,12:41,0
102,422,12:42,0
102,423,12:43,0
102,424,12:44,0
102,425,12:45,0
102,426,12:46,0
102,427,12:47,0
102,428,12:48,0
102,429,12:49,0
102,430,12:50,0
102,431,12:51,0
102,432,12:52,0
102,433,12:53,0
102,434,12:54,0
102,435,12:55,0
102,436,12:56,0
102,437,12:57,0
102,438,12:58,0
102,439,12:59,0
102,440,13:00,0
102,441,13:01,0
102,442,13:02,0
102,443,13:03,0
102,444,13:04,0
102,445,13:05,0
102,446,13:06,0
102,447,13:07,0
102,448,13:08,0
102,449,13:09,0
102,450,13:10,0
102,451,13:11,0
102,452,13:12,0
102,453,13:13,0
102,454,13:14,0
102,455,13:15,0
102,456,13:16,0
102,457,13:17,0
102,458,13:18,0
102,459,13:19,0
102,460,13:20,0
102,461,13:21,0
102,462,13:22,0
102,463,13:23,0
102,464,13:24,0
102,465,13:25,0
102,466,13:26,0
102,467,13:27,0
102,468,13:28,0
102,469,13:29,0
102,470,13:30,0
102,471,13:31,0
102,472,13:32,0
102,473,13:33,0
102,474,13:34,0
102,475,13:35,0
102,476,13:36,0
102,477,13:37,0
102,478,13:38,0
102,479,13:39,0
102,480,13:40,0
102,481,13:41,0
102,482,13:42,0
102,483,13:43,0
102,484,13:44,0
102,485,13:45,0
102,486,13:46,0
102,487,13:47,0
102,488,13:48,0
102,489,13:49,0
102,490,13:50,0
102,491,13:51,0
102,492,13:52,0
102,493,13:53,0
102,494,13:54,0
102,495,13:55,0
102,496,13:56,0
102,497,13:57,0
102,498,13:58,0
102,499,13:59,0
102,500,14:00,0
102,501,14:01,0
102,502,14:02,0
102,503,14:03,0
102,504,14:04,0
102,505,14:05,0
102,506,14:06,0
102,507,14:07,0
102,508,14:08,0
102,509,14:09,0
102,510,14:10,0
102,511,14:11,0
102,512,14:12,0
102,513,14:13,0
102,514,14:14,0
102,515,14:15,0
102,516,14:16,0
102,517,14:17,0
102,518,14:18,0
102,519,14:19,0
102,520,14:20,0
102,521,14:21,0
102,522,14:22,0
102,523,14:23,0
102,524,14:24,0
102,525,14:25,0
102,526,14:26,0
102,527,14:27,3
102,528,14:28,3
102,529,14:29,3
102,530,14:30,3
102,531,14:31,3
102,532,14:32,3
102,533,14:33,3
102,534,14:34,3
102,535,14:35,3
102,536,14:36,0
102,537,14:37,0
102,538,14:38,0
102,539,14:39,1
102,540,14:40,1
102,541,14:41,1
102,542,14:42,1
102,543,14:43,1
102,544,14:44,1
102,545,14:45,1
102,546,14:46,1
102,547,14:47,1
102,548,14:48,1
102,549,14:49,1
102,550,14:50,1
102,551,14:51,1
102,552,14:52,1
102,553,14:53,1
102,554,14:54,1
102,555,14:55,1
102,556,14:56,1
102,557,14:57,1
102,558,14:58,1
102,559,14:59,0
102,560,15:00,0
102,561,15:01,0
102,562,15:02,0
102,563,15:03,0
102,564,15:04,0
102,565,15:05,0
102,566,15:06,0
102,567,15:07,0
102,568,15:08,0
102,569,15:09,0
102,570,15:10,0
102,571,15:11,0
102,572,15:12,0
102,573,15:13,0
102,574,15:14,0
102,575,15:15,0
102,576,15:16,0
102,577,15:17,0
102,578,15:18,0
102,579,15:19,0
102,580,15:20,0
102,581,15:21,0
102,582,15:22,0
102,583,15:23,0
102,584,15:24,0
102,585,15:25,0
102,586,15:26,0
102,587,15:27,0
102,588,15:28,0
102,589,15:29,0
102,590,15:30,1
102,591,15:31,1
102,592,15:32,1
102,593,15:33,1
102,594,15:34,1
102,595,15:35,1
102,596,15:36,1
102,597,15:37,1
102,598,15:38,1
102,599,15:39,0
102,600,15:40,0
102,601,15:41,0
102,602,15:42,0
102,603,15:43,0
102,604,15:44,0
102,605,15:45,0
102,606,15:46,0
102,607,15:47,0
102,608,15:48,0
102,609,15:49,0
102,610,15:50,0
102,611,15:51,0
102,612,15:52,0
102,613,15:53,0
102,614,15:54,0
102,615,15:55,0
102,616,15:56,0
102,617,15:57,1
102,618,15:58,1
102,619,15:59,1
102,620,16:00,1
102,621,16:01,1
102,622,16:02,1
102,623,16:03,1
102,624,16:04,1
102,625,16:05,1
102,626,16:06,1
102,627,16:07,1
102,628,16:08,1
102,629,16:09,1
102,630,16:10,1
102,631,16:11,1
102,632,16:12,1
102,633,16:13,1
102,634,16:14,1
102,635,16:15,1
102,636,16:16,0
102,637,16:17,0
102,638,16:18,0
102,639,16:19,0
102,640,16:20,0
102,641,16:21,0
102,642,16:22,0
102,643,16:23,0
102,644,16:24,0
102,645,16:25,0
102,646,16:26,0
102,647,16:27,1
102,648,16:28,1
102,649,16:29,1
102,650,16:30,1
102,651,16:31,1
102,652,16:32,1
102,653,16:33,1
102,654,16:34,1
102,655,16:35,1
102,656,16:36,1
102,657,16:37,2
102,658,16:38,2
102,659,16:39,2
102,660,16:40,2
102,661,16:41,2
102,662,16:42,2
102,663,16:43,2
102,664,16:44,2
102,665,16:45,2
102,666,16:46,2
102,667,16:47,2
102,668,16:48,2
102,669,16:49,2
102,670,16:50,2
102,671,16:51,2
102,672,16:52,2
102,673,16:53,2
102,674,16:54,2
102,675,16:55,2
102,676,16:56,2
102,677,16:57,2
102,678,16:58,1
102,679,16:59,1
102,680,17:00,1
102,681,17:01,0
102,682,17:02,0
102,683,17:03,0
102,684,17:04,0
102,685,17:05,0
102,686,17:06,0
102,687,17:07,0
102,688,17:08,0
102,689,17:09,0
102,690,17:10,0
102,691,17:11,1
102,692,17:12,1
102,693,17:13,1
102,694,17:14,1
102,695,17:15,1
102,696,17:16,1
102,697,17:17,1
102,698,17:18,1
102,699,17:19,1
102,700,17:20,1
102,701,17:21,0
102,702,17:22,0
102,703,17:23,0
102,704,17:24,1
102,705,17:25,1
102,706,17:26,1
102,707,17:27,1
102,708,17:28,1
102,709,17:29,1
102,710,17:30,1
102,711,17:31,1
102,712,17:32,1
102,713,17:33,0
102,714,17:34,0
102,715,17:35,0
102,716,17:36,0
102,717,17:37,0
102,718,17:38,0
102,719,17:39,0
102,720,17:40,0
102,721,17:41,0
102,722,17:42,0
102,723,17:43,0
102,724,17:44,0
102,725,17:45,0
102,726,17:46,0
102,727,17:47,0
102,728,17:48,0
102,729,17:49,0
102,730,17:50,0
102,731,17:51,0
102,732,17:52,0
102,733,17:53,0
102,734,17:54,0
102,735,17:55,0
102,736,17:56,0
102,737,17:57,0
102,738,17:58,0
102,739,17:59,0
102,740,18:00,0
102,741,18:01,0
102,742,18:02,0
102,743,18:03,0
102,744,18:04,1
102,745,18:05,1
102,746,18:06,1
102,747,18:07,1
102,748,18:08,1
102,749,18:09,1
102,750,18:10,1
102,751,18:11,1
102,752,18:12,1
102,753,18:13,1
102,754,18:14,1
102,755,18:15,0
102,756,18:16,0
102,757,18:17,0
102,758,18:18,0
102,759,18:19,0
102,760,18:20,0
102,761,18:21,0
102,762,18:22,0
102,763,18:23,0
102,764,18:24,0
102,765,18:25,0
102,766,18:26,0
102,767,18:27,0
102,768,18:28,0
102,769,18:29,0
102,770,18:30,0
102,771,18:31,0
102,772,18:32,0
102,773,18:33,0
102,774,18:34,0
102,775,18:35,0
102,776,18:36,0
102,777,18:37,0
102,778,18:38,0
102,779,18:39,0
102,780,18:40,0
102,781,18:41,0
102,782,18:42,0
102,783,18:43,0
102,784,18:44,0
102,785,18:45,0
102,786,18:46,0
102,787,18:47,1
102,788,18:48,1
102,789,18:49,1
102,790,18:50,2
102,791,18:51,2
102,792,18:52,2
102,793,18:53,2
102,794,18:54,2
102,795,18:55,2
102,796,18:56,2
102,797,18:57,2
102,798,18:58,2
102,799,18:59,2
102,800,19:00,1
102,801,19:01,1
102,802,19:02,1
102,803,19:03,1
102,804,19:04,1
102,805,19:05,1
102,806,19:06,1
102,807,19:07,1
102,808,19:08,1
102,809,19:09,1
102,810,19:10,1
102,811,19:11,1
102,812,19:12,1
102,813,19:13,1
102,814,19:14,1
102,815,19:15,0
102,816,19:16,0
102,817,19:17,0
102,818,19:18,0
102,819,19:19,0
102,820,19:20,0
102,821,19:21,0
102,822,19:22,0
102,823,19:23,0
102,824,19:24,0
102,825,19:25,0
102,826,19:26,0
102,827,19:27,0
102,828,19:28,0
102,829,19:29,0
102,830,19:30,0
102,831,19:31,0
102,832,19:32,0
102,833,19:33,0
102,834,19:34,0
102,835,19:35,0
103,0,05:40,0
103,1,05:41,0
103,2,05:42,0
103,3,05:43,0
103,4,05:44,0
103,5,05:45,0
103,6,05:46,0
103,7,05:47,0
103,8,05:48,0
103,9,05:49,0
103,10,05:50,0
103,11,05:51,0
103,12,05:52,0
103,13,05:53,0
103,14,05:54,0
103,15,05:55,0
103,16,05:56,0
103,17,05:57,0
103,18,05:58,0
103,19,05:59,0
103,20,06:00,0
103,21,06:01,0
103,22,06:02,0
103,23,06:03,0
103,24,06:04,0
103,25,06:05,0
103,26,06:06,0
103,27,06:07,0
103,28,06:08,0
103,29,06:09,0
103,30,06:10,0
103,31,06:11,0
103,32,06:12,0
103,33,06:13,0
103,34,06:14,0
103,35,06:15,0
103,36,06:16,0
103,37,06:17,0
103,38,06:18,0
103,39,06:19,0
103,40,06:20,0
103,41,06:21,0
103,42,06:22,0
103,43,06:23,0
103,44,06:24,0
103,45,06:25,0
103,46,06:26,0
103,47,06:27,0
103,48,06:28,0
103,49,06:29,0
103,50,06:30,0
103,51,06:31,0
103,52,06:32,0
103,53,06:33,0
103,54,06:34,0
103,55,06:35,0
103,56,06:36,0
103,57,06:37,0
103,58,06:38,0
103,59,06:39,0
103,60,06:40,0
103,61,06:41,0
103,62,06:42,0
103,63,06:43,0
103,64,06:44,0
103,65,06:45,0
103,66,06:46,0
103,67,06:47,0
103,68,06:48,0
103,69,06:49,0
103,70,06:50,0
103,71,06:51,0
103,72,06:52,0
103,73,06:53,0
103,74,06:54,0
103,75,06:55,0
103,76,06:56,0
103,77,06:57,0
103,78,06:58,0
103,79,06:59,0
103,80,07:00,0
103,81,07:01,0
103,82,07:02,0
103,83,07:03,0
103,84,07:04,0
103,85,07:05,0
103,86,07:06,0
103,87,07:07,0
103,88,07:08,0
103,89,07:09,0
103,90,07:10,0
103,91,07:11,0
103,92,07:12,0
103,93,07:13,0
103,94,07:14,0
103,95,07:15,0
103,96,07:16,0
103,97,07:17,0
103,98,07:18,0
103,99,07:19,0
103,100,07:20,0
103,101,07:21,0
103,102,07:22,0
103,103,07:23,0
103,104,07:24,0
103,105,07:25,0
103,106,07:26,0
103,107,07:27,0
103,108,07:28,0
103,109,07:29,0
103,110,07:30,0
103,111,07:31,0
103,112,07:32,0
103,113,07:33,0
103,114,07:34,0
103,115,07:35,0
103,116,07:36,0
103,117,07:37,0
103,118,07:38,0
103,119,07:39,0
103,120,07:40,0
103,121,07:41,0
103,122,07:42,0
103,123,07:43,0
103,124,07:44,0
103,125,07:45,0
103,126,07:46,0
103,127,07:47,0
103,128,07:48,0
103,129,07:49,0
103,130,07:50,0
103,131,07:51,0
103,132,07:52,0
103,133,07:53,0
103,134,07:54,0
103,135,07:55,0
103,136,07:56,0
103,137,07:57,0
103,138,07:58,0
103,139,07:59,0
103,140,08:00,0
103,141,08:01,0
103,142,08:02,0
103,143,08:03,0
103,144,08:04,0
103,145,08:05,0
103,146,08:06,0
103,147,08:07,0
103,148,08:08,0
103,149,08:09,0
103,150,08:10,0
103,151,08:11,0
103,152,08:12,0
103,153,08:13,0
103,154,08:14,0
103,155,08:15,0
103,156,08:16,0
103,157,08:17,0
103,158,08:18,0
103,159,08:19,0
103,160,08:20,0
103,161,08:21,0
103,162,08:22,0
103,163,08:23,0
103,164,08:24,0
103,165,08:25,0
103,166,08:26,0
103,167,08:27,0
103,168,08:28,0
103,169,08:29,0
103,170,08:30,0
103,171,08:31,0
103,172,08:32,0
103,173,08:33,0
103,174,08:34,0
103,175,08:35,0
103,176,08:36,0
103,177,08:37,0
103,178,08:38,0
103,179,08:39,0
103,180,08:40,0
103,181,08:41,0
103,182,08:42,0
103,183,08:43,0
103,184,08:44,0
103,185,08:45,0
103,186,08:46,0
103,187,08:47,0
103,188,08:48,0
103,189,08:49,0
103,190,08:50,0
103,191,08:51,0
103,192,08:52,0
103,193,08:53,0
103,194,08:54,0
103,195,08:55,0
103,196,08:56,0
103,197,08:57,0
103,198,08:58,0
103,199,08:59,0
103,200,09:00,0
103,201,09:01,0
103,202,09:02,0
103,203,09:03,0
103,204,09:04,0
103,205,09:05,0
103,206,09:06,0
103,207,09:07,0
103,208,09:08,0
103,209,09:09,0
103,210,09:10,0
103,211,09:11,0
103,212,09:12,0
103,213,09:13,0
103,214,09:14,0
103,215,09:15,0
103,216,09:16,0
103,217,09:17,0
103,218,09:18,0
103,219,09:19,0
103,220,09:20,0
103,221,09:21,0
103,222,09:22,0
103,223,09:23,0
103,224,09:24,0
103,225,09:25,0
103,226,09:26,0
103,227,09:27,0
103,228,09:28,0
103,229,09:29,0
103,230,09:30,0
103,231,09:31,0
103,232,09:32,0
103,233,09:33,0
103,234,09:34,0
103,235,09:35,0
103,236,09:36,0
103,237,09:37,0
103,238,09:38,0
103,239,09:39,0
103,240,09:40,0
103,241,09:41,0
103,242,09:42,0
103,243,09:43,0
103,244,09:44,0
103,245,09:45,0
103,246,09:46,0
103,247,09:47,0
103,248,09:48,0
103,249,09:49,0
103,250,09:50,0
103,251,09:51,0
103,252,09:52,0
103,253,09:53,0
103,254,09:54,0
103,255,09:55,0
103,256,09:56,0
103,257,09:57,0
103,258,09:58,0
103,259,09:59,0
103,260,10:00,0
103,261,10:01,0
103,262,10:02,0
103,263,10:03,0
103,264,10:04,0
103,265,10:05,0
103,266,10:06,0
103,267,10:07,0
103,268,10:08,0
103,269,10:09,0
103,270,10:10,0
103,271,10:11,0
103,272,10:12,0
103,273,10:13,0
103,274,10:14,0
103,275,10:15,0
103,276,10:16,0
103,277,10:17,0
103,278,10:18,0
103,279,10:19,0
103,280,10:20,0
103,281,10:21,0
103,282,10:22,0
103,283,10:23,0
103,284,10:24,0
103,285,10:25,0
103,286,10:26,0
103,287,10:27,0
103,288,10:28,0
103,289,10:29,0
103,290,10:30,1
103,291,10:31,1
103,292,10:32,1
103,293,10:33,1
103,294,10:34,1
103,295,10:35,1
103,296,10:36,1
103,297,10:37,1
103,298,10:38,1
103,299,10:39,1
103,300,10:40,1
103,301,10:41,1
103,302,10:42,1
103,303,10:43,1
103,304,10:44,1
103,305,10:45,1
103,306,10:46,1
103,307,10:47,1
103,308,10:48,1
103,309,10:49,1
103,310,10:50,1
103,311,10:51,1
103,312,10:52,1
103,313,10:53,1
103,314,10:54,1
103,315,10:55,1
103,316,10:56,1
103,317,10:57,1
103,318,10:58,1
103,319,10:59,1
103,320,11:00,1
103,321,11:01,1
103,322,11:02,1
103,323,11:03,0
103,324,11:04,0
103,325,11:05,0
103,326,11:06,0
103,327,11:07,0
103,328,11:08,0
103,329,11:09,0
103,330,11:10,0
103,331,11:11,0
103,332,11:12,0
103,333,11:13,0
103,334,11:14,0
103,335,11:15,0
103,336,11:16,0
103,337,11:17,0
103,338,11:18,0
103,339,11:19,0
103,340,11:20,0
103,341,11:21,0
103,342,11:22,0
103,343,11:23,0
103,344,11:24,0
103,345,11:25,0
103,346,11:26,0
103,347,11:27,0
103,348,11:28,0
103,349,11:29,0
103,350,11:30,0
103,351,11:31,0
103,352,11:32,0
103,353,11:33,0
103,354,11:34,0
103,355,11:35,0
103,356,11:36,0
103,357,11:37,0
103,358,11:38,0
103,359,11:39,0
103,360,11:40,0
103,361,11:41,0
103,362,11:42,0
103,363,11:43,0
103,364,11:44,0
103,365,11:45,0
103,366,11:46,0
103,367,11:47,0
103,368,11:48,0
103,369,11:49,0
103,370,11:50,0
103,371,11:51,0
103,372,11:52,0
103,373,11:53,0
103,374,11:54,0
103,375,11:55,0
103,376,11:56,0
103,377,11:57,0
103,378,11:58,0
103,379,11:59,0
103,380,12:00,0
103,381,12:01,0
103,382,12:02,0
103,383,12:03,0
103,384,12:04,0
103,385,12:05,0
103,386,12:06,0
103,387,12:07,0
103,388,12:08,0
103,389,12:09,0
103,390,12:10,0
103,391,12:11,0
103,392,12:12,0
103,393,12:13,0
103,394,12:14,0
103,395,12:15,0
103,396,12:16,0
103,397,12:17,0
103,398,12:18,0
103,399,12:19,0
103,400,12:20,0
103,401,12:21,0
103,402,12:22,0
103,403,12:23,0
103,404,12:24,0
103,405,12:25,0
103,406,12:26,0
103,407,12:27,0
103,408,12:28,0
103,409,12:29,0
103,410,12:30,0
103,411,12:31,0
103,412,12:32,0
103,413,12:33,0
103,414,12:34,0
103,415,12:35,0
103,416,12:36,0
103,417,12:37,0
103,418,12:38,0
103,419,12:39,0
103,420,12:40,0
103,421,12:41,0
103,422,12:42,0
103,423,12:43,0
103,424,12:44,0
103,425,12:45,0
103,426,12:46,0
103,427,12:47,0
103,428,12:48,0
103,429,12:49,0
103,430,12:50,0
103,431,12:51,0
103,432,12:52,0
103,433,12:53,0
103,434,12:54,0
103,435,12:55,0
103,436,12:56,0
103,437,12:57,0
103,438,12:58,0
103,439,12:59,0
103,440,13:00,0
103,441,13:01,0
103,442,13:02,0
103,443,13:03,0
103,444,13:04,0
103,445,13:05,0
103,446,13:06,0
103,447,13:07,0
103,448,13:08,0
103,449,13:09,0
103,450,13:10,0
103,451,13:11,0
103,452,13:12,0
103,453,13:13,0
103,454,13:14,0
103,455,13:15,0
103,456,13:16,0
103,457,13:17,0
103,458,13:18,0
103,459,13:19,0
103,460,13:20,0
103,461,13:21,0
103,462,13:22,0
103,463,13:23,0
103,464,13:24,0
103,465,13:25,0
103,466,13:26,0
103,467,13:27,0
103,468,13:28,0
103,469,13:29,0
103,470,13:30,0
103,471,13:31,0
103,472,13:32,0
103,473,13:33,0
103,474,13:34,0
103,475,13:35,0
103,476,13:36,0
103,477,13:37,0
103,478,13:38,0
103,479,13:39,0
103,480,13:40,0
103,481,13:41,0
103,482,13:42,0
103,483,13:43,0
103,484,13:44,0
103,485,13:45,0
103,486,13:46,0
103,487,13:47,0
103,488,13:48,0
103,489,13:49,0
103,490,13:50,0
103,491,13:51,0
103,492,13:52,0
103,493,13:53,0
103,494,13:54,0
103,495,13:55,0
103,496,13:56,0
103,497,13:57,0
103,498,13:58,0
103,499,13:59,0
103,500,14:00,0
103,501,14:01,0
103,502,14:02,0
103,503,14:03,0
103,504,14:04,0
103,505,14:05,0
103,506,14:06,0
103,507,14:07,0
103,508,14:08,0
103,509,14:09,0
103,510,14:10,0
103,511,14:11,0
103,512,14:12,0
103,513,14:13,0
103,514,14:14,0
103,515,14:15,0
103,516,14:16,0
103,517,14:17,0
103,518,14:18,0
103,519,14:19,0
103,520,14:20,0
103,521,14:21,0
103,522,14:22,0
103,523,14:23,0
103,524,14:24,0
103,525,14:25,0
103,526,14:26,0
103,527,14:27,0
103,528,14:28,0
103,529,14:29,0
103,530,14:30,0
103,531,14:31,0
103,532,14:32,0
103,533,14:33,0
103,534,14:34,0
103,535,14:35,0
103,536,14:36,0
103,537,14:37,0
103,538,14:38,0
103,539,14:39,0
103,540,14:40,0
103,541,14:41,0
103,542,14:42,0
103,543,14:43,0
103,544,14:44,0
103,545,14:45,0
103,546,14:46,0
103,547,14:47,0
103,548,14:48,0
103,549,14:49,0
103,550,14:50,0
103,551,14:51,0
103,552,14:52,0
103,553,14:53,0
103,554,14:54,0
103,555,14:55,0
103,556,14:56,0
103,557,14:57,0
103,558,14:58,0
103,559,14:59,0
103,560,15:00,0
103,561,15:01,0
103,562,15:02,0
103,563,15:03,0
103,564,15:04,0
103,565,15:05,0
103,566,15:06,0
103,567,15:07,0
103,568,15:08,0
103,569,15:09,0
103,570,15:10,0
103,571,15:11,0
103,572,15:12,0
103,573,15:13,0
103,574,15:14,0
103,575,15:15,0
103,576,15:16,0
103,577,15:17,0
103,578,15:18,0
103,579,15:19,0
103,580,15:20,0
103,581,15:21,0
103,582,15:22,0
103,583,15:23,0
103,584,15:24,0
103,585,15:25,0
103,586,15:26,0
103,587,15:27,0
103,588,15:28,0
103,589,15:29,0
103,590,15:30,0
103,591,15:31,0
103,592,15:32,0
103,593,15:33,0
103,594,15:34,0
103,595,15:35,0
103,596,15:36,0
103,597,15:37,0
103,598,15:38,0
103,599,15:39,0
103,600,15:40,0
103,601,15:41,0
103,602,15:42,0
103,603,15:43,0
103,604,15:44,0
103,605,15:45,0
103,606,15:46,0
103,607,15:47,0
103,608,15:48,0
103,609,15:49,0
103,610,15:50,0
103,611,15:51,0
103,612,15:52,0
103,613,15:53,0
103,614,15:54,0
103,615,15:55,0
103,616,15:56,0
103,617,15:57,0
103,618,15:58,0
103,619,15:59,0
103,620,16:00,0
103,621,16:01,0
103,622,16:02,0
103,623,16:03,0
103,624,16:04,0
103,625,16:05,0
103,626,16:06,0
103,627,16:07,0
103,628,16:08,0
103,629,16:09,0
103,630,16:10,0
103,631,16:11,0
103,632,16:12,0
103,633,16:13,0
103,634,16:14,0
103,635,16:15,0
103,636,16:16,0
103,637,16:17,0
103,638,16:18,0
103,639,16:19,0
103,640,16:20,0
103,641,16:21,0
103,642,16:22,0
103,643,16:23,0
103,644,16:24,0
103,645,16:25,0
103,646,16:26,0
103,647,16:27,0
103,648,16:28,0
103,649,16:29,0
103,650,16:30,0
103,651,16:31,0
103,652,16:32,0
103,653,16:33,0
103,654,16:34,0
103,655,16:35,0
103,656,16:36,0
103,657,16:37,0
103,658,16:38,0
103,659,16:39,0
103,660,16:40,0
103,661,16:41,0
103,662,16:42,0
103,663,16:43,0
103,664,16:44,0
103,665,16:45,0
103,666,16:46,1
103,667,16:47,1
103,668,16:48,1
103,669,16:49,1
103,670,16:50,1
103,671,16:51,1
103,672,16:52,1
103,673,16:53,1
103,674,16:54,1
103,675,16:55,1
103,676,16:56,1
103,677,16:57,1
103,678,16:58,1
103,679,16:59,1
103,680,17:00,1
103,681,17:01,1
103,682,17:02,1
103,683,17:03,1
103,684,17:04,1
103,685,17:05,1
103,686,17:06,1
103,687,17:07,1
103,688,17:08,1
103,689,17:09,1
103,690,17:10,1
103,691,17:11,1
103,692,17:12,1
103,693,17:13,1
103,694,17:14,1
103,695,17:15,1
103,696,17:16,1
103,697,17:17,1
103,698,17:18,1
103,699,17:19,1
103,700,17:20,0
103,701,17:21,0
103,702,17:22,0
103,703,17:23,0
103,704,17:24,0
103,705,17:25,0
103,706,17:26,0
103,707,17:27,0
103,708,17:28,0
103,709,17:29,0
103,710,17:30,0
103,711,17:31,0
103,712,17:32,0
103,713,17:33,0
103,714,17:34,0
103,715,17:35,0
103,716,17:36,0
103,717,17:37,0
103,718,17:38,0
103,719,17:39,0
103,720,17:40,0
103,721,17:41,0
103,722,17:42,0
103,723,17:43,0
103,724,17:44,0
103,725,17:45,0
103,726,17:46,0
103,727,17:47,0
103,728,17:48,0
103,729,17:49,0
103,730,17:50,0
103,731,17:51,0
103,732,17:52,0
103,733,17:53,0
103,734,17:54,0
103,735,17:55,0
103,736,17:56,0
103,737,17:57,0
103,738,17:58,0
103,739,17:59,0
103,740,18:00,0
103,741,18:01,0
103,742,18:02,0
103,743,18:03,0
103,744,18:04,0
103,745,18:05,0
103,746,18:06,0
103,747,18:07,0
103,748,18:08,0
103,749,18:09,0
103,750,18:10,0
103,751,18:11,0
103,752,18:12,0
103,753,18:13,0
103,754,18:14,0
103,755,18:15,0
103,756,18:16,0
103,757,18:17,0
103,758,18:18,0
103,759,18:19,0
103,760,18:20,0
103,761,18:21,0
103,762,18:22,0
103,763,18:23,0
103,764,18:24,0
103,765,18:25,0
103,766,18:26,0
103,767,18:27,0
103,768,18:28,0
103,769,18:29,0
103,770,18:30,0
103,771,18:31,0
103,772,18:32,0
103,773,18:33,0
103,774,18:34,0
103,775,18:35,0
103,776,18:36,0
103,777,18:37,0
103,778,18:38,0
103,779,18:39,0
103,780,18:40,0
103,781,18:41,0
103,782,18:42,0
103,783,18:43,0
103,784,18:44,0
103,785,18:45,0
103,786,18:46,0
103,787,18:47,0
103,788,18:48,0
103,789,18:49,0
103,790,18:50,0
103,791,18:51,0
103,792,18:52,0
103,793,18:53,0
103,794,18:54,0
103,795,18:55,0
103,796,18:56,0
103,797,18:57,0
103,798,18:58,0
103,799,18:59,0
103,800,19:00,0
103,801,19:01,0
103,802,19:02,0
103,803,19:03,0
103,804,19:04,0
103,805,19:05,0
103,806,19:06,0
103,807,19:07,0
103,808,19:08,0
103,809,19:09,0
103,810,19:10,0
103,811,19:11,0
103,812,19:12,0
103,813,19:13,0
103,814,19:14,0
103,815,19:15,0
103,816,19:16,0
103,817,19:17,0
103,818,19:18,0
103,819,19:19,0
103,820,19:20,0
103,821,19:21,0
103,822,19:22,0
103,823,19:23,0
103,824,19:24,0
103,825,19:25,0
103,826,19:26,0
103,827,19:27,0
103,828,19:28,0
103,829,19:29,0
103,830,19:30,0
103,831,19:31,0
103,832,19:32,0
103,833,19:33,0
103,834,19:34,0
103,835,19:35,0
104,0,05:40,0
104,1,05:41,0
104,2,05:42,0
104,3,05:43,0
104,4,05:44,0
104,5,05:45,0
104,6,05:46,0
104,7,05:47,0
104,8,05:48,0
104,9,05:49,0
104,10,05:50,0
104,11,05:51,0
104,12,05:52,0
104,13,05:53,0
104,14,05:54,0
104,15,05:55,0
104,16,05:56,0
104,17,05:57,0
104,18,05:58,0
104,19,05:59,0
104,20,06:00,0
104,21,06:01,0
104,22,06:02,0
104,23,06:03,0
104,24,06:04,0
104,25,06:05,0
104,26,06:06,0
104,27,06:07,0
104,28,06:08,0
104,29,06:09,0
104,30,06:10,0
104,31,06:11,0
104,32,06:12,0
104,33,06:13,0
104,34,06:14,0
104,35,06:15,0
104,36,06:16,0
104,37,06:17,0
104,38,06:18,0
104,39,06:19,0
104,40,06:20,0
104,41,06:21,0
104,42,06:22,0
104,43,06:23,0
104,44,06:24,0
104,45,06:25,0
104,46,06:26,0
104,47,06:27,0
104,48,06:28,0
104,49,06:29,0
104,50,06:30,0
104,51,06:31,0
104,52,06:32,0
104,53,06:33,0
104,54,06:34,0
104,55,06:35,0
104,56,06:36,0
104,57,06:37,0
104,58,06:38,0
104,59,06:39,0
104,60,06:40,0
104,61,06:41,0
104,62,06:42,0
104,63,06:43,0
104,64,06:44,0
104,65,06:45,0
104,66,06:46,0
104,67,06:47,0
104,68,06:48,0
104,69,06:49,0
104,70,06:50,0
104,71,06:51,0
104,72,06:52,0
104,73,06:53,0
104,74,06:54,0
104,75,06:55,0
104,76,06:56,0
104,77,06:57,0
104,78,06:58,0
104,79,06:59,0
104,80,07:00,0
104,81,07:01,0
104,82,07:02,0
104,83,07:03,0
104,84,07:04,0
104,85,07:05,0
104,86,07:06,0
104,87,07:07,0
104,88,07:08,0
104,89,07:09,0
104,90,07:10,0
104,91,07:11,0
104,92,07:12,0
104,93,07:13,0
104,94,07:14,0
104,95,07:15,0
104,96,07:16,0
104,97,07:17,0
104,98,07:18,0
104,99,07:19,0
104,100,07:20,0
104,101,07:21,0
104,102,07:22,0
104,103,07:23,0
104,104,07:24,0
104,105,07:25,0
104,106,07:26,0
104,107,07:27,0
104,108,07:28,0
104,109,07:29,0
104,110,07:30,0
104,111,07:31,0
104,112,07:32,0
104,113,07:33,0
104,114,07:34,0
104,115,07:35,0
104,116,07:36,0
104,117,07:37,0
104,118,07:38,0
104,119,07:39,0
104,120,07:40,0
104,121,07:41,0
104,122,07:42,0
104,123,07:43,0
104,124,07:44,0
104,125,07:45,0
104,126,07:46,0
104,127,07:47,0
104,128,07:48,0
104,129,07:49,0
104,130,07:50,0
104,131,07:51,0
104,132,07:52,0
104,133,07:53,0
104,134,07:54,0
104,135,07:55,0
104,136,07:56,0
104,137,07:57,0
104,138,07:58,0
104,139,07:59,0
104,140,08:00,0
104,141,08:01,0
104,142,08:02,0
104,143,08:03,0
104,144,08:04,0
104,145,08:05,0
104,146,08:06,0
104,147,08:07,0
104,148,08:08,1
104,149,08:09,1
104,150,08:10,1
104,151,08:11,3
104,152,08:12,3
104,153,08:13,3
104,154,08:14,3
104,155,08:15,3
104,156,08:16,3
104,157,08:17,3
104,158,08:18,3
104,159,08:19,3
104,160,08:20,3
104,161,08:21,3
104,162,08:22,2
104,163,08:23,2
104,164,08:24,2
104,165,08:25,0
104,166,08:26,0
104,167,08:27,0
104,168,08:28,1
104,169,08:29,1
104,170,08:30,1
104,171,08:31,1
104,172,08:32,1
104,173,08:33,1
104,174,08:34,1
104,175,08:35,1
104,176,08:36,1
104,177,08:37,0
104,178,08:38,0
104,179,08:39,0
104,180,08:40,0
104,181,08:41,0
104,182,08:42,0
104,183,08:43,0
104,184,08:44,0
104,185,08:45,0
104,186,08:46,0
104,187,08:47,0
104,188,08:48,0
104,189,08:49,0
104,190,08:50,0
104,191,08:51,0
104,192,08:52,0
104,193,08:53,0
104,194,08:54,0
104,195,08:55,0
104,196,08:56,0
104,197,08:57,0
104,198,08:58,0
104,199,08:59,0
104,200,09:00,0
104,201,09:01,0
104,202,09:02,0
104,203,09:03,0
104,204,09:04,0
104,205,09:05,0
104,206,09:06,0
104,207,09:07,0
104,208,09:08,0
104,209,09:09,0
104,210,09:10,0
104,211,09:11,0
104,212,09:12,0
104,213,09:13,0
104,214,09:14,0
104,215,09:15,0
104,216,09:16,0
104,217,09:17,0
104,218,09:18,0
104,219,09:19,0
104,220,09:20,0
104,221,09:21,0
104,222,09:22,0
104,223,09:23,0
104,224,09:24,0
104,225,09:25,0
104,226,09:26,0
104,227,09:27,0
104,228,09:28,0
104,229,09:29,0
104,230,09:30,0
104,231,09:31,0
104,232,09:32,0
104,233,09:33,0
104,234,09:34,0
104,235,09:35,0
104,236,09:36,0
104,237,09:37,0
104,238,09:38,0
104,239,09:39,0
104,240,09:40,0
104,241,09:41,0
104,242,09:42,0
104,243,09:43,0
104,244,09:44,0
104,245,09:45,0
104,246,09:46,0
104,247,09:47,0
104,248,09:48,0
104,249,09:49,0
104,250,09:50,0
104,251,09:51,0
104,252,09:52,0
104,253,09:53,0
104,254,09:54,0
104,255,09:55,0
104,256,09:56,0
104,257,09:57,0
104,258,09:58,0
104,259,09:59,0
104,260,10:00,0
104,261,10:01,0
104,262,10:02,0
104,263,10:03,0
104,264,10:04,0
104,265,10:05,0
104,266,10:06,0
104,267,10:07,0
104,268,10:08,0
104,269,10:09,0
104,270,10:10,0
104,271,10:11,0
104,272,10:12,0
104,273,10:13,0
104,274,10:14,0
104,275,10:15,0
104,276,10:16,0
104,277,10:17,0
104,278,10:18,0
104,279,10:19,0
104,280,10:20,0
104,281,10:21,0
104,282,10:22,0
104,283,10:23,0
104,284,10:24,0
104,285,10:25,0
104,286,10:26,0
104,287,10:27,0
104,288,10:28,0
104,289,10:29,0
104,290,10:30,0
104,291,10:31,0
104,292,10:32,0
104,293,10:33,0
104,294,10:34,0
104,295,10:35,0
104,296,10:36,0
104,297,10:37,0
104,298,10:38,0
104,299,10:39,0
104,300,10:40,0
104,301,10:41,0
104,302,10:42,0
104,303,10:43,0
104,304,10:44,0
104,305,10:45,0
104,306,10:46,0
104,307,10:47,0
104,308,10:48,0
104,309,10:49,0
104,310,10:50,0
104,311,10:51,0
104,312,10:52,0
104,313,10:53,0
104,314,10:54,0
104,315,10:55,0
104,316,10:56,0
104,317,10:57,0
104,318,10:58,0
104,319,10:59,0
104,320,11:00,0
104,321,11:01,0
104,322,11:02,0
104,323,11:03,0
104,324,11:04,0
104,325,11:05,0
104,326,11:06,0
104,327,11:07,0
104,328,11:08,0
104,329,11:09,0
104,330,11:10,0
104,331,11:11,0
104,332,11:12,0
104,333,11:13,0
104,334,11:14,0
104,335,11:15,0
104,336,11:16,0
104,337,11:17,0
104,338,11:18,0
104,339,11:19,0
104,340,11:20,0
104,341,11:21,0
104,342,11:22,0
104,343,11:23,0
104,344,11:24,0
104,345,11:25,0
104,346,11:26,0
104,347,11:27,0
104,348,11:28,0
104,349,11:29,0
104,350,11:30,0
104,351,11:31,0
104,352,11:32,0
104,353,11:33,0
104,354,11:34,0
104,355,11:35,0
104,356,11:36,0
104,357,11:37,0
104,358,11:38,0
104,359,11:39,0
104,360,11:40,0
104,361,11:41,0
104,362,11:42,0
104,363,11:43,0
104,364,11:44,0
104,365,11:45,0
104,366,11:46,0
104,367,11:47,0
104,368,11:48,0
104,369,11:49,0
104,370,11:50,0
104,371,11:51,0
104,372,11:52,0
104,373,11:53,0
104,374,11:54,0
104,375,11:55,0
104,376,11:56,0
104,377,11:57,0
104,378,11:58,0
104,379,11:59,0
104,380,12:00,0
104,381,12:01,0
104,382,12:02,0
104,383,12:03,0
104,384,12:04,0
104,385,12:05,0
104,386,12:06,0
104,387,12:07,0
104,388,12:08,0
104,389,12:09,0
104,390,12:10,0
104,391,12:11,0
104,392,12:12,0
104,393,12:13,0
104,394,12:14,0
104,395,12:15,0
104,396,12:16,0
104,397,12:17,0
104,398,12:18,0
104,399,12:19,0
104,400,12:20,0
104,401,12:21,0
104,402,12:22,0
104,403,12:23,0
104,404,12:24,0
104,405,12:25,0
104,406,12:26,0
104,407,12:27,0
104,408,12:28,0
104,409,12:29,0
104,410,12:30,0
104,411,12:31,0
104,412,12:32,0
104,413,12:33,0
104,414,12:34,0
104,415,12:35,0
104,416,12:36,0
104,417,12:37,0
104,418,12:38,0
104,419,12:39,0
104,420,12:40,0
104,421,12:41,0
104,422,12:42,0
104,423,12:43,0
104,424,12:44,0
104,425,12:45,0
104,426,12:46,0
104,427,12:47,0
104,428,12:48,0
104,429,12:49,0
104,430,12:50,0
104,431,12:51,0
104,432,12:52,0
104,433,12:53,0
104,434,12:54,0
104,435,12:55,0
104,436,12:56,0
104,437,12:57,0
104,438,12:58,0
104,439,12:59,0
104,440,13:00,0
104,441,13:01,0
104,442,13:02,0
104,443,13:03,0
104,444,13:04,0
104,445,13:05,0
104,446,13:06,0
104,447,13:07,0
104,448,13:08,0
104,449,13:09,0
104,450,13:10,0
104,451,13:11,0
104,452,13:12,0
104,453,13:13,0
104,454,13:14,0
104,455,13:15,0
104,456,13:16,0
104,457,13:17,0
104,458,13:18,0
104,459,13:19,0
104,460,13:20,0
104,461,13:21,0
104,462,13:22,0
104,463,13:23,0
104,464,13:24,0
104,465,13:25,0
104,466,13:26,0
104,467,13:27,0
104,468,13:28,0
104,469,13:29,0
104,470,13:30,0
104,471,13:31,0
104,472,13:32,0
104,473,13:33,0
104,474,13:34,0
104,475,13:35,0
104,476,13:36,0
104,477,13:37,0
104,478,13:38,0
104,479,13:39,0
104,480,13:40,0
104,481,13:41,0
104,482,13:42,0
104,483,13:43,0
104,484,13:44,0
104,485,13:45,0
104,486,13:46,0
104,487,13:47,0
104,488,13:48,0
104,489,13:49,0
104,490,13:50,0
104,491,13:51,0
104,492,13:52,0
104,493,13:53,0
104,494,13:54,0
104,495,13:55,0
104,496,13:56,0
104,497,13:57,0
104,498,13:58,0
104,499,13:59,0
104,500,14:00,0
104,501,14:01,0
104,502,14:02,0
104,503,14:03,0
104,504,14:04,0
104,505,14:05,0
104,506,14:06,0
104,507,14:07,0
104,508,14:08,0
104,509,14:09,0
104,510,14:10,0
104,511,14:11,0
104,512,14:12,0
104,513,14:13,0
104,514,14:14,0
104,515,14:15,0
104,516,14:16,0
104,517,14:17,0
104,518,14:18,0
104,519,14:19,0
104,520,14:20,0
104,521,14:21,0
104,522,14:22,0
104,523,14:23,0
104,524,14:24,0
104,525,14:25,0
104,526,14:26,0
104,527,14:27,0
104,528,14:28,0
104,529,14:29,0
104,530,14:30,0
104,531,14:31,0
104,532,14:32,0
104,533,14:33,0
104,534,14:34,1
104,535,14:35,1
104,536,14:36,1
104,537,14:37,2
104,538,14:38,2
104,539,14:39,2
104,540,14:40,2
104,541,14:41,2
104,542,14:42,2
104,543,14:43,2
104,544,14:44,2
104,545,14:45,2
104,546,14:46,2
104,547,14:47,2
104,548,14:48,2
104,549,14:49,2
104,550,14:50,1
104,551,14:51,1
104,552,14:52,1
104,553,14:53,0
104,554,14:54,0
104,555,14:55,0
104,556,14:56,0
104,557,14:57,0
104,558,14:58,0
104,559,14:59,0
104,560,15:00,0
104,561,15:01,0
104,562,15:02,0
104,563,15:03,0
104,564,15:04,0
104,565,15:05,0
104,566,15:06,0
104,567,15:07,0
104,568,15:08,0
104,569,15:09,0
104,570,15:10,0
104,571,15:11,0
104,572,15:12,0
104,573,15:13,0
104,574,15:14,0
104,575,15:15,0
104,576,15:16,0
104,577,15:17,0
104,578,15:18,0
104,579,15:19,0
104,580,15:20,0
104,581,15:21,0
104,582,15:22,0
104,583,15:23,0
104,584,15:24,0
104,585,15:25,0
104,586,15:26,0
104,587,15:27,0
104,588,15:28,0
104,589,15:29,0
104,590,15:30,0
104,591,15:31,0
104,592,15:32,0
104,593,15:33,0
104,594,15:34,0
104,595,15:35,0
104,596,15:36,0
104,597,15:37,0
104,598,15:38,0
104,599,15:39,0
104,600,15:40,0
104,601,15:41,0
104,602,15:42,0
104,603,15:43,0
104,604,15:44,0
104,605,15:45,0
104,606,15:46,0
104,607,15:47,0
104,608,15:48,0
104,609,15:49,0
104,610,15:50,0
104,611,15:51,0
104,612,15:52,0
104,613,15:53,0
104,614,15:54,0
104,615,15:55,0
104,616,15:56,0
104,617,15:57,0
104,618,15:58,0
104,619,15:59,0
104,620,16:00,0
104,621,16:01,0
104,622,16:02,0
104,623,16:03,0
104,624,16:04,0
104,625,16:05,0
104,626,16:06,0
104,627,16:07,0
104,628,16:08,0
104,629,16:09,0
104,630,16:10,0
104,631,16:11,0
104,632,16:12,0
104,633,16:13,0
104,634,16:14,0
104,635,16:15,0
104,636,16:16,0
104,637,16:17,0
104,638,16:18,0
104,639,16:19,0
104,640,16:20,0
104,641,16:21,0
104,642,16:22,0
104,643,16:23,0
104,644,16:24,0
104,645,16:25,0
104,646,16:26,0
104,647,16:27,1
104,648,16:28,1
104,649,16:29,1
104,650,16:30,1
104,651,16:31,1
104,652,16:32,1
104,653,16:33,1
104,654,16:34,1
104,655,16:35,1
104,656,16:36,0
104,657,16:37,0
104,658,16:38,0
104,659,16:39,0
104,660,16:40,0
104,661,16:41,0
104,662,16:42,0
104,663,16:43,0
104,664,16:44,0
104,665,16:45,0
104,666,16:46,0
104,667,16:47,0
104,668,16:48,0
104,669,16:49,0
104,670,16:50,0
104,671,16:51,0
104,672,16:52,1
104,673,16:53,1
104,674,16:54,1
104,675,16:55,2
104,676,16:56,2
104,677,16:57,2
104,678,16:58,2
104,679,16:59,2
104,680,17:00,2
104,681,17:01,2
104,682,17:02,2
104,683,17:03,2
104,684,17:04,2
104,685,17:05,1
104,686,17:06,1
104,687,17:07,1
104,688,17:08,0
104,689,17:09,0
104,690,17:10,0
104,691,17:11,0
104,692,17:12,0
104,693,17:13,1
104,694,17:14,1
104,695,17:15,1
104,696,17:16,2
104,697,17:17,2
104,698,17:18,2
104,699,17:19,2
104,700,17:20,2
104,701,17:21,2
104,702,17:22,2
104,703,17:23,2
104,704,17:24,2
104,705,17:25,2
104,706,17:26,1
104,707,17:27,1
104,708,17:28,1
104,709,17:29,1
104,710,17:30,1
104,711,17:31,1
104,712,17:32,0
104,713,17:33,0
104,714,17:34,0
104,715,17:35,0
104,716,17:36,0
104,717,17:37,0
104,718,17:38,0
104,719,17:39,2
104,720,17:40,2
104,721,17:41,2
104,722,17:42,2
104,723,17:43,2
104,724,17:44,2
104,725,17:45,2
104,726,17:46,2
104,727,17:47,2
104,728,17:48,2
104,729,17:49,2
104,730,17:50,2
104,731,17:51,2
104,732,17:52,2
104,733,17:53,0
104,734,17:54,0
104,735,17:55,0
104,736,17:56,0
104,737,17:57,0
104,738,17:58,0
104,739,17:59,0
104,740,18:00,0
104,741,18:01,0
104,742,18:02,0
104,743,18:03,0
104,744,18:04,0
104,745,18:05,0
104,746,18:06,0
104,747,18:07,0
104,748,18:08,0
104,749,18:09,0
104,750,18:10,0
104,751,18:11,0
104,752,18:12,0
104,753,18:13,0
104,754,18:14,0
104,755,18:15,0
104,756,18:16,0
104,757,18:17,0
104,758,18:18,0
104,759,18:19,0
104,760,18:20,0
104,761,18:21,0
104,762,18:22,0
104,763,18:23,0
104,764,18:24,0
104,765,18:25,0
104,766,18:26,0
104,767,18:27,0
104,768,18:28,0
104,769,18:29,0
104,770,18:30,0
104,771,18:31,0
104,772,18:32,0
104,773,18:33,0
104,774,18:34,0
104,775,18:35,0
104,776,18:36,0
104,777,18:37,0
104,778,18:38,0
104,779,18:39,0
104,780,18:40,0
104,781,18:41,0
104,782,18:42,0
104,783,18:43,0
104,784,18:44,0
104,785,18:45,0
104,786,18:46,0
104,787,18:47,0
104,788,18:48,0
104,789,18:49,0
104,790,18:50,0
104,791,18:51,0
104,792,18:52,0
104,793,18:53,0
104,794,18:54,0
104,795,18:55,0
104,796,18:56,0
104,797,18:57,0
104,798,18:58,0
104,799,18:59,0
104,800,19:00,0
104,801,19:01,0
104,802,19:02,0
104,803,19:03,0
104,804,19:04,0
104,805,19:05,0
104,806,19:06,0
104,807,19:07,0
104,808,19:08,0
104,809,19:09,0
104,810,19:10,0
104,811,19:11,0
104,812,19:12,0
104,813,19:13,0
104,814,19:14,0
104,815,19:15,0
104,816,19:16,0
104,817,19:17,0
104,818,19:18,0
104,819,19:19,0
104,820,19:20,0
104,821,19:21,0
104,822,19:22,0
104,823,19:23,0
104,824,19:24,0
104,825,19:25,0
104,826,19:26,0
104,827,19:27,0
104,828,19:28,0
104,829,19:29,0
104,830,19:30,0
104,831,19:31,0
104,832,19:32,0
104,833,19:33,0
104,834,19:34,0
104,835,19:35,0
105,0,05:40,0
105,1,05:41,0
105,2,05:42,0
105,3,05:43,0
105,4,05:44,0
105,5,05:45,0
105,6,05:46,0
105,7,05:47,0
105,8,05:48,0
105,9,05:49,0
105,10,05:50,0
105,11,05:51,0
105,12,05:52,0
105,13,05:53,0
105,14,05:54,0
105,15,05:55,0
105,16,05:56,0
105,17,05:57,0
105,18,05:58,0
105,19,05:59,0
105,20,06:00,0
105,21,06:01,0
105,22,06:02,0
105,23,06:03,0
105,24,06:04,0
105,25,06:05,0
105,26,06:06,0
105,27,06:07,0
105,28,06:08,0
105,29,06:09,0
105,30,06:10,0
105,31,06:11,0
105,32,06:12,0
105,33,06:13,0
105,34,06:14,0
105,35,06:15,0
105,36,06:16,0
105,37,06:17,0
105,38,06:18,0
105,39,06:19,0
105,40,06:20,0
105,41,06:21,0
105,42,06:22,0
105,43,06:23,0
105,44,06:24,0
105,45,06:25,0
105,46,06:26,0
105,47,06:27,0
105,48,06:28,0
105,49,06:29,0
105,50,06:30,0
105,51,06:31,0
105,52,06:32,0
105,53,06:33,0
105,54,06:34,0
105,55,06:35,0
105,56,06:36,0
105,57,06:37,0
105,58,06:38,0
105,59,06:39,0
105,60,06:40,0
105,61,06:41,0
105,62,06:42,0
105,63,06:43,0
105,64,06:44,0
105,65,06:45,0
105,66,06:46,0
105,67,06:47,0
105,68,06:48,0
105,69,06:49,0
105,70,06:50,0
105,71,06:51,0
105,72,06:52,0
105,73,06:53,0
105,74,06:54,0
105,75,06:55,0
105,76,06:56,0
105,77,06:57,0
105,78,06:58,0
105,79,06:59,0
105,80,07:00,0
105,81,07:01,0
105,82,07:02,0
105,83,07:03,0
105,84,07:04,0
105,85,07:05,0
105,86,07:06,0
105,87,07:07,0
105,88,07:08,0
105,89,07:09,0
105,90,07:10,0
105,91,07:11,0
105,92,07:12,0
105,93,07:13,0
105,94,07:14,0
105,95,07:15,0
105,96,07:16,0
105,97,07:17,0
105,98,07:18,0
105,99,07:19,0
105,100,07:20,1
105,101,07:21,1
105,102,07:22,1
105,103,07:23,1
105,104,07:24,1
105,105,07:25,1
105,106,07:26,1
105,107,07:27,1
105,108,07:28,1
105,109,07:29,1
105,110,07:30,2
105,111,07:31,2
105,112,07:32,2
105,113,07:33,2
105,114,07:34,2
105,115,07:35,2
105,116,07:36,2
105,117,07:37,2
105,118,07:38,2
105,119,07:39,2
105,120,07:40,2
105,121,07:41,2
105,122,07:42,2
105,123,07:43,2
105,124,07:44,2
105,125,07:45,2
105,126,07:46,2
105,127,07:47,2
105,128,07:48,2
105,129,07:49,1
105,130,07:50,1
105,131,07:51,1
105,132,07:52,0
105,133,07:53,0
105,134,07:54,0
105,135,07:55,0
105,136,07:56,0
105,137,07:57,0
105,138,07:58,0
105,139,07:59,0
105,140,08:00,0
105,141,08:01,0
105,142,08:02,0
105,143,08:03,0
105,144,08:04,0
105,145,08:05,0
105,146,08:06,0
105,147,08:07,0
105,148,08:08,0
105,149,08:09,0
105,150,08:10,0
105,151,08:11,0
105,152,08:12,0
105,153,08:13,0
105,154,08:14,0
105,155,08:15,0
105,156,08:16,0
105,157,08:17,0
105,158,08:18,0
105,159,08:19,0
105,160,08:20,0
105,161,08:21,0
105,162,08:22,0
105,163,08:23,0
105,164,08:24,0
105,165,08:25,0
105,166,08:26,0
105,167,08:27,0
105,168,08:28,0
105,169,08:29,0
105,170,08:30,0
105,171,08:31,0
105,172,08:32,0
105,173,08:33,0
105,174,08:34,0
105,175,08:35,0
105,176,08:36,0
105,177,08:37,0
105,178,08:38,0
105,179,08:39,0
105,180,08:40,0
105,181,08:41,0
105,182,08:42,0
105,183,08:43,0
105,184,08:44,0
105,185,08:45,0
105,186,08:46,0
105,187,08:47,0
105,188,08:48,0
105,189,08:49,0
105,190,08:50,0
105,191,08:51,0
105,192,08:52,0
105,193,08:53,0
105,194,08:54,0
105,195,08:55,0
105,196,08:56,0
105,197,08:57,0
105,198,08:58,0
105,199,08:59,0
105,200,09:00,0
105,201,09:01,0
105,202,09:02,0
105,203,09:03,0
105,204,09:04,0
105,205,09:05,0
105,206,09:06,0
105,207,09:07,0
105,208,09:08,0
105,209,09:09,0
105,210,09:10,0
105,211,09:11,0
105,212,09:12,0
105,213,09:13,0
105,214,09:14,0
105,215,09:15,0
105,216,09:16,0
105,217,09:17,0
105,218,09:18,0
105,219,09:19,0
105,220,09:20,0
105,221,09:21,0
105,222,09:22,0
105,223,09:23,0
105,224,09:24,0
105,225,09:25,0
105,226,09:26,0
105,227,09:27,0
105,228,09:28,0
105,229,09:29,0
105,230,09:30,0
105,231,09:31,0
105,232,09:32,0
105,233,09:33,0
105,234,09:34,0
105,235,09:35,0
105,236,09:36,0
105,237,09:37,0
105,238,09:38,0
105,239,09:39,0
105,240,09:40,0
105,241,09:41,0
105,242,09:42,0
105,243,09:43,0
105,244,09:44,0
105,245,09:45,0
105,246,09:46,0
105,247,09:47,0
105,248,09:48,0
105,249,09:49,0
105,250,09:50,0
105,251,09:51,0
105,252,09:52,0
105,253,09:53,0
105,254,09:54,0
105,255,09:55,0
105,256,09:56,0
105,257,09:57,0
105,258,09:58,0
105,259,09:59,0
105,260,10:00,0
105,261,10:01,0
105,262,10:02,0
105,263,10:03,0
105,264,10:04,0
105,265,10:05,0
105,266,10:06,0
105,267,10:07,0
105,268,10:08,0
105,269,10:09,0
105,270,10:10,0
105,271,10:11,0
105,272,10:12,0
105,273,10:13,0
105,274,10:14,0
105,275,10:15,0
105,276,10:16,0
105,277,10:17,0
105,278,10:18,0
105,279,10:19,0
105,280,10:20,0
105,281,10:21,0
105,282,10:22,0
105,283,10:23,0
105,284,10:24,1
105,285,10:25,1
105,286,10:26,1
105,287,10:27,1
105,288,10:28,1
105,289,10:29,1
105,290,10:30,1
105,291,10:31,1
105,292,10:32,1
105,293,10:33,1
105,294,10:34,1
105,295,10:35,1
105,296,10:36,1
105,297,10:37,1
105,298,10:38,1
105,299,10:39,1
105,300,10:40,1
105,301,10:41,1
105,302,10:42,1
105,303,10:43,1
105,304,10:44,1
105,305,10:45,1
105,306,10:46,0
105,307,10:47,0
105,308,10:48,0
105,309,10:49,1
105,310,10:50,1
105,311,10:51,1
105,312,10:52,2
105,313,10:53,2
105,314,10:54,2
105,315,10:55,2
105,316,10:56,2
105,317,10:57,2
105,318,10:58,2
105,319,10:59,2
105,320,11:00,2
105,321,11:01,2
105,322,11:02,2
105,323,11:03,2
105,324,11:04,2
105,325,11:05,2
105,326,11:06,2
105,327,11:07,1
105,328,11:08,1
105,329,11:09,1
105,330,11:10,0
105,331,11:11,0
105,332,11:12,0
105,333,11:13,1
105,334,11:14,1
105,335,11:15,1
105,336,11:16,1
105,337,11:17,2
105,338,11:18,2
105,339,11:19,2
105,340,11:20,2
105,341,11:21,2
105,342,11:22,2
105,343,11:23,2
105,344,11:24,2
105,345,11:25,2
105,346,11:26,2
105,347,11:27,1
105,348,11:28,1
105,349,11:29,1
105,350,11:30,0
105,351,11:31,0
105,352,11:32,0
105,353,11:33,0
105,354,11:34,0
105,355,11:35,0
105,356,11:36,0
105,357,11:37,0
105,358,11:38,0
105,359,11:39,0
105,360,11:40,0
105,361,11:41,0
105,362,11:42,0
105,363,11:43,0
105,364,11:44,0
105,365,11:45,0
105,366,11:46,0
105,367,11:47,0
105,368,11:48,0
105,369,11:49,0
105,370,11:50,0
105,371,11:51,0
105,372,11:52,0
105,373,11:53,0
105,374,11:54,0
105,375,11:55,0
105,376,11:56,0
105,377,11:57,0
105,378,11:58,0
105,379,11:59,0
105,380,12:00,0
105,381,12:01,0
105,382,12:02,0
105,383,12:03,0
105,384,12:04,0
105,385,12:05,0
105,386,12:06,0
105,387,12:07,0
105,388,12:08,0
105,389,12:09,0
105,390,12:10,0
105,391,12:11,0
105,392,12:12,0
105,393,12:13,0
105,394,12:14,0
105,395,12:15,0
105,396,12:16,0
105,397,12:17,0
105,398,12:18,0
105,399,12:19,0
105,400,12:20,1
105,401,12:21,1
105,402,12:22,1
105,403,12:23,1
105,404,12:24,1
105,405,12:25,1
105,406,12:26,1
105,407,12:27,1
105,408,12:28,1
105,409,12:29,1
105,410,12:30,1
105,411,12:31,1
105,412,12:32,1
105,413,12:33,1
105,414,12:34,1
105,415,12:35,0
105,416,12:36,0
105,417,12:37,0
105,418,12:38,0
105,419,12:39,0
105,420,12:40,0
105,421,12:41,0
105,422,12:42,0
105,423,12:43,0
105,424,12:44,0
105,425,12:45,0
105,426,12:46,0
105,427,12:47,0
105,428,12:48,0
105,429,12:49,0
105,430,12:50,0
105,431,12:51,0
105,432,12:52,0
105,433,12:53,0
105,434,12:54,0
105,435,12:55,0
105,436,12:56,0
105,437,12:57,0
105,438,12:58,0
105,439,12:59,0
105,440,13:00,0
105,441,13:01,0
105,442,13:02,0
105,443,13:03,0
105,444,13:04,0
105,445,13:05,0
105,446,13:06,0
105,447,13:07,0
105,448,13:08,0
105,449,13:09,0
105,450,13:10,0
105,451,13:11,0
105,452,13:12,0
105,453,13:13,0
105,454,13:14,0
105,455,13:15,0
105,456,13:16,0
105,457,13:17,0
105,458,13:18,0
105,459,13:19,0
105,460,13:20,0
105,461,13:21,0
105,462,13:22,0
105,463,13:23,0
105,464,13:24,0
105,465,13:25,0
105,466,13:26,0
105,467,13:27,0
105,468,13:28,0
105,469,13:29,0
105,470,13:30,0
105,471,13:31,0
105,472,13:32,0
105,473,13:33,0
105,474,13:34,0
105,475,13:35,0
105,476,13:36,0
105,477,13:37,0
105,478,13:38,0
105,479,13:39,0
105,480,13:40,0
105,481,13:41,0
105,482,13:42,0
105,483,13:43,0
105,484,13:44,0
105,485,13:45,0
105,486,13:46,0
105,487,13:47,1
105,488,13:48,1
105,489,13:49,1
105,490,13:50,1
105,491,13:51,1
105,492,13:52,1
105,493,13:53,1
105,494,13:54,1
105,495,13:55,1
105,496,13:56,1
105,497,13:57,0
105,498,13:58,0
105,499,13:59,0
105,500,14:00,0
105,501,14:01,0
105,502,14:02,0
105,503,14:03,0
105,504,14:04,0
105,505,14:05,0
105,506,14:06,0
105,507,14:07,0
105,508,14:08,0
105,509,14:09,0
105,510,14:10,0
105,511,14:11,0
105,512,14:12,0
105,513,14:13,0
105,514,14:14,0
105,515,14:15,0
105,516,14:16,0
105,517,14:17,0
105,518,14:18,0
105,519,14:19,0
105,520,14:20,0
105,521,14:21,0
105,522,14:22,0
105,523,14:23,0
105,524,14:24,1
105,525,14:25,1
105,526,14:26,1
105,527,14:27,1
105,528,14:28,1
105,529,14:29,1
105,530,14:30,1
105,531,14:31,1
105,532,14:32,1
105,533,14:33,1
105,534,14:34,0
105,535,14:35,0
105,536,14:36,0
105,537,14:37,0
105,538,14:38,0
105,539,14:39,0
105,540,14:40,0
105,541,14:41,0
105,542,14:42,0
105,543,14:43,0
105,544,14:44,0
105,545,14:45,0
105,546,14:46,0
105,547,14:47,0
105,548,14:48,0
105,549,14:49,0
105,550,14:50,0
105,551,14:51,0
105,552,14:52,0
105,553,14:53,0
105,554,14:54,0
105,555,14:55,0
105,556,14:56,0
105,557,14:57,0
105,558,14:58,0
105,559,14:59,0
105,560,15:00,0
105,561,15:01,0
105,562,15:02,0
105,563,15:03,0
105,564,15:04,0
105,565,15:05,0
105,566,15:06,0
105,567,15:07,0
105,568,15:08,0
105,569,15:09,0
105,570,15:10,0
105,571,15:11,0
105,572,15:12,0
105,573,15:13,0
105,574,15:14,0
105,575,15:15,0
105,576,15:16,0
105,577,15:17,0
105,578,15:18,0
105,579,15:19,0
105,580,15:20,0
105,581,15:21,0
105,582,15:22,0
105,583,15:23,0
105,584,15:24,0
105,585,15:25,0
105,586,15:26,0
105,587,15:27,0
105,588,15:28,0
105,589,15:29,0
105,590,15:30,0
105,591,15:31,0
105,592,15:32,0
105,593,15:33,0
105,594,15:34,0
105,595,15:35,0
105,596,15:36,0
105,597,15:37,0
105,598,15:38,0
105,599,15:39,0
105,600,15:40,0
105,601,15:41,0
105,602,15:42,0
105,603,15:43,0
105,604,15:44,0
105,605,15:45,0
105,606,15:46,0
105,607,15:47,0
105,608,15:48,0
105,609,15:49,0
105,610,15:50,0
105,611,15:51,0
105,612,15:52,0
105,613,15:53,0
105,614,15:54,0
105,615,15:55,0
105,616,15:56,0
105,617,15:57,0
105,618,15:58,0
105,619,15:59,0
105,620,16:00,0
105,621,16:01,0
105,622,16:02,0
105,623,16:03,0
105,624,16:04,0
105,625,16:05,0
105,626,16:06,0
105,627,16:07,0
105,628,16:08,0
105,629,16:09,0
105,630,16:10,0
105,631,16:11,0
105,632,16:12,0
105,633,16:13,0
105,634,16:14,0
105,635,16:15,0
105,636,16:16,0
105,637,16:17,0
105,638,16:18,0
105,639,16:19,0
105,640,16:20,0
105,641,16:21,1
105,642,16:22,1
105,643,16:23,1
105,644,16:24,1
105,645,16:25,1
105,646,16:26,1
105,647,16:27,1
105,648,16:28,1
105,649,16:29,1
105,650,16:30,1
105,651,16:31,0
105,652,16:32,0
105,653,16:33,0
105,654,16:34,0
105,655,16:35,0
105,656,16:36,0
105,657,16:37,0
105,658,16:38,0
105,659,16:39,0
105,660,16:40,0
105,661,16:41,0
105,662,16:42,0
105,663,16:43,0
105,664,16:44,0
105,665,16:45,0
105,666,16:46,0
105,667,16:47,1
105,668,16:48,1
105,669,16:49,1
105,670,16:50,1
105,671,16:51,1
105,672,16:52,1
105,673,16:53,1
105,674,16:54,1
105,675,16:55,1
105,676,16:56,1
105,677,16:57,0
105,678,16:58,0
105,679,16:59,0
105,680,17:00,0
105,681,17:01,0
105,682,17:02,0
105,683,17:03,0
105,684,17:04,2
105,685,17:05,2
105,686,17:06,2
105,687,17:07,2
105,688,17:08,2
105,689,17:09,2
105,690,17:10,2
105,691,17:11,2
105,692,17:12,2
105,693,17:13,2
105,694,17:14,2
105,695,17:15,0
105,696,17:16,0
105,697,17:17,0
105,698,17:18,0
105,699,17:19,0
105,700,17:20,0
105,701,17:21,0
105,702,17:22,0
105,703,17:23,0
105,704,17:24,0
105,705,17:25,0
105,706,17:26,0
105,707,17:27,0
105,708,17:28,0
105,709,17:29,0
105,710,17:30,0
105,711,17:31,0
105,712,17:32,0
105,713,17:33,0
105,714,17:34,0
105,715,17:35,0
105,716,17:36,0
105,717,17:37,0
105,718,17:38,0
105,719,17:39,0
105,720,17:40,0
105,721,17:41,0
105,722,17:42,0
105,723,17:43,0
105,724,17:44,0
105,725,17:45,0
105,726,17:46,0
105,727,17:47,0
105,728,17:48,0
105,729,17:49,0
105,730,17:50,0
105,731,17:51,0
105,732,17:52,0
105,733,17:53,0
105,734,17:54,0
105,735,17:55,0
105,736,17:56,0
105,737,17:57,0
105,738,17:58,0
105,739,17:59,0
105,740,18:00,0
105,741,18:01,0
105,742,18:02,0
105,743,18:03,0
105,744,18:04,0
105,745,18:05,0
105,746,18:06,0
105,747,18:07,0
105,748,18:08,0
105,749,18:09,0
105,750,18:10,0
105,751,18:11,0
105,752,18:12,0
105,753,18:13,0
105,754,18:14,0
105,755,18:15,0
105,756,18:16,0
105,757,18:17,0
105,758,18:18,0
105,759,18:19,0
105,760,18:20,0
105,761,18:21,0
105,762,18:22,0
105,763,18:23,0
105,764,18:24,0
105,765,18:25,0
105,766,18:26,0
105,767,18:27,0
105,768,18:28,0
105,769,18:29,0
105,770,18:30,0
105,771,18:31,0
105,772,18:32,0
105,773,18:33,0
105,774,18:34,0
105,775,18:35,0
105,776,18:36,0
105,777,18:37,0
105,778,18:38,0
105,779,18:39,0
105,780,18:40,0
105,781,18:41,0
105,782,18:42,0
105,783,18:43,0
105,784,18:44,0
105,785,18:45,0
105,786,18:46,0
105,787,18:47,0
105,788,18:48,0
105,789,18:49,0
105,790,18:50,0
105,791,18:51,0
105,792,18:52,0
105,793,18:53,0
105,794,18:54,0
105,795,18:55,0
105,796,18:56,0
105,797,18:57,0
105,798,18:58,0
105,799,18:59,0
105,800,19:00,0
105,801,19:01,0
105,802,19:02,0
105,803,19:03,0
105,804,19:04,0
105,805,19:05,0
105,806,19:06,1
105,807,19:07,1
105,808,19:08,1
105,809,19:09,1
105,810,19:10,1
105,811,19:11,1
105,812,19:12,1
105,813,19:13,1
105,814,19:14,1
105,815,19:15,1
105,816,19:16,0
105,817,19:17,0
105,818,19:18,0
105,819,19:19,0
105,820,19:20,0
105,821,19:21,0
105,822,19:22,0
105,823,19:23,0
105,824,19:24,0
105,825,19:25,0
105,826,19:26,0
105,827,19:27,0
105,828,19:28,0
105,829,19:29,0
105,830,19:30,0
105,831,19:31,0
105,832,19:32,0
105,833,19:33,0
105,834,19:34,0
105,835,19:35,0
106,0,05:40,0
106,1,05:41,0
106,2,05:42,0
106,3,05:43,0
106,4,05:44,0
106,5,05:45,0
106,6,05:46,0
106,7,05:47,0
106,8,05:48,0
106,9,05:49,0
106,10,05:50,0
106,11,05:51,0
106,12,05:52,0
106,13,05:53,0
106,14,05:54,0
106,15,05:55,0
106,16,05:56,0
106,17,05:57,0
106,18,05:58,0
106,19,05:59,0
106,20,06:00,0
106,21,06:01,0
106,22,06:02,0
106,23,06:03,0
106,24,06:04,0
106,25,06:05,0
106,26,06:06,0
106,27,06:07,0
106,28,06:08,0
106,29,06:09,0
106,30,06:10,0
106,31,06:11,0
106,32,06:12,0
106,33,06:13,0
106,34,06:14,0
106,35,06:15,0
106,36,06:16,0
106,37,06:17,0
106,38,06:18,0
106,39,06:19,0
106,40,06:20,0
106,41,06:21,0
106,42,06:22,0
106,43,06:23,0
106,44,06:24,0
106,45,06:25,0
106,46,06:26,0
106,47,06:27,0
106,48,06:28,0
106,49,06:29,0
106,50,06:30,0
106,51,06:31,0
106,52,06:32,0
106,53,06:33,0
106,54,06:34,0
106,55,06:35,0
106,56,06:36,0
106,57,06:37,0
106,58,06:38,0
106,59,06:39,0
106,60,06:40,0
106,61,06:41,0
106,62,06:42,0
106,63,06:43,0
106,64,06:44,0
106,65,06:45,0
106,66,06:46,0
106,67,06:47,0
106,68,06:48,0
106,69,06:49,0
106,70,06:50,0
106,71,06:51,0
106,72,06:52,0
106,73,06:53,0
106,74,06:54,0
106,75,06:55,0
106,76,06:56,0
106,77,06:57,0
106,78,06:58,0
106,79,06:59,0
106,80,07:00,0
106,81,07:01,0
106,82,07:02,0
106,83,07:03,0
106,84,07:04,0
106,85,07:05,0
106,86,07:06,0
106,87,07:07,0
106,88,07:08,0
106,89,07:09,0
106,90,07:10,0
106,91,07:11,0
106,92,07:12,0
106,93,07:13,0
106,94,07:14,0
106,95,07:15,0
106,96,07:16,0
106,97,07:17,0
106,98,07:18,0
106,99,07:19,0
106,100,07:20,0
106,101,07:21,0
106,102,07:22,0
106,103,07:23,0
106,104,07:24,0
106,105,07:25,0
106,106,07:26,0
106,107,07:27,0
106,108,07:28,0
106,109,07:29,0
106,110,07:30,0
106,111,07:31,0
106,112,07:32,0
106,113,07:33,0
106,114,07:34,0
106,115,07:35,0
106,116,07:36,0
106,117,07:37,0
106,118,07:38,0
106,119,07:39,0
106,120,07:40,0
106,121,07:41,0
106,122,07:42,0
106,123,07:43,0
106,124,07:44,0
106,125,07:45,0
106,126,07:46,0
106,127,07:47,0
106,128,07:48,0
106,129,07:49,0
106,130,07:50,0
106,131,07:51,0
106,132,07:52,0
106,133,07:53,0
106,134,07:54,0
106,135,07:55,0
106,136,07:56,0
106,137,07:57,0
106,138,07:58,0
106,139,07:59,0
106,140,08:00,0
106,141,08:01,0
106,142,08:02,0
106,143,08:03,0
106,144,08:04,0
106,145,08:05,0
106,146,08:06,0
106,147,08:07,0
106,148,08:08,0
106,149,08:09,0
106,150,08:10,0
106,151,08:11,0
106,152,08:12,0
106,153,08:13,0
106,154,08:14,0
106,155,08:15,0
106,156,08:16,0
106,157,08:17,0
106,158,08:18,0
106,159,08:19,0
106,160,08:20,1
106,161,08:21,1
106,162,08:22,1
106,163,08:23,1
106,164,08:24,1
106,165,08:25,1
106,166,08:26,2
106,167,08:27,2
106,168,08:28,2
106,169,08:29,2
106,170,08:30,2
106,171,08:31,2
106,172,08:32,2
106,173,08:33,2
106,174,08:34,2
106,175,08:35,2
106,176,08:36,1
106,177,08:37,1
106,178,08:38,1
106,179,08:39,1
106,180,08:40,1
106,181,08:41,1
106,182,08:42,1
106,183,08:43,0
106,184,08:44,0
106,185,08:45,0
106,186,08:46,0
106,187,08:47,0
106,188,08:48,0
106,189,08:49,0
106,190,08:50,0
106,191,08:51,0
106,192,08:52,0
106,193,08:53,0
106,194,08:54,0
106,195,08:55,0
106,196,08:56,0
106,197,08:57,0
106,198,08:58,0
106,199,08:59,0
106,200,09:00,0
106,201,09:01,0
106,202,09:02,0
106,203,09:03,0
106,204,09:04,0
106,205,09:05,0
106,206,09:06,0
106,207,09:07,0
106,208,09:08,0
106,209,09:09,0
106,210,09:10,0
106,211,09:11,0
106,212,09:12,0
106,213,09:13,0
106,214,09:14,0
106,215,09:15,0
106,216,09:16,0
106,217,09:17,0
106,218,09:18,0
106,219,09:19,0
106,220,09:20,0
106,221,09:21,0
106,222,09:22,0
106,223,09:23,0
106,224,09:24,0
106,225,09:25,0
106,226,09:26,0
106,227,09:27,0
106,228,09:28,0
106,229,09:29,0
106,230,09:30,0
106,231,09:31,0
106,232,09:32,0
106,233,09:33,0
106,234,09:34,0
106,235,09:35,0
106,236,09:36,0
106,237,09:37,0
106,238,09:38,0
106,239,09:39,0
106,240,09:40,0
106,241,09:41,0
106,242,09:42,0
106,243,09:43,0
106,244,09:44,0
106,245,09:45,0
106,246,09:46,0
106,247,09:47,0
106,248,09:48,0
106,249,09:49,0
106,250,09:50,0
106,251,09:51,0
106,252,09:52,0
106,253,09:53,0
106,254,09:54,0
106,255,09:55,0
106,256,09:56,0
106,257,09:57,0
106,258,09:58,0
106,259,09:59,0
106,260,10:00,0
106,261,10:01,0
106,262,10:02,0
106,263,10:03,0
106,264,10:04,0
106,265,10:05,0
106,266,10:06,0
106,267,10:07,0
106,268,10:08,0
106,269,10:09,0
106,270,10:10,0
106,271,10:11,0
106,272,10:12,0
106,273,10:13,0
106,274,10:14,0
106,275,10:15,0
106,276,10:16,0
106,277,10:17,0
106,278,10:18,0
106,279,10:19,0
106,280,10:20,0
106,281,10:21,0
106,282,10:22,0
106,283,10:23,0
106,284,10:24,1
106,285,10:25,1
106,286,10:26,1
106,287,10:27,1
106,288,10:28,1
106,289,10:29,1
106,290,10:30,1
106,291,10:31,1
106,292,10:32,1
106,293,10:33,1
106,294,10:34,1
106,295,10:35,1
106,296,10:36,1
106,297,10:37,1
106,298,10:38,1
106,299,10:39,1
106,300,10:40,0
106,301,10:41,0
106,302,10:42,0
106,303,10:43,1
106,304,10:44,1
106,305,10:45,1
106,306,10:46,1
106,307,10:47,1
106,308,10:48,1
106,309,10:49,1
106,310,10:50,1
106,311,10:51,1
106,312,10:52,1
106,313,10:53,1
106,314,10:54,1
106,315,10:55,1
106,316,10:56,1
106,317,10:57,1
106,318,10:58,1
106,319,10:59,1
106,320,11:00,1
106,321,11:01,0
106,322,11:02,0
106,323,11:03,0
106,324,11:04,1
106,325,11:05,1
106,326,11:06,1
106,327,11:07,1
106,328,11:08,1
106,329,11:09,1
106,330,11:10,1
106,331,11:11,1
106,332,11:12,1
106,333,11:13,1
106,334,11:14,1
106,335,11:15,0
106,336,11:16,0
106,337,11:17,0
106,338,11:18,1
106,339,11:19,1
106,340,11:20,1
106,341,11:21,1
106,342,11:22,1
106,343,11:23,1
106,344,11:24,1
106,345,11:25,1
106,346,11:26,1
106,347,11:27,1
106,348,11:28,1
106,349,11:29,1
106,350,11:30,1
106,351,11:31,1
106,352,11:32,1
106,353,11:33,1
106,354,11:34,1
106,355,11:35,1
106,356,11:36,1
106,357,11:37,1
106,358,11:38,1
106,359,11:39,1
106,360,11:40,1
106,361,11:41,1
106,362,11:42,1
106,363,11:43,1
106,364,11:44,1
106,365,11:45,1
106,366,11:46,1
106,367,11:47,0
106,368,11:48,0
106,369,11:49,0
106,370,11:50,0
106,371,11:51,0
106,372,11:52,0
106,373,11:53,0
106,374,11:54,0
106,375,11:55,0
106,376,11:56,0
106,377,11:57,0
106,378,11:58,0
106,379,11:59,0
106,380,12:00,0
106,381,12:01,0
106,382,12:02,0
106,383,12:03,0
106,384,12:04,0
106,385,12:05,0
106,386,12:06,0
106,387,12:07,0
106,388,12:08,0
106,389,12:09,0
106,390,12:10,0
106,391,12:11,0
106,392,12:12,0
106,393,12:13,0
106,394,12:14,0
106,395,12:15,0
106,396,12:16,0
106,397,12:17,0
106,398,12:18,0
106,399,12:19,0
106,400,12:20,0
106,401,12:21,0
106,402,12:22,0
106,403,12:23,0
106,404,12:24,0
106,405,12:25,0
106,406,12:26,0
106,407,12:27,0
106,408,12:28,0
106,409,12:29,0
106,410,12:30,0
106,411,12:31,0
106,412,12:32,0
106,413,12:33,0
106,414,12:34,0
106,415,12:35,0
106,416,12:36,0
106,417,12:37,0
106,418,12:38,0
106,419,12:39,0
106,420,12:40,0
106,421,12:41,0
106,422,12:42,0
106,423,12:43,0
106,424,12:44,0
106,425,12:45,0
106,426,12:46,0
106,427,12:47,0
106,428,12:48,0
106,429,12:49,0
106,430,12:50,0
106,431,12:51,0
106,432,12:52,0
106,433,12:53,0
106,434,12:54,0
106,435,12:55,0
106,436,12:56,0
106,437,12:57,0
106,438,12:58,0
106,439,12:59,0
106,440,13:00,0
106,441,13:01,0
106,442,13:02,0
106,443,13:03,0
106,444,13:04,0
106,445,13:05,0
106,446,13:06,0
106,447,13:07,0
106,448,13:08,0
106,449,13:09,0
106,450,13:10,0
106,451,13:11,0
106,452,13:12,0
106,453,13:13,0
106,454,13:14,0
106,455,13:15,0
106,456,13:16,0
106,457,13:17,0
106,458,13:18,0
106,459,13:19,0
106,460,13:20,0
106,461,13:21,0
106,462,13:22,0
106,463,13:23,0
106,464,13:24,0
106,465,13:25,0
106,466,13:26,0
106,467,13:27,0
106,468,13:28,0
106,469,13:29,0
106,470,13:30,0
106,471,13:31,0
106,472,13:32,0
106,473,13:33,0
106,474,13:34,0
106,475,13:35,0
106,476,13:36,0
106,477,13:37,0
106,478,13:38,0
106,479,13:39,0
106,480,13:40,0
106,481,13:41,0
106,482,13:42,0
106,483,13:43,0
106,484,13:44,0
106,485,13:45,0
106,486,13:46,0
106,487,13:47,0
106,488,13:48,0
106,489,13:49,0
106,490,13:50,0
106,491,13:51,0
106,492,13:52,0
106,493,13:53,0
106,494,13:54,0
106,495,13:55,0
106,496,13:56,0
106,497,13:57,0
106,498,13:58,0
106,499,13:59,0
106,500,14:00,0
106,501,14:01,0
106,502,14:02,0
106,503,14:03,0
106,504,14:04,0
106,505,14:05,0
106,506,14:06,0
106,507,14:07,0
106,508,14:08,0
106,509,14:09,0
106,510,14:10,0
106,511,14:11,0
106,512,14:12,0
106,513,14:13,0
106,514,14:14,0
106,515,14:15,0
106,516,14:16,0
106,517,14:17,0
106,518,14:18,0
106,519,14:19,0
106,520,14:20,0
106,521,14:21,0
106,522,14:22,0
106,523,14:23,0
106,524,14:24,0
106,525,14:25,0
106,526,14:26,0
106,527,14:27,0
106,528,14:28,0
106,529,14:29,0
106,530,14:30,0
106,531,14:31,0
106,532,14:32,0
106,533,14:33,0
106,534,14:34,0
106,535,14:35,0
106,536,14:36,0
106,537,14:37,0
106,538,14:38,0
106,539,14:39,0
106,540,14:40,0
106,541,14:41,0
106,542,14:42,0
106,543,14:43,0
106,544,14:44,0
106,545,14:45,0
106,546,14:46,0
106,547,14:47,0
106,548,14:48,0
106,549,14:49,0
106,550,14:50,0
106,551,14:51,0
106,552,14:52,0
106,553,14:53,0
106,554,14:54,0
106,555,14:55,0
106,556,14:56,0
106,557,14:57,0
106,558,14:58,0
106,559,14:59,0
106,560,15:00,0
106,561,15:01,0
106,562,15:02,0
106,563,15:03,0
106,564,15:04,0
106,565,15:05,0
106,566,15:06,0
106,567,15:07,0
106,568,15:08,0
106,569,15:09,0
106,570,15:10,0
106,571,15:11,0
106,572,15:12,0
106,573,15:13,0
106,574,15:14,0
106,575,15:15,0
106,576,15:16,0
106,577,15:17,0
106,578,15:18,0
106,579,15:19,0
106,580,15:20,0
106,581,15:21,0
106,582,15:22,0
106,583,15:23,0
106,584,15:24,0
106,585,15:25,0
106,586,15:26,0
106,587,15:27,0
106,588,15:28,0
106,589,15:29,0
106,590,15:30,0
106,591,15:31,0
106,592,15:32,0
106,593,15:33,0
106,594,15:34,0
106,595,15:35,0
106,596,15:36,0
106,597,15:37,0
106,598,15:38,0
106,599,15:39,0
106,600,15:40,0
106,601,15:41,0
106,602,15:42,0
106,603,15:43,0
106,604,15:44,0
106,605,15:45,0
106,606,15:46,0
106,607,15:47,0
106,608,15:48,0
106,609,15:49,0
106,610,15:50,0
106,611,15:51,0
106,612,15:52,0
106,613,15:53,0
106,614,15:54,0
106,615,15:55,0
106,616,15:56,0
106,617,15:57,0
106,618,15:58,0
106,619,15:59,0
106,620,16:00,0
106,621,16:01,0
106,622,16:02,0
106,623,16:03,0
106,624,16:04,0
106,625,16:05,0
106,626,16:06,0
106,627,16:07,0
106,628,16:08,0
106,629,16:09,0
106,630,16:10,0
106,631,16:11,0
106,632,16:12,0
106,633,16:13,0
106,634,16:14,0
106,635,16:15,0
106,636,16:16,0
106,637,16:17,0
106,638,16:18,0
106,639,16:19,0
106,640,16:20,0
106,641,16:21,0
106,642,16:22,0
106,643,16:23,0
106,644,16:24,0
106,645,16:25,0
106,646,16:26,0
106,647,16:27,0
106,648,16:28,0
106,649,16:29,0
106,650,16:30,0
106,651,16:31,0
106,652,16:32,0
106,653,16:33,0
106,654,16:34,0
106,655,16:35,0
106,656,16:36,0
106,657,16:37,0
106,658,16:38,0
106,659,16:39,0
106,660,16:40,0
106,661,16:41,0
106,662,16:42,0
106,663,16:43,0
106,664,16:44,0
106,665,16:45,0
106,666,16:46,0
106,667,16:47,0
106,668,16:48,0
106,669,16:49,0
106,670,16:50,0
106,671,16:51,0
106,672,16:52,0
106,673,16:53,0
106,674,16:54,0
106,675,16:55,0
106,676,16:56,0
106,677,16:57,0
106,678,16:58,0
106,679,16:59,0
106,680,17:00,0
106,681,17:01,0
106,682,17:02,0
106,683,17:03,0
106,684,17:04,0
106,685,17:05,0
106,686,17:06,0
106,687,17:07,0
106,688,17:08,0
106,689,17:09,0
106,690,17:10,0
106,691,17:11,0
106,692,17:12,0
106,693,17:13,0
106,694,17:14,0
106,695,17:15,0
106,696,17:16,0
106,697,17:17,0
106,698,17:18,0
106,699,17:19,0
106,700,17:20,0
106,701,17:21,0
106,702,17:22,0
106,703,17:23,0
106,704,17:24,0
106,705,17:25,0
106,706,17:26,0
106,707,17:27,0
106,708,17:28,0
106,709,17:29,0
106,710,17:30,0
106,711,17:31,0
106,712,17:32,0
106,713,17:33,0
106,714,17:34,1
106,715,17:35,1
106,716,17:36,1
106,717,17:37,1
106,718,17:38,2
106,719,17:39,2
106,720,17:40,2
106,721,17:41,2
106,722,17:42,2
106,723,17:43,2
106,724,17:44,2
106,725,17:45,2
106,726,17:46,2
106,727,17:47,2
106,728,17:48,2
106,729,17:49,2
106,730,17:50,2
106,731,17:51,2
106,732,17:52,2
106,733,17:53,2
106,734,17:54,2
106,735,17:55,2
106,736,17:56,2
106,737,17:57,2
106,738,17:58,2
106,739,17:59,2
106,740,18:00,1
106,741,18:01,1
106,742,18:02,1
106,743,18:03,0
106,744,18:04,0
106,745,18:05,0
106,746,18:06,1
106,747,18:07,1
106,748,18:08,1
106,749,18:09,2
106,750,18:10,2
106,751,18:11,2
106,752,18:12,2
106,753,18:13,2
106,754,18:14,2
106,755,18:15,2
106,756,18:16,2
106,757,18:17,2
106,758,18:18,2
106,759,18:19,1
106,760,18:20,1
106,761,18:21,1
106,762,18:22,0
106,763,18:23,0
106,764,18:24,0
106,765,18:25,0
106,766,18:26,0
106,767,18:27,0
106,768,18:28,0
106,769,18:29,0
106,770,18:30,0
106,771,18:31,0
106,772,18:32,0
106,773,18:33,0
106,774,18:34,0
106,775,18:35,0
106,776,18:36,0
106,777,18:37,0
106,778,18:38,0
106,779,18:39,0
106,780,18:40,0
106,781,18:41,0
106,782,18:42,0
106,783,18:43,0
106,784,18:44,0
106,785,18:45,0
106,786,18:46,1
106,787,18:47,1
106,788,18:48,1
106,789,18:49,1
106,790,18:50,2
106,791,18:51,2
106,792,18:52,2
106,793,18:53,4
106,794,18:54,4
106,795,18:55,4
106,796,18:56,4
106,797,18:57,4
106,798,18:58,4
106,799,18:59,4
106,800,19:00,4
106,801,19:01,4
106,802,19:02,4
106,803,19:03,4
106,804,19:04,3
106,805,19:05,3
106,806,19:06,3
106,807,19:07,2
106,808,19:08,2
106,809,19:09,2
106,810,19:10,0
106,811,19:11,0
106,812,19:12,0
106,813,19:13,0
106,814,19:14,0
106,815,19:15,0
106,816,19:16,0
106,817,19:17,0
106,818,19:18,0
106,819,19:19,0
106,820,19:20,0
106,821,19:21,0
106,822,19:22,0
106,823,19:23,0
106,824,19:24,0
106,825,19:25,0
106,826,19:26,0
106,827,19:27,0
106,828,19:28,0
106,829,19:29,0
106,830,19:30,0
106,831,19:31,0
106,832,19:32,0
106,833,19:33,0
106,834,19:34,0
106,835,19:35,0
107,0,05:40,0
107,1,05:41,0
107,2,05:42,0
107,3,05:43,0
107,4,05:44,0
107,5,05:45,0
107,6,05:46,0
107,7,05:47,0
107,8,05:48,0
107,9,05:49,0
107,10,05:50,0
107,11,05:51,0
107,12,05:52,0
107,13,05:53,0
107,14,05:54,0
107,15,05:55,0
107,16,05:56,0
107,17,05:57,0
107,18,05:58,0
107,19,05:59,0
107,20,06:00,0
107,21,06:01,0
107,22,06:02,0
107,23,06:03,0
107,24,06:04,0
107,25,06:05,0
107,26,06:06,0
107,27,06:07,0
107,28,06:08,0
107,29,06:09,0
107,30,06:10,0
107,31,06:11,0
107,32,06:12,0
107,33,06:13,0
107,34,06:14,0
107,35,06:15,0
107,36,06:16,0
107,37,06:17,0
107,38,06:18,0
107,39,06:19,0
107,40,06:20,0
107,41,06:21,0
107,42,06:22,0
107,43,06:23,0
107,44,06:24,0
107,45,06:25,0
107,46,06:26,0
107,47,06:27,0
107,48,06:28,0
107,49,06:29,0
107,50,06:30,0
107,51,06:31,0
107,52,06:32,0
107,53,06:33,0
107,54,06:34,0
107,55,06:35,0
107,56,06:36,0
107,57,06:37,0
107,58,06:38,0
107,59,06:39,0
107,60,06:40,0
107,61,06:41,0
107,62,06:42,0
107,63,06:43,0
107,64,06:44,0
107,65,06:45,0
107,66,06:46,0
107,67,06:47,0
107,68,06:48,0
107,69,06:49,0
107,70,06:50,0
107,71,06:51,0
107,72,06:52,0
107,73,06:53,0
107,74,06:54,0
107,75,06:55,0
107,76,06:56,0
107,77,06:57,0
107,78,06:58,0
107,79,06:59,0
107,80,07:00,0
107,81,07:01,0
107,82,07:02,0
107,83,07:03,0
107,84,07:04,0
107,85,07:05,0
107,86,07:06,0
107,87,07:07,0
107,88,07:08,0
107,89,07:09,0
107,90,07:10,0
107,91,07:11,0
107,92,07:12,0
107,93,07:13,0
107,94,07:14,0
107,95,07:15,0
107,96,07:16,0
107,97,07:17,0
107,98,07:18,0
107,99,07:19,0
107,100,07:20,0
107,101,07:21,0
107,102,07:22,0
107,103,07:23,0
107,104,07:24,0
107,105,07:25,0
107,106,07:26,0
107,107,07:27,0
107,108,07:28,0
107,109,07:29,0
107,110,07:30,0
107,111,07:31,0
107,112,07:32,0
107,113,07:33,0
107,114,07:34,0
107,115,07:35,0
107,116,07:36,0
107,117,07:37,0
107,118,07:38,0
107,119,07:39,0
107,120,07:40,0
107,121,07:41,0
107,122,07:42,0
107,123,07:43,0
107,124,07:44,0
107,125,07:45,0
107,126,07:46,0
107,127,07:47,0
107,128,07:48,0
107,129,07:49,0
107,130,07:50,0
107,131,07:51,0
107,132,07:52,0
107,133,07:53,0
107,134,07:54,0
107,135,07:55,0
107,136,07:56,0
107,137,07:57,0
107,138,07:58,0
107,139,07:59,0
107,140,08:00,0
107,141,08:01,0
107,142,08:02,0
107,143,08:03,0
107,144,08:04,0
107,145,08:05,0
107,146,08:06,0
107,147,08:07,0
107,148,08:08,0
107,149,08:09,0
107,150,08:10,1
107,151,08:11,1
107,152,08:12,1
107,153,08:13,1
107,154,08:14,1
107,155,08:15,1
107,156,08:16,1
107,157,08:17,1
107,158,08:18,1
107,159,08:19,1
107,160,08:20,1
107,161,08:21,1
107,162,08:22,1
107,163,08:23,0
107,164,08:24,0
107,165,08:25,0
107,166,08:26,0
107,167,08:27,0
107,168,08:28,0
107,169,08:29,0
107,170,08:30,0
107,171,08:31,0
107,172,08:32,0
107,173,08:33,0
107,174,08:34,1
107,175,08:35,1
107,176,08:36,1
107,177,08:37,2
107,178,08:38,2
107,179,08:39,2
107,180,08:40,2
107,181,08:41,2
107,182,08:42,2
107,183,08:43,2
107,184,08:44,2
107,185,08:45,2
107,186,08:46,2
107,187,08:47,2
107,188,08:48,2
107,189,08:49,2
107,190,08:50,2
107,191,08:51,1
107,192,08:52,1
107,193,08:53,1
107,194,08:54,1
107,195,08:55,1
107,196,08:56,1
107,197,08:57,1
107,198,08:58,1
107,199,08:59,1
107,200,09:00,0
107,201,09:01,0
107,202,09:02,0
107,203,09:03,0
107,204,09:04,0
107,205,09:05,0
107,206,09:06,0
107,207,09:07,0
107,208,09:08,0
107,209,09:09,0
107,210,09:10,0
107,211,09:11,0
107,212,09:12,0
107,213,09:13,0
107,214,09:14,0
107,215,09:15,0
107,216,09:16,0
107,217,09:17,0
107,218,09:18,0
107,219,09:19,0
107,220,09:20,0
107,221,09:21,0
107,222,09:22,0
107,223,09:23,1
107,224,09:24,1
107,225,09:25,1
107,226,09:26,1
107,227,09:27,1
107,228,09:28,1
107,229,09:29,1
107,230,09:30,1
107,231,09:31,1
107,232,09:32,0
107,233,09:33,0
107,234,09:34,0
107,235,09:35,0
107,236,09:36,0
107,237,09:37,0
107,238,09:38,0
107,239,09:39,0
107,240,09:40,0
107,241,09:41,0
107,242,09:42,0
107,243,09:43,0
107,244,09:44,0
107,245,09:45,0
107,246,09:46,0
107,247,09:47,0
107,248,09:48,0
107,249,09:49,0
107,250,09:50,0
107,251,09:51,0
107,252,09:52,0
107,253,09:53,0
107,254,09:54,0
107,255,09:55,0
107,256,09:56,0
107,257,09:57,0
107,258,09:58,0
107,259,09:59,0
107,260,10:00,0
107,261,10:01,0
107,262,10:02,0
107,263,10:03,0
107,264,10:04,0
107,265,10:05,0
107,266,10:06,0
107,267,10:07,0
107,268,10:08,0
107,269,10:09,0
107,270,10:10,0
107,271,10:11,0
107,272,10:12,0
107,273,10:13,0
107,274,10:14,0
107,275,10:15,0
107,276,10:16,0
107,277,10:17,0
107,278,10:18,0
107,279,10:19,0
107,280,10:20,0
107,281,10:21,0
107,282,10:22,0
107,283,10:23,0
107,284,10:24,0
107,285,10:25,0
107,286,10:26,0
107,287,10:27,0
107,288,10:28,0
107,289,10:29,0
107,290,10:30,0
107,291,10:31,0
107,292,10:32,0
107,293,10:33,0
107,294,10:34,0
107,295,10:35,0
107,296,10:36,0
107,297,10:37,0
107,298,10:38,0
107,299,10:39,0
107,300,10:40,1
107,301,10:41,1
107,302,10:42,1
107,303,10:43,1
107,304,10:44,1
107,305,10:45,1
107,306,10:46,1
107,307,10:47,1
107,308,10:48,1
107,309,10:49,1
107,310,10:50,0
107,311,10:51,0
107,312,10:52,0
107,313,10:53,0
107,314,10:54,0
107,315,10:55,0
107,316,10:56,0
107,317,10:57,0
107,318,10:58,0
107,319,10:59,0
107,320,11:00,0
107,321,11:01,0
107,322,11:02,0
107,323,11:03,0
107,324,11:04,0
107,325,11:05,0
107,326,11:06,0
107,327,11:07,0
107,328,11:08,0
107,329,11:09,0
107,330,11:10,0
107,331,11:11,0
107,332,11:12,0
107,333,11:13,0
107,334,11:14,0
107,335,11:15,0
107,336,11:16,0
107,337,11:17,0
107,338,11:18,0
107,339,11:19,0
107,340,11:20,0
107,341,11:21,0
107,342,11:22,0
107,343,11:23,0
107,344,11:24,0
107,345,11:25,0
107,346,11:26,0
107,347,11:27,0
107,348,11:28,0
107,349,11:29,0
107,350,11:30,0
107,351,11:31,0
107,352,11:32,0
107,353,11:33,0
107,354,11:34,0
107,355,11:35,0
107,356,11:36,0
107,357,11:37,0
107,358,11:38,0
107,359,11:39,0
107,360,11:40,0
107,361,11:41,0
107,362,11:42,0
107,363,11:43,0
107,364,11:44,0
107,365,11:45,0
107,366,11:46,0
107,367,11:47,0
107,368,11:48,0
107,369,11:49,0
107,370,11:50,0
107,371,11:51,0
107,372,11:52,0
107,373,11:53,0
107,374,11:54,0
107,375,11:55,0
107,376,11:56,0
107,377,11:57,0
107,378,11:58,0
107,379,11:59,0
107,380,12:00,0
107,381,12:01,0
107,382,12:02,0
107,383,12:03,0
107,384,12:04,0
107,385,12:05,0
107,386,12:06,0
107,387,12:07,0
107,388,12:08,0
107,389,12:09,0
107,390,12:10,0
107,391,12:11,0
107,392,12:12,0
107,393,12:13,0
107,394,12:14,0
107,395,12:15,0
107,396,12:16,0
107,397,12:17,0
107,398,12:18,0
107,399,12:19,0
107,400,12:20,0
107,401,12:21,0
107,402,12:22,0
107,403,12:23,0
107,404,12:24,0
107,405,12:25,0
107,406,12:26,0
107,407,12:27,0
107,408,12:28,0
107,409,12:29,0
107,410,12:30,0
107,411,12:31,0
107,412,12:32,0
107,413,12:33,0
107,414,12:34,0
107,415,12:35,0
107,416,12:36,0
107,417,12:37,0
107,418,12:38,0
107,419,12:39,0
107,420,12:40,0
107,421,12:41,0
107,422,12:42,0
107,423,12:43,0
107,424,12:44,0
107,425,12:45,0
107,426,12:46,0
107,427,12:47,0
107,428,12:48,0
107,429,12:49,0
107,430,12:50,0
107,431,12:51,0
107,432,12:52,0
107,433,12:53,0
107,434,12:54,0
107,435,12:55,0
107,436,12:56,0
107,437,12:57,0
107,438,12:58,0
107,439,12:59,0
107,440,13:00,1
107,441,13:01,1
107,442,13:02,1
107,443,13:03,1
107,444,13:04,1
107,445,13:05,1
107,446,13:06,1
107,447,13:07,1
107,448,13:08,1
107,449,13:09,1
107,450,13:10,0
107,451,13:11,0
107,452,13:12,0
107,453,13:13,1
107,454,13:14,1
107,455,13:15,1
107,456,13:16,1
107,457,13:17,1
107,458,13:18,1
107,459,13:19,1
107,460,13:20,1
107,461,13:21,1
107,462,13:22,1
107,463,13:23,0
107,464,13:24,0
107,465,13:25,0
107,466,13:26,1
107,467,13:27,1
107,468,13:28,1
107,469,13:29,1
107,470,13:30,1
107,471,13:31,2
107,472,13:32,2
107,473,13:33,2
107,474,13:34,2
107,475,13:35,2
107,476,13:36,2
107,477,13:37,2
107,478,13:38,2
107,479,13:39,2
107,480,13:40,2
107,481,13:41,1
107,482,13:42,1
107,483,13:43,1
107,484,13:44,0
107,485,13:45,0
107,486,13:46,0
107,487,13:47,0
107,488,13:48,0
107,489,13:49,0
107,490,13:50,0
107,491,13:51,0
107,492,13:52,0
107,493,13:53,0
107,494,13:54,1
107,495,13:55,1
107,496,13:56,1
107,497,13:57,1
107,498,13:58,2
107,499,13:59,2
107,500,14:00,2
107,501,14:01,2
107,502,14:02,2
107,503,14:03,2
107,504,14:04,2
107,505,14:05,2
107,506,14:06,2
107,507,14:07,2
107,508,14:08,2
107,509,14:09,2
107,510,14:10,2
107,511,14:11,1
107,512,14:12,1
107,513,14:13,1
107,514,14:14,1
107,515,14:15,1
107,516,14:16,1
107,517,14:17,1
107,518,14:18,1
107,519,14:19,1
107,520,14:20,1
107,521,14:21,1
107,522,14:22,1
107,523,14:23,1
107,524,14:24,0
107,525,14:25,0
107,526,14:26,0
107,527,14:27,0
107,528,14:28,0
107,529,14:29,0
107,530,14:30,0
107,531,14:31,0
107,532,14:32,0
107,533,14:33,0
107,534,14:34,0
107,535,14:35,0
107,536,14:36,0
107,537,14:37,0
107,538,14:38,0
107,539,14:39,0
107,540,14:40,0
107,541,14:41,0
107,542,14:42,0
107,543,14:43,0
107,544,14:44,0
107,545,14:45,0
107,546,14:46,0
107,547,14:47,0
107,548,14:48,0
107,549,14:49,0
107,550,14:50,0
107,551,14:51,0
107,552,14:52,0
107,553,14:53,0
107,554,14:54,0
107,555,14:55,0
107,556,14:56,0
107,557,14:57,0
107,558,14:58,0
107,559,14:59,0
107,560,15:00,0
107,561,15:01,0
107,562,15:02,0
107,563,15:03,0
107,564,15:04,0
107,565,15:05,0
107,566,15:06,0
107,567,15:07,0
107,568,15:08,0
107,569,15:09,0
107,570,15:10,0
107,571,15:11,0
107,572,15:12,0
107,573,15:13,0
107,574,15:14,0
107,575,15:15,0
107,576,15:16,0
107,577,15:17,0
107,578,15:18,0
107,579,15:19,0
107,580,15:20,0
107,581,15:21,0
107,582,15:22,0
107,583,15:23,0
107,584,15:24,0
107,585,15:25,0
107,586,15:26,0
107,587,15:27,0
107,588,15:28,0
107,589,15:29,0
107,590,15:30,0
107,591,15:31,0
107,592,15:32,0
107,593,15:33,0
107,594,15:34,0
107,595,15:35,0
107,596,15:36,0
107,597,15:37,0
107,598,15:38,0
107,599,15:39,0
107,600,15:40,0
107,601,15:41,0
107,602,15:42,0
107,603,15:43,0
107,604,15:44,0
107,605,15:45,0
107,606,15:46,0
107,607,15:47,0
107,608,15:48,0
107,609,15:49,0
107,610,15:50,0
107,611,15:51,0
107,612,15:52,0
107,613,15:53,0
107,614,15:54,0
107,615,15:55,0
107,616,15:56,0
107,617,15:57,0
107,618,15:58,0
107,619,15:59,0
107,620,16:00,0
107,621,16:01,0
107,622,16:02,0
107,623,16:03,0
107,624,16:04,0
107,625,16:05,0
107,626,16:06,1
107,627,16:07,1
107,628,16:08,1
107,629,16:09,1
107,630,16:10,1
107,631,16:11,1
107,632,16:12,1
107,633,16:13,1
107,634,16:14,1
107,635,16:15,1
107,636,16:16,1
107,637,16:17,2
107,638,16:18,2
107,639,16:19,2
107,640,16:20,2
107,641,16:21,2
107,642,16:22,2
107,643,16:23,2
107,644,16:24,2
107,645,16:25,2
107,646,16:26,2
107,647,16:27,2
107,648,16:28,2
107,649,16:29,2
107,650,16:30,2
107,651,16:31,1
107,652,16:32,1
107,653,16:33,1
107,654,16:34,0
107,655,16:35,0
107,656,16:36,0
107,657,16:37,1
107,658,16:38,1
107,659,16:39,1
107,660,16:40,1
107,661,16:41,1
107,662,16:42,1
107,663,16:43,1
107,664,16:44,1
107,665,16:45,1
107,666,16:46,1
107,667,16:47,1
107,668,16:48,1
107,669,16:49,1
107,670,16:50,1
107,671,16:51,1
107,672,16:52,1
107,673,16:53,0
107,674,16:54,0
107,675,16:55,0
107,676,16:56,0
107,677,16:57,0
107,678,16:58,0
107,679,16:59,0
107,680,17:00,1
107,681,17:01,1
107,682,17:02,1
107,683,17:03,1
107,684,17:04,1
107,685,17:05,1
107,686,17:06,1
107,687,17:07,1
107,688,17:08,1
107,689,17:09,1
107,690,17:10,0
107,691,17:11,0
107,692,17:12,0
107,693,17:13,0
107,694,17:14,0
107,695,17:15,0
107,696,17:16,0
107,697,17:17,0
107,698,17:18,0
107,699,17:19,0
107,700,17:20,1
107,701,17:21,1
107,702,17:22,1
107,703,17:23,1
107,704,17:24,1
107,705,17:25,1
107,706,17:26,1
107,707,17:27,1
107,708,17:28,1
107,709,17:29,0
107,710,17:30,0
107,711,17:31,0
107,712,17:32,1
107,713,17:33,1
107,714,17:34,1
107,715,17:35,1
107,716,17:36,1
107,717,17:37,1
107,718,17:38,1
107,719,17:39,1
107,720,17:40,1
107,721,17:41,0
107,722,17:42,0
107,723,17:43,0
107,724,17:44,0
107,725,17:45,0
107,726,17:46,0
107,727,17:47,0
107,728,17:48,1
107,729,17:49,1
107,730,17:50,1
107,731,17:51,1
107,732,17:52,1
107,733,17:53,2
107,734,17:54,2
107,735,17:55,2
107,736,17:56,2
107,737,17:57,2
107,738,17:58,2
107,739,17:59,2
107,740,18:00,2
107,741,18:01,2
107,742,18:02,2
107,743,18:03,1
107,744,18:04,1
107,745,18:05,1
107,746,18:06,1
107,747,18:07,1
107,748,18:08,1
107,749,18:09,1
107,750,18:10,1
107,751,18:11,1
107,752,18:12,1
107,753,18:13,0
107,754,18:14,0
107,755,18:15,0
107,756,18:16,0
107,757,18:17,0
107,758,18:18,0
107,759,18:19,0
107,760,18:20,0
107,761,18:21,0
107,762,18:22,0
107,763,18:23,0
107,764,18:24,0
107,765,18:25,0
107,766,18:26,0
107,767,18:27,0
107,768,18:28,0
107,769,18:29,0
107,770,18:30,0
107,771,18:31,0
107,772,18:32,0
107,773,18:33,0
107,774,18:34,0
107,775,18:35,0
107,776,18:36,0
107,777,18:37,0
107,778,18:38,0
107,779,18:39,0
107,780,18:40,0
107,781,18:41,0
107,782,18:42,0
107,783,18:43,0
107,784,18:44,0
107,785,18:45,0
107,786,18:46,0
107,787,18:47,0
107,788,18:48,0
107,789,18:49,0
107,790,18:50,0
107,791,18:51,0
107,792,18:52,0
107,793,18:53,0
107,794,18:54,0
107,795,18:55,0
107,796,18:56,0
107,797,18:57,0
107,798,18:58,0
107,799,18:59,0
107,800,19:00,0
107,801,19:01,0
107,802,19:02,0
107,803,19:03,0
107,804,19:04,0
107,805,19:05,0
107,806,19:06,0
107,807,19:07,0
107,808,19:08,0
107,809,19:09,0
107,810,19:10,0
107,811,19:11,0
107,812,19:12,0
107,813,19:13,0
107,814,19:14,0
107,815,19:15,0
107,816,19:16,0
107,817,19:17,0
107,818,19:18,0
107,819,19:19,0
107,820,19:20,0
107,821,19:21,0
107,822,19:22,0
107,823,19:23,0
107,824,19:24,0
107,825,19:25,0
107,826,19:26,0
107,827,19:27,0
107,828,19:28,0
107,829,19:29,0
107,830,19:30,0
107,831,19:31,0
107,832,19:32,0
107,833,19:33,0
107,834,19:34,0
107,835,19:35,0
108,0,05:40,0
108,1,05:41,0
108,2,05:42,0
108,3,05:43,0
108,4,05:44,0
108,5,05:45,0
108,6,05:46,0
108,7,05:47,0
108,8,05:48,0
108,9,05:49,0
108,10,05:50,0
108,11,05:51,0
108,12,05:52,0
108,13,05:53,0
108,14,05:54,0
108,15,05:55,0
108,16,05:56,0
108,17,05:57,0
108,18,05:58,0
108,19,05:59,0
108,20,06:00,0
108,21,06:01,0
108,22,06:02,0
108,23,06:03,0
108,24,06:04,0
108,25,06:05,0
108,26,06:06,0
108,27,06:07,0
108,28,06:08,0
108,29,06:09,0
108,30,06:10,0
108,31,06:11,0
108,32,06:12,0
108,33,06:13,0
108,34,06:14,0
108,35,06:15,0
108,36,06:16,0
108,37,06:17,0
108,38,06:18,0
108,39,06:19,0
108,40,06:20,0
108,41,06:21,0
108,42,06:22,0
108,43,06:23,0
108,44,06:24,0
108,45,06:25,0
108,46,06:26,0
108,47,06:27,0
108,48,06:28,0
108,49,06:29,0
108,50,06:30,0
108,51,06:31,0
108,52,06:32,0
108,53,06:33,0
108,54,06:34,0
108,55,06:35,0
108,56,06:36,0
108,57,06:37,0
108,58,06:38,0
108,59,06:39,0
108,60,06:40,0
108,61,06:41,0
108,62,06:42,0
108,63,06:43,0
108,64,06:44,0
108,65,06:45,0
108,66,06:46,0
108,67,06:47,0
108,68,06:48,0
108,69,06:49,0
108,70,06:50,0
108,71,06:51,0
108,72,06:52,0
108,73,06:53,0
108,74,06:54,0
108,75,06:55,0
108,76,06:56,0
108,77,06:57,0
108,78,06:58,0
108,79,06:59,0
108,80,07:00,0
108,81,07:01,0
108,82,07:02,0
108,83,07:03,0
108,84,07:04,0
108,85,07:05,0
108,86,07:06,0
108,87,07:07,0
108,88,07:08,0
108,89,07:09,0
108,90,07:10,0
108,91,07:11,0
108,92,07:12,0
108,93,07:13,0
108,94,07:14,0
108,95,07:15,0
108,96,07:16,0
108,97,07:17,0
108,98,07:18,0
108,99,07:19,0
108,100,07:20,0
108,101,07:21,0
108,102,07:22,0
108,103,07:23,0
108,104,07:24,0
108,105,07:25,0
108,106,07:26,0
108,107,07:27,0
108,108,07:28,0
108,109,07:29,0
108,110,07:30,0
108,111,07:31,0
108,112,07:32,0
108,113,07:33,0
108,114,07:34,0
108,115,07:35,0
108,116,07:36,0
108,117,07:37,0
108,118,07:38,0
108,119,07:39,0
108,120,07:40,0
108,121,07:41,0
108,122,07:42,0
108,123,07:43,0
108,124,07:44,0
108,125,07:45,0
108,126,07:46,0
108,127,07:47,0
108,128,07:48,0
108,129,07:49,0
108,130,07:50,0
108,131,07:51,0
108,132,07:52,0
108,133,07:53,0
108,134,07:54,0
108,135,07:55,0
108,136,07:56,0
108,137,07:57,0
108,138,07:58,0
108,139,07:59,0
108,140,08:00,0
108,141,08:01,0
108,142,08:02,0
108,143,08:03,0
108,144,08:04,0
108,145,08:05,0
108,146,08:06,0
108,147,08:07,0
108,148,08:08,0
108,149,08:09,0
108,150,08:10,0
108,151,08:11,0
108,152,08:12,0
108,153,08:13,0
108,154,08:14,0
108,155,08:15,0
108,156,08:16,0
108,157,08:17,0
108,158,08:18,0
108,159,08:19,0
108,160,08:20,0
108,161,08:21,0
108,162,08:22,0
108,163,08:23,0
108,164,08:24,0
108,165,08:25,0
108,166,08:26,0
108,167,08:27,0
108,168,08:28,0
108,169,08:29,0
108,170,08:30,0
108,171,08:31,0
108,172,08:32,0
108,173,08:33,0
108,174,08:34,0
108,175,08:35,0
108,176,08:36,0
108,177,08:37,0
108,178,08:38,0
108,179,08:39,0
108,180,08:40,0
108,181,08:41,0
108,182,08:42,0
108,183,08:43,0
108,184,08:44,0
108,185,08:45,0
108,186,08:46,0
108,187,08:47,0
108,188,08:48,0
108,189,08:49,0
108,190,08:50,0
108,191,08:51,0
108,192,08:52,0
108,193,08:53,0
108,194,08:54,0
108,195,08:55,0
108,196,08:56,0
108,197,08:57,0
108,198,08:58,0
108,199,08:59,0
108,200,09:00,0
108,201,09:01,0
108,202,09:02,0
108,203,09:03,0
108,204,09:04,0
108,205,09:05,0
108,206,09:06,0
108,207,09:07,0
108,208,09:08,0
108,209,09:09,0
108,210,09:10,0
108,211,09:11,0
108,212,09:12,0
108,213,09:13,0
108,214,09:14,0
108,215,09:15,0
108,216,09:16,0
108,217,09:17,0
108,218,09:18,0
108,219,09:19,0
108,220,09:20,0
108,221,09:21,0
108,222,09:22,0
108,223,09:23,0
108,224,09:24,0
108,225,09:25,0
108,226,09:26,0
108,227,09:27,0
108,228,09:28,0
108,229,09:29,0
108,230,09:30,0
108,231,09:31,0
108,232,09:32,0
108,233,09:33,0
108,234,09:34,0
108,235,09:35,0
108,236,09:36,0
108,237,09:37,0
108,238,09:38,0
108,239,09:39,0
108,240,09:40,0
108,241,09:41,0
108,242,09:42,0
108,243,09:43,0
108,244,09:44,0
108,245,09:45,0
108,246,09:46,0
108,247,09:47,0
108,248,09:48,0
108,249,09:49,0
108,250,09:50,0
108,251,09:51,0
108,252,09:52,0
108,253,09:53,0
108,254,09:54,0
108,255,09:55,0
108,256,09:56,0
108,257,09:57,0
108,258,09:58,0
108,259,09:59,0
108,260,10:00,0
108,261,10:01,0
108,262,10:02,0
108,263,10:03,0
108,264,10:04,0
108,265,10:05,0
108,266,10:06,0
108,267,10:07,0
108,268,10:08,0
108,269,10:09,0
108,270,10:10,0
108,271,10:11,0
108,272,10:12,0
108,273,10:13,0
108,274,10:14,0
108,275,10:15,0
108,276,10:16,0
108,277,10:17,0
108,278,10:18,0
108,279,10:19,0
108,280,10:20,0
108,281,10:21,0
108,282,10:22,0
108,283,10:23,0
108,284,10:24,0
108,285,10:25,0
108,286,10:26,0
108,287,10:27,0
108,288,10:28,0
108,289,10:29,0
108,290,10:30,0
108,291,10:31,0
108,292,10:32,0
108,293,10:33,0
108,294,10:34,0
108,295,10:35,0
108,296,10:36,0
108,297,10:37,0
108,298,10:38,0
108,299,10:39,0
108,300,10:40,1
108,301,10:41,1
108,302,10:42,1
108,303,10:43,1
108,304,10:44,1
108,305,10:45,1
108,306,10:46,1
108,307,10:47,1
108,308,10:48,1
108,309,10:49,1
108,310,10:50,1
108,311,10:51,1
108,312,10:52,1
108,313,10:53,1
108,314,10:54,1
108,315,10:55,1
108,316,10:56,1
108,317,10:57,1
108,318,10:58,1
108,319,10:59,1
108,320,11:00,0
108,321,11:01,0
108,322,11:02,0
108,323,11:03,1
108,324,11:04,1
108,325,11:05,1
108,326,11:06,2
108,327,11:07,2
108,328,11:08,2
108,329,11:09,2
108,330,11:10,2
108,331,11:11,2
108,332,11:12,2
108,333,11:13,2
108,334,11:14,2
108,335,11:15,2
108,336,11:16,2
108,337,11:17,2
108,338,11:18,2
108,339,11:19,1
108,340,11:20,1
108,341,11:21,1
108,342,11:22,0
108,343,11:23,0
108,344,11:24,0
108,345,11:25,0
108,346,11:26,0
108,347,11:27,0
108,348,11:28,0
108,349,11:29,0
108,350,11:30,0
108,351,11:31,0
108,352,11:32,0
108,353,11:33,0
108,354,11:34,0
108,355,11:35,0
108,356,11:36,0
108,357,11:37,0
108,358,11:38,0
108,359,11:39,0
108,360,11:40,0
108,361,11:41,0
108,362,11:42,0
108,363,11:43,0
108,364,11:44,0
108,365,11:45,0
108,366,11:46,0
108,367,11:47,0
108,368,11:48,0
108,369,11:49,0
108,370,11:50,0
108,371,11:51,0
108,372,11:52,0
108,373,11:53,0
108,374,11:54,0
108,375,11:55,0
108,376,11:56,0
108,377,11:57,0
108,378,11:58,0
108,379,11:59,0
108,380,12:00,0
108,381,12:01,0
108,382,12:02,0
108,383,12:03,0
108,384,12:04,0
108,385,12:05,0
108,386,12:06,0
108,387,12:07,0
108,388,12:08,0
108,389,12:09,0
108,390,12:10,0
108,391,12:11,0
108,392,12:12,0
108,393,12:13,0
108,394,12:14,0
108,395,12:15,0
108,396,12:16,0
108,397,12:17,0
108,398,12:18,0
108,399,12:19,0
108,400,12:20,1
108,401,12:21,1
108,402,12:22,1
108,403,12:23,1
108,404,12:24,1
108,405,12:25,1
108,406,12:26,1
108,407,12:27,1
108,408,12:28,1
108,409,12:29,1
108,410,12:30,1
108,411,12:31,1
108,412,12:32,1
108,413,12:33,1
108,414,12:34,1
108,415,12:35,1
108,416,12:36,1
108,417,12:37,1
108,418,12:38,1
108,419,12:39,0
108,420,12:40,0
108,421,12:41,0
108,422,12:42,0
108,423,12:43,0
108,424,12:44,0
108,425,12:45,0
108,426,12:46,0
108,427,12:47,0
108,428,12:48,0
108,429,12:49,0
108,430,12:50,0
108,431,12:51,0
108,432,12:52,0
108,433,12:53,0
108,434,12:54,0
108,435,12:55,0
108,436,12:56,0
108,437,12:57,0
108,438,12:58,0
108,439,12:59,0
108,440,13:00,0
108,441,13:01,0
108,442,13:02,0
108,443,13:03,0
108,444,13:04,0
108,445,13:05,0
108,446,13:06,0
108,447,13:07,0
108,448,13:08,0
108,449,13:09,0
108,450,13:10,0
108,451,13:11,0
108,452,13:12,0
108,453,13:13,0
108,454,13:14,0
108,455,13:15,0
108,456,13:16,0
108,457,13:17,0
108,458,13:18,0
108,459,13:19,0
108,460,13:20,0
108,461,13:21,0
108,462,13:22,0
108,463,13:23,0
108,464,13:24,0
108,465,13:25,0
108,466,13:26,0
108,467,13:27,0
108,468,13:28,0
108,469,13:29,0
108,470,13:30,0
108,471,13:31,0
108,472,13:32,0
108,473,13:33,0
108,474,13:34,0
108,475,13:35,0
108,476,13:36,0
108,477,13:37,0
108,478,13:38,0
108,479,13:39,0
108,480,13:40,0
108,481,13:41,0
108,482,13:42,0
108,483,13:43,0
108,484,13:44,0
108,485,13:45,0
108,486,13:46,0
108,487,13:47,0
108,488,13:48,0
108,489,13:49,0
108,490,13:50,0
108,491,13:51,0
108,492,13:52,0
108,493,13:53,0
108,494,13:54,0
108,495,13:55,0
108,496,13:56,0
108,497,13:57,0
108,498,13:58,0
108,499,13:59,0
108,500,14:00,0
108,501,14:01,0
108,502,14:02,0
108,503,14:03,0
108,504,14:04,0
108,505,14:05,0
108,506,14:06,0
108,507,14:07,0
108,508,14:08,0
108,509,14:09,0
108,510,14:10,0
108,511,14:11,0
108,512,14:12,0
108,513,14:13,0
108,514,14:14,0
108,515,14:15,0
108,516,14:16,0
108,517,14:17,0
108,518,14:18,0
108,519,14:19,0
108,520,14:20,0
108,521,14:21,0
108,522,14:22,0
108,523,14:23,0
108,524,14:24,0
108,525,14:25,0
108,526,14:26,0
108,527,14:27,0
108,528,14:28,0
108,529,14:29,0
108,530,14:30,0
108,531,14:31,0
108,532,14:32,0
108,533,14:33,0
108,534,14:34,0
108,535,14:35,0
108,536,14:36,0
108,537,14:37,0
108,538,14:38,0
108,539,14:39,0
108,540,14:40,0
108,541,14:41,0
108,542,14:42,0
108,543,14:43,0
108,544,14:44,0
108,545,14:45,0
108,546,14:46,0
108,547,14:47,0
108,548,14:48,0
108,549,14:49,0
108,550,14:50,0
108,551,14:51,0
108,552,14:52,0
108,553,14:53,0
108,554,14:54,0
108,555,14:55,0
108,556,14:56,0
108,557,14:57,0
108,558,14:58,0
108,559,14:59,0
108,560,15:00,0
108,561,15:01,0
108,562,15:02,0
108,563,15:03,0
108,564,15:04,0
108,565,15:05,0
108,566,15:06,0
108,567,15:07,0
108,568,15:08,0
108,569,15:09,0
108,570,15:10,0
108,571,15:11,0
108,572,15:12,0
108,573,15:13,0
108,574,15:14,0
108,575,15:15,0
108,576,15:16,0
108,577,15:17,1
108,578,15:18,1
108,579,15:19,1
108,580,15:20,1
108,581,15:21,1
108,582,15:22,1
108,583,15:23,1
108,584,15:24,1
108,585,15:25,1
108,586,15:26,1
108,587,15:27,1
108,588,15:28,1
108,589,15:29,1
108,590,15:30,1
108,591,15:31,1
108,592,15:32,1
108,593,15:33,1
108,594,15:34,1
108,595,15:35,1
108,596,15:36,1
108,597,15:37,1
108,598,15:38,1
108,599,15:39,1
108,600,15:40,1
108,601,15:41,1
108,602,15:42,0
108,603,15:43,0
108,604,15:44,0
108,605,15:45,0
108,606,15:46,0
108,607,15:47,0
108,608,15:48,0
108,609,15:49,0
108,610,15:50,0
108,611,15:51,0
108,612,15:52,0
108,613,15:53,0
108,614,15:54,0
108,615,15:55,0
108,616,15:56,0
108,617,15:57,0
108,618,15:58,0
108,619,15:59,1
108,620,16:00,1
108,621,16:01,1
108,622,16:02,1
108,623,16:03,1
108,624,16:04,1
108,625,16:05,1
108,626,16:06,1
108,627,16:07,1
108,628,16:08,1
108,629,16:09,1
108,630,16:10,1
108,631,16:11,1
108,632,16:12,1
108,633,16:13,1
108,634,16:14,1
108,635,16:15,1
108,636,16:16,1
108,637,16:17,1
108,638,16:18,1
108,639,16:19,1
108,640,16:20,1
108,641,16:21,0
108,642,16:22,0
108,643,16:23,0
108,644,16:24,0
108,645,16:25,0
108,646,16:26,0
108,647,16:27,0
108,648,16:28,0
108,649,16:29,0
108,650,16:30,0
108,651,16:31,0
108,652,16:32,0
108,653,16:33,0
108,654,16:34,0
108,655,16:35,0
108,656,16:36,0
108,657,16:37,0
108,658,16:38,0
108,659,16:39,0
108,660,16:40,0
108,661,16:41,0
108,662,16:42,0
108,663,16:43,0
108,664,16:44,0
108,665,16:45,0
108,666,16:46,0
108,667,16:47,0
108,668,16:48,0
108,669,16:49,0
108,670,16:50,0
108,671,16:51,0
108,672,16:52,0
108,673,16:53,0
108,674,16:54,0
108,675,16:55,1
108,676,16:56,1
108,677,16:57,1
108,678,16:58,2
108,679,16:59,2
108,680,17:00,2
108,681,17:01,2
108,682,17:02,2
108,683,17:03,2
108,684,17:04,2
108,685,17:05,2
108,686,17:06,2
108,687,17:07,2
108,688,17:08,1
108,689,17:09,1
108,690,17:10,1
108,691,17:11,0
108,692,17:12,0
108,693,17:13,0
108,694,17:14,0
108,695,17:15,0
108,696,17:16,0
108,697,17:17,0
108,698,17:18,0
108,699,17:19,0
108,700,17:20,0
108,701,17:21,0
108,702,17:22,0
108,703,17:23,0
108,704,17:24,0
108,705,17:25,0
108,706,17:26,0
108,707,17:27,1
108,708,17:28,1
108,709,17:29,1
108,710,17:30,1
108,711,17:31,1
108,712,17:32,1
108,713,17:33,1
108,714,17:34,1
108,715,17:35,1
108,716,17:36,1
108,717,17:37,0
108,718,17:38,0
108,719,17:39,0
108,720,17:40,1
108,721,17:41,1
108,722,17:42,1
108,723,17:43,1
108,724,17:44,1
108,725,17:45,1
108,726,17:46,1
108,727,17:47,1
108,728,17:48,1
108,729,17:49,1
108,730,17:50,0
108,731,17:51,0
108,732,17:52,0
108,733,17:53,1
108,734,17:54,1
108,735,17:55,1
108,736,17:56,2
108,737,17:57,2
108,738,17:58,2
108,739,17:59,2
108,740,18:00,2
108,741,18:01,2
108,742,18:02,2
108,743,18:03,2
108,744,18:04,2
108,745,18:05,1
108,746,18:06,1
108,747,18:07,1
108,748,18:08,1
108,749,18:09,1
108,750,18:10,1
108,751,18:11,0
108,752,18:12,0
108,753,18:13,0
108,754,18:14,0
108,755,18:15,0
108,756,18:16,1
108,757,18:17,1
108,758,18:18,1
108,759,18:19,2
108,760,18:20,2
108,761,18:21,2
108,762,18:22,2
108,763,18:23,2
108,764,18:24,2
108,765,18:25,2
108,766,18:26,2
108,767,18:27,2
108,768,18:28,2
108,769,18:29,1
108,770,18:30,1
108,771,18:31,1
108,772,18:32,1
108,773,18:33,1
108,774,18:34,1
108,775,18:35,1
108,776,18:36,0
108,777,18:37,0
108,778,18:38,0
108,779,18:39,1
108,780,18:40,1
108,781,18:41,1
108,782,18:42,1
108,783,18:43,1
108,784,18:44,1
108,785,18:45,1
108,786,18:46,1
108,787,18:47,1
108,788,18:48,1
108,789,18:49,1
108,790,18:50,1
108,791,18:51,1
108,792,18:52,1
108,793,18:53,1
108,794,18:54,1
108,795,18:55,1
108,796,18:56,1
108,797,18:57,1
108,798,18:58,1
108,799,18:59,1
108,800,19:00,1
108,801,19:01,1
108,802,19:02,1
108,803,19:03,1
108,804,19:04,0
108,805,19:05,0
108,806,19:06,0
108,807,19:07,0
108,808,19:08,0
108,809,19:09,0
108,810,19:10,0
108,811,19:11,0
108,812,19:12,0
108,813,19:13,0
108,814,19:14,0
108,815,19:15,0
108,816,19:16,0
108,817,19:17,0
108,818,19:18,0
108,819,19:19,0
108,820,19:20,0
108,821,19:21,0
108,822,19:22,0
108,823,19:23,0
108,824,19:24,0
108,825,19:25,0
108,826,19:26,0
108,827,19:27,0
108,828,19:28,0
108,829,19:29,0
108,830,19:30,0
108,831,19:31,0
108,832,19:32,0
108,833,19:33,0
108,834,19:34,0
108,835,19:35,0
109,0,05:40,0
109,1,05:41,0
109,2,05:42,0
109,3,05:43,0
109,4,05:44,0
109,5,05:45,0
109,6,05:46,0
109,7,05:47,0
109,8,05:48,0
109,9,05:49,0
109,10,05:50,0
109,11,05:51,0
109,12,05:52,0
109,13,05:53,0
109,14,05:54,0
109,15,05:55,0
109,16,05:56,0
109,17,05:57,0
109,18,05:58,0
109,19,05:59,0
109,20,06:00,0
109,21,06:01,0
109,22,06:02,0
109,23,06:03,0
109,24,06:04,0
109,25,06:05,0
109,26,06:06,0
109,27,06:07,0
109,28,06:08,0
109,29,06:09,0
109,30,06:10,0
109,31,06:11,0
109,32,06:12,0
109,33,06:13,0
109,34,06:14,0
109,35,06:15,0
109,36,06:16,0
109,37,06:17,0
109,38,06:18,0
109,39,06:19,0
109,40,06:20,0
109,41,06:21,0
109,42,06:22,0
109,43,06:23,0
109,44,06:24,0
109,45,06:25,0
109,46,06:26,0
109,47,06:27,0
109,48,06:28,0
109,49,06:29,0
109,50,06:30,0
109,51,06:31,0
109,52,06:32,0
109,53,06:33,0
109,54,06:34,0
109,55,06:35,0
109,56,06:36,0
109,57,06:37,0
109,58,06:38,0
109,59,06:39,0
109,60,06:40,0
109,61,06:41,0
109,62,06:42,0
109,63,06:43,0
109,64,06:44,0
109,65,06:45,0
109,66,06:46,0
109,67,06:47,0
109,68,06:48,0
109,69,06:49,0
109,70,06:50,0
109,71,06:51,0
109,72,06:52,0
109,73,06:53,0
109,74,06:54,0
109,75,06:55,0
109,76,06:56,0
109,77,06:57,0
109,78,06:58,0
109,79,06:59,0
109,80,07:00,0
109,81,07:01,0
109,82,07:02,0
109,83,07:03,0
109,84,07:04,0
109,85,07:05,0
109,86,07:06,0
109,87,07:07,0
109,88,07:08,0
109,89,07:09,0
109,90,07:10,0
109,91,07:11,0
109,92,07:12,0
109,93,07:13,0
109,94,07:14,0
109,95,07:15,0
109,96,07:16,0
109,97,07:17,0
109,98,07:18,0
109,99,07:19,0
109,100,07:20,0
109,101,07:21,0
109,102,07:22,0
109,103,07:23,0
109,104,07:24,0
109,105,07:25,0
109,106,07:26,0
109,107,07:27,0
109,108,07:28,0
109,109,07:29,0
109,110,07:30,0
109,111,07:31,0
109,112,07:32,0
109,113,07:33,0
109,114,07:34,0
109,115,07:35,0
109,116,07:36,0
109,117,07:37,0
109,118,07:38,0
109,119,07:39,0
109,120,07:40,0
109,121,07:41,0
109,122,07:42,0
109,123,07:43,0
109,124,07:44,0
109,125,07:45,0
109,126,07:46,0
109,127,07:47,0
109,128,07:48,0
109,129,07:49,0
109,130,07:50,0
109,131,07:51,0
109,132,07:52,0
109,133,07:53,0
109,134,07:54,0
109,135,07:55,0
109,136,07:56,0
109,137,07:57,0
109,138,07:58,0
109,139,07:59,0
109,140,08:00,0
109,141,08:01,0
109,142,08:02,0
109,143,08:03,0
109,144,08:04,0
109,145,08:05,0
109,146,08:06,0
109,147,08:07,0
109,148,08:08,0
109,149,08:09,0
109,150,08:10,0
109,151,08:11,0
109,152,08:12,0
109,153,08:13,0
109,154,08:14,0
109,155,08:15,0
109,156,08:16,0
109,157,08:17,0
109,158,08:18,0
109,159,08:19,0
109,160,08:20,0
109,161,08:21,0
109,162,08:22,0
109,163,08:23,0
109,164,08:24,0
109,165,08:25,0
109,166,08:26,0
109,167,08:27,0
109,168,08:28,0
109,169,08:29,0
109,170,08:30,0
109,171,08:31,0
109,172,08:32,0
109,173,08:33,0
109,174,08:34,0
109,175,08:35,0
109,176,08:36,0
109,177,08:37,0
109,178,08:38,0
109,179,08:39,0
109,180,08:40,0
109,181,08:41,0
109,182,08:42,0
109,183,08:43,0
109,184,08:44,0
109,185,08:45,0
109,186,08:46,0
109,187,08:47,0
109,188,08:48,0
109,189,08:49,0
109,190,08:50,0
109,191,08:51,0
109,192,08:52,0
109,193,08:53,0
109,194,08:54,0
109,195,08:55,0
109,196,08:56,0
109,197,08:57,0
109,198,08:58,0
109,199,08:59,0
109,200,09:00,0
109,201,09:01,0
109,202,09:02,0
109,203,09:03,0
109,204,09:04,0
109,205,09:05,0
109,206,09:06,0
109,207,09:07,0
109,208,09:08,0
109,209,09:09,0
109,210,09:10,0
109,211,09:11,0
109,212,09:12,0
109,213,09:13,0
109,214,09:14,0
109,215,09:15,0
109,216,09:16,0
109,217,09:17,0
109,218,09:18,0
109,219,09:19,0
109,220,09:20,0
109,221,09:21,0
109,222,09:22,0
109,223,09:23,0
109,224,09:24,0
109,225,09:25,0
109,226,09:26,0
109,227,09:27,0
109,228,09:28,0
109,229,09:29,0
109,230,09:30,0
109,231,09:31,0
109,232,09:32,0
109,233,09:33,0
109,234,09:34,0
109,235,09:35,0
109,236,09:36,0
109,237,09:37,0
109,238,09:38,0
109,239,09:39,0
109,240,09:40,0
109,241,09:41,0
109,242,09:42,0
109,243,09:43,0
109,244,09:44,0
109,245,09:45,0
109,246,09:46,0
109,247,09:47,0
109,248,09:48,0
109,249,09:49,0
109,250,09:50,0
109,251,09:51,0
109,252,09:52,1
109,253,09:53,1
109,254,09:54,1
109,255,09:55,1
109,256,09:56,1
109,257,09:57,1
109,258,09:58,1
109,259,09:59,1
109,260,10:00,1
109,261,10:01,1
109,262,10:02,1
109,263,10:03,1
109,264,10:04,1
109,265,10:05,1
109,266,10:06,1
109,267,10:07,0
109,268,10:08,0
109,269,10:09,0
109,270,10:10,1
109,271,10:11,1
109,272,10:12,1
109,273,10:13,1
109,274,10:14,1
109,275,10:15,1
109,276,10:16,1
109,277,10:17,1
109,278,10:18,1
109,279,10:19,1
109,280,10:20,1
109,281,10:21,1
109,282,10:22,1
109,283,10:23,1
109,284,10:24,1
109,285,10:25,0
109,286,10:26,0
109,287,10:27,0
109,288,10:28,0
109,289,10:29,0
109,290,10:30,0
109,291,10:31,0
109,292,10:32,0
109,293,10:33,0
109,294,10:34,0
109,295,10:35,0
109,296,10:36,0
109,297,10:37,0
109,298,10:38,0
109,299,10:39,0
109,300,10:40,0
109,301,10:41,0
109,302,10:42,0
109,303,10:43,0
109,304,10:44,0
109,305,10:45,0
109,306,10:46,0
109,307,10:47,0
109,308,10:48,0
109,309,10:49,0
109,310,10:50,0
109,311,10:51,0
109,312,10:52,0
109,313,10:53,0
109,314,10:54,0
109,315,10:55,0
109,316,10:56,0
109,317,10:57,0
109,318,10:58,0
109,319,10:59,0
109,320,11:00,0
109,321,11:01,0
109,322,11:02,0
109,323,11:03,0
109,324,11:04,0
109,325,11:05,0
109,326,11:06,0
109,327,11:07,0
109,328,11:08,0
109,329,11:09,0
109,330,11:10,0
109,331,11:11,0
109,332,11:12,0
109,333,11:13,0
109,334,11:14,0
109,335,11:15,0
109,336,11:16,0
109,337,11:17,0
109,338,11:18,0
109,339,11:19,0
109,340,11:20,0
109,341,11:21,0
109,342,11:22,0
109,343,11:23,0
109,344,11:24,0
109,345,11:25,0
109,346,11:26,0
109,347,11:27,0
109,348,11:28,0
109,349,11:29,0
109,350,11:30,0
109,351,11:31,1
109,352,11:32,1
109,353,11:33,1
109,354,11:34,1
109,355,11:35,1
109,356,11:36,1
109,357,11:37,1
109,358,11:38,1
109,359,11:39,1
109,360,11:40,1
109,361,11:41,1
109,362,11:42,1
109,363,11:43,1
109,364,11:44,1
109,365,11:45,0
109,366,11:46,0
109,367,11:47,0
109,368,11:48,0
109,369,11:49,0
109,370,11:50,0
109,371,11:51,0
109,372,11:52,0
109,373,11:53,0
109,374,11:54,0
109,375,11:55,0
109,376,11:56,0
109,377,11:57,0
109,378,11:58,0
109,379,11:59,0
109,380,12:00,0
109,381,12:01,0
109,382,12:02,0
109,383,12:03,0
109,384,12:04,0
109,385,12:05,0
109,386,12:06,0
109,387,12:07,0
109,388,12:08,0
109,389,12:09,0
109,390,12:10,0
109,391,12:11,0
109,392,12:12,0
109,393,12:13,0
109,394,12:14,0
109,395,12:15,0
109,396,12:16,0
109,397,12:17,0
109,398,12:18,0
109,399,12:19,0
109,400,12:20,0
109,401,12:21,0
109,402,12:22,0
109,403,12:23,0
109,404,12:24,0
109,405,12:25,0
109,406,12:26,0
109,407,12:27,0
109,408,12:28,0
109,409,12:29,0
109,410,12:30,0
109,411,12:31,0
109,412,12:32,0
109,413,12:33,0
109,414,12:34,0
109,415,12:35,0
109,416,12:36,0
109,417,12:37,0
109,418,12:38,0
109,419,12:39,0
109,420,12:40,0
109,421,12:41,0
109,422,12:42,0
109,423,12:43,0
109,424,12:44,0
109,425,12:45,0
109,426,12:46,0
109,427,12:47,0
109,428,12:48,0
109,429,12:49,0
109,430,12:50,0
109,431,12:51,0
109,432,12:52,0
109,433,12:53,0
109,434,12:54,0
109,435,12:55,0
109,436,12:56,0
109,437,12:57,0
109,438,12:58,0
109,439,12:59,0
109,440,13:00,0
109,441,13:01,0
109,442,13:02,0
109,443,13:03,0
109,444,13:04,0
109,445,13:05,0
109,446,13:06,0
109,447,13:07,0
109,448,13:08,0
109,449,13:09,0
109,450,13:10,0
109,451,13:11,0
109,452,13:12,0
109,453,13:13,0
109,454,13:14,0
109,455,13:15,0
109,456,13:16,0
109,457,13:17,0
109,458,13:18,0
109,459,13:19,0
109,460,13:20,0
109,461,13:21,0
109,462,13:22,0
109,463,13:23,0
109,464,13:24,0
109,465,13:25,0
109,466,13:26,0
109,467,13:27,0
109,468,13:28,0
109,469,13:29,0
109,470,13:30,0
109,471,13:31,0
109,472,13:32,0
109,473,13:33,0
109,474,13:34,0
109,475,13:35,0
109,476,13:36,0
109,477,13:37,0
109,478,13:38,0
109,479,13:39,0
109,480,13:40,0
109,481,13:41,0
109,482,13:42,0
109,483,13:43,0
109,484,13:44,0
109,485,13:45,0
109,486,13:46,0
109,487,13:47,0
109,488,13:48,0
109,489,13:49,0
109,490,13:50,0
109,491,13:51,0
109,492,13:52,0
109,493,13:53,0
109,494,13:54,0
109,495,13:55,0
109,496,13:56,0
109,497,13:57,0
109,498,13:58,0
109,499,13:59,0
109,500,14:00,0
109,501,14:01,0
109,502,14:02,0
109,503,14:03,0
109,504,14:04,0
109,505,14:05,0
109,506,14:06,0
109,507,14:07,0
109,508,14:08,0
109,509,14:09,0
109,510,14:10,0
109,511,14:11,0
109,512,14:12,0
109,513,14:13,0
109,514,14:14,0
109,515,14:15,0
109,516,14:16,0
109,517,14:17,0
109,518,14:18,1
109,519,14:19,1
109,520,14:20,1
109,521,14:21,1
109,522,14:22,1
109,523,14:23,1
109,524,14:24,1
109,525,14:25,1
109,526,14:26,1
109,527,14:27,1
109,528,14:28,1
109,529,14:29,1
109,530,14:30,1
109,531,14:31,1
109,532,14:32,1
109,533,14:33,1
109,534,14:34,1
109,535,14:35,1
109,536,14:36,1
109,537,14:37,1
109,538,14:38,1
109,539,14:39,0
109,540,14:40,0
109,541,14:41,0
109,542,14:42,0
109,543,14:43,0
109,544,14:44,0
109,545,14:45,0
109,546,14:46,0
109,547,14:47,0
109,548,14:48,0
109,549,14:49,0
109,550,14:50,0
109,551,14:51,0
109,552,14:52,0
109,553,14:53,0
109,554,14:54,0
109,555,14:55,0
109,556,14:56,0
109,557,14:57,0
109,558,14:58,0
109,559,14:59,0
109,560,15:00,0
109,561,15:01,0
109,562,15:02,0
109,563,15:03,0
109,564,15:04,0
109,565,15:05,0
109,566,15:06,0
109,567,15:07,0
109,568,15:08,0
109,569,15:09,0
109,570,15:10,0
109,571,15:11,0
109,572,15:12,0
109,573,15:13,0
109,574,15:14,0
109,575,15:15,0
109,576,15:16,0
109,577,15:17,0
109,578,15:18,0
109,579,15:19,0
109,580,15:20,0
109,581,15:21,0
109,582,15:22,0
109,583,15:23,0
109,584,15:24,0
109,585,15:25,0
109,586,15:26,0
109,587,15:27,0
109,588,15:28,0
109,589,15:29,0
109,590,15:30,0
109,591,15:31,0
109,592,15:32,0
109,593,15:33,0
109,594,15:34,0
109,595,15:35,0
109,596,15:36,0
109,597,15:37,0
109,598,15:38,0
109,599,15:39,0
109,600,15:40,0
109,601,15:41,0
109,602,15:42,0
109,603,15:43,0
109,604,15:44,0
109,605,15:45,0
109,606,15:46,0
109,607,15:47,0
109,608,15:48,0
109,609,15:49,0
109,610,15:50,0
109,611,15:51,0
109,612,15:52,0
109,613,15:53,0
109,614,15:54,0
109,615,15:55,0
109,616,15:56,0
109,617,15:57,0
109,618,15:58,0
109,619,15:59,0
109,620,16:00,0
109,621,16:01,0
109,622,16:02,0
109,623,16:03,0
109,624,16:04,0
109,625,16:05,0
109,626,16:06,0
109,627,16:07,0
109,628,16:08,0
109,629,16:09,0
109,630,16:10,0
109,631,16:11,0
109,632,16:12,0
109,633,16:13,0
109,634,16:14,0
109,635,16:15,0
109,636,16:16,0
109,637,16:17,0
109,638,16:18,0
109,639,16:19,0
109,640,16:20,0
109,641,16:21,0
109,642,16:22,0
109,643,16:23,0
109,644,16:24,0
109,645,16:25,0
109,646,16:26,0
109,647,16:27,0
109,648,16:28,0
109,649,16:29,0
109,650,16:30,0
109,651,16:31,0
109,652,16:32,1
109,653,16:33,1
109,654,16:34,1
109,655,16:35,2
109,656,16:36,2
109,657,16:37,2
109,658,16:38,2
109,659,16:39,2
109,660,16:40,2
109,661,16:41,2
109,662,16:42,2
109,663,16:43,2
109,664,16:44,2
109,665,16:45,2
109,666,16:46,1
109,667,16:47,1
109,668,16:48,1
109,669,16:49,0
109,670,16:50,0
109,671,16:51,0
109,672,16:52,0
109,673,16:53,0
109,674,16:54,0
109,675,16:55,0
109,676,16:56,0
109,677,16:57,0
109,678,16:58,0
109,679,16:59,0
109,680,17:00,0
109,681,17:01,0
109,682,17:02,0
109,683,17:03,0
109,684,17:04,0
109,685,17:05,0
109,686,17:06,0
109,687,17:07,0
109,688,17:08,1
109,689,17:09,1
109,690,17:10,1
109,691,17:11,1
109,692,17:12,1
109,693,17:13,1
109,694,17:14,1
109,695,17:15,1
109,696,17:16,1
109,697,17:17,1
109,698,17:18,1
109,699,17:19,0
109,700,17:20,0
109,701,17:21,0
109,702,17:22,0
109,703,17:23,0
109,704,17:24,0
109,705,17:25,0
109,706,17:26,0
109,707,17:27,0
109,708,17:28,0
109,709,17:29,0
109,710,17:30,0
109,711,17:31,0
109,712,17:32,0
109,713,17:33,0
109,714,17:34,0
109,715,17:35,0
109,716,17:36,0
109,717,17:37,0
109,718,17:38,0
109,719,17:39,0
109,720,17:40,0
109,721,17:41,0
109,722,17:42,0
109,723,17:43,0
109,724,17:44,0
109,725,17:45,0
109,726,17:46,0
109,727,17:47,0
109,728,17:48,0
109,729,17:49,0
109,730,17:50,0
109,731,17:51,0
109,732,17:52,0
109,733,17:53,0
109,734,17:54,0
109,735,17:55,0
109,736,17:56,0
109,737,17:57,0
109,738,17:58,0
109,739,17:59,0
109,740,18:00,0
109,741,18:01,0
109,742,18:02,0
109,743,18:03,0
109,744,18:04,0
109,745,18:05,0
109,746,18:06,0
109,747,18:07,0
109,748,18:08,0
109,749,18:09,0
109,750,18:10,0
109,751,18:11,0
109,752,18:12,0
109,753,18:13,0
109,754,18:14,0
109,755,18:15,0
109,756,18:16,0
109,757,18:17,0
109,758,18:18,0
109,759,18:19,0
109,760,18:20,0
109,761,18:21,0
109,762,18:22,0
109,763,18:23,0
109,764,18:24,0
109,765,18:25,0
109,766,18:26,0
109,767,18:27,0
109,768,18:28,0
109,769,18:29,0
109,770,18:30,0
109,771,18:31,0
109,772,18:32,0
109,773,18:33,0
109,774,18:34,0
109,775,18:35,0
109,776,18:36,0
109,777,18:37,0
109,778,18:38,0
109,779,18:39,0
109,780,18:40,0
109,781,18:41,0
109,782,18:42,0
109,783,18:43,0
109,784,18:44,0
109,785,18:45,0
109,786,18:46,0
109,787,18:47,0
109,788,18:48,0
109,789,18:49,0
109,790,18:50,0
109,791,18:51,0
109,792,18:52,0
109,793,18:53,0
109,794,18:54,0
109,795,18:55,0
109,796,18:56,0
109,797,18:57,0
109,798,18:58,0
109,799,18:59,0
109,800,19:00,0
109,801,19:01,0
109,802,19:02,0
109,803,19:03,0
109,804,19:04,0
109,805,19:05,0
109,806,19:06,0
109,807,19:07,0
109,808,19:08,0
109,809,19:09,0
109,810,19:10,0
109,811,19:11,0
109,812,19:12,0
109,813,19:13,0
109,814,19:14,0
109,815,19:15,0
109,816,19:16,0
109,817,19:17,0
109,818,19:18,0
109,819,19:19,0
109,820,19:20,0
109,821,19:21,0
109,822,19:22,0
109,823,19:23,0
109,824,19:24,0
109,825,19:25,0
109,826,19:26,0
109,827,19:27,0
109,828,19:28,0
109,829,19:29,0
109,830,19:30,0
109,831,19:31,0
109,832,19:32,0
109,833,19:33,0
109,834,19:34,0
109,835,19:35,0
110,0,05:40,0
110,1,05:41,0
110,2,05:42,0
110,3,05:43,0
110,4,05:44,0
110,5,05:45,0
110,6,05:46,0
110,7,05:47,0
110,8,05:48,0
110,9,05:49,0
110,10,05:50,0
110,11,05:51,0
110,12,05:52,0
110,13,05:53,0
110,14,05:54,0
110,15,05:55,0
110,16,05:56,0
110,17,05:57,0
110,18,05:58,0
110,19,05:59,0
110,20,06:00,0
110,21,06:01,0
110,22,06:02,0
110,23,06:03,0
110,24,06:04,0
110,25,06:05,0
110,26,06:06,0
110,27,06:07,0
110,28,06:08,0
110,29,06:09,0
110,30,06:10,0
110,31,06:11,0
110,32,06:12,0
110,33,06:13,0
110,34,06:14,0
110,35,06:15,0
110,36,06:16,0
110,37,06:17,0
110,38,06:18,0
110,39,06:19,0
110,40,06:20,0
110,41,06:21,0
110,42,06:22,0
110,43,06:23,0
110,44,06:24,0
110,45,06:25,0
110,46,06:26,0
110,47,06:27,0
110,48,06:28,0
110,49,06:29,0
110,50,06:30,0
110,51,06:31,0
110,52,06:32,0
110,53,06:33,0
110,54,06:34,0
110,55,06:35,0
110,56,06:36,0
110,57,06:37,0
110,58,06:38,0
110,59,06:39,0
110,60,06:40,0
110,61,06:41,0
110,62,06:42,0
110,63,06:43,0
110,64,06:44,0
110,65,06:45,0
110,66,06:46,0
110,67,06:47,0
110,68,06:48,0
110,69,06:49,0
110,70,06:50,0
110,71,06:51,0
110,72,06:52,0
110,73,06:53,0
110,74,06:54,0
110,75,06:55,0
110,76,06:56,0
110,77,06:57,0
110,78,06:58,0
110,79,06:59,0
110,80,07:00,0
110,81,07:01,0
110,82,07:02,0
110,83,07:03,0
110,84,07:04,0
110,85,07:05,0
110,86,07:06,0
110,87,07:07,0
110,88,07:08,0
110,89,07:09,0
110,90,07:10,0
110,91,07:11,0
110,92,07:12,0
110,93,07:13,0
110,94,07:14,0
110,95,07:15,0
110,96,07:16,0
110,97,07:17,0
110,98,07:18,0
110,99,07:19,0
110,100,07:20,0
110,101,07:21,0
110,102,07:22,0
110,103,07:23,0
110,104,07:24,0
110,105,07:25,0
110,106,07:26,0
110,107,07:27,0
110,108,07:28,0
110,109,07:29,0
110,110,07:30,0
110,111,07:31,0
110,112,07:32,0
110,113,07:33,0
110,114,07:34,0
110,115,07:35,0
110,116,07:36,0
110,117,07:37,0
110,118,07:38,0
110,119,07:39,0
110,120,07:40,0
110,121,07:41,0
110,122,07:42,0
110,123,07:43,0
110,124,07:44,0
110,125,07:45,0
110,126,07:46,0
110,127,07:47,0
110,128,07:48,0
110,129,07:49,0
110,130,07:50,0
110,131,07:51,0
110,132,07:52,0
110,133,07:53,0
110,134,07:54,0
110,135,07:55,0
110,136,07:56,0
110,137,07:57,0
110,138,07:58,0
110,139,07:59,0
110,140,08:00,0
110,141,08:01,0
110,142,08:02,0
110,143,08:03,0
110,144,08:04,0
110,145,08:05,0
110,146,08:06,0
110,147,08:07,0
110,148,08:08,0
110,149,08:09,0
110,150,08:10,0
110,151,08:11,0
110,152,08:12,0
110,153,08:13,0
110,154,08:14,0
110,155,08:15,0
110,156,08:16,0
110,157,08:17,0
110,158,08:18,0
110,159,08:19,0
110,160,08:20,0
110,161,08:21,0
110,162,08:22,0
110,163,08:23,0
110,164,08:24,0
110,165,08:25,0
110,166,08:26,0
110,167,08:27,0
110,168,08:28,0
110,169,08:29,0
110,170,08:30,0
110,171,08:31,0
110,172,08:32,0
110,173,08:33,0
110,174,08:34,0
110,175,08:35,0
110,176,08:36,0
110,177,08:37,0
110,178,08:38,0
110,179,08:39,0
110,180,08:40,0
110,181,08:41,0
110,182,08:42,0
110,183,08:43,0
110,184,08:44,0
110,185,08:45,0
110,186,08:46,0
110,187,08:47,0
110,188,08:48,0
110,189,08:49,0
110,190,08:50,0
110,191,08:51,0
110,192,08:52,0
110,193,08:53,0
110,194,08:54,0
110,195,08:55,0
110,196,08:56,0
110,197,08:57,0
110,198,08:58,0
110,199,08:59,0
110,200,09:00,0
110,201,09:01,0
110,202,09:02,0
110,203,09:03,0
110,204,09:04,0
110,205,09:05,0
110,206,09:06,0
110,207,09:07,0
110,208,09:08,0
110,209,09:09,0
110,210,09:10,0
110,211,09:11,0
110,212,09:12,0
110,213,09:13,0
110,214,09:14,0
110,215,09:15,0
110,216,09:16,0
110,217,09:17,0
110,218,09:18,0
110,219,09:19,0
110,220,09:20,0
110,221,09:21,0
110,222,09:22,0
110,223,09:23,0
110,224,09:24,0
110,225,09:25,0
110,226,09:26,0
110,227,09:27,0
110,228,09:28,0
110,229,09:29,0
110,230,09:30,0
110,231,09:31,0
110,232,09:32,0
110,233,09:33,0
110,234,09:34,0
110,235,09:35,0
110,236,09:36,0
110,237,09:37,0
110,238,09:38,0
110,239,09:39,0
110,240,09:40,0
110,241,09:41,0
110,242,09:42,0
110,243,09:43,0
110,244,09:44,0
110,245,09:45,0
110,246,09:46,0
110,247,09:47,0
110,248,09:48,0
110,249,09:49,0
110,250,09:50,0
110,251,09:51,0
110,252,09:52,0
110,253,09:53,0
110,254,09:54,0
110,255,09:55,0
110,256,09:56,0
110,257,09:57,0
110,258,09:58,0
110,259,09:59,0
110,260,10:00,0
110,261,10:01,0
110,262,10:02,0
110,263,10:03,0
110,264,10:04,0
110,265,10:05,0
110,266,10:06,0
110,267,10:07,0
110,268,10:08,0
110,269,10:09,0
110,270,10:10,0
110,271,10:11,0
110,272,10:12,0
110,273,10:13,0
110,274,10:14,0
110,275,10:15,0
110,276,10:16,0
110,277,10:17,0
110,278,10:18,0
110,279,10:19,0
110,280,10:20,0
110,281,10:21,0
110,282,10:22,0
110,283,10:23,0
110,284,10:24,0
110,285,10:25,0
110,286,10:26,0
110,287,10:27,0
110,288,10:28,0
110,289,10:29,0
110,290,10:30,0
110,291,10:31,0
110,292,10:32,0
110,293,10:33,0
110,294,10:34,0
110,295,10:35,0
110,296,10:36,0
110,297,10:37,0
110,298,10:38,0
110,299,10:39,0
110,300,10:40,0
110,301,10:41,0
110,302,10:42,0
110,303,10:43,0
110,304,10:44,0
110,305,10:45,0
110,306,10:46,0
110,307,10:47,0
110,308,10:48,0
110,309,10:49,0
110,310,10:50,0
110,311,10:51,0
110,312,10:52,0
110,313,10:53,0
110,314,10:54,0
110,315,10:55,0
110,316,10:56,0
110,317,10:57,0
110,318,10:58,0
110,319,10:59,0
110,320,11:00,0
110,321,11:01,0
110,322,11:02,0
110,323,11:03,0
110,324,11:04,0
110,325,11:05,0
110,326,11:06,0
110,327,11:07,0
110,328,11:08,0
110,329,11:09,0
110,330,11:10,0
110,331,11:11,0
110,332,11:12,0
110,333,11:13,0
110,334,11:14,0
110,335,11:15,0
110,336,11:16,0
110,337,11:17,0
110,338,11:18,0
110,339,11:19,0
110,340,11:20,0
110,341,11:21,0
110,342,11:22,0
110,343,11:23,0
110,344,11:24,0
110,345,11:25,0
110,346,11:26,0
110,347,11:27,0
110,348,11:28,0
110,349,11:29,0
110,350,11:30,0
110,351,11:31,0
110,352,11:32,0
110,353,11:33,0
110,354,11:34,0
110,355,11:35,0
110,356,11:36,0
110,357,11:37,0
110,358,11:38,0
110,359,11:39,0
110,360,11:40,0
110,361,11:41,0
110,362,11:42,0
110,363,11:43,0
110,364,11:44,0
110,365,11:45,0
110,366,11:46,0
110,367,11:47,0
110,368,11:48,0
110,369,11:49,0
110,370,11:50,0
110,371,11:51,0
110,372,11:52,0
110,373,11:53,0
110,374,11:54,0
110,375,11:55,0
110,376,11:56,0
110,377,11:57,0
110,378,11:58,0
110,379,11:59,0
110,380,12:00,0
110,381,12:01,0
110,382,12:02,0
110,383,12:03,0
110,384,12:04,0
110,385,12:05,0
110,386,12:06,0
110,387,12:07,0
110,388,12:08,0
110,389,12:09,0
110,390,12:10,0
110,391,12:11,0
110,392,12:12,0
110,393,12:13,0
110,394,12:14,0
110,395,12:15,0
110,396,12:16,0
110,397,12:17,0
110,398,12:18,0
110,399,12:19,0
110,400,12:20,0
110,401,12:21,0
110,402,12:22,0
110,403,12:23,0
110,404,12:24,0
110,405,12:25,0
110,406,12:26,0
110,407,12:27,0
110,408,12:28,0
110,409,12:29,0
110,410,12:30,0
110,411,12:31,0
110,412,12:32,0
110,413,12:33,0
110,414,12:34,0
110,415,12:35,0
110,416,12:36,0
110,417,12:37,0
110,418,12:38,0
110,419,12:39,0
110,420,12:40,0
110,421,12:41,0
110,422,12:42,0
110,423,12:43,0
110,424,12:44,0
110,425,12:45,0
110,426,12:46,0
110,427,12:47,0
110,428,12:48,0
110,429,12:49,0
110,430,12:50,0
110,431,12:51,0
110,432,12:52,0
110,433,12:53,0
110,434,12:54,0
110,435,12:55,0
110,436,12:56,0
110,437,12:57,0
110,438,12:58,0
110,439,12:59,0
110,440,13:00,0
110,441,13:01,0
110,442,13:02,0
110,443,13:03,0
110,444,13:04,0
110,445,13:05,0
110,446,13:06,0
110,447,13:07,0
110,448,13:08,0
110,449,13:09,0
110,450,13:10,0
110,451,13:11,0
110,452,13:12,0
110,453,13:13,0
110,454,13:14,0
110,455,13:15,0
110,456,13:16,0
110,457,13:17,0
110,458,13:18,0
110,459,13:19,0
110,460,13:20,0
110,461,13:21,0
110,462,13:22,0
110,463,13:23,0
110,464,13:24,0
110,465,13:25,0
110,466,13:26,0
110,467,13:27,0
110,468,13:28,0
110,469,13:29,0
110,470,13:30,0
110,471,13:31,0
110,472,13:32,0
110,473,13:33,0
110,474,13:34,0
110,475,13:35,0
110,476,13:36,0
110,477,13:37,0
110,478,13:38,0
110,479,13:39,0
110,480,13:40,0
110,481,13:41,0
110,482,13:42,0
110,483,13:43,0
110,484,13:44,0
110,485,13:45,0
110,486,13:46,0
110,487,13:47,0
110,488,13:48,0
110,489,13:49,0
110,490,13:50,0
110,491,13:51,0
110,492,13:52,0
110,493,13:53,0
110,494,13:54,0
110,495,13:55,0
110,496,13:56,0
110,497,13:57,0
110,498,13:58,0
110,499,13:59,0
110,500,14:00,0
110,501,14:01,0
110,502,14:02,0
110,503,14:03,0
110,504,14:04,0
110,505,14:05,0
110,506,14:06,0
110,507,14:07,0
110,508,14:08,0
110,509,14:09,0
110,510,14:10,0
110,511,14:11,0
110,512,14:12,0
110,513,14:13,0
110,514,14:14,0
110,515,14:15,0
110,516,14:16,0
110,517,14:17,0
110,518,14:18,0
110,519,14:19,0
110,520,14:20,1
110,521,14:21,1
110,522,14:22,1
110,523,14:23,2
110,524,14:24,2
110,525,14:25,2
110,526,14:26,2
110,527,14:27,2
110,528,14:28,2
110,529,14:29,2
110,530,14:30,2
110,531,14:31,2
110,532,14:32,2
110,533,14:33,2
110,534,14:34,2
110,535,14:35,2
110,536,14:36,2
110,537,14:37,2
110,538,14:38,2
110,539,14:39,1
110,540,14:40,1
110,541,14:41,1
110,542,14:42,0
110,543,14:43,0
110,544,14:44,0
110,545,14:45,0
110,546,14:46,0
110,547,14:47,0
110,548,14:48,0
110,549,14:49,0
110,550,14:50,0
110,551,14:51,0
110,552,14:52,0
110,553,14:53,0
110,554,14:54,0
110,555,14:55,0
110,556,14:56,0
110,557,14:57,0
110,558,14:58,0
110,559,14:59,0
110,560,15:00,0
110,561,15:01,0
110,562,15:02,0
110,563,15:03,0
110,564,15:04,0
110,565,15:05,0
110,566,15:06,0
110,567,15:07,0
110,568,15:08,0
110,569,15:09,0
110,570,15:10,0
110,571,15:11,0
110,572,15:12,1
110,573,15:13,1
110,574,15:14,1
110,575,15:15,1
110,576,15:16,1
110,577,15:17,1
110,578,15:18,1
110,579,15:19,1
110,580,15:20,1
110,581,15:21,1
110,582,15:22,1
110,583,15:23,1
110,584,15:24,1
110,585,15:25,1
110,586,15:26,1
110,587,15:27,0
110,588,15:28,0
110,589,15:29,0
110,590,15:30,1
110,591,15:31,1
110,592,15:32,1
110,593,15:33,1
110,594,15:34,1
110,595,15:35,1
110,596,15:36,1
110,597,15:37,1
110,598,15:38,1
110,599,15:39,1
110,600,15:40,1
110,601,15:41,1
110,602,15:42,1
110,603,15:43,1
110,604,15:44,1
110,605,15:45,1
110,606,15:46,1
110,607,15:47,1
110,608,15:48,0
110,609,15:49,0
110,610,15:50,0
110,611,15:51,0
110,612,15:52,0
110,613,15:53,0
110,614,15:54,1
110,615,15:55,1
110,616,15:56,1
110,617,15:57,1
110,618,15:58,1
110,619,15:59,1
110,620,16:00,1
110,621,16:01,1
110,622,16:02,1
110,623,16:03,1
110,624,16:04,1
110,625,16:05,1
110,626,16:06,1
110,627,16:07,1
110,628,16:08,1
110,629,16:09,1
110,630,16:10,1
110,631,16:11,1
110,632,16:12,1
110,633,16:13,1
110,634,16:14,1
110,635,16:15,0
110,636,16:16,0
110,637,16:17,0
110,638,16:18,1
110,639,16:19,1
110,640,16:20,1
110,641,16:21,1
110,642,16:22,1
110,643,16:23,1
110,644,16:24,1
110,645,16:25,1
110,646,16:26,1
110,647,16:27,1
110,648,16:28,1
110,649,16:29,1
110,650,16:30,1
110,651,16:31,1
110,652,16:32,1
110,653,16:33,1
110,654,16:34,1
110,655,16:35,1
110,656,16:36,1
110,657,16:37,1
110,658,16:38,1
110,659,16:39,0
110,660,16:40,0
110,661,16:41,0
110,662,16:42,0
110,663,16:43,1
110,664,16:44,1
110,665,16:45,1
110,666,16:46,2
110,667,16:47,2
110,668,16:48,2
110,669,16:49,2
110,670,16:50,2
110,671,16:51,2
110,672,16:52,2
110,673,16:53,2
110,674,16:54,2
110,675,16:55,2
110,676,16:56,3
110,677,16:57,3
110,678,16:58,3
110,679,16:59,2
110,680,17:00,2
110,681,17:01,2
110,682,17:02,1
110,683,17:03,1
110,684,17:04,1
110,685,17:05,1
110,686,17:06,1
110,687,17:07,1
110,688,17:08,1
110,689,17:09,1
110,690,17:10,1
110,691,17:11,0
110,692,17:12,0
110,693,17:13,0
110,694,17:14,0
110,695,17:15,0
110,696,17:16,1
110,697,17:17,1
110,698,17:18,1
110,699,17:19,1
110,700,17:20,1
110,701,17:21,1
110,702,17:22,1
110,703,17:23,1
110,704,17:24,1
110,705,17:25,1
110,706,17:26,1
110,707,17:27,1
110,708,17:28,1
110,709,17:29,1
110,710,17:30,1
110,711,17:31,1
110,712,17:32,1
110,713,17:33,1
110,714,17:34,1
110,715,17:35,1
110,716,17:36,0
110,717,17:37,0
110,718,17:38,0
110,719,17:39,0
110,720,17:40,1
110,721,17:41,1
110,722,17:42,1
110,723,17:43,1
110,724,17:44,1
110,725,17:45,1
110,726,17:46,1
110,727,17:47,1
110,728,17:48,1
110,729,17:49,1
110,730,17:50,1
110,731,17:51,0
110,732,17:52,0
110,733,17:53,0
110,734,17:54,0
110,735,17:55,0
110,736,17:56,0
110,737,17:57,0
110,738,17:58,0
110,739,17:59,0
110,740,18:00,0
110,741,18:01,0
110,742,18:02,0
110,743,18:03,0
110,744,18:04,0
110,745,18:05,0
110,746,18:06,0
110,747,18:07,0
110,748,18:08,0
110,749,18:09,0
110,750,18:10,0
110,751,18:11,0
110,752,18:12,0
110,753,18:13,0
110,754,18:14,0
110,755,18:15,0
110,756,18:16,0
110,757,18:17,0
110,758,18:18,0
110,759,18:19,0
110,760,18:20,0
110,761,18:21,0
110,762,18:22,0
110,763,18:23,0
110,764,18:24,0
110,765,18:25,0
110,766,18:26,0
110,767,18:27,0
110,768,18:28,0
110,769,18:29,0
110,770,18:30,0
110,771,18:31,0
110,772,18:32,0
110,773,18:33,0
110,774,18:34,0
110,775,18:35,0
110,776,18:36,0
110,777,18:37,0
110,778,18:38,0
110,779,18:39,0
110,780,18:40,0
110,781,18:41,0
110,782,18:42,0
110,783,18:43,0
110,784,18:44,0
110,785,18:45,0
110,786,18:46,0
110,787,18:47,0
110,788,18:48,0
110,789,18:49,0
110,790,18:50,0
110,791,18:51,0
110,792,18:52,0
110,793,18:53,0
110,794,18:54,0
110,795,18:55,0
110,796,18:56,0
110,797,18:57,0
110,798,18:58,0
110,799,18:59,0
110,800,19:00,0
110,801,19:01,0
110,802,19:02,0
110,803,19:03,0
110,804,19:04,0
110,805,19:05,0
110,806,19:06,0
110,807,19:07,0
110,808,19:08,0
110,809,19:09,0
110,810,19:10,0
110,811,19:11,0
110,812,19:12,0
110,813,19:13,0
110,814,19:14,0
110,815,19:15,0
110,816,19:16,0
110,817,19:17,0
110,818,19:18,0
110,819,19:19,0
110,820,19:20,0
110,821,19:21,0
110,822,19:22,0
110,823,19:23,0
110,824,19:24,0
110,825,19:25,0
110,826,19:26,0
110,827,19:27,0
110,828,19:28,0
110,829,19:29,0
110,830,19:30,0
110,831,19:31,0
110,832,19:32,0
110,833,19:33,0
110,834,19:34,0
110,835,19:35,0
111,0,05:40,0
111,1,05:41,0
111,2,05:42,0
111,3,05:43,0
111,4,05:44,0
111,5,05:45,0
111,6,05:46,0
111,7,05:47,0
111,8,05:48,0
111,9,05:49,0
111,10,05:50,0
111,11,05:51,0
111,12,05:52,0
111,13,05:53,0
111,14,05:54,0
111,15,05:55,0
111,16,05:56,0
111,17,05:57,0
111,18,05:58,0
111,19,05:59,0
111,20,06:00,0
111,21,06:01,0
111,22,06:02,0
111,23,06:03,0
111,24,06:04,0
111,25,06:05,0
111,26,06:06,0
111,27,06:07,0
111,28,06:08,0
111,29,06:09,0
111,30,06:10,0
111,31,06:11,0
111,32,06:12,0
111,33,06:13,0
111,34,06:14,0
111,35,06:15,0
111,36,06:16,0
111,37,06:17,0
111,38,06:18,0
111,39,06:19,0
111,40,06:20,0
111,41,06:21,0
111,42,06:22,0
111,43,06:23,0
111,44,06:24,0
111,45,06:25,0
111,46,06:26,0
111,47,06:27,0
111,48,06:28,0
111,49,06:29,0
111,50,06:30,0
111,51,06:31,0
111,52,06:32,0
111,53,06:33,0
111,54,06:34,0
111,55,06:35,0
111,56,06:36,0
111,57,06:37,0
111,58,06:38,0
111,59,06:39,0
111,60,06:40,0
111,61,06:41,0
111,62,06:42,0
111,63,06:43,0
111,64,06:44,0
111,65,06:45,0
111,66,06:46,0
111,67,06:47,0
111,68,06:48,0
111,69,06:49,0
111,70,06:50,0
111,71,06:51,0
111,72,06:52,0
111,73,06:53,0
111,74,06:54,0
111,75,06:55,0
111,76,06:56,0
111,77,06:57,0
111,78,06:58,0
111,79,06:59,0
111,80,07:00,0
111,81,07:01,0
111,82,07:02,0
111,83,07:03,0
111,84,07:04,0
111,85,07:05,0
111,86,07:06,0
111,87,07:07,0
111,88,07:08,0
111,89,07:09,0
111,90,07:10,0
111,91,07:11,0
111,92,07:12,0
111,93,07:13,0
111,94,07:14,0
111,95,07:15,0
111,96,07:16,0
111,97,07:17,0
111,98,07:18,0
111,99,07:19,0
111,100,07:20,0
111,101,07:21,0
111,102,07:22,0
111,103,07:23,0
111,104,07:24,0
111,105,07:25,0
111,106,07:26,0
111,107,07:27,0
111,108,07:28,0
111,109,07:29,0
111,110,07:30,0
111,111,07:31,0
111,112,07:32,0
111,113,07:33,0
111,114,07:34,0
111,115,07:35,0
111,116,07:36,0
111,117,07:37,0
111,118,07:38,0
111,119,07:39,0
111,120,07:40,0
111,121,07:41,0
111,122,07:42,0
111,123,07:43,0
111,124,07:44,0
111,125,07:45,0
111,126,07:46,0
111,127,07:47,0
111,128,07:48,0
111,129,07:49,0
111,130,07:50,0
111,131,07:51,0
111,132,07:52,0
111,133,07:53,0
111,134,07:54,0
111,135,07:55,0
111,136,07:56,0
111,137,07:57,0
111,138,07:58,0
111,139,07:59,0
111,140,08:00,0
111,141,08:01,0
111,142,08:02,0
111,143,08:03,0
111,144,08:04,0
111,145,08:05,0
111,146,08:06,0
111,147,08:07,0
111,148,08:08,0
111,149,08:09,0
111,150,08:10,0
111,151,08:11,0
111,152,08:12,0
111,153,08:13,0
111,154,08:14,0
111,155,08:15,0
111,156,08:16,0
111,157,08:17,0
111,158,08:18,0
111,159,08:19,0
111,160,08:20,0
111,161,08:21,0
111,162,08:22,0
111,163,08:23,0
111,164,08:24,0
111,165,08:25,0
111,166,08:26,0
111,167,08:27,0
111,168,08:28,0
111,169,08:29,0
111,170,08:30,0
111,171,08:31,0
111,172,08:32,0
111,173,08:33,0
111,174,08:34,0
111,175,08:35,0
111,176,08:36,0
111,177,08:37,0
111,178,08:38,0
111,179,08:39,0
111,180,08:40,0
111,181,08:41,0
111,182,08:42,0
111,183,08:43,0
111,184,08:44,0
111,185,08:45,0
111,186,08:46,0
111,187,08:47,0
111,188,08:48,0
111,189,08:49,0
111,190,08:50,0
111,191,08:51,0
111,192,08:52,0
111,193,08:53,0
111,194,08:54,0
111,195,08:55,0
111,196,08:56,0
111,197,08:57,0
111,198,08:58,0
111,199,08:59,0
111,200,09:00,0
111,201,09:01,0
111,202,09:02,0
111,203,09:03,1
111,204,09:04,1
111,205,09:05,1
111,206,09:06,1
111,207,09:07,1
111,208,09:08,1
111,209,09:09,1
111,210,09:10,1
111,211,09:11,1
111,212,09:12,1
111,213,09:13,0
111,214,09:14,0
111,215,09:15,0
111,216,09:16,0
111,217,09:17,0
111,218,09:18,0
111,219,09:19,0
111,220,09:20,0
111,221,09:21,0
111,222,09:22,0
111,223,09:23,0
111,224,09:24,0
111,225,09:25,0
111,226,09:26,0
111,227,09:27,0
111,228,09:28,0
111,229,09:29,0
111,230,09:30,0
111,231,09:31,0
111,232,09:32,0
111,233,09:33,0
111,234,09:34,0
111,235,09:35,0
111,236,09:36,0
111,237,09:37,0
111,238,09:38,0
111,239,09:39,0
111,240,09:40,0
111,241,09:41,0
111,242,09:42,0
111,243,09:43,0
111,244,09:44,0
111,245,09:45,0
111,246,09:46,0
111,247,09:47,0
111,248,09:48,0
111,249,09:49,0
111,250,09:50,0
111,251,09:51,0
111,252,09:52,0
111,253,09:53,0
111,254,09:54,0
111,255,09:55,0
111,256,09:56,0
111,257,09:57,0
111,258,09:58,0
111,259,09:59,0
111,260,10:00,0
111,261,10:01,0
111,262,10:02,0
111,263,10:03,0
111,264,10:04,0
111,265,10:05,0
111,266,10:06,0
111,267,10:07,0
111,268,10:08,0
111,269,10:09,0
111,270,10:10,0
111,271,10:11,0
111,272,10:12,0
111,273,10:13,0
111,274,10:14,0
111,275,10:15,0
111,276,10:16,0
111,277,10:17,0
111,278,10:18,0
111,279,10:19,0
111,280,10:20,0
111,281,10:21,0
111,282,10:22,0
111,283,10:23,0
111,284,10:24,0
111,285,10:25,0
111,286,10:26,0
111,287,10:27,0
111,288,10:28,0
111,289,10:29,0
111,290,10:30,0
111,291,10:31,0
111,292,10:32,0
111,293,10:33,0
111,294,10:34,0
111,295,10:35,0
111,296,10:36,0
111,297,10:37,0
111,298,10:38,0
111,299,10:39,0
111,300,10:40,0
111,301,10:41,0
111,302,10:42,0
111,303,10:43,0
111,304,10:44,0
111,305,10:45,0
111,306,10:46,0
111,307,10:47,1
111,308,10:48,1
111,309,10:49,1
111,310,10:50,2
111,311,10:51,2
111,312,10:52,2
111,313,10:53,3
111,314,10:54,3
111,315,10:55,3
111,316,10:56,3
111,317,10:57,3
111,318,10:58,3
111,319,10:59,3
111,320,11:00,3
111,321,11:01,3
111,322,11:02,2
111,323,11:03,2
111,324,11:04,2
111,325,11:05,1
111,326,11:06,1
111,327,11:07,1
111,328,11:08,0
111,329,11:09,0
111,330,11:10,0
111,331,11:11,0
111,332,11:12,0
111,333,11:13,0
111,334,11:14,0
111,335,11:15,0
111,336,11:16,0
111,337,11:17,0
111,338,11:18,0
111,339,11:19,0
111,340,11:20,0
111,341,11:21,0
111,342,11:22,0
111,343,11:23,0
111,344,11:24,0
111,345,11:25,0
111,346,11:26,0
111,347,11:27,0
111,348,11:28,0
111,349,11:29,0
111,350,11:30,0
111,351,11:31,0
111,352,11:32,0
111,353,11:33,0
111,354,11:34,0
111,355,11:35,0
111,356,11:36,0
111,357,11:37,0
111,358,11:38,0
111,359,11:39,0
111,360,11:40,0
111,361,11:41,0
111,362,11:42,0
111,363,11:43,0
111,364,11:44,0
111,365,11:45,0
111,366,11:46,0
111,367,11:47,0
111,368,11:48,0
111,369,11:49,0
111,370,11:50,0
111,371,11:51,0
111,372,11:52,0
111,373,11:53,0
111,374,11:54,0
111,375,11:55,0
111,376,11:56,0
111,377,11:57,0
111,378,11:58,0
111,379,11:59,0
111,380,12:00,0
111,381,12:01,0
111,382,12:02,0
111,383,12:03,0
111,384,12:04,0
111,385,12:05,0
111,386,12:06,0
111,387,12:07,0
111,388,12:08,0
111,389,12:09,0
111,390,12:10,0
111,391,12:11,0
111,392,12:12,0
111,393,12:13,0
111,394,12:14,0
111,395,12:15,0
111,396,12:16,0
111,397,12:17,0
111,398,12:18,0
111,399,12:19,0
111,400,12:20,0
111,401,12:21,0
111,402,12:22,0
111,403,12:23,0
111,404,12:24,0
111,405,12:25,0
111,406,12:26,0
111,407,12:27,0
111,408,12:28,0
111,409,12:29,0
111,410,12:30,0
111,411,12:31,0
111,412,12:32,0
111,413,12:33,0
111,414,12:34,0
111,415,12:35,0
111,416,12:36,0
111,417,12:37,0
111,418,12:38,0
111,419,12:39,0
111,420,12:40,0
111,421,12:41,0
111,422,12:42,0
111,423,12:43,0
111,424,12:44,0
111,425,12:45,0
111,426,12:46,0
111,427,12:47,0
111,428,12:48,0
111,429,12:49,0
111,430,12:50,0
111,431,12:51,0
111,432,12:52,0
111,433,12:53,0
111,434,12:54,0
111,435,12:55,0
111,436,12:56,0
111,437,12:57,0
111,438,12:58,0
111,439,12:59,0
111,440,13:00,0
111,441,13:01,0
111,442,13:02,0
111,443,13:03,0
111,444,13:04,0
111,445,13:05,0
111,446,13:06,0
111,447,13:07,0
111,448,13:08,0
111,449,13:09,0
111,450,13:10,0
111,451,13:11,0
111,452,13:12,0
111,453,13:13,0
111,454,13:14,0
111,455,13:15,0
111,456,13:16,0
111,457,13:17,0
111,458,13:18,0
111,459,13:19,0
111,460,13:20,1
111,461,13:21,1
111,462,13:22,1
111,463,13:23,1
111,464,13:24,1
111,465,13:25,1
111,466,13:26,1
111,467,13:27,1
111,468,13:28,1
111,469,13:29,1
111,470,13:30,1
111,471,13:31,0
111,472,13:32,0
111,473,13:33,0
111,474,13:34,0
111,475,13:35,0
111,476,13:36,0
111,477,13:37,0
111,478,13:38,0
111,479,13:39,0
111,480,13:40,0
111,481,13:41,0
111,482,13:42,0
111,483,13:43,0
111,484,13:44,0
111,485,13:45,0
111,486,13:46,0
111,487,13:47,0
111,488,13:48,0
111,489,13:49,0
111,490,13:50,0
111,491,13:51,0
111,492,13:52,0
111,493,13:53,0
111,494,13:54,0
111,495,13:55,0
111,496,13:56,0
111,497,13:57,0
111,498,13:58,0
111,499,13:59,0
111,500,14:00,0
111,501,14:01,0
111,502,14:02,0
111,503,14:03,0
111,504,14:04,0
111,505,14:05,0
111,506,14:06,0
111,507,14:07,0
111,508,14:08,0
111,509,14:09,0
111,510,14:10,0
111,511,14:11,0
111,512,14:12,0
111,513,14:13,0
111,514,14:14,0
111,515,14:15,0
111,516,14:16,0
111,517,14:17,0
111,518,14:18,0
111,519,14:19,0
111,520,14:20,0
111,521,14:21,0
111,522,14:22,0
111,523,14:23,0
111,524,14:24,0
111,525,14:25,0
111,526,14:26,0
111,527,14:27,0
111,528,14:28,0
111,529,14:29,0
111,530,14:30,0
111,531,14:31,0
111,532,14:32,0
111,533,14:33,0
111,534,14:34,0
111,535,14:35,0
111,536,14:36,0
111,537,14:37,0
111,538,14:38,0
111,539,14:39,0
111,540,14:40,0
111,541,14:41,0
111,542,14:42,0
111,543,14:43,0
111,544,14:44,0
111,545,14:45,0
111,546,14:46,0
111,547,14:47,0
111,548,14:48,0
111,549,14:49,0
111,550,14:50,0
111,551,14:51,0
111,552,14:52,0
111,553,14:53,0
111,554,14:54,0
111,555,14:55,0
111,556,14:56,0
111,557,14:57,0
111,558,14:58,0
111,559,14:59,0
111,560,15:00,0
111,561,15:01,0
111,562,15:02,0
111,563,15:03,0
111,564,15:04,0
111,565,15:05,0
111,566,15:06,0
111,567,15:07,0
111,568,15:08,0
111,569,15:09,0
111,570,15:10,0
111,571,15:11,0
111,572,15:12,0
111,573,15:13,0
111,574,15:14,0
111,575,15:15,0
111,576,15:16,0
111,577,15:17,0
111,578,15:18,0
111,579,15:19,0
111,580,15:20,0
111,581,15:21,0
111,582,15:22,0
111,583,15:23,0
111,584,15:24,0
111,585,15:25,0
111,586,15:26,0
111,587,15:27,0
111,588,15:28,0
111,589,15:29,0
111,590,15:30,0
111,591,15:31,0
111,592,15:32,0
111,593,15:33,0
111,594,15:34,0
111,595,15:35,0
111,596,15:36,0
111,597,15:37,0
111,598,15:38,0
111,599,15:39,0
111,600,15:40,0
111,601,15:41,0
111,602,15:42,0
111,603,15:43,0
111,604,15:44,0
111,605,15:45,0
111,606,15:46,0
111,607,15:47,0
111,608,15:48,0
111,609,15:49,0
111,610,15:50,0
111,611,15:51,0
111,612,15:52,0
111,613,15:53,0
111,614,15:54,0
111,615,15:55,0
111,616,15:56,0
111,617,15:57,0
111,618,15:58,0
111,619,15:59,0
111,620,16:00,0
111,621,16:01,0
111,622,16:02,0
111,623,16:03,0
111,624,16:04,0
111,625,16:05,0
111,626,16:06,0
111,627,16:07,0
111,628,16:08,0
111,629,16:09,0
111,630,16:10,0
111,631,16:11,0
111,632,16:12,0
111,633,16:13,0
111,634,16:14,0
111,635,16:15,0
111,636,16:16,0
111,637,16:17,0
111,638,16:18,0
111,639,16:19,0
111,640,16:20,0
111,641,16:21,0
111,642,16:22,0
111,643,16:23,0
111,644,16:24,0
111,645,16:25,0
111,646,16:26,0
111,647,16:27,0
111,648,16:28,0
111,649,16:29,0
111,650,16:30,0
111,651,16:31,0
111,652,16:32,0
111,653,16:33,0
111,654,16:34,0
111,655,16:35,0
111,656,16:36,0
111,657,16:37,0
111,658,16:38,0
111,659,16:39,0
111,660,16:40,0
111,661,16:41,0
111,662,16:42,0
111,663,16:43,0
111,664,16:44,0
111,665,16:45,0
111,666,16:46,0
111,667,16:47,0
111,668,16:48,0
111,669,16:49,0
111,670,16:50,0
111,671,16:51,0
111,672,16:52,0
111,673,16:53,0
111,674,16:54,0
111,675,16:55,0
111,676,16:56,0
111,677,16:57,0
111,678,16:58,0
111,679,16:59,0
111,680,17:00,0
111,681,17:01,0
111,682,17:02,0
111,683,17:03,0
111,684,17:04,0
111,685,17:05,0
111,686,17:06,0
111,687,17:07,0
111,688,17:08,0
111,689,17:09,0
111,690,17:10,0
111,691,17:11,0
111,692,17:12,0
111,693,17:13,0
111,694,17:14,0
111,695,17:15,0
111,696,17:16,0
111,697,17:17,0
111,698,17:18,0
111,699,17:19,0
111,700,17:20,0
111,701,17:21,0
111,702,17:22,0
111,703,17:23,0
111,704,17:24,0
111,705,17:25,0
111,706,17:26,0
111,707,17:27,0
111,708,17:28,0
111,709,17:29,0
111,710,17:30,0
111,711,17:31,0
111,712,17:32,0
111,713,17:33,0
111,714,17:34,0
111,715,17:35,0
111,716,17:36,0
111,717,17:37,0
111,718,17:38,0
111,719,17:39,0
111,720,17:40,0
111,721,17:41,0
111,722,17:42,0
111,723,17:43,0
111,724,17:44,0
111,725,17:45,0
111,726,17:46,0
111,727,17:47,0
111,728,17:48,0
111,729,17:49,0
111,730,17:50,0
111,731,17:51,0
111,732,17:52,0
111,733,17:53,0
111,734,17:54,0
111,735,17:55,0
111,736,17:56,0
111,737,17:57,0
111,738,17:58,0
111,739,17:59,0
111,740,18:00,0
111,741,18:01,0
111,742,18:02,0
111,743,18:03,0
111,744,18:04,0
111,745,18:05,0
111,746,18:06,0
111,747,18:07,0
111,748,18:08,0
111,749,18:09,0
111,750,18:10,0
111,751,18:11,0
111,752,18:12,0
111,753,18:13,0
111,754,18:14,0
111,755,18:15,0
111,756,18:16,0
111,757,18:17,0
111,758,18:18,0
111,759,18:19,0
111,760,18:20,0
111,761,18:21,0
111,762,18:22,0
111,763,18:23,0
111,764,18:24,0
111,765,18:25,0
111,766,18:26,0
111,767,18:27,0
111,768,18:28,0
111,769,18:29,0
111,770,18:30,0
111,771,18:31,0
111,772,18:32,0
111,773,18:33,0
111,774,18:34,0
111,775,18:35,0
111,776,18:36,0
111,777,18:37,0
111,778,18:38,0
111,779,18:39,0
111,780,18:40,0
111,781,18:41,0
111,782,18:42,0
111,783,18:43,0
111,784,18:44,0
111,785,18:45,0
111,786,18:46,0
111,787,18:47,0
111,788,18:48,0
111,789,18:49,0
111,790,18:50,0
111,791,18:51,0
111,792,18:52,0
111,793,18:53,0
111,794,18:54,0
111,795,18:55,0
111,796,18:56,0
111,797,18:57,0
111,798,18:58,0
111,799,18:59,0
111,800,19:00,0
111,801,19:01,0
111,802,19:02,0
111,803,19:03,0
111,804,19:04,0
111,805,19:05,0
111,806,19:06,0
111,807,19:07,0
111,808,19:08,0
111,809,19:09,0
111,810,19:10,0
111,811,19:11,0
111,812,19:12,0
111,813,19:13,0
111,814,19:14,0
111,815,19:15,0
111,816,19:16,0
111,817,19:17,0
111,818,19:18,0
111,819,19:19,0
111,820,19:20,0
111,821,19:21,0
111,822,19:22,0
111,823,19:23,0
111,824,19:24,0
111,825,19:25,0
111,826,19:26,0
111,827,19:27,0
111,828,19:28,0
111,829,19:29,0
111,830,19:30,0
111,831,19:31,0
111,832,19:32,0
111,833,19:33,0
111,834,19:34,0
111,835,19:35,0
112,0,05:40,0
112,1,05:41,0
112,2,05:42,0
112,3,05:43,0
112,4,05:44,0
112,5,05:45,0
112,6,05:46,0
112,7,05:47,0
112,8,05:48,0
112,9,05:49,0
112,10,05:50,0
112,11,05:51,0
112,12,05:52,0
112,13,05:53,0
112,14,05:54,0
112,15,05:55,0
112,16,05:56,0
112,17,05:57,0
112,18,05:58,0
112,19,05:59,0
112,20,06:00,0
112,21,06:01,0
112,22,06:02,0
112,23,06:03,0
112,24,06:04,0
112,25,06:05,0
112,26,06:06,0
112,27,06:07,0
112,28,06:08,0
112,29,06:09,0
112,30,06:10,0
112,31,06:11,0
112,32,06:12,0
112,33,06:13,0
112,34,06:14,0
112,35,06:15,0
112,36,06:16,0
112,37,06:17,0
112,38,06:18,0
112,39,06:19,0
112,40,06:20,0
112,41,06:21,0
112,42,06:22,0
112,43,06:23,0
112,44,06:24,0
112,45,06:25,0
112,46,06:26,0
112,47,06:27,0
112,48,06:28,0
112,49,06:29,0
112,50,06:30,0
112,51,06:31,0
112,52,06:32,0
112,53,06:33,0
112,54,06:34,0
112,55,06:35,0
112,56,06:36,0
112,57,06:37,0
112,58,06:38,0
112,59,06:39,0
112,60,06:40,0
112,61,06:41,0
112,62,06:42,0
112,63,06:43,0
112,64,06:44,0
112,65,06:45,0
112,66,06:46,0
112,67,06:47,0
112,68,06:48,0
112,69,06:49,0
112,70,06:50,0
112,71,06:51,0
112,72,06:52,0
112,73,06:53,0
112,74,06:54,0
112,75,06:55,0
112,76,06:56,0
112,77,06:57,0
112,78,06:58,0
112,79,06:59,0
112,80,07:00,0
112,81,07:01,0
112,82,07:02,0
112,83,07:03,0
112,84,07:04,0
112,85,07:05,0
112,86,07:06,0
112,87,07:07,0
112,88,07:08,0
112,89,07:09,0
112,90,07:10,0
112,91,07:11,0
112,92,07:12,0
112,93,07:13,0
112,94,07:14,0
112,95,07:15,0
112,96,07:16,0
112,97,07:17,0
112,98,07:18,0
112,99,07:19,0
112,100,07:20,0
112,101,07:21,0
112,102,07:22,0
112,103,07:23,0
112,104,07:24,0
112,105,07:25,0
112,106,07:26,0
112,107,07:27,0
112,108,07:28,0
112,109,07:29,0
112,110,07:30,0
112,111,07:31,0
112,112,07:32,0
112,113,07:33,0
112,114,07:34,0
112,115,07:35,0
112,116,07:36,0
112,117,07:37,0
112,118,07:38,0
112,119,07:39,0
112,120,07:40,0
112,121,07:41,0
112,122,07:42,0
112,123,07:43,0
112,124,07:44,0
112,125,07:45,0
112,126,07:46,0
112,127,07:47,0
112,128,07:48,0
112,129,07:49,0
112,130,07:50,0
112,131,07:51,0
112,132,07:52,0
112,133,07:53,0
112,134,07:54,0
112,135,07:55,0
112,136,07:56,0
112,137,07:57,0
112,138,07:58,0
112,139,07:59,0
112,140,08:00,0
112,141,08:01,0
112,142,08:02,0
112,143,08:03,0
112,144,08:04,0
112,145,08:05,0
112,146,08:06,0
112,147,08:07,0
112,148,08:08,0
112,149,08:09,0
112,150,08:10,1
112,151,08:11,1
112,152,08:12,1
112,153,08:13,1
112,154,08:14,1
112,155,08:15,1
112,156,08:16,1
112,157,08:17,1
112,158,08:18,1
112,159,08:19,1
112,160,08:20,1
112,161,08:21,1
112,162,08:22,1
112,163,08:23,0
112,164,08:24,0
112,165,08:25,0
112,166,08:26,1
112,167,08:27,1
112,168,08:28,1
112,169,08:29,1
112,170,08:30,1
112,171,08:31,1
112,172,08:32,1
112,173,08:33,1
112,174,08:34,1
112,175,08:35,0
112,176,08:36,0
112,177,08:37,0
112,178,08:38,0
112,179,08:39,0
112,180,08:40,0
112,181,08:41,0
112,182,08:42,0
112,183,08:43,0
112,184,08:44,0
112,185,08:45,0
112,186,08:46,0
112,187,08:47,0
112,188,08:48,0
112,189,08:49,0
112,190,08:50,0
112,191,08:51,0
112,192,08:52,0
112,193,08:53,0
112,194,08:54,0
112,195,08:55,0
112,196,08:56,0
112,197,08:57,0
112,198,08:58,0
112,199,08:59,0
112,200,09:00,0
112,201,09:01,0
112,202,09:02,0
112,203,09:03,0
112,204,09:04,0
112,205,09:05,0
112,206,09:06,0
112,207,09:07,0
112,208,09:08,0
112,209,09:09,0
112,210,09:10,0
112,211,09:11,0
112,212,09:12,0
112,213,09:13,0
112,214,09:14,0
112,215,09:15,0
112,216,09:16,0
112,217,09:17,0
112,218,09:18,0
112,219,09:19,0
112,220,09:20,0
112,221,09:21,0
112,222,09:22,0
112,223,09:23,0
112,224,09:24,0
112,225,09:25,0
112,226,09:26,0
112,227,09:27,0
112,228,09:28,0
112,229,09:29,0
112,230,09:30,0
112,231,09:31,0
112,232,09:32,0
112,233,09:33,0
112,234,09:34,0
112,235,09:35,0
112,236,09:36,0
112,237,09:37,0
112,238,09:38,0
112,239,09:39,0
112,240,09:40,0
112,241,09:41,0
112,242,09:42,0
112,243,09:43,0
112,244,09:44,0
112,245,09:45,0
112,246,09:46,0
112,247,09:47,0
112,248,09:48,0
112,249,09:49,0
112,250,09:50,0
112,251,09:51,0
112,252,09:52,0
112,253,09:53,0
112,254,09:54,0
112,255,09:55,0
112,256,09:56,0
112,257,09:57,0
112,258,09:58,0
112,259,09:59,0
112,260,10:00,0
112,261,10:01,0
112,262,10:02,0
112,263,10:03,0
112,264,10:04,0
112,265,10:05,0
112,266,10:06,0
112,267,10:07,0
112,268,10:08,0
112,269,10:09,0
112,270,10:10,0
112,271,10:11,0
112,272,10:12,0
112,273,10:13,0
112,274,10:14,0
112,275,10:15,0
112,276,10:16,0
112,277,10:17,0
112,278,10:18,0
112,279,10:19,0
112,280,10:20,0
112,281,10:21,0
112,282,10:22,0
112,283,10:23,0
112,284,10:24,0
112,285,10:25,0
112,286,10:26,0
112,287,10:27,0
112,288,10:28,0
112,289,10:29,0
112,290,10:30,0
112,291,10:31,0
112,292,10:32,0
112,293,10:33,0
112,294,10:34,0
112,295,10:35,0
112,296,10:36,0
112,297,10:37,0
112,298,10:38,0
112,299,10:39,0
112,300,10:40,0
112,301,10:41,0
112,302,10:42,0
112,303,10:43,0
112,304,10:44,0
112,305,10:45,0
112,306,10:46,0
112,307,10:47,0
112,308,10:48,0
112,309,10:49,0
112,310,10:50,0
112,311,10:51,0
112,312,10:52,0
112,313,10:53,0
112,314,10:54,0
112,315,10:55,0
112,316,10:56,0
112,317,10:57,0
112,318,10:58,0
112,319,10:59,0
112,320,11:00,0
112,321,11:01,0
112,322,11:02,0
112,323,11:03,0
112,324,11:04,0
112,325,11:05,0
112,326,11:06,0
112,327,11:07,0
112,328,11:08,0
112,329,11:09,0
112,330,11:10,0
112,331,11:11,0
112,332,11:12,0
112,333,11:13,0
112,334,11:14,0
112,335,11:15,0
112,336,11:16,0
112,337,11:17,0
112,338,11:18,0
112,339,11:19,0
112,340,11:20,0
112,341,11:21,0
112,342,11:22,0
112,343,11:23,0
112,344,11:24,0
112,345,11:25,0
112,346,11:26,0
112,347,11:27,0
112,348,11:28,0
112,349,11:29,0
112,350,11:30,0
112,351,11:31,0
112,352,11:32,0
112,353,11:33,0
112,354,11:34,0
112,355,11:35,0
112,356,11:36,0
112,357,11:37,0
112,358,11:38,0
112,359,11:39,0
112,360,11:40,0
112,361,11:41,0
112,362,11:42,0
112,363,11:43,0
112,364,11:44,0
112,365,11:45,0
112,366,11:46,0
112,367,11:47,0
112,368,11:48,0
112,369,11:49,0
112,370,11:50,0
112,371,11:51,0
112,372,11:52,0
112,373,11:53,0
112,374,11:54,0
112,375,11:55,0
112,376,11:56,0
112,377,11:57,0
112,378,11:58,0
112,379,11:59,0
112,380,12:00,0
112,381,12:01,0
112,382,12:02,0
112,383,12:03,0
112,384,12:04,0
112,385,12:05,0
112,386,12:06,0
112,387,12:07,0
112,388,12:08,0
112,389,12:09,0
112,390,12:10,0
112,391,12:11,0
112,392,12:12,0
112,393,12:13,0
112,394,12:14,0
112,395,12:15,0
112,396,12:16,0
112,397,12:17,0
112,398,12:18,0
112,399,12:19,0
112,400,12:20,0
112,401,12:21,0
112,402,12:22,0
112,403,12:23,0
112,404,12:24,0
112,405,12:25,0
112,406,12:26,0
112,407,12:27,0
112,408,12:28,0
112,409,12:29,0
112,410,12:30,0
112,411,12:31,0
112,412,12:32,0
112,413,12:33,0
112,414,12:34,0
112,415,12:35,0
112,416,12:36,0
112,417,12:37,0
112,418,12:38,0
112,419,12:39,0
112,420,12:40,0
112,421,12:41,0
112,422,12:42,0
112,423,12:43,0
112,424,12:44,0
112,425,12:45,0
112,426,12:46,0
112,427,12:47,0
112,428,12:48,0
112,429,12:49,0
112,430,12:50,0
112,431,12:51,0
112,432,12:52,0
112,433,12:53,0
112,434,12:54,0
112,435,12:55,0
112,436,12:56,0
112,437,12:57,0
112,438,12:58,0
112,439,12:59,0
112,440,13:00,0
112,441,13:01,0
112,442,13:02,0
112,443,13:03,0
112,444,13:04,0
112,445,13:05,0
112,446,13:06,0
112,447,13:07,0
112,448,13:08,0
112,449,13:09,0
112,450,13:10,0
112,451,13:11,0
112,452,13:12,0
112,453,13:13,0
112,454,13:14,0
112,455,13:15,0
112,456,13:16,0
112,457,13:17,0
112,458,13:18,0
112,459,13:19,0
112,460,13:20,0
112,461,13:21,0
112,462,13:22,0
112,463,13:23,0
112,464,13:24,0
112,465,13:25,0
112,466,13:26,0
112,467,13:27,0
112,468,13:28,0
112,469,13:29,0
112,470,13:30,0
112,471,13:31,0
112,472,13:32,0
112,473,13:33,0
112,474,13:34,0
112,475,13:35,0
112,476,13:36,0
112,477,13:37,0
112,478,13:38,0
112,479,13:39,0
112,480,13:40,0
112,481,13:41,0
112,482,13:42,0
112,483,13:43,0
112,484,13:44,0
112,485,13:45,0
112,486,13:46,0
112,487,13:47,0
112,488,13:48,0
112,489,13:49,0
112,490,13:50,0
112,491,13:51,0
112,492,13:52,0
112,493,13:53,0
112,494,13:54,0
112,495,13:55,0
112,496,13:56,0
112,497,13:57,0
112,498,13:58,0
112,499,13:59,0
112,500,14:00,0
112,501,14:01,0
112,502,14:02,0
112,503,14:03,0
112,504,14:04,0
112,505,14:05,0
112,506,14:06,0
112,507,14:07,0
112,508,14:08,0
112,509,14:09,0
112,510,14:10,0
112,511,14:11,0
112,512,14:12,0
112,513,14:13,0
112,514,14:14,0
112,515,14:15,0
112,516,14:16,0
112,517,14:17,0
112,518,14:18,0
112,519,14:19,0
112,520,14:20,0
112,521,14:21,0
112,522,14:22,0
112,523,14:23,0
112,524,14:24,1
112,525,14:25,1
112,526,14:26,1
112,527,14:27,2
112,528,14:28,2
112,529,14:29,2
112,530,14:30,2
112,531,14:31,2
112,532,14:32,2
112,533,14:33,2
112,534,14:34,2
112,535,14:35,2
112,536,14:36,2
112,537,14:37,2
112,538,14:38,2
112,539,14:39,2
112,540,14:40,2
112,541,14:41,2
112,542,14:42,1
112,543,14:43,1
112,544,14:44,1
112,545,14:45,0
112,546,14:46,0
112,547,14:47,0
112,548,14:48,0
112,549,14:49,0
112,550,14:50,0
112,551,14:51,0
112,552,14:52,0
112,553,14:53,0
112,554,14:54,0
112,555,14:55,0
112,556,14:56,0
112,557,14:57,0
112,558,14:58,0
112,559,14:59,0
112,560,15:00,0
112,561,15:01,0
112,562,15:02,0
112,563,15:03,0
112,564,15:04,0
112,565,15:05,0
112,566,15:06,0
112,567,15:07,0
112,568,15:08,0
112,569,15:09,0
112,570,15:10,0
112,571,15:11,0
112,572,15:12,0
112,573,15:13,0
112,574,15:14,0
112,575,15:15,0
112,576,15:16,0
112,577,15:17,0
112,578,15:18,0
112,579,15:19,0
112,580,15:20,0
112,581,15:21,0
112,582,15:22,0
112,583,15:23,0
112,584,15:24,1
112,585,15:25,1
112,586,15:26,1
112,587,15:27,1
112,588,15:28,1
112,589,15:29,1
112,590,15:30,1
112,591,15:31,1
112,592,15:32,1
112,593,15:33,1
112,594,15:34,1
112,595,15:35,1
112,596,15:36,1
112,597,15:37,1
112,598,15:38,1
112,599,15:39,2
112,600,15:40,2
112,601,15:41,2
112,602,15:42,2
112,603,15:43,2
112,604,15:44,2
112,605,15:45,2
112,606,15:46,2
112,607,15:47,2
112,608,15:48,2
112,609,15:49,1
112,610,15:50,1
112,611,15:51,1
112,612,15:52,0
112,613,15:53,0
112,614,15:54,0
112,615,15:55,2
112,616,15:56,2
112,617,15:57,2
112,618,15:58,4
112,619,15:59,4
112,620,16:00,4
112,621,16:01,4
112,622,16:02,4
112,623,16:03,4
112,624,16:04,4
112,625,16:05,4
112,626,16:06,4
112,627,16:07,4
112,628,16:08,4
112,629,16:09,2
112,630,16:10,2
112,631,16:11,2
112,632,16:12,0
112,633,16:13,0
112,634,16:14,0
112,635,16:15,0
112,636,16:16,0
112,637,16:17,0
112,638,16:18,0
112,639,16:19,0
112,640,16:20,0
112,641,16:21,0
112,642,16:22,0
112,643,16:23,0
112,644,16:24,0
112,645,16:25,0
112,646,16:26,0
112,647,16:27,0
112,648,16:28,0
112,649,16:29,0
112,650,16:30,0
112,651,16:31,0
112,652,16:32,0
112,653,16:33,0
112,654,16:34,0
112,655,16:35,0
112,656,16:36,0
112,657,16:37,0
112,658,16:38,0
112,659,16:39,0
112,660,16:40,0
112,661,16:41,0
112,662,16:42,0
112,663,16:43,0
112,664,16:44,0
112,665,16:45,0
112,666,16:46,1
112,667,16:47,1
112,668,16:48,1
112,669,16:49,1
112,670,16:50,1
112,671,16:51,1
112,672,16:52,1
112,673,16:53,1
112,674,16:54,1
112,675,16:55,1
112,676,16:56,1
112,677,16:57,1
112,678,16:58,1
112,679,16:59,1
112,680,17:00,1
112,681,17:01,0
112,682,17:02,0
112,683,17:03,0
112,684,17:04,0
112,685,17:05,0
112,686,17:06,0
112,687,17:07,0
112,688,17:08,0
112,689,17:09,0
112,690,17:10,0
112,691,17:11,0
112,692,17:12,0
112,693,17:13,0
112,694,17:14,0
112,695,17:15,0
112,696,17:16,0
112,697,17:17,0
112,698,17:18,0
112,699,17:19,0
112,700,17:20,0
112,701,17:21,0
112,702,17:22,0
112,703,17:23,0
112,704,17:24,0
112,705,17:25,0
112,706,17:26,0
112,707,17:27,0
112,708,17:28,0
112,709,17:29,0
112,710,17:30,0
112,711,17:31,0
112,712,17:32,0
112,713,17:33,0
112,714,17:34,0
112,715,17:35,0
112,716,17:36,0
112,717,17:37,0
112,718,17:38,0
112,719,17:39,0
112,720,17:40,0
112,721,17:41,0
112,722,17:42,0
112,723,17:43,0
112,724,17:44,0
112,725,17:45,0
112,726,17:46,0
112,727,17:47,0
112,728,17:48,0
112,729,17:49,0
112,730,17:50,0
112,731,17:51,0
112,732,17:52,0
112,733,17:53,0
112,734,17:54,0
112,735,17:55,0
112,736,17:56,0
112,737,17:57,0
112,738,17:58,0
112,739,17:59,0
112,740,18:00,0
112,741,18:01,0
112,742,18:02,0
112,743,18:03,0
112,744,18:04,0
112,745,18:05,0
112,746,18:06,0
112,747,18:07,0
112,748,18:08,0
112,749,18:09,0
112,750,18:10,0
112,751,18:11,0
112,752,18:12,0
112,753,18:13,0
112,754,18:14,0
112,755,18:15,0
112,756,18:16,0
112,757,18:17,0
112,758,18:18,0
112,759,18:19,0
112,760,18:20,0
112,761,18:21,0
112,762,18:22,0
112,763,18:23,0
112,764,18:24,0
112,765,18:25,0
112,766,18:26,0
112,767,18:27,0
112,768,18:28,0
112,769,18:29,0
112,770,18:30,0
112,771,18:31,0
112,772,18:32,0
112,773,18:33,0
112,774,18:34,0
112,775,18:35,0
112,776,18:36,0
112,777,18:37,0
112,778,18:38,0
112,779,18:39,0
112,780,18:40,0
112,781,18:41,0
112,782,18:42,0
112,783,18:43,0
112,784,18:44,0
112,785,18:45,0
112,786,18:46,0
112,787,18:47,0
112,788,18:48,0
112,789,18:49,0
112,790,18:50,0
112,791,18:51,0
112,792,18:52,0
112,793,18:53,0
112,794,18:54,0
112,795,18:55,0
112,796,18:56,0
112,797,18:57,0
112,798,18:58,0
112,799,18:59,0
112,800,19:00,0
112,801,19:01,0
112,802,19:02,0
112,803,19:03,0
112,804,19:04,0
112,805,19:05,0
112,806,19:06,0
112,807,19:07,0
112,808,19:08,0
112,809,19:09,0
112,810,19:10,0
112,811,19:11,0
112,812,19:12,0
112,813,19:13,0
112,814,19:14,0
112,815,19:15,0
112,816,19:16,0
112,817,19:17,0
112,818,19:18,0
112,819,19:19,0
112,820,19:20,0
112,821,19:21,0
112,822,19:22,0
112,823,19:23,0
112,824,19:24,0
112,825,19:25,0
112,826,19:26,0
112,827,19:27,0
112,828,19:28,0
112,829,19:29,0
112,830,19:30,0
112,831,19:31,0
112,832,19:32,0
112,833,19:33,0
112,834,19:34,0
112,835,19:35,0
113,0,05:40,0
113,1,05:41,0
113,2,05:42,0
113,3,05:43,0
113,4,05:44,0
113,5,05:45,0
113,6,05:46,0
113,7,05:47,0
113,8,05:48,0
113,9,05:49,0
113,10,05:50,0
113,11,05:51,0
113,12,05:52,0
113,13,05:53,0
113,14,05:54,0
113,15,05:55,0
113,16,05:56,0
113,17,05:57,0
113,18,05:58,0
113,19,05:59,0
113,20,06:00,0
113,21,06:01,0
113,22,06:02,0
113,23,06:03,0
113,24,06:04,0
113,25,06:05,0
113,26,06:06,0
113,27,06:07,0
113,28,06:08,0
113,29,06:09,0
113,30,06:10,0
113,31,06:11,0
113,32,06:12,0
113,33,06:13,0
113,34,06:14,0
113,35,06:15,0
113,36,06:16,0
113,37,06:17,0
113,38,06:18,0
113,39,06:19,0
113,40,06:20,0
113,41,06:21,0
113,42,06:22,0
113,43,06:23,0
113,44,06:24,0
113,45,06:25,0
113,46,06:26,0
113,47,06:27,0
113,48,06:28,0
113,49,06:29,0
113,50,06:30,0
113,51,06:31,0
113,52,06:32,0
113,53,06:33,0
113,54,06:34,0
113,55,06:35,0
113,56,06:36,0
113,57,06:37,0
113,58,06:38,0
113,59,06:39,0
113,60,06:40,0
113,61,06:41,0
113,62,06:42,0
113,63,06:43,0
113,64,06:44,0
113,65,06:45,0
113,66,06:46,0
113,67,06:47,0
113,68,06:48,0
113,69,06:49,0
113,70,06:50,0
113,71,06:51,0
113,72,06:52,0
113,73,06:53,0
113,74,06:54,0
113,75,06:55,0
113,76,06:56,0
113,77,06:57,0
113,78,06:58,0
113,79,06:59,0
113,80,07:00,0
113,81,07:01,0
113,82,07:02,0
113,83,07:03,0
113,84,07:04,0
113,85,07:05,0
113,86,07:06,0
113,87,07:07,0
113,88,07:08,0
113,89,07:09,0
113,90,07:10,0
113,91,07:11,0
113,92,07:12,0
113,93,07:13,0
113,94,07:14,0
113,95,07:15,0
113,96,07:16,0
113,97,07:17,0
113,98,07:18,0
113,99,07:19,0
113,100,07:20,0
113,101,07:21,0
113,102,07:22,0
113,103,07:23,0
113,104,07:24,0
113,105,07:25,0
113,106,07:26,0
113,107,07:27,0
113,108,07:28,0
113,109,07:29,0
113,110,07:30,0
113,111,07:31,0
113,112,07:32,0
113,113,07:33,0
113,114,07:34,0
113,115,07:35,0
113,116,07:36,0
113,117,07:37,0
113,118,07:38,0
113,119,07:39,0
113,120,07:40,0
113,121,07:41,0
113,122,07:42,0
113,123,07:43,0
113,124,07:44,0
113,125,07:45,0
113,126,07:46,0
113,127,07:47,0
113,128,07:48,0
113,129,07:49,0
113,130,07:50,0
113,131,07:51,0
113,132,07:52,0
113,133,07:53,0
113,134,07:54,0
113,135,07:55,0
113,136,07:56,0
113,137,07:57,0
113,138,07:58,0
113,139,07:59,0
113,140,08:00,0
113,141,08:01,0
113,142,08:02,0
113,143,08:03,0
113,144,08:04,0
113,145,08:05,0
113,146,08:06,0
113,147,08:07,0
113,148,08:08,0
113,149,08:09,0
113,150,08:10,0
113,151,08:11,0
113,152,08:12,0
113,153,08:13,0
113,154,08:14,0
113,155,08:15,0
113,156,08:16,0
113,157,08:17,0
113,158,08:18,0
113,159,08:19,0
113,160,08:20,0
113,161,08:21,0
113,162,08:22,0
113,163,08:23,0
113,164,08:24,0
113,165,08:25,0
113,166,08:26,0
113,167,08:27,0
113,168,08:28,0
113,169,08:29,0
113,170,08:30,0
113,171,08:31,0
113,172,08:32,0
113,173,08:33,0
113,174,08:34,0
113,175,08:35,0
113,176,08:36,0
113,177,08:37,0
113,178,08:38,0
113,179,08:39,0
113,180,08:40,0
113,181,08:41,0
113,182,08:42,0
113,183,08:43,0
113,184,08:44,0
113,185,08:45,0
113,186,08:46,0
113,187,08:47,0
113,188,08:48,0
113,189,08:49,0
113,190,08:50,0
113,191,08:51,0
113,192,08:52,0
113,193,08:53,0
113,194,08:54,0
113,195,08:55,0
113,196,08:56,0
113,197,08:57,0
113,198,08:58,0
113,199,08:59,0
113,200,09:00,0
113,201,09:01,0
113,202,09:02,0
113,203,09:03,0
113,204,09:04,0
113,205,09:05,0
113,206,09:06,0
113,207,09:07,0
113,208,09:08,0
113,209,09:09,0
113,210,09:10,0
113,211,09:11,0
113,212,09:12,0
113,213,09:13,0
113,214,09:14,0
113,215,09:15,0
113,216,09:16,0
113,217,09:17,0
113,218,09:18,0
113,219,09:19,0
113,220,09:20,0
113,221,09:21,0
113,222,09:22,0
113,223,09:23,0
113,224,09:24,0
113,225,09:25,0
113,226,09:26,0
113,227,09:27,0
113,228,09:28,0
113,229,09:29,0
113,230,09:30,0
113,231,09:31,0
113,232,09:32,0
113,233,09:33,0
113,234,09:34,0
113,235,09:35,0
113,236,09:36,0
113,237,09:37,0
113,238,09:38,0
113,239,09:39,0
113,240,09:40,0
113,241,09:41,0
113,242,09:42,0
113,243,09:43,0
113,244,09:44,0
113,245,09:45,0
113,246,09:46,0
113,247,09:47,0
113,248,09:48,0
113,249,09:49,0
113,250,09:50,0
113,251,09:51,0
113,252,09:52,0
113,253,09:53,0
113,254,09:54,0
113,255,09:55,0
113,256,09:56,0
113,257,09:57,0
113,258,09:58,0
113,259,09:59,0
113,260,10:00,0
113,261,10:01,0
113,262,10:02,0
113,263,10:03,0
113,264,10:04,0
113,265,10:05,0
113,266,10:06,0
113,267,10:07,0
113,268,10:08,0
113,269,10:09,0
113,270,10:10,0
113,271,10:11,0
113,272,10:12,0
113,273,10:13,0
113,274,10:14,0
113,275,10:15,0
113,276,10:16,0
113,277,10:17,0
113,278,10:18,0
113,279,10:19,0
113,280,10:20,0
113,281,10:21,0
113,282,10:22,0
113,283,10:23,0
113,284,10:24,0
113,285,10:25,0
113,286,10:26,0
113,287,10:27,0
113,288,10:28,0
113,289,10:29,0
113,290,10:30,0
113,291,10:31,0
113,292,10:32,0
113,293,10:33,0
113,294,10:34,0
113,295,10:35,0
113,296,10:36,0
113,297,10:37,0
113,298,10:38,0
113,299,10:39,0
113,300,10:40,0
113,301,10:41,1
113,302,10:42,1
113,303,10:43,1
113,304,10:44,1
113,305,10:45,1
113,306,10:46,1
113,307,10:47,1
113,308,10:48,1
113,309,10:49,1
113,310,10:50,1
113,311,10:51,0
113,312,10:52,0
113,313,10:53,0
113,314,10:54,0
113,315,10:55,0
113,316,10:56,0
113,317,10:57,0
113,318,10:58,0
113,319,10:59,0
113,320,11:00,0
113,321,11:01,0
113,322,11:02,0
113,323,11:03,0
113,324,11:04,0
113,325,11:05,0
113,326,11:06,0
113,327,11:07,0
113,328,11:08,0
113,329,11:09,0
113,330,11:10,0
113,331,11:11,0
113,332,11:12,0
113,333,11:13,0
113,334,11:14,0
113,335,11:15,0
113,336,11:16,0
113,337,11:17,0
113,338,11:18,0
113,339,11:19,0
113,340,11:20,0
113,341,11:21,0
113,342,11:22,0
113,343,11:23,0
113,344,11:24,0
113,345,11:25,0
113,346,11:26,0
113,347,11:27,0
113,348,11:28,0
113,349,11:29,0
113,350,11:30,0
113,351,11:31,0
113,352,11:32,0
113,353,11:33,0
113,354,11:34,0
113,355,11:35,0
113,356,11:36,0
113,357,11:37,0
113,358,11:38,0
113,359,11:39,0
113,360,11:40,0
113,361,11:41,0
113,362,11:42,0
113,363,11:43,0
113,364,11:44,0
113,365,11:45,0
113,366,11:46,0
113,367,11:47,0
113,368,11:48,0
113,369,11:49,0
113,370,11:50,0
113,371,11:51,0
113,372,11:52,0
113,373,11:53,0
113,374,11:54,0
113,375,11:55,0
113,376,11:56,0
113,377,11:57,0
113,378,11:58,0
113,379,11:59,0
113,380,12:00,0
113,381,12:01,0
113,382,12:02,0
113,383,12:03,0
113,384,12:04,0
113,385,12:05,0
113,386,12:06,0
113,387,12:07,0
113,388,12:08,0
113,389,12:09,0
113,390,12:10,0
113,391,12:11,0
113,392,12:12,0
113,393,12:13,0
113,394,12:14,0
113,395,12:15,0
113,396,12:16,0
113,397,12:17,0
113,398,12:18,0
113,399,12:19,0
113,400,12:20,0
113,401,12:21,0
113,402,12:22,0
113,403,12:23,0
113,404,12:24,0
113,405,12:25,0
113,406,12:26,0
113,407,12:27,0
113,408,12:28,0
113,409,12:29,0
113,410,12:30,0
113,411,12:31,0
113,412,12:32,0
113,413,12:33,0
113,414,12:34,0
113,415,12:35,0
113,416,12:36,0
113,417,12:37,0
113,418,12:38,0
113,419,12:39,0
113,420,12:40,0
113,421,12:41,0
113,422,12:42,0
113,423,12:43,0
113,424,12:44,0
113,425,12:45,0
113,426,12:46,0
113,427,12:47,0
113,428,12:48,0
113,429,12:49,0
113,430,12:50,0
113,431,12:51,0
113,432,12:52,0
113,433,12:53,0
113,434,12:54,0
113,435,12:55,0
113,436,12:56,0
113,437,12:57,0
113,438,12:58,0
113,439,12:59,0
113,440,13:00,0
113,441,13:01,0
113,442,13:02,0
113,443,13:03,0
113,444,13:04,0
113,445,13:05,0
113,446,13:06,0
113,447,13:07,0
113,448,13:08,0
113,449,13:09,0
113,450,13:10,0
113,451,13:11,0
113,452,13:12,0
113,453,13:13,0
113,454,13:14,0
113,455,13:15,0
113,456,13:16,0
113,457,13:17,0
113,458,13:18,0
113,459,13:19,0
113,460,13:20,0
113,461,13:21,0
113,462,13:22,0
113,463,13:23,0
113,464,13:24,0
113,465,13:25,0
113,466,13:26,0
113,467,13:27,0
113,468,13:28,0
113,469,13:29,0
113,470,13:30,0
113,471,13:31,0
113,472,13:32,0
113,473,13:33,0
113,474,13:34,0
113,475,13:35,0
113,476,13:36,0
113,477,13:37,0
113,478,13:38,0
113,479,13:39,0
113,480,13:40,0
113,481,13:41,0
113,482,13:42,0
113,483,13:43,0
113,484,13:44,0
113,485,13:45,0
113,486,13:46,0
113,487,13:47,0
113,488,13:48,0
113,489,13:49,0
113,490,13:50,0
113,491,13:51,0
113,492,13:52,0
113,493,13:53,0
113,494,13:54,0
113,495,13:55,0
113,496,13:56,0
113,497,13:57,0
113,498,13:58,0
113,499,13:59,0
113,500,14:00,0
113,501,14:01,0
113,502,14:02,0
113,503,14:03,0
113,504,14:04,0
113,505,14:05,0
113,506,14:06,0
113,507,14:07,0
113,508,14:08,0
113,509,14:09,0
113,510,14:10,0
113,511,14:11,0
113,512,14:12,0
113,513,14:13,0
113,514,14:14,0
113,515,14:15,0
113,516,14:16,0
113,517,14:17,0
113,518,14:18,0
113,519,14:19,0
113,520,14:20,0
113,521,14:21,1
113,522,14:22,1
113,523,14:23,1
113,524,14:24,1
113,525,14:25,1
113,526,14:26,1
113,527,14:27,1
113,528,14:28,1
113,529,14:29,1
113,530,14:30,3
113,531,14:31,3
113,532,14:32,3
113,533,14:33,3
113,534,14:34,3
113,535,14:35,3
113,536,14:36,3
113,537,14:37,3
113,538,14:38,3
113,539,14:39,3
113,540,14:40,3
113,541,14:41,3
113,542,14:42,3
113,543,14:43,3
113,544,14:44,3
113,545,14:45,3
113,546,14:46,1
113,547,14:47,1
113,548,14:48,1
113,549,14:49,0
113,550,14:50,0
113,551,14:51,0
113,552,14:52,1
113,553,14:53,1
113,554,14:54,1
113,555,14:55,1
113,556,14:56,1
113,557,14:57,1
113,558,14:58,1
113,559,14:59,1
113,560,15:00,1
113,561,15:01,1
113,562,15:02,1
113,563,15:03,1
113,564,15:04,1
113,565,15:05,1
113,566,15:06,1
113,567,15:07,1
113,568,15:08,1
113,569,15:09,1
113,570,15:10,1
113,571,15:11,1
113,572,15:12,1
113,573,15:13,1
113,574,15:14,0
113,575,15:15,0
113,576,15:16,0
113,577,15:17,0
113,578,15:18,0
113,579,15:19,0
113,580,15:20,0
113,581,15:21,0
113,582,15:22,0
113,583,15:23,0
113,584,15:24,0
113,585,15:25,0
113,586,15:26,0
113,587,15:27,0
113,588,15:28,0
113,589,15:29,0
113,590,15:30,0
113,591,15:31,0
113,592,15:32,0
113,593,15:33,0
113,594,15:34,0
113,595,15:35,0
113,596,15:36,0
113,597,15:37,0
113,598,15:38,0
113,599,15:39,0
113,600,15:40,0
113,601,15:41,0
113,602,15:42,0
113,603,15:43,0
113,604,15:44,0
113,605,15:45,0
113,606,15:46,0
113,607,15:47,0
113,608,15:48,0
113,609,15:49,0
113,610,15:50,0
113,611,15:51,0
113,612,15:52,0
113,613,15:53,0
113,614,15:54,0
113,615,15:55,0
113,616,15:56,0
113,617,15:57,0
113,618,15:58,0
113,619,15:59,0
113,620,16:00,0
113,621,16:01,0
113,622,16:02,0
113,623,16:03,0
113,624,16:04,0
113,625,16:05,0
113,626,16:06,0
113,627,16:07,0
113,628,16:08,0
113,629,16:09,0
113,630,16:10,0
113,631,16:11,0
113,632,16:12,0
113,633,16:13,0
113,634,16:14,0
113,635,16:15,0
113,636,16:16,0
113,637,16:17,0
113,638,16:18,0
113,639,16:19,0
113,640,16:20,0
113,641,16:21,0
113,642,16:22,0
113,643,16:23,0
113,644,16:24,0
113,645,16:25,0
113,646,16:26,0
113,647,16:27,0
113,648,16:28,0
113,649,16:29,0
113,650,16:30,0
113,651,16:31,0
113,652,16:32,0
113,653,16:33,0
113,654,16:34,0
113,655,16:35,0
113,656,16:36,0
113,657,16:37,0
113,658,16:38,0
113,659,16:39,0
113,660,16:40,0
113,661,16:41,0
113,662,16:42,0
113,663,16:43,0
113,664,16:44,0
113,665,16:45,0
113,666,16:46,0
113,667,16:47,0
113,668,16:48,0
113,669,16:49,0
113,670,16:50,0
113,671,16:51,0
113,672,16:52,0
113,673,16:53,0
113,674,16:54,0
113,675,16:55,0
113,676,16:56,0
113,677,16:57,0
113,678,16:58,0
113,679,16:59,0
113,680,17:00,0
113,681,17:01,0
113,682,17:02,0
113,683,17:03,0
113,684,17:04,0
113,685,17:05,0
113,686,17:06,0
113,687,17:07,0
113,688,17:08,0
113,689,17:09,0
113,690,17:10,0
113,691,17:11,0
113,692,17:12,0
113,693,17:13,0
113,694,17:14,0
113,695,17:15,0
113,696,17:16,0
113,697,17:17,0
113,698,17:18,0
113,699,17:19,0
113,700,17:20,0
113,701,17:21,0
113,702,17:22,0
113,703,17:23,0
113,704,17:24,0
113,705,17:25,0
113,706,17:26,0
113,707,17:27,0
113,708,17:28,0
113,709,17:29,0
113,710,17:30,0
113,711,17:31,0
113,712,17:32,0
113,713,17:33,0
113,714,17:34,0
113,715,17:35,0
113,716,17:36,0
113,717,17:37,0
113,718,17:38,0
113,719,17:39,0
113,720,17:40,0
113,721,17:41,0
113,722,17:42,0
113,723,17:43,0
113,724,17:44,0
113,725,17:45,1
113,726,17:46,1
113,727,17:47,1
113,728,17:48,3
113,729,17:49,3
113,730,17:50,3
113,731,17:51,4
113,732,17:52,4
113,733,17:53,4
113,734,17:54,4
113,735,17:55,4
113,736,17:56,4
113,737,17:57,4
113,738,17:58,4
113,739,17:59,4
113,740,18:00,4
113,741,18:01,4
113,742,18:02,4
113,743,18:03,4
113,744,18:04,4
113,745,18:05,4
113,746,18:06,4
113,747,18:07,4
113,748,18:08,4
113,749,18:09,4
113,750,18:10,3
113,751,18:11,3
113,752,18:12,3
113,753,18:13,1
113,754,18:14,1
113,755,18:15,1
113,756,18:16,0
113,757,18:17,0
113,758,18:18,0
113,759,18:19,1
113,760,18:20,1
113,761,18:21,1
113,762,18:22,1
113,763,18:23,1
113,764,18:24,1
113,765,18:25,1
113,766,18:26,1
113,767,18:27,1
113,768,18:28,1
113,769,18:29,1
113,770,18:30,1
113,771,18:31,1
113,772,18:32,1
113,773,18:33,1
113,774,18:34,0
113,775,18:35,0
113,776,18:36,0
113,777,18:37,0
113,778,18:38,0
113,779,18:39,0
113,780,18:40,0
113,781,18:41,0
113,782,18:42,0
113,783,18:43,1
113,784,18:44,1
113,785,18:45,1
113,786,18:46,3
113,787,18:47,3
113,788,18:48,3
113,789,18:49,3
113,790,18:50,3
113,791,18:51,3
113,792,18:52,3
113,793,18:53,3
113,794,18:54,3
113,795,18:55,3
113,796,18:56,3
113,797,18:57,2
113,798,18:58,2
113,799,18:59,2
113,800,19:00,0
113,801,19:01,0
113,802,19:02,0
113,803,19:03,0
113,804,19:04,0
113,805,19:05,0
113,806,19:06,0
113,807,19:07,0
113,808,19:08,0
113,809,19:09,0
113,810,19:10,0
113,811,19:11,0
113,812,19:12,0
113,813,19:13,0
113,814,19:14,0
113,815,19:15,0
113,816,19:16,0
113,817,19:17,0
113,818,19:18,0
113,819,19:19,0
113,820,19:20,0
113,821,19:21,0
113,822,19:22,0
113,823,19:23,0
113,824,19:24,0
113,825,19:25,0
113,826,19:26,0
113,827,19:27,0
113,828,19:28,0
113,829,19:29,0
113,830,19:30,0
113,831,19:31,0
113,832,19:32,0
113,833,19:33,0
113,834,19:34,0
113,835,19:35,0
114,0,05:40,0
114,1,05:41,0
114,2,05:42,0
114,3,05:43,0
114,4,05:44,0
114,5,05:45,0
114,6,05:46,0
114,7,05:47,0
114,8,05:48,0
114,9,05:49,0
114,10,05:50,0
114,11,05:51,0
114,12,05:52,0
114,13,05:53,0
114,14,05:54,0
114,15,05:55,0
114,16,05:56,0
114,17,05:57,0
114,18,05:58,0
114,19,05:59,0
114,20,06:00,0
114,21,06:01,0
114,22,06:02,0
114,23,06:03,0
114,24,06:04,0
114,25,06:05,0
114,26,06:06,0
114,27,06:07,0
114,28,06:08,0
114,29,06:09,0
114,30,06:10,0
114,31,06:11,0
114,32,06:12,0
114,33,06:13,0
114,34,06:14,0
114,35,06:15,0
114,36,06:16,0
114,37,06:17,0
114,38,06:18,0
114,39,06:19,0
114,40,06:20,0
114,41,06:21,0
114,42,06:22,0
114,43,06:23,0
114,44,06:24,0
114,45,06:25,0
114,46,06:26,0
114,47,06:27,0
114,48,06:28,0
114,49,06:29,0
114,50,06:30,0
114,51,06:31,0
114,52,06:32,0
114,53,06:33,0
114,54,06:34,0
114,55,06:35,0
114,56,06:36,0
114,57,06:37,0
114,58,06:38,0
114,59,06:39,0
114,60,06:40,0
114,61,06:41,0
114,62,06:42,0
114,63,06:43,0
114,64,06:44,0
114,65,06:45,0
114,66,06:46,0
114,67,06:47,0
114,68,06:48,0
114,69,06:49,0
114,70,06:50,0
114,71,06:51,0
114,72,06:52,0
114,73,06:53,0
114,74,06:54,0
114,75,06:55,0
114,76,06:56,0
114,77,06:57,0
114,78,06:58,0
114,79,06:59,0
114,80,07:00,0
114,81,07:01,0
114,82,07:02,0
114,83,07:03,0
114,84,07:04,0
114,85,07:05,0
114,86,07:06,0
114,87,07:07,0
114,88,07:08,0
114,89,07:09,0
114,90,07:10,0
114,91,07:11,0
114,92,07:12,0
114,93,07:13,0
114,94,07:14,0
114,95,07:15,0
114,96,07:16,0
114,97,07:17,0
114,98,07:18,0
114,99,07:19,0
114,100,07:20,0
114,101,07:21,0
114,102,07:22,0
114,103,07:23,0
114,104,07:24,0
114,105,07:25,0
114,106,07:26,0
114,107,07:27,0
114,108,07:28,0
114,109,07:29,0
114,110,07:30,0
114,111,07:31,0
114,112,07:32,0
114,113,07:33,0
114,114,07:34,0
114,115,07:35,0
114,116,07:36,0
114,117,07:37,0
114,118,07:38,0
114,119,07:39,0
114,120,07:40,0
114,121,07:41,0
114,122,07:42,0
114,123,07:43,0
114,124,07:44,0
114,125,07:45,0
114,126,07:46,0
114,127,07:47,0
114,128,07:48,0
114,129,07:49,0
114,130,07:50,0
114,131,07:51,0
114,132,07:52,0
114,133,07:53,0
114,134,07:54,0
114,135,07:55,0
114,136,07:56,0
114,137,07:57,0
114,138,07:58,0
114,139,07:59,0
114,140,08:00,0
114,141,08:01,0
114,142,08:02,0
114,143,08:03,0
114,144,08:04,0
114,145,08:05,0
114,146,08:06,0
114,147,08:07,0
114,148,08:08,1
114,149,08:09,1
114,150,08:10,1
114,151,08:11,1
114,152,08:12,1
114,153,08:13,1
114,154,08:14,1
114,155,08:15,1
114,156,08:16,1
114,157,08:17,1
114,158,08:18,1
114,159,08:19,0
114,160,08:20,0
114,161,08:21,0
114,162,08:22,0
114,163,08:23,0
114,164,08:24,0
114,165,08:25,0
114,166,08:26,0
114,167,08:27,0
114,168,08:28,0
114,169,08:29,0
114,170,08:30,0
114,171,08:31,0
114,172,08:32,0
114,173,08:33,0
114,174,08:34,0
114,175,08:35,0
114,176,08:36,0
114,177,08:37,0
114,178,08:38,0
114,179,08:39,0
114,180,08:40,0
114,181,08:41,0
114,182,08:42,0
114,183,08:43,0
114,184,08:44,0
114,185,08:45,0
114,186,08:46,0
114,187,08:47,0
114,188,08:48,1
114,189,08:49,1
114,190,08:50,1
114,191,08:51,1
114,192,08:52,1
114,193,08:53,1
114,194,08:54,1
114,195,08:55,1
114,196,08:56,1
114,197,08:57,1
114,198,08:58,1
114,199,08:59,2
114,200,09:00,2
114,201,09:01,2
114,202,09:02,2
114,203,09:03,2
114,204,09:04,2
114,205,09:05,2
114,206,09:06,2
114,207,09:07,2
114,208,09:08,2
114,209,09:09,2
114,210,09:10,1
114,211,09:11,1
114,212,09:12,1
114,213,09:13,0
114,214,09:14,0
114,215,09:15,0
114,216,09:16,0
114,217,09:17,0
114,218,09:18,0
114,219,09:19,0
114,220,09:20,0
114,221,09:21,0
114,222,09:22,0
114,223,09:23,0
114,224,09:24,0
114,225,09:25,0
114,226,09:26,0
114,227,09:27,0
114,228,09:28,0
114,229,09:29,0
114,230,09:30,0
114,231,09:31,0
114,232,09:32,0
114,233,09:33,0
114,234,09:34,0
114,235,09:35,0
114,236,09:36,0
114,237,09:37,0
114,238,09:38,0
114,239,09:39,0
114,240,09:40,0
114,241,09:41,0
114,242,09:42,0
114,243,09:43,0
114,244,09:44,0
114,245,09:45,0
114,246,09:46,0
114,247,09:47,0
114,248,09:48,0
114,249,09:49,0
114,250,09:50,0
114,251,09:51,0
114,252,09:52,0
114,253,09:53,0
114,254,09:54,0
114,255,09:55,0
114,256,09:56,0
114,257,09:57,0
114,258,09:58,0
114,259,09:59,0
114,260,10:00,0
114,261,10:01,0
114,262,10:02,0
114,263,10:03,0
114,264,10:04,0
114,265,10:05,0
114,266,10:06,0
114,267,10:07,0
114,268,10:08,0
114,269,10:09,0
114,270,10:10,0
114,271,10:11,0
114,272,10:12,0
114,273,10:13,0
114,274,10:14,0
114,275,10:15,0
114,276,10:16,0
114,277,10:17,0
114,278,10:18,0
114,279,10:19,0
114,280,10:20,0
114,281,10:21,0
114,282,10:22,0
114,283,10:23,0
114,284,10:24,0
114,285,10:25,0
114,286,10:26,0
114,287,10:27,0
114,288,10:28,0
114,289,10:29,0
114,290,10:30,0
114,291,10:31,0
114,292,10:32,0
114,293,10:33,0
114,294,10:34,0
114,295,10:35,0
114,296,10:36,0
114,297,10:37,0
114,298,10:38,0
114,299,10:39,0
114,300,10:40,0
114,301,10:41,0
114,302,10:42,0
114,303,10:43,0
114,304,10:44,0
114,305,10:45,0
114,306,10:46,0
114,307,10:47,0
114,308,10:48,0
114,309,10:49,0
114,310,10:50,0
114,311,10:51,0
114,312,10:52,0
114,313,10:53,0
114,314,10:54,0
114,315,10:55,0
114,316,10:56,0
114,317,10:57,0
114,318,10:58,0
114,319,10:59,0
114,320,11:00,0
114,321,11:01,0
114,322,11:02,0
114,323,11:03,0
114,324,11:04,0
114,325,11:05,0
114,326,11:06,0
114,327,11:07,0
114,328,11:08,0
114,329,11:09,0
114,330,11:10,0
114,331,11:11,0
114,332,11:12,0
114,333,11:13,0
114,334,11:14,0
114,335,11:15,0
114,336,11:16,0
114,337,11:17,0
114,338,11:18,0
114,339,11:19,0
114,340,11:20,0
114,341,11:21,0
114,342,11:22,0
114,343,11:23,0
114,344,11:24,0
114,345,11:25,0
114,346,11:26,0
114,347,11:27,0
114,348,11:28,0
114,349,11:29,0
114,350,11:30,0
114,351,11:31,0
114,352,11:32,0
114,353,11:33,0
114,354,11:34,0
114,355,11:35,0
114,356,11:36,0
114,357,11:37,0
114,358,11:38,0
114,359,11:39,0
114,360,11:40,0
114,361,11:41,0
114,362,11:42,0
114,363,11:43,0
114,364,11:44,0
114,365,11:45,0
114,366,11:46,0
114,367,11:47,0
114,368,11:48,0
114,369,11:49,0
114,370,11:50,0
114,371,11:51,0
114,372,11:52,0
114,373,11:53,0
114,374,11:54,0
114,375,11:55,0
114,376,11:56,0
114,377,11:57,0
114,378,11:58,0
114,379,11:59,0
114,380,12:00,0
114,381,12:01,0
114,382,12:02,0
114,383,12:03,0
114,384,12:04,0
114,385,12:05,0
114,386,12:06,0
114,387,12:07,0
114,388,12:08,0
114,389,12:09,0
114,390,12:10,0
114,391,12:11,0
114,392,12:12,0
114,393,12:13,0
114,394,12:14,0
114,395,12:15,0
114,396,12:16,0
114,397,12:17,0
114,398,12:18,0
114,399,12:19,0
114,400,12:20,0
114,401,12:21,0
114,402,12:22,0
114,403,12:23,0
114,404,12:24,0
114,405,12:25,0
114,406,12:26,0
114,407,12:27,0
114,408,12:28,0
114,409,12:29,0
114,410,12:30,0
114,411,12:31,0
114,412,12:32,0
114,413,12:33,0
114,414,12:34,0
114,415,12:35,0
114,416,12:36,0
114,417,12:37,0
114,418,12:38,0
114,419,12:39,0
114,420,12:40,0
114,421,12:41,0
114,422,12:42,0
114,423,12:43,0
114,424,12:44,0
114,425,12:45,0
114,426,12:46,0
114,427,12:47,0
114,428,12:48,0
114,429,12:49,0
114,430,12:50,0
114,431,12:51,0
114,432,12:52,0
114,433,12:53,0
114,434,12:54,0
114,435,12:55,0
114,436,12:56,0
114,437,12:57,0
114,438,12:58,0
114,439,12:59,0
114,440,13:00,0
114,441,13:01,0
114,442,13:02,0
114,443,13:03,0
114,444,13:04,0
114,445,13:05,0
114,446,13:06,0
114,447,13:07,0
114,448,13:08,0
114,449,13:09,0
114,450,13:10,0
114,451,13:11,0
114,452,13:12,0
114,453,13:13,0
114,454,13:14,0
114,455,13:15,0
114,456,13:16,0
114,457,13:17,0
114,458,13:18,0
114,459,13:19,0
114,460,13:20,0
114,461,13:21,0
114,462,13:22,0
114,463,13:23,0
114,464,13:24,0
114,465,13:25,0
114,466,13:26,0
114,467,13:27,0
114,468,13:28,0
114,469,13:29,0
114,470,13:30,0
114,471,13:31,0
114,472,13:32,0
114,473,13:33,0
114,474,13:34,0
114,475,13:35,0
114,476,13:36,0
114,477,13:37,0
114,478,13:38,0
114,479,13:39,0
114,480,13:40,0
114,481,13:41,0
114,482,13:42,0
114,483,13:43,0
114,484,13:44,0
114,485,13:45,0
114,486,13:46,0
114,487,13:47,0
114,488,13:48,0
114,489,13:49,0
114,490,13:50,0
114,491,13:51,0
114,492,13:52,0
114,493,13:53,0
114,494,13:54,0
114,495,13:55,0
114,496,13:56,0
114,497,13:57,0
114,498,13:58,0
114,499,13:59,0
114,500,14:00,0
114,501,14:01,0
114,502,14:02,0
114,503,14:03,0
114,504,14:04,0
114,505,14:05,0
114,506,14:06,0
114,507,14:07,0
114,508,14:08,0
114,509,14:09,0
114,510,14:10,0
114,511,14:11,0
114,512,14:12,0
114,513,14:13,0
114,514,14:14,0
114,515,14:15,0
114,516,14:16,0
114,517,14:17,0
114,518,14:18,0
114,519,14:19,0
114,520,14:20,0
114,521,14:21,0
114,522,14:22,0
114,523,14:23,0
114,524,14:24,0
114,525,14:25,0
114,526,14:26,1
114,527,14:27,1
114,528,14:28,1
114,529,14:29,2
114,530,14:30,2
114,531,14:31,2
114,532,14:32,2
114,533,14:33,2
114,534,14:34,2
114,535,14:35,2
114,536,14:36,2
114,537,14:37,2
114,538,14:38,2
114,539,14:39,2
114,540,14:40,2
114,541,14:41,2
114,542,14:42,2
114,543,14:43,2
114,544,14:44,2
114,545,14:45,2
114,546,14:46,2
114,547,14:47,1
114,548,14:48,1
114,549,14:49,1
114,550,14:50,0
114,551,14:51,0
114,552,14:52,0
114,553,14:53,0
114,554,14:54,0
114,555,14:55,0
114,556,14:56,0
114,557,14:57,0
114,558,14:58,0
114,559,14:59,0
114,560,15:00,0
114,561,15:01,0
114,562,15:02,0
114,563,15:03,0
114,564,15:04,0
114,565,15:05,0
114,566,15:06,0
114,567,15:07,0
114,568,15:08,0
114,569,15:09,0
114,570,15:10,0
114,571,15:11,0
114,572,15:12,0
114,573,15:13,0
114,574,15:14,0
114,575,15:15,0
114,576,15:16,0
114,577,15:17,0
114,578,15:18,0
114,579,15:19,0
114,580,15:20,0
114,581,15:21,0
114,582,15:22,0
114,583,15:23,0
114,584,15:24,0
114,585,15:25,0
114,586,15:26,0
114,587,15:27,0
114,588,15:28,0
114,589,15:29,0
114,590,15:30,0
114,591,15:31,0
114,592,15:32,0
114,593,15:33,0
114,594,15:34,0
114,595,15:35,0
114,596,15:36,0
114,597,15:37,0
114,598,15:38,0
114,599,15:39,0
114,600,15:40,0
114,601,15:41,0
114,602,15:42,0
114,603,15:43,0
114,604,15:44,0
114,605,15:45,0
114,606,15:46,0
114,607,15:47,0
114,608,15:48,0
114,609,15:49,0
114,610,15:50,0
114,611,15:51,0
114,612,15:52,0
114,613,15:53,0
114,614,15:54,0
114,615,15:55,0
114,616,15:56,0
114,617,15:57,0
114,618,15:58,0
114,619,15:59,0
114,620,16:00,0
114,621,16:01,0
114,622,16:02,0
114,623,16:03,0
114,624,16:04,0
114,625,16:05,0
114,626,16:06,0
114,627,16:07,0
114,628,16:08,0
114,629,16:09,0
114,630,16:10,0
114,631,16:11,0
114,632,16:12,0
114,633,16:13,0
114,634,16:14,0
114,635,16:15,0
114,636,16:16,0
114,637,16:17,0
114,638,16:18,0
114,639,16:19,0
114,640,16:20,0
114,641,16:21,0
114,642,16:22,0
114,643,16:23,0
114,644,16:24,0
114,645,16:25,0
114,646,16:26,0
114,647,16:27,0
114,648,16:28,0
114,649,16:29,0
114,650,16:30,0
114,651,16:31,0
114,652,16:32,0
114,653,16:33,0
114,654,16:34,0
114,655,16:35,0
114,656,16:36,0
114,657,16:37,0
114,658,16:38,0
114,659,16:39,0
114,660,16:40,0
114,661,16:41,0
114,662,16:42,0
114,663,16:43,0
114,664,16:44,0
114,665,16:45,0
114,666,16:46,0
114,667,16:47,0
114,668,16:48,0
114,669,16:49,0
114,670,16:50,0
114,671,16:51,0
114,672,16:52,1
114,673,16:53,1
114,674,16:54,1
114,675,16:55,1
114,676,16:56,1
114,677,16:57,1
114,678,16:58,1
114,679,16:59,1
114,680,17:00,1
114,681,17:01,1
114,682,17:02,1
114,683,17:03,1
114,684,17:04,1
114,685,17:05,0
114,686,17:06,0
114,687,17:07,0
114,688,17:08,0
114,689,17:09,0
114,690,17:10,0
114,691,17:11,0
114,692,17:12,0
114,693,17:13,0
114,694,17:14,0
114,695,17:15,0
114,696,17:16,0
114,697,17:17,0
114,698,17:18,0
114,699,17:19,0
114,700,17:20,0
114,701,17:21,0
114,702,17:22,0
114,703,17:23,0
114,704,17:24,0
114,705,17:25,0
114,706,17:26,0
114,707,17:27,0
114,708,17:28,0
114,709,17:29,0
114,710,17:30,0
114,711,17:31,0
114,712,17:32,0
114,713,17:33,0
114,714,17:34,0
114,715,17:35,0
114,716,17:36,0
114,717,17:37,0
114,718,17:38,0
114,719,17:39,0
114,720,17:40,0
114,721,17:41,0
114,722,17:42,0
114,723,17:43,0
114,724,17:44,0
114,725,17:45,0
114,726,17:46,0
114,727,17:47,0
114,728,17:48,0
114,729,17:49,0
114,730,17:50,0
114,731,17:51,0
114,732,17:52,0
114,733,17:53,0
114,734,17:54,0
114,735,17:55,0
114,736,17:56,0
114,737,17:57,0
114,738,17:58,0
114,739,17:59,0
114,740,18:00,0
114,741,18:01,0
114,742,18:02,0
114,743,18:03,0
114,744,18:04,0
114,745,18:05,0
114,746,18:06,0
114,747,18:07,0
114,748,18:08,0
114,749,18:09,0
114,750,18:10,0
114,751,18:11,0
114,752,18:12,0
114,753,18:13,0
114,754,18:14,0
114,755,18:15,0
114,756,18:16,0
114,757,18:17,0
114,758,18:18,0
114,759,18:19,0
114,760,18:20,0
114,761,18:21,0
114,762,18:22,0
114,763,18:23,0
114,764,18:24,0
114,765,18:25,0
114,766,18:26,0
114,767,18:27,0
114,768,18:28,0
114,769,18:29,0
114,770,18:30,0
114,771,18:31,0
114,772,18:32,0
114,773,18:33,0
114,774,18:34,0
114,775,18:35,0
114,776,18:36,0
114,777,18:37,0
114,778,18:38,0
114,779,18:39,0
114,780,18:40,0
114,781,18:41,0
114,782,18:42,0
114,783,18:43,0
114,784,18:44,0
114,785,18:45,0
114,786,18:46,0
114,787,18:47,0
114,788,18:48,0
114,789,18:49,0
114,790,18:50,0
114,791,18:51,0
114,792,18:52,0
114,793,18:53,0
114,794,18:54,0
114,795,18:55,0
114,796,18:56,0
114,797,18:57,0
114,798,18:58,0
114,799,18:59,0
114,800,19:00,0
114,801,19:01,0
114,802,19:02,0
114,803,19:03,0
114,804,19:04,0
114,805,19:05,0
114,806,19:06,0
114,807,19:07,0
114,808,19:08,0
114,809,19:09,0
114,810,19:10,0
114,811,19:11,0
114,812,19:12,0
114,813,19:13,0
114,814,19:14,0
114,815,19:15,0
114,816,19:16,0
114,817,19:17,0
114,818,19:18,0
114,819,19:19,0
114,820,19:20,0
114,821,19:21,0
114,822,19:22,0
114,823,19:23,0
114,824,19:24,0
114,825,19:25,0
114,826,19:26,0
114,827,19:27,0
114,828,19:28,0
114,829,19:29,0
114,830,19:30,0
114,831,19:31,0
114,832,19:32,0
114,833,19:33,0
114,834,19:34,0
114,835,19:35,0
115,0,05:40,0
115,1,05:41,0
115,2,05:42,0
115,3,05:43,0
115,4,05:44,0
115,5,05:45,0
115,6,05:46,0
115,7,05:47,0
115,8,05:48,0
115,9,05:49,0
115,10,05:50,0
115,11,05:51,0
115,12,05:52,0
115,13,05:53,0
115,14,05:54,0
115,15,05:55,0
115,16,05:56,0
115,17,05:57,0
115,18,05:58,0
115,19,05:59,0
115,20,06:00,0
115,21,06:01,0
115,22,06:02,0
115,23,06:03,0
115,24,06:04,0
115,25,06:05,0
115,26,06:06,0
115,27,06:07,0
115,28,06:08,0
115,29,06:09,0
115,30,06:10,0
115,31,06:11,0
115,32,06:12,0
115,33,06:13,0
115,34,06:14,0
115,35,06:15,0
115,36,06:16,0
115,37,06:17,0
115,38,06:18,0
115,39,06:19,0
115,40,06:20,0
115,41,06:21,0
115,42,06:22,0
115,43,06:23,0
115,44,06:24,0
115,45,06:25,0
115,46,06:26,0
115,47,06:27,0
115,48,06:28,0
115,49,06:29,0
115,50,06:30,0
115,51,06:31,0
115,52,06:32,0
115,53,06:33,0
115,54,06:34,0
115,55,06:35,0
115,56,06:36,0
115,57,06:37,0
115,58,06:38,0
115,59,06:39,0
115,60,06:40,0
115,61,06:41,0
115,62,06:42,0
115,63,06:43,0
115,64,06:44,0
115,65,06:45,0
115,66,06:46,0
115,67,06:47,0
115,68,06:48,0
115,69,06:49,0
115,70,06:50,0
115,71,06:51,0
115,72,06:52,0
115,73,06:53,0
115,74,06:54,0
115,75,06:55,0
115,76,06:56,0
115,77,06:57,0
115,78,06:58,0
115,79,06:59,0
115,80,07:00,0
115,81,07:01,0
115,82,07:02,0
115,83,07:03,0
115,84,07:04,0
115,85,07:05,0
115,86,07:06,0
115,87,07:07,0
115,88,07:08,0
115,89,07:09,0
115,90,07:10,0
115,91,07:11,0
115,92,07:12,0
115,93,07:13,0
115,94,07:14,0
115,95,07:15,0
115,96,07:16,0
115,97,07:17,0
115,98,07:18,0
115,99,07:19,0
115,100,07:20,0
115,101,07:21,0
115,102,07:22,0
115,103,07:23,0
115,104,07:24,0
115,105,07:25,0
115,106,07:26,0
115,107,07:27,0
115,108,07:28,0
115,109,07:29,0
115,110,07:30,0
115,111,07:31,0
115,112,07:32,0
115,113,07:33,0
115,114,07:34,0
115,115,07:35,0
115,116,07:36,0
115,117,07:37,0
115,118,07:38,0
115,119,07:39,0
115,120,07:40,0
115,121,07:41,0
115,122,07:42,0
115,123,07:43,0
115,124,07:44,0
115,125,07:45,0
115,126,07:46,0
115,127,07:47,0
115,128,07:48,0
115,129,07:49,0
115,130,07:50,0
115,131,07:51,0
115,132,07:52,0
115,133,07:53,0
115,134,07:54,0
115,135,07:55,0
115,136,07:56,0
115,137,07:57,0
115,138,07:58,0
115,139,07:59,0
115,140,08:00,0
115,141,08:01,0
115,142,08:02,0
115,143,08:03,0
115,144,08:04,0
115,145,08:05,0
115,146,08:06,0
115,147,08:07,0
115,148,08:08,0
115,149,08:09,0
115,150,08:10,0
115,151,08:11,0
115,152,08:12,0
115,153,08:13,0
115,154,08:14,0
115,155,08:15,0
115,156,08:16,0
115,157,08:17,0
115,158,08:18,0
115,159,08:19,0
115,160,08:20,0
115,161,08:21,1
115,162,08:22,1
115,163,08:23,1
115,164,08:24,1
115,165,08:25,1
115,166,08:26,2
115,167,08:27,2
115,168,08:28,2
115,169,08:29,2
115,170,08:30,2
115,171,08:31,2
115,172,08:32,2
115,173,08:33,2
115,174,08:34,2
115,175,08:35,2
115,176,08:36,1
115,177,08:37,1
115,178,08:38,1
115,179,08:39,0
115,180,08:40,0
115,181,08:41,0
115,182,08:42,0
115,183,08:43,0
115,184,08:44,0
115,185,08:45,0
115,186,08:46,0
115,187,08:47,0
115,188,08:48,0
115,189,08:49,0
115,190,08:50,0
115,191,08:51,0
115,192,08:52,0
115,193,08:53,0
115,194,08:54,0
115,195,08:55,0
115,196,08:56,0
115,197,08:57,0
115,198,08:58,0
115,199,08:59,0
115,200,09:00,0
115,201,09:01,0
115,202,09:02,0
115,203,09:03,0
115,204,09:04,0
115,205,09:05,0
115,206,09:06,0
115,207,09:07,0
115,208,09:08,0
115,209,09:09,0
115,210,09:10,0
115,211,09:11,0
115,212,09:12,0
115,213,09:13,0
115,214,09:14,0
115,215,09:15,0
115,216,09:16,0
115,217,09:17,0
115,218,09:18,0
115,219,09:19,0
115,220,09:20,0
115,221,09:21,0
115,222,09:22,0
115,223,09:23,0
115,224,09:24,0
115,225,09:25,0
115,226,09:26,0
115,227,09:27,0
115,228,09:28,0
115,229,09:29,0
115,230,09:30,0
115,231,09:31,0
115,232,09:32,0
115,233,09:33,0
115,234,09:34,0
115,235,09:35,0
115,236,09:36,0
115,237,09:37,0
115,238,09:38,0
115,239,09:39,0
115,240,09:40,0
115,241,09:41,0
115,242,09:42,0
115,243,09:43,0
115,244,09:44,0
115,245,09:45,0
115,246,09:46,0
115,247,09:47,0
115,248,09:48,0
115,249,09:49,0
115,250,09:50,0
115,251,09:51,0
115,252,09:52,0
115,253,09:53,0
115,254,09:54,0
115,255,09:55,0
115,256,09:56,0
115,257,09:57,0
115,258,09:58,0
115,259,09:59,0
115,260,10:00,0
115,261,10:01,0
115,262,10:02,0
115,263,10:03,0
115,264,10:04,0
115,265,10:05,0
115,266,10:06,0
115,267,10:07,0
115,268,10:08,0
115,269,10:09,0
115,270,10:10,0
115,271,10:11,0
115,272,10:12,0
115,273,10:13,0
115,274,10:14,0
115,275,10:15,0
115,276,10:16,0
115,277,10:17,0
115,278,10:18,0
115,279,10:19,0
115,280,10:20,0
115,281,10:21,0
115,282,10:22,0
115,283,10:23,0
115,284,10:24,0
115,285,10:25,0
115,286,10:26,0
115,287,10:27,0
115,288,10:28,0
115,289,10:29,0
115,290,10:30,0
115,291,10:31,0
115,292,10:32,0
115,293,10:33,0
115,294,10:34,0
115,295,10:35,0
115,296,10:36,0
115,297,10:37,0
115,298,10:38,0
115,299,10:39,0
115,300,10:40,0
115,301,10:41,0
115,302,10:42,0
115,303,10:43,0
115,304,10:44,0
115,305,10:45,0
115,306,10:46,0
115,307,10:47,0
115,308,10:48,0
115,309,10:49,0
115,310,10:50,0
115,311,10:51,0
115,312,10:52,0
115,313,10:53,0
115,314,10:54,0
115,315,10:55,0
115,316,10:56,0
115,317,10:57,0
115,318,10:58,0
115,319,10:59,0
115,320,11:00,0
115,321,11:01,0
115,322,11:02,0
115,323,11:03,0
115,324,11:04,0
115,325,11:05,0
115,326,11:06,0
115,327,11:07,0
115,328,11:08,0
115,329,11:09,0
115,330,11:10,0
115,331,11:11,0
115,332,11:12,0
115,333,11:13,0
115,334,11:14,0
115,335,11:15,0
115,336,11:16,0
115,337,11:17,0
115,338,11:18,0
115,339,11:19,0
115,340,11:20,0
115,341,11:21,0
115,342,11:22,0
115,343,11:23,0
115,344,11:24,0
115,345,11:25,0
115,346,11:26,0
115,347,11:27,0
115,348,11:28,0
115,349,11:29,0
115,350,11:30,0
115,351,11:31,0
115,352,11:32,0
115,353,11:33,0
115,354,11:34,0
115,355,11:35,0
115,356,11:36,0
115,357,11:37,0
115,358,11:38,0
115,359,11:39,0
115,360,11:40,0
115,361,11:41,0
115,362,11:42,0
115,363,11:43,0
115,364,11:44,0
115,365,11:45,0
115,366,11:46,0
115,367,11:47,0
115,368,11:48,0
115,369,11:49,0
115,370,11:50,0
115,371,11:51,0
115,372,11:52,0
115,373,11:53,0
115,374,11:54,0
115,375,11:55,0
115,376,11:56,0
115,377,11:57,0
115,378,11:58,0
115,379,11:59,0
115,380,12:00,0
115,381,12:01,0
115,382,12:02,0
115,383,12:03,0
115,384,12:04,0
115,385,12:05,0
115,386,12:06,0
115,387,12:07,0
115,388,12:08,0
115,389,12:09,0
115,390,12:10,0
115,391,12:11,0
115,392,12:12,0
115,393,12:13,0
115,394,12:14,0
115,395,12:15,0
115,396,12:16,0
115,397,12:17,0
115,398,12:18,0
115,399,12:19,0
115,400,12:20,0
115,401,12:21,0
115,402,12:22,0
115,403,12:23,0
115,404,12:24,0
115,405,12:25,0
115,406,12:26,0
115,407,12:27,0
115,408,12:28,0
115,409,12:29,0
115,410,12:30,0
115,411,12:31,0
115,412,12:32,0
115,413,12:33,0
115,414,12:34,0
115,415,12:35,0
115,416,12:36,0
115,417,12:37,0
115,418,12:38,0
115,419,12:39,0
115,420,12:40,0
115,421,12:41,0
115,422,12:42,0
115,423,12:43,0
115,424,12:44,0
115,425,12:45,0
115,426,12:46,0
115,427,12:47,0
115,428,12:48,0
115,429,12:49,0
115,430,12:50,0
115,431,12:51,0
115,432,12:52,0
115,433,12:53,0
115,434,12:54,0
115,435,12:55,0
115,436,12:56,0
115,437,12:57,0
115,438,12:58,0
115,439,12:59,0
115,440,13:00,0
115,441,13:01,0
115,442,13:02,0
115,443,13:03,0
115,444,13:04,0
115,445,13:05,0
115,446,13:06,0
115,447,13:07,0
115,448,13:08,0
115,449,13:09,0
115,450,13:10,0
115,451,13:11,0
115,452,13:12,0
115,453,13:13,0
115,454,13:14,0
115,455,13:15,0
115,456,13:16,0
115,457,13:17,0
115,458,13:18,0
115,459,13:19,0
115,460,13:20,0
115,461,13:21,0
115,462,13:22,0
115,463,13:23,0
115,464,13:24,0
115,465,13:25,0
115,466,13:26,0
115,467,13:27,0
115,468,13:28,0
115,469,13:29,0
115,470,13:30,0
115,471,13:31,0
115,472,13:32,0
115,473,13:33,0
115,474,13:34,0
115,475,13:35,0
115,476,13:36,0
115,477,13:37,0
115,478,13:38,0
115,479,13:39,0
115,480,13:40,0
115,481,13:41,0
115,482,13:42,0
115,483,13:43,0
115,484,13:44,0
115,485,13:45,0
115,486,13:46,0
115,487,13:47,0
115,488,13:48,0
115,489,13:49,0
115,490,13:50,0
115,491,13:51,0
115,492,13:52,0
115,493,13:53,0
115,494,13:54,0
115,495,13:55,0
115,496,13:56,0
115,497,13:57,0
115,498,13:58,0
115,499,13:59,0
115,500,14:00,0
115,501,14:01,0
115,502,14:02,0
115,503,14:03,0
115,504,14:04,0
115,505,14:05,0
115,506,14:06,0
115,507,14:07,0
115,508,14:08,0
115,509,14:09,0
115,510,14:10,0
115,511,14:11,0
115,512,14:12,0
115,513,14:13,0
115,514,14:14,0
115,515,14:15,0
115,516,14:16,0
115,517,14:17,0
115,518,14:18,0
115,519,14:19,0
115,520,14:20,0
115,521,14:21,0
115,522,14:22,0
115,523,14:23,0
115,524,14:24,0
115,525,14:25,0
115,526,14:26,0
115,527,14:27,0
115,528,14:28,0
115,529,14:29,0
115,530,14:30,0
115,531,14:31,0
115,532,14:32,0
115,533,14:33,0
115,534,14:34,0
115,535,14:35,1
115,536,14:36,1
115,537,14:37,1
115,538,14:38,2
115,539,14:39,2
115,540,14:40,2
115,541,14:41,2
115,542,14:42,2
115,543,14:43,2
115,544,14:44,2
115,545,14:45,2
115,546,14:46,2
115,547,14:47,2
115,548,14:48,2
115,549,14:49,2
115,550,14:50,2
115,551,14:51,2
115,552,14:52,2
115,553,14:53,2
115,554,14:54,2
115,555,14:55,2
115,556,14:56,2
115,557,14:57,2
115,558,14:58,2
115,559,14:59,2
115,560,15:00,1
115,561,15:01,1
115,562,15:02,1
115,563,15:03,0
115,564,15:04,0
115,565,15:05,0
115,566,15:06,0
115,567,15:07,0
115,568,15:08,0
115,569,15:09,0
115,570,15:10,0
115,571,15:11,0
115,572,15:12,0
115,573,15:13,0
115,574,15:14,0
115,575,15:15,0
115,576,15:16,0
115,577,15:17,0
115,578,15:18,0
115,579,15:19,0
115,580,15:20,0
115,581,15:21,0
115,582,15:22,0
115,583,15:23,0
115,584,15:24,0
115,585,15:25,0
115,586,15:26,0
115,587,15:27,0
115,588,15:28,0
115,589,15:29,0
115,590,15:30,1
115,591,15:31,1
115,592,15:32,1
115,593,15:33,1
115,594,15:34,1
115,595,15:35,1
115,596,15:36,2
115,597,15:37,2
115,598,15:38,2
115,599,15:39,2
115,600,15:40,2
115,601,15:41,2
115,602,15:42,2
115,603,15:43,2
115,604,15:44,2
115,605,15:45,2
115,606,15:46,2
115,607,15:47,2
115,608,15:48,2
115,609,15:49,2
115,610,15:50,2
115,611,15:51,1
115,612,15:52,1
115,613,15:53,1
115,614,15:54,1
115,615,15:55,1
115,616,15:56,1
115,617,15:57,1
115,618,15:58,1
115,619,15:59,1
115,620,16:00,1
115,621,16:01,0
115,622,16:02,0
115,623,16:03,0
115,624,16:04,0
115,625,16:05,1
115,626,16:06,1
115,627,16:07,1
115,628,16:08,1
115,629,16:09,1
115,630,16:10,1
115,631,16:11,1
115,632,16:12,1
115,633,16:13,1
115,634,16:14,2
115,635,16:15,2
115,636,16:16,2
115,637,16:17,2
115,638,16:18,2
115,639,16:19,2
115,640,16:20,2
115,641,16:21,2
115,642,16:22,2
115,643,16:23,2
115,644,16:24,1
115,645,16:25,1
115,646,16:26,1
115,647,16:27,1
115,648,16:28,1
115,649,16:29,1
115,650,16:30,0
115,651,16:31,0
115,652,16:32,0
115,653,16:33,0
115,654,16:34,0
115,655,16:35,0
115,656,16:36,0
115,657,16:37,0
115,658,16:38,0
115,659,16:39,0
115,660,16:40,1
115,661,16:41,1
115,662,16:42,1
115,663,16:43,1
115,664,16:44,1
115,665,16:45,1
115,666,16:46,1
115,667,16:47,1
115,668,16:48,1
115,669,16:49,1
115,670,16:50,1
115,671,16:51,1
115,672,16:52,1
115,673,16:53,1
115,674,16:54,2
115,675,16:55,2
115,676,16:56,2
115,677,16:57,2
115,678,16:58,2
115,679,16:59,2
115,680,17:00,2
115,681,17:01,2
115,682,17:02,2
115,683,17:03,2
115,684,17:04,2
115,685,17:05,2
115,686,17:06,2
115,687,17:07,1
115,688,17:08,1
115,689,17:09,1
115,690,17:10,0
115,691,17:11,0
115,692,17:12,0
115,693,17:13,1
115,694,17:14,1
115,695,17:15,1
115,696,17:16,1
115,697,17:17,1
115,698,17:18,1
115,699,17:19,1
115,700,17:20,1
115,701,17:21,1
115,702,17:22,1
115,703,17:23,1
115,704,17:24,1
115,705,17:25,1
115,706,17:26,1
115,707,17:27,1
115,708,17:28,1
115,709,17:29,1
115,710,17:30,1
115,711,17:31,1
115,712,17:32,1
115,713,17:33,1
115,714,17:34,1
115,715,17:35,1
115,716,17:36,1
115,717,17:37,1
115,718,17:38,0
115,719,17:39,0
115,720,17:40,0
115,721,17:41,1
115,722,17:42,1
115,723,17:43,1
115,724,17:44,1
115,725,17:45,1
115,726,17:46,1
115,727,17:47,1
115,728,17:48,1
115,729,17:49,1
115,730,17:50,1
115,731,17:51,1
115,732,17:52,0
115,733,17:53,0
115,734,17:54,0
115,735,17:55,0
115,736,17:56,0
115,737,17:57,0
115,738,17:58,0
115,739,17:59,0
115,740,18:00,0
115,741,18:01,0
115,742,18:02,0
115,743,18:03,0
115,744,18:04,0
115,745,18:05,0
115,746,18:06,0
115,747,18:07,0
115,748,18:08,0
115,749,18:09,0
115,750,18:10,0
115,751,18:11,0
115,752,18:12,0
115,753,18:13,0
115,754,18:14,0
115,755,18:15,0
115,756,18:16,0
115,757,18:17,0
115,758,18:18,0
115,759,18:19,0
115,760,18:20,0
115,761,18:21,0
115,762,18:22,0
115,763,18:23,0
115,764,18:24,0
115,765,18:25,0
115,766,18:26,0
115,767,18:27,0
115,768,18:28,0
115,769,18:29,0
115,770,18:30,0
115,771,18:31,0
115,772,18:32,0
115,773,18:33,0
115,774,18:34,0
115,775,18:35,0
115,776,18:36,0
115,777,18:37,0
115,778,18:38,0
115,779,18:39,0
115,780,18:40,0
115,781,18:41,0
115,782,18:42,0
115,783,18:43,0
115,784,18:44,0
115,785,18:45,0
115,786,18:46,0
115,787,18:47,0
115,788,18:48,0
115,789,18:49,0
115,790,18:50,0
115,791,18:51,0
115,792,18:52,0
115,793,18:53,0
115,794,18:54,0
115,795,18:55,0
115,796,18:56,0
115,797,18:57,0
115,798,18:58,0
115,799,18:59,0
115,800,19:00,0
115,801,19:01,0
115,802,19:02,0
115,803,19:03,0
115,804,19:04,0
115,805,19:05,0
115,806,19:06,1
115,807,19:07,1
115,808,19:08,1
115,809,19:09,1
115,810,19:10,1
115,811,19:11,1
115,812,19:12,1
115,813,19:13,1
115,814,19:14,1
115,815,19:15,1
115,816,19:16,0
115,817,19:17,0
115,818,19:18,0
115,819,19:19,0
115,820,19:20,0
115,821,19:21,0
115,822,19:22,0
115,823,19:23,0
115,824,19:24,0
115,825,19:25,0
115,826,19:26,0
115,827,19:27,0
115,828,19:28,0
115,829,19:29,0
115,830,19:30,0
115,831,19:31,0
115,832,19:32,0
115,833,19:33,0
115,834,19:34,0
115,835,19:35,0
116,0,05:40,0
116,1,05:41,0
116,2,05:42,0
116,3,05:43,0
116,4,05:44,0
116,5,05:45,0
116,6,05:46,0
116,7,05:47,0
116,8,05:48,0
116,9,05:49,0
116,10,05:50,0
116,11,05:51,0
116,12,05:52,0
116,13,05:53,0
116,14,05:54,0
116,15,05:55,0
116,16,05:56,0
116,17,05:57,0
116,18,05:58,0
116,19,05:59,0
116,20,06:00,0
116,21,06:01,0
116,22,06:02,0
116,23,06:03,0
116,24,06:04,0
116,25,06:05,0
116,26,06:06,0
116,27,06:07,0
116,28,06:08,0
116,29,06:09,0
116,30,06:10,0
116,31,06:11,0
116,32,06:12,0
116,33,06:13,0
116,34,06:14,0
116,35,06:15,0
116,36,06:16,0
116,37,06:17,0
116,38,06:18,0
116,39,06:19,0
116,40,06:20,0
116,41,06:21,0
116,42,06:22,0
116,43,06:23,0
116,44,06:24,0
116,45,06:25,0
116,46,06:26,0
116,47,06:27,0
116,48,06:28,0
116,49,06:29,0
116,50,06:30,0
116,51,06:31,0
116,52,06:32,0
116,53,06:33,0
116,54,06:34,0
116,55,06:35,0
116,56,06:36,0
116,57,06:37,0
116,58,06:38,0
116,59,06:39,0
116,60,06:40,0
116,61,06:41,0
116,62,06:42,0
116,63,06:43,0
116,64,06:44,0
116,65,06:45,0
116,66,06:46,0
116,67,06:47,0
116,68,06:48,0
116,69,06:49,0
116,70,06:50,0
116,71,06:51,0
116,72,06:52,0
116,73,06:53,0
116,74,06:54,0
116,75,06:55,0
116,76,06:56,0
116,77,06:57,0
116,78,06:58,0
116,79,06:59,0
116,80,07:00,0
116,81,07:01,0
116,82,07:02,0
116,83,07:03,0
116,84,07:04,0
116,85,07:05,0
116,86,07:06,0
116,87,07:07,0
116,88,07:08,0
116,89,07:09,0
116,90,07:10,0
116,91,07:11,0
116,92,07:12,0
116,93,07:13,0
116,94,07:14,0
116,95,07:15,0
116,96,07:16,0
116,97,07:17,0
116,98,07:18,0
116,99,07:19,0
116,100,07:20,0
116,101,07:21,0
116,102,07:22,0
116,103,07:23,0
116,104,07:24,0
116,105,07:25,0
116,106,07:26,0
116,107,07:27,0
116,108,07:28,0
116,109,07:29,0
116,110,07:30,0
116,111,07:31,0
116,112,07:32,0
116,113,07:33,0
116,114,07:34,0
116,115,07:35,0
116,116,07:36,0
116,117,07:37,0
116,118,07:38,0
116,119,07:39,0
116,120,07:40,0
116,121,07:41,0
116,122,07:42,0
116,123,07:43,0
116,124,07:44,0
116,125,07:45,0
116,126,07:46,0
116,127,07:47,0
116,128,07:48,0
116,129,07:49,0
116,130,07:50,0
116,131,07:51,0
116,132,07:52,0
116,133,07:53,0
116,134,07:54,0
116,135,07:55,0
116,136,07:56,0
116,137,07:57,0
116,138,07:58,0
116,139,07:59,0
116,140,08:00,0
116,141,08:01,0
116,142,08:02,0
116,143,08:03,0
116,144,08:04,0
116,145,08:05,0
116,146,08:06,0
116,147,08:07,0
116,148,08:08,0
116,149,08:09,0
116,150,08:10,0
116,151,08:11,0
116,152,08:12,0
116,153,08:13,0
116,154,08:14,0
116,155,08:15,0
116,156,08:16,0
116,157,08:17,0
116,158,08:18,0
116,159,08:19,0
116,160,08:20,0
116,161,08:21,0
116,162,08:22,0
116,163,08:23,0
116,164,08:24,0
116,165,08:25,0
116,166,08:26,0
116,167,08:27,0
116,168,08:28,0
116,169,08:29,0
116,170,08:30,0
116,171,08:31,0
116,172,08:32,1
116,173,08:33,1
116,174,08:34,1
116,175,08:35,1
116,176,08:36,1
116,177,08:37,1
116,178,08:38,2
116,179,08:39,2
116,180,08:40,2
116,181,08:41,2
116,182,08:42,2
116,183,08:43,2
116,184,08:44,2
116,185,08:45,2
116,186,08:46,2
116,187,08:47,2
116,188,08:48,2
116,189,08:49,2
116,190,08:50,2
116,191,08:51,2
116,192,08:52,2
116,193,08:53,2
116,194,08:54,2
116,195,08:55,2
116,196,08:56,2
116,197,08:57,2
116,198,08:58,2
116,199,08:59,2
116,200,09:00,2
116,201,09:01,1
116,202,09:02,1
116,203,09:03,1
116,204,09:04,0
116,205,09:05,0
116,206,09:06,0
116,207,09:07,4
116,208,09:08,4
116,209,09:09,4
116,210,09:10,4
116,211,09:11,4
116,212,09:12,4
116,213,09:13,4
116,214,09:14,4
116,215,09:15,4
116,216,09:16,4
116,217,09:17,0
116,218,09:18,0
116,219,09:19,0
116,220,09:20,0
116,221,09:21,0
116,222,09:22,0
116,223,09:23,0
116,224,09:24,0
116,225,09:25,0
116,226,09:26,0
116,227,09:27,0
116,228,09:28,0
116,229,09:29,0
116,230,09:30,0
116,231,09:31,0
116,232,09:32,0
116,233,09:33,0
116,234,09:34,0
116,235,09:35,0
116,236,09:36,0
116,237,09:37,0
116,238,09:38,0
116,239,09:39,0
116,240,09:40,0
116,241,09:41,0
116,242,09:42,0
116,243,09:43,0
116,244,09:44,0
116,245,09:45,0
116,246,09:46,0
116,247,09:47,0
116,248,09:48,0
116,249,09:49,0
116,250,09:50,0
116,251,09:51,0
116,252,09:52,0
116,253,09:53,0
116,254,09:54,0
116,255,09:55,0
116,256,09:56,0
116,257,09:57,0
116,258,09:58,0
116,259,09:59,0
116,260,10:00,0
116,261,10:01,0
116,262,10:02,0
116,263,10:03,0
116,264,10:04,0
116,265,10:05,0
116,266,10:06,0
116,267,10:07,0
116,268,10:08,0
116,269,10:09,0
116,270,10:10,0
116,271,10:11,0
116,272,10:12,0
116,273,10:13,0
116,274,10:14,0
116,275,10:15,0
116,276,10:16,0
116,277,10:17,0
116,278,10:18,0
116,279,10:19,0
116,280,10:20,0
116,281,10:21,0
116,282,10:22,0
116,283,10:23,0
116,284,10:24,0
116,285,10:25,0
116,286,10:26,0
116,287,10:27,0
116,288,10:28,0
116,289,10:29,0
116,290,10:30,0
116,291,10:31,0
116,292,10:32,0
116,293,10:33,0
116,294,10:34,0
116,295,10:35,0
116,296,10:36,0
116,297,10:37,0
116,298,10:38,0
116,299,10:39,0
116,300,10:40,0
116,301,10:41,0
116,302,10:42,0
116,303,10:43,0
116,304,10:44,0
116,305,10:45,0
116,306,10:46,0
116,307,10:47,0
116,308,10:48,0
116,309,10:49,0
116,310,10:50,0
116,311,10:51,0
116,312,10:52,0
116,313,10:53,0
116,314,10:54,0
116,315,10:55,0
116,316,10:56,0
116,317,10:57,0
116,318,10:58,0
116,319,10:59,0
116,320,11:00,0
116,321,11:01,0
116,322,11:02,0
116,323,11:03,0
116,324,11:04,0
116,325,11:05,0
116,326,11:06,0
116,327,11:07,0
116,328,11:08,0
116,329,11:09,0
116,330,11:10,0
116,331,11:11,0
116,332,11:12,0
116,333,11:13,0
116,334,11:14,0
116,335,11:15,0
116,336,11:16,0
116,337,11:17,0
116,338,11:18,0
116,339,11:19,0
116,340,11:20,0
116,341,11:21,0
116,342,11:22,0
116,343,11:23,0
116,344,11:24,0
116,345,11:25,0
116,346,11:26,0
116,347,11:27,0
116,348,11:28,0
116,349,11:29,0
116,350,11:30,0
116,351,11:31,0
116,352,11:32,0
116,353,11:33,0
116,354,11:34,0
116,355,11:35,0
116,356,11:36,0
116,357,11:37,0
116,358,11:38,0
116,359,11:39,0
116,360,11:40,0
116,361,11:41,0
116,362,11:42,0
116,363,11:43,0
116,364,11:44,0
116,365,11:45,0
116,366,11:46,0
116,367,11:47,0
116,368,11:48,0
116,369,11:49,0
116,370,11:50,0
116,371,11:51,0
116,372,11:52,0
116,373,11:53,0
116,374,11:54,0
116,375,11:55,0
116,376,11:56,0
116,377,11:57,0
116,378,11:58,0
116,379,11:59,0
116,380,12:00,0
116,381,12:01,0
116,382,12:02,0
116,383,12:03,0
116,384,12:04,0
116,385,12:05,0
116,386,12:06,0
116,387,12:07,0
116,388,12:08,0
116,389,12:09,0
116,390,12:10,0
116,391,12:11,0
116,392,12:12,0
116,393,12:13,0
116,394,12:14,0
116,395,12:15,0
116,396,12:16,0
116,397,12:17,0
116,398,12:18,0
116,399,12:19,0
116,400,12:20,0
116,401,12:21,0
116,402,12:22,0
116,403,12:23,0
116,404,12:24,0
116,405,12:25,0
116,406,12:26,0
116,407,12:27,0
116,408,12:28,0
116,409,12:29,0
116,410,12:30,0
116,411,12:31,0
116,412,12:32,0
116,413,12:33,0
116,414,12:34,0
116,415,12:35,0
116,416,12:36,0
116,417,12:37,0
116,418,12:38,0
116,419,12:39,0
116,420,12:40,0
116,421,12:41,0
116,422,12:42,0
116,423,12:43,0
116,424,12:44,0
116,425,12:45,0
116,426,12:46,0
116,427,12:47,0
116,428,12:48,0
116,429,12:49,0
116,430,12:50,0
116,431,12:51,0
116,432,12:52,0
116,433,12:53,0
116,434,12:54,0
116,435,12:55,0
116,436,12:56,0
116,437,12:57,0
116,438,12:58,0
116,439,12:59,0
116,440,13:00,0
116,441,13:01,0
116,442,13:02,0
116,443,13:03,0
116,444,13:04,0
116,445,13:05,0
116,446,13:06,0
116,447,13:07,0
116,448,13:08,0
116,449,13:09,0
116,450,13:10,0
116,451,13:11,0
116,452,13:12,0
116,453,13:13,0
116,454,13:14,0
116,455,13:15,0
116,456,13:16,0
116,457,13:17,0
116,458,13:18,0
116,459,13:19,0
116,460,13:20,0
116,461,13:21,0
116,462,13:22,0
116,463,13:23,0
116,464,13:24,0
116,465,13:25,0
116,466,13:26,0
116,467,13:27,0
116,468,13:28,0
116,469,13:29,0
116,470,13:30,0
116,471,13:31,0
116,472,13:32,0
116,473,13:33,0
116,474,13:34,0
116,475,13:35,0
116,476,13:36,0
116,477,13:37,0
116,478,13:38,0
116,479,13:39,0
116,480,13:40,0
116,481,13:41,0
116,482,13:42,0
116,483,13:43,0
116,484,13:44,0
116,485,13:45,0
116,486,13:46,0
116,487,13:47,0
116,488,13:48,0
116,489,13:49,0
116,490,13:50,0
116,491,13:51,0
116,492,13:52,0
116,493,13:53,0
116,494,13:54,0
116,495,13:55,0
116,496,13:56,0
116,497,13:57,0
116,498,13:58,0
116,499,13:59,0
116,500,14:00,0
116,501,14:01,0
116,502,14:02,0
116,503,14:03,0
116,504,14:04,0
116,505,14:05,0
116,506,14:06,0
116,507,14:07,0
116,508,14:08,0
116,509,14:09,0
116,510,14:10,0
116,511,14:11,0
116,512,14:12,0
116,513,14:13,0
116,514,14:14,0
116,515,14:15,0
116,516,14:16,0
116,517,14:17,0
116,518,14:18,0
116,519,14:19,0
116,520,14:20,0
116,521,14:21,0
116,522,14:22,0
116,523,14:23,0
116,524,14:24,1
116,525,14:25,1
116,526,14:26,1
116,527,14:27,2
116,528,14:28,2
116,529,14:29,2
116,530,14:30,2
116,531,14:31,2
116,532,14:32,2
116,533,14:33,2
116,534,14:34,2
116,535,14:35,2
116,536,14:36,2
116,537,14:37,2
116,538,14:38,2
116,539,14:39,2
116,540,14:40,2
116,541,14:41,2
116,542,14:42,2
116,543,14:43,2
116,544,14:44,2
116,545,14:45,2
116,546,14:46,1
116,547,14:47,1
116,548,14:48,1
116,549,14:49,0
116,550,14:50,0
116,551,14:51,0
116,552,14:52,0
116,553,14:53,0
116,554,14:54,0
116,555,14:55,0
116,556,14:56,0
116,557,14:57,0
116,558,14:58,0
116,559,14:59,0
116,560,15:00,0
116,561,15:01,0
116,562,15:02,0
116,563,15:03,0
116,564,15:04,0
116,565,15:05,0
116,566,15:06,0
116,567,15:07,0
116,568,15:08,0
116,569,15:09,0
116,570,15:10,0
116,571,15:11,0
116,572,15:12,0
116,573,15:13,0
116,574,15:14,0
116,575,15:15,0
116,576,15:16,0
116,577,15:17,0
116,578,15:18,0
116,579,15:19,0
116,580,15:20,0
116,581,15:21,0
116,582,15:22,0
116,583,15:23,0
116,584,15:24,0
116,585,15:25,0
116,586,15:26,0
116,587,15:27,0
116,588,15:28,0
116,589,15:29,0
116,590,15:30,0
116,591,15:31,0
116,592,15:32,0
116,593,15:33,0
116,594,15:34,0
116,595,15:35,0
116,596,15:36,0
116,597,15:37,0
116,598,15:38,0
116,599,15:39,0
116,600,15:40,0
116,601,15:41,0
116,602,15:42,0
116,603,15:43,0
116,604,15:44,0
116,605,15:45,0
116,606,15:46,0
116,607,15:47,0
116,608,15:48,0
116,609,15:49,0
116,610,15:50,0
116,611,15:51,0
116,612,15:52,0
116,613,15:53,0
116,614,15:54,0
116,615,15:55,0
116,616,15:56,0
116,617,15:57,0
116,618,15:58,0
116,619,15:59,0
116,620,16:00,0
116,621,16:01,0
116,622,16:02,0
116,623,16:03,0
116,624,16:04,0
116,625,16:05,0
116,626,16:06,0
116,627,16:07,0
116,628,16:08,0
116,629,16:09,0
116,630,16:10,0
116,631,16:11,0
116,632,16:12,0
116,633,16:13,0
116,634,16:14,0
116,635,16:15,0
116,636,16:16,0
116,637,16:17,0
116,638,16:18,0
116,639,16:19,0
116,640,16:20,0
116,641,16:21,0
116,642,16:22,0
116,643,16:23,0
116,644,16:24,0
116,645,16:25,0
116,646,16:26,0
116,647,16:27,0
116,648,16:28,0
116,649,16:29,0
116,650,16:30,0
116,651,16:31,0
116,652,16:32,0
116,653,16:33,0
116,654,16:34,0
116,655,16:35,0
116,656,16:36,0
116,657,16:37,0
116,658,16:38,0
116,659,16:39,0
116,660,16:40,0
116,661,16:41,0
116,662,16:42,0
116,663,16:43,0
116,664,16:44,0
116,665,16:45,0
116,666,16:46,0
116,667,16:47,0
116,668,16:48,0
116,669,16:49,0
116,670,16:50,0
116,671,16:51,0
116,672,16:52,1
116,673,16:53,1
116,674,16:54,1
116,675,16:55,1
116,676,16:56,1
116,677,16:57,1
116,678,16:58,1
116,679,16:59,1
116,680,17:00,1
116,681,17:01,1
116,682,17:02,1
116,683,17:03,1
116,684,17:04,1
116,685,17:05,1
116,686,17:06,1
116,687,17:07,0
116,688,17:08,0
116,689,17:09,0
116,690,17:10,0
116,691,17:11,0
116,692,17:12,0
116,693,17:13,0
116,694,17:14,0
116,695,17:15,0
116,696,17:16,0
116,697,17:17,1
116,698,17:18,1
116,699,17:19,1
116,700,17:20,1
116,701,17:21,1
116,702,17:22,1
116,703,17:23,1
116,704,17:24,1
116,705,17:25,1
116,706,17:26,1
116,707,17:27,1
116,708,17:28,1
116,709,17:29,1
116,710,17:30,1
116,711,17:31,1
116,712,17:32,0
116,713,17:33,0
116,714,17:34,0
116,715,17:35,0
116,716,17:36,0
116,717,17:37,0
116,718,17:38,0
116,719,17:39,0
116,720,17:40,1
116,721,17:41,1
116,722,17:42,1
116,723,17:43,3
116,724,17:44,3
116,725,17:45,3
116,726,17:46,3
116,727,17:47,3
116,728,17:48,3
116,729,17:49,3
116,730,17:50,3
116,731,17:51,3
116,732,17:52,3
116,733,17:53,3
116,734,17:54,3
116,735,17:55,3
116,736,17:56,3
116,737,17:57,3
116,738,17:58,3
116,739,17:59,3
116,740,18:00,3
116,741,18:01,2
116,742,18:02,2
116,743,18:03,2
116,744,18:04,0
116,745,18:05,0
116,746,18:06,0
116,747,18:07,0
116,748,18:08,0
116,749,18:09,0
116,750,18:10,0
116,751,18:11,0
116,752,18:12,0
116,753,18:13,0
116,754,18:14,0
116,755,18:15,0
116,756,18:16,0
116,757,18:17,0
116,758,18:18,0
116,759,18:19,0
116,760,18:20,0
116,761,18:21,0
116,762,18:22,0
116,763,18:23,0
116,764,18:24,0
116,765,18:25,0
116,766,18:26,0
116,767,18:27,0
116,768,18:28,0
116,769,18:29,0
116,770,18:30,0
116,771,18:31,0
116,772,18:32,0
116,773,18:33,0
116,774,18:34,0
116,775,18:35,0
116,776,18:36,0
116,777,18:37,0
116,778,18:38,0
116,779,18:39,0
116,780,18:40,0
116,781,18:41,0
116,782,18:42,0
116,783,18:43,0
116,784,18:44,0
116,785,18:45,0
116,786,18:46,0
116,787,18:47,0
116,788,18:48,0
116,789,18:49,0
116,790,18:50,0
116,791,18:51,0
116,792,18:52,0
116,793,18:53,0
116,794,18:54,0
116,795,18:55,0
116,796,18:56,0
116,797,18:57,0
116,798,18:58,0
116,799,18:59,0
116,800,19:00,0
116,801,19:01,0
116,802,19:02,0
116,803,19:03,0
116,804,19:04,0
116,805,19:05,0
116,806,19:06,0
116,807,19:07,0
116,808,19:08,0
116,809,19:09,0
116,810,19:10,0
116,811,19:11,0
116,812,19:12,0
116,813,19:13,0
116,814,19:14,0
116,815,19:15,0
116,816,19:16,0
116,817,19:17,0
116,818,19:18,0
116,819,19:19,0
116,820,19:20,0
116,821,19:21,0
116,822,19:22,0
116,823,19:23,0
116,824,19:24,0
116,825,19:25,0
116,826,19:26,0
116,827,19:27,0
116,828,19:28,0
116,829,19:29,0
116,830,19:30,0
116,831,19:31,0
116,832,19:32,0
116,833,19:33,0
116,834,19:34,0
116,835,19:35,0
117,0,05:40,0
117,1,05:41,0
117,2,05:42,0
117,3,05:43,0
117,4,05:44,0
117,5,05:45,0
117,6,05:46,0
117,7,05:47,0
117,8,05:48,0
117,9,05:49,0
117,10,05:50,0
117,11,05:51,0
117,12,05:52,0
117,13,05:53,0
117,14,05:54,0
117,15,05:55,0
117,16,05:56,0
117,17,05:57,0
117,18,05:58,0
117,19,05:59,0
117,20,06:00,0
117,21,06:01,0
117,22,06:02,0
117,23,06:03,0
117,24,06:04,0
117,25,06:05,0
117,26,06:06,0
117,27,06:07,0
117,28,06:08,0
117,29,06:09,0
117,30,06:10,0
117,31,06:11,0
117,32,06:12,0
117,33,06:13,0
117,34,06:14,0
117,35,06:15,0
117,36,06:16,0
117,37,06:17,0
117,38,06:18,0
117,39,06:19,0
117,40,06:20,0
117,41,06:21,0
117,42,06:22,0
117,43,06:23,0
117,44,06:24,0
117,45,06:25,0
117,46,06:26,0
117,47,06:27,0
117,48,06:28,0
117,49,06:29,0
117,50,06:30,0
117,51,06:31,0
117,52,06:32,0
117,53,06:33,0
117,54,06:34,0
117,55,06:35,0
117,56,06:36,0
117,57,06:37,0
117,58,06:38,0
117,59,06:39,0
117,60,06:40,0
117,61,06:41,0
117,62,06:42,0
117,63,06:43,0
117,64,06:44,0
117,65,06:45,0
117,66,06:46,0
117,67,06:47,0
117,68,06:48,0
117,69,06:49,0
117,70,06:50,0
117,71,06:51,0
117,72,06:52,0
117,73,06:53,0
117,74,06:54,0
117,75,06:55,0
117,76,06:56,0
117,77,06:57,0
117,78,06:58,0
117,79,06:59,0
117,80,07:00,0
117,81,07:01,0
117,82,07:02,0
117,83,07:03,0
117,84,07:04,0
117,85,07:05,0
117,86,07:06,0
117,87,07:07,0
117,88,07:08,0
117,89,07:09,0
117,90,07:10,0
117,91,07:11,0
117,92,07:12,0
117,93,07:13,0
117,94,07:14,0
117,95,07:15,0
117,96,07:16,0
117,97,07:17,0
117,98,07:18,0
117,99,07:19,0
117,100,07:20,0
117,101,07:21,0
117,102,07:22,0
117,103,07:23,0
117,104,07:24,0
117,105,07:25,0
117,106,07:26,0
117,107,07:27,0
117,108,07:28,0
117,109,07:29,0
117,110,07:30,0
117,111,07:31,0
117,112,07:32,0
117,113,07:33,0
117,114,07:34,0
117,115,07:35,0
117,116,07:36,0
117,117,07:37,0
117,118,07:38,0
117,119,07:39,0
117,120,07:40,0
117,121,07:41,0
117,122,07:42,0
117,123,07:43,0
117,124,07:44,0
117,125,07:45,0
117,126,07:46,0
117,127,07:47,0
117,128,07:48,0
117,129,07:49,0
117,130,07:50,0
117,131,07:51,0
117,132,07:52,0
117,133,07:53,0
117,134,07:54,0
117,135,07:55,0
117,136,07:56,0
117,137,07:57,0
117,138,07:58,0
117,139,07:59,0
117,140,08:00,0
117,141,08:01,0
117,142,08:02,0
117,143,08:03,0
117,144,08:04,0
117,145,08:05,0
117,146,08:06,0
117,147,08:07,0
117,148,08:08,0
117,149,08:09,0
117,150,08:10,0
117,151,08:11,0
117,152,08:12,1
117,153,08:13,1
117,154,08:14,1
117,155,08:15,2
117,156,08:16,2
117,157,08:17,2
117,158,08:18,3
117,159,08:19,3
117,160,08:20,3
117,161,08:21,3
117,162,08:22,3
117,163,08:23,3
117,164,08:24,3
117,165,08:25,3
117,166,08:26,3
117,167,08:27,3
117,168,08:28,3
117,169,08:29,3
117,170,08:30,3
117,171,08:31,3
117,172,08:32,3
117,173,08:33,2
117,174,08:34,2
117,175,08:35,2
117,176,08:36,1
117,177,08:37,1
117,178,08:38,1
117,179,08:39,0
117,180,08:40,0
117,181,08:41,0
117,182,08:42,0
117,183,08:43,0
117,184,08:44,0
117,185,08:45,0
117,186,08:46,0
117,187,08:47,0
117,188,08:48,0
117,189,08:49,0
117,190,08:50,0
117,191,08:51,0
117,192,08:52,0
117,193,08:53,0
117,194,08:54,0
117,195,08:55,0
117,196,08:56,0
117,197,08:57,0
117,198,08:58,0
117,199,08:59,0
117,200,09:00,0
117,201,09:01,0
117,202,09:02,0
117,203,09:03,0
117,204,09:04,0
117,205,09:05,0
117,206,09:06,0
117,207,09:07,0
117,208,09:08,0
117,209,09:09,0
117,210,09:10,0
117,211,09:11,0
117,212,09:12,0
117,213,09:13,0
117,214,09:14,0
117,215,09:15,0
117,216,09:16,0
117,217,09:17,0
117,218,09:18,0
117,219,09:19,0
117,220,09:20,0
117,221,09:21,0
117,222,09:22,0
117,223,09:23,0
117,224,09:24,0
117,225,09:25,0
117,226,09:26,0
117,227,09:27,0
117,228,09:28,0
117,229,09:29,0
117,230,09:30,0
117,231,09:31,0
117,232,09:32,0
117,233,09:33,0
117,234,09:34,0
117,235,09:35,0
117,236,09:36,0
117,237,09:37,0
117,238,09:38,0
117,239,09:39,0
117,240,09:40,0
117,241,09:41,0
117,242,09:42,0
117,243,09:43,0
117,244,09:44,0
117,245,09:45,0
117,246,09:46,0
117,247,09:47,0
117,248,09:48,0
117,249,09:49,0
117,250,09:50,0
117,251,09:51,0
117,252,09:52,0
117,253,09:53,0
117,254,09:54,0
117,255,09:55,0
117,256,09:56,0
117,257,09:57,0
117,258,09:58,0
117,259,09:59,0
117,260,10:00,0
117,261,10:01,0
117,262,10:02,0
117,263,10:03,0
117,264,10:04,0
117,265,10:05,0
117,266,10:06,0
117,267,10:07,0
117,268,10:08,0
117,269,10:09,0
117,270,10:10,0
117,271,10:11,0
117,272,10:12,0
117,273,10:13,0
117,274,10:14,0
117,275,10:15,0
117,276,10:16,0
117,277,10:17,0
117,278,10:18,0
117,279,10:19,0
117,280,10:20,0
117,281,10:21,0
117,282,10:22,0
117,283,10:23,0
117,284,10:24,0
117,285,10:25,0
117,286,10:26,0
117,287,10:27,0
117,288,10:28,0
117,289,10:29,0
117,290,10:30,0
117,291,10:31,0
117,292,10:32,0
117,293,10:33,0
117,294,10:34,0
117,295,10:35,0
117,296,10:36,0
117,297,10:37,0
117,298,10:38,0
117,299,10:39,0
117,300,10:40,0
117,301,10:41,0
117,302,10:42,0
117,303,10:43,0
117,304,10:44,0
117,305,10:45,0
117,306,10:46,0
117,307,10:47,0
117,308,10:48,0
117,309,10:49,0
117,310,10:50,0
117,311,10:51,0
117,312,10:52,0
117,313,10:53,0
117,314,10:54,0
117,315,10:55,0
117,316,10:56,0
117,317,10:57,0
117,318,10:58,0
117,319,10:59,0
117,320,11:00,0
117,321,11:01,0
117,322,11:02,0
117,323,11:03,0
117,324,11:04,0
117,325,11:05,0
117,326,11:06,0
117,327,11:07,0
117,328,11:08,0
117,329,11:09,0
117,330,11:10,0
117,331,11:11,0
117,332,11:12,0
117,333,11:13,0
117,334,11:14,0
117,335,11:15,0
117,336,11:16,0
117,337,11:17,0
117,338,11:18,0
117,339,11:19,0
117,340,11:20,0
117,341,11:21,0
117,342,11:22,0
117,343,11:23,0
117,344,11:24,0
117,345,11:25,0
117,346,11:26,0
117,347,11:27,0
117,348,11:28,0
117,349,11:29,0
117,350,11:30,0
117,351,11:31,0
117,352,11:32,0
117,353,11:33,0
117,354,11:34,0
117,355,11:35,0
117,356,11:36,0
117,357,11:37,0
117,358,11:38,0
117,359,11:39,0
117,360,11:40,0
117,361,11:41,0
117,362,11:42,0
117,363,11:43,0
117,364,11:44,0
117,365,11:45,0
117,366,11:46,0
117,367,11:47,0
117,368,11:48,0
117,369,11:49,0
117,370,11:50,0
117,371,11:51,0
117,372,11:52,0
117,373,11:53,0
117,374,11:54,0
117,375,11:55,0
117,376,11:56,0
117,377,11:57,0
117,378,11:58,0
117,379,11:59,0
117,380,12:00,0
117,381,12:01,0
117,382,12:02,0
117,383,12:03,0
117,384,12:04,0
117,385,12:05,0
117,386,12:06,0
117,387,12:07,0
117,388,12:08,0
117,389,12:09,0
117,390,12:10,0
117,391,12:11,0
117,392,12:12,0
117,393,12:13,0
117,394,12:14,0
117,395,12:15,0
117,396,12:16,0
117,397,12:17,0
117,398,12:18,0
117,399,12:19,0
117,400,12:20,0
117,401,12:21,0
117,402,12:22,0
117,403,12:23,0
117,404,12:24,0
117,405,12:25,0
117,406,12:26,0
117,407,12:27,0
117,408,12:28,0
117,409,12:29,0
117,410,12:30,0
117,411,12:31,0
117,412,12:32,0
117,413,12:33,0
117,414,12:34,0
117,415,12:35,0
117,416,12:36,0
117,417,12:37,0
117,418,12:38,0
117,419,12:39,0
117,420,12:40,0
117,421,12:41,0
117,422,12:42,0
117,423,12:43,0
117,424,12:44,0
117,425,12:45,0
117,426,12:46,0
117,427,12:47,0
117,428,12:48,0
117,429,12:49,0
117,430,12:50,0
117,431,12:51,0
117,432,12:52,0
117,433,12:53,0
117,434,12:54,0
117,435,12:55,0
117,436,12:56,0
117,437,12:57,0
117,438,12:58,0
117,439,12:59,0
117,440,13:00,0
117,441,13:01,0
117,442,13:02,0
117,443,13:03,0
117,444,13:04,0
117,445,13:05,0
117,446,13:06,0
117,447,13:07,0
117,448,13:08,0
117,449,13:09,0
117,450,13:10,0
117,451,13:11,0
117,452,13:12,0
117,453,13:13,0
117,454,13:14,0
117,455,13:15,0
117,456,13:16,0
117,457,13:17,0
117,458,13:18,0
117,459,13:19,0
117,460,13:20,0
117,461,13:21,0
117,462,13:22,0
117,463,13:23,0
117,464,13:24,0
117,465,13:25,0
117,466,13:26,0
117,467,13:27,0
117,468,13:28,0
117,469,13:29,0
117,470,13:30,0
117,471,13:31,0
117,472,13:32,0
117,473,13:33,0
117,474,13:34,0
117,475,13:35,0
117,476,13:36,0
117,477,13:37,0
117,478,13:38,0
117,479,13:39,0
117,480,13:40,0
117,481,13:41,0
117,482,13:42,0
117,483,13:43,0
117,484,13:44,0
117,485,13:45,0
117,486,13:46,0
117,487,13:47,0
117,488,13:48,0
117,489,13:49,0
117,490,13:50,0
117,491,13:51,0
117,492,13:52,0
117,493,13:53,0
117,494,13:54,0
117,495,13:55,0
117,496,13:56,0
117,497,13:57,0
117,498,13:58,0
117,499,13:59,0
117,500,14:00,0
117,501,14:01,0
117,502,14:02,0
117,503,14:03,0
117,504,14:04,0
117,505,14:05,0
117,506,14:06,0
117,507,14:07,0
117,508,14:08,0
117,509,14:09,0
117,510,14:10,0
117,511,14:11,0
117,512,14:12,0
117,513,14:13,0
117,514,14:14,0
117,515,14:15,0
117,516,14:16,0
117,517,14:17,0
117,518,14:18,0
117,519,14:19,0
117,520,14:20,0
117,521,14:21,0
117,522,14:22,0
117,523,14:23,0
117,524,14:24,0
117,525,14:25,0
117,526,14:26,0
117,527,14:27,0
117,528,14:28,0
117,529,14:29,0
117,530,14:30,0
117,531,14:31,0
117,532,14:32,0
117,533,14:33,0
117,534,14:34,0
117,535,14:35,0
117,536,14:36,0
117,537,14:37,0
117,538,14:38,0
117,539,14:39,0
117,540,14:40,0
117,541,14:41,0
117,542,14:42,0
117,543,14:43,0
117,544,14:44,0
117,545,14:45,0
117,546,14:46,0
117,547,14:47,0
117,548,14:48,0
117,549,14:49,0
117,550,14:50,0
117,551,14:51,0
117,552,14:52,0
117,553,14:53,0
117,554,14:54,0
117,555,14:55,0
117,556,14:56,0
117,557,14:57,0
117,558,14:58,0
117,559,14:59,0
117,560,15:00,1
117,561,15:01,1
117,562,15:02,1
117,563,15:03,2
117,564,15:04,2
117,565,15:05,2
117,566,15:06,2
117,567,15:07,2
117,568,15:08,2
117,569,15:09,2
117,570,15:10,2
117,571,15:11,2
117,572,15:12,2
117,573,15:13,2
117,574,15:14,2
117,575,15:15,2
117,576,15:16,2
117,577,15:17,2
117,578,15:18,2
117,579,15:19,1
117,580,15:20,1
117,581,15:21,1
117,582,15:22,0
117,583,15:23,0
117,584,15:24,0
117,585,15:25,0
117,586,15:26,0
117,587,15:27,0
117,588,15:28,0
117,589,15:29,0
117,590,15:30,0
117,591,15:31,0
117,592,15:32,1
117,593,15:33,1
117,594,15:34,1
117,595,15:35,2
117,596,15:36,2
117,597,15:37,2
117,598,15:38,3
117,599,15:39,3
117,600,15:40,3
117,601,15:41,3
117,602,15:42,3
117,603,15:43,3
117,604,15:44,3
117,605,15:45,3
117,606,15:46,3
117,607,15:47,3
117,608,15:48,3
117,609,15:49,3
117,610,15:50,3
117,611,15:51,3
117,612,15:52,3
117,613,15:53,3
117,614,15:54,3
117,615,15:55,3
117,616,15:56,3
117,617,15:57,3
117,618,15:58,3
117,619,15:59,2
117,620,16:00,2
117,621,16:01,2
117,622,16:02,1
117,623,16:03,1
117,624,16:04,1
117,625,16:05,0
117,626,16:06,0
117,627,16:07,0
117,628,16:08,0
117,629,16:09,0
117,630,16:10,0
117,631,16:11,1
117,632,16:12,1
117,633,16:13,1
117,634,16:14,2
117,635,16:15,2
117,636,16:16,2
117,637,16:17,2
117,638,16:18,2
117,639,16:19,2
117,640,16:20,2
117,641,16:21,2
117,642,16:22,2
117,643,16:23,2
117,644,16:24,2
117,645,16:25,1
117,646,16:26,1
117,647,16:27,1
117,648,16:28,1
117,649,16:29,1
117,650,16:30,1
117,651,16:31,1
117,652,16:32,1
117,653,16:33,1
117,654,16:34,1
117,655,16:35,1
117,656,16:36,1
117,657,16:37,1
117,658,16:38,0
117,659,16:39,0
117,660,16:40,0
117,661,16:41,0
117,662,16:42,0
117,663,16:43,0
117,664,16:44,0
117,665,16:45,0
117,666,16:46,0
117,667,16:47,0
117,668,16:48,0
117,669,16:49,0
117,670,16:50,0
117,671,16:51,0
117,672,16:52,0
117,673,16:53,0
117,674,16:54,0
117,675,16:55,0
117,676,16:56,1
117,677,16:57,1
117,678,16:58,1
117,679,16:59,1
117,680,17:00,1
117,681,17:01,1
117,682,17:02,1
117,683,17:03,1
117,684,17:04,1
117,685,17:05,1
117,686,17:06,1
117,687,17:07,1
117,688,17:08,1
117,689,17:09,1
117,690,17:10,1
117,691,17:11,1
117,692,17:12,1
117,693,17:13,1
117,694,17:14,0
117,695,17:15,0
117,696,17:16,0
117,697,17:17,1
117,698,17:18,1
117,699,17:19,1
117,700,17:20,1
117,701,17:21,1
117,702,17:22,1
117,703,17:23,1
117,704,17:24,1
117,705,17:25,1
117,706,17:26,1
117,707,17:27,1
117,708,17:28,1
117,709,17:29,1
117,710,17:30,1
117,711,17:31,1
117,712,17:32,1
117,713,17:33,1
117,714,17:34,1
117,715,17:35,1
117,716,17:36,1
117,717,17:37,0
117,718,17:38,0
117,719,17:39,0
117,720,17:40,0
117,721,17:41,0
117,722,17:42,0
117,723,17:43,0
117,724,17:44,0
117,725,17:45,0
117,726,17:46,0
117,727,17:47,0
117,728,17:48,0
117,729,17:49,0
117,730,17:50,0
117,731,17:51,0
117,732,17:52,0
117,733,17:53,0
117,734,17:54,0
117,735,17:55,0
117,736,17:56,0
117,737,17:57,0
117,738,17:58,0
117,739,17:59,0
117,740,18:00,0
117,741,18:01,0
117,742,18:02,0
117,743,18:03,0
117,744,18:04,0
117,745,18:05,0
117,746,18:06,0
117,747,18:07,0
117,748,18:08,0
117,749,18:09,0
117,750,18:10,0
117,751,18:11,0
117,752,18:12,0
117,753,18:13,0
117,754,18:14,0
117,755,18:15,0
117,756,18:16,0
117,757,18:17,0
117,758,18:18,0
117,759,18:19,0
117,760,18:20,0
117,761,18:21,0
117,762,18:22,0
117,763,18:23,0
117,764,18:24,0
117,765,18:25,0
117,766,18:26,0
117,767,18:27,0
117,768,18:28,0
117,769,18:29,0
117,770,18:30,0
117,771,18:31,0
117,772,18:32,0
117,773,18:33,0
117,774,18:34,0
117,775,18:35,0
117,776,18:36,0
117,777,18:37,0
117,778,18:38,0
117,779,18:39,0
117,780,18:40,0
117,781,18:41,0
117,782,18:42,0
117,783,18:43,0
117,784,18:44,0
117,785,18:45,0
117,786,18:46,0
117,787,18:47,0
117,788,18:48,0
117,789,18:49,0
117,790,18:50,0
117,791,18:51,0
117,792,18:52,0
117,793,18:53,0
117,794,18:54,0
117,795,18:55,0
117,796,18:56,0
117,797,18:57,0
117,798,18:58,0
117,799,18:59,0
117,800,19:00,0
117,801,19:01,0
117,802,19:02,0
117,803,19:03,0
117,804,19:04,0
117,805,19:05,0
117,806,19:06,0
117,807,19:07,0
117,808,19:08,0
117,809,19:09,0
117,810,19:10,0
117,811,19:11,0
117,812,19:12,0
117,813,19:13,0
117,814,19:14,0
117,815,19:15,0
117,816,19:16,0
117,817,19:17,0
117,818,19:18,0
117,819,19:19,0
117,820,19:20,0
117,821,19:21,0
117,822,19:22,0
117,823,19:23,0
117,824,19:24,0
117,825,19:25,0
117,826,19:26,0
117,827,19:27,0
117,828,19:28,0
117,829,19:29,0
117,830,19:30,0
117,831,19:31,0
117,832,19:32,0
117,833,19:33,0
117,834,19:34,0
117,835,19:35,0
118,0,05:40,0
118,1,05:41,0
118,2,05:42,0
118,3,05:43,0
118,4,05:44,0
118,5,05:45,0
118,6,05:46,0
118,7,05:47,0
118,8,05:48,0
118,9,05:49,0
118,10,05:50,0
118,11,05:51,0
118,12,05:52,0
118,13,05:53,0
118,14,05:54,0
118,15,05:55,0
118,16,05:56,0
118,17,05:57,0
118,18,05:58,0
118,19,05:59,0
118,20,06:00,0
118,21,06:01,0
118,22,06:02,0
118,23,06:03,0
118,24,06:04,0
118,25,06:05,0
118,26,06:06,0
118,27,06:07,0
118,28,06:08,0
118,29,06:09,0
118,30,06:10,0
118,31,06:11,0
118,32,06:12,0
118,33,06:13,0
118,34,06:14,0
118,35,06:15,0
118,36,06:16,0
118,37,06:17,0
118,38,06:18,0
118,39,06:19,0
118,40,06:20,0
118,41,06:21,0
118,42,06:22,0
118,43,06:23,0
118,44,06:24,0
118,45,06:25,0
118,46,06:26,0
118,47,06:27,0
118,48,06:28,0
118,49,06:29,0
118,50,06:30,0
118,51,06:31,0
118,52,06:32,0
118,53,06:33,0
118,54,06:34,0
118,55,06:35,0
118,56,06:36,0
118,57,06:37,0
118,58,06:38,0
118,59,06:39,0
118,60,06:40,0
118,61,06:41,0
118,62,06:42,0
118,63,06:43,0
118,64,06:44,0
118,65,06:45,0
118,66,06:46,0
118,67,06:47,0
118,68,06:48,0
118,69,06:49,0
118,70,06:50,0
118,71,06:51,0
118,72,06:52,0
118,73,06:53,0
118,74,06:54,0
118,75,06:55,0
118,76,06:56,0
118,77,06:57,0
118,78,06:58,0
118,79,06:59,0
118,80,07:00,0
118,81,07:01,0
118,82,07:02,0
118,83,07:03,0
118,84,07:04,0
118,85,07:05,0
118,86,07:06,0
118,87,07:07,0
118,88,07:08,0
118,89,07:09,0
118,90,07:10,0
118,91,07:11,0
118,92,07:12,0
118,93,07:13,0
118,94,07:14,0
118,95,07:15,0
118,96,07:16,0
118,97,07:17,0
118,98,07:18,0
118,99,07:19,0
118,100,07:20,0
118,101,07:21,0
118,102,07:22,0
118,103,07:23,0
118,104,07:24,0
118,105,07:25,0
118,106,07:26,0
118,107,07:27,0
118,108,07:28,0
118,109,07:29,0
118,110,07:30,0
118,111,07:31,0
118,112,07:32,0
118,113,07:33,0
118,114,07:34,0
118,115,07:35,0
118,116,07:36,0
118,117,07:37,0
118,118,07:38,0
118,119,07:39,0
118,120,07:40,0
118,121,07:41,0
118,122,07:42,0
118,123,07:43,0
118,124,07:44,0
118,125,07:45,0
118,126,07:46,0
118,127,07:47,0
118,128,07:48,0
118,129,07:49,0
118,130,07:50,0
118,131,07:51,0
118,132,07:52,0
118,133,07:53,0
118,134,07:54,0
118,135,07:55,0
118,136,07:56,0
118,137,07:57,0
118,138,07:58,0
118,139,07:59,0
118,140,08:00,0
118,141,08:01,0
118,142,08:02,0
118,143,08:03,0
118,144,08:04,0
118,145,08:05,0
118,146,08:06,0
118,147,08:07,0
118,148,08:08,0
118,149,08:09,0
118,150,08:10,0
118,151,08:11,0
118,152,08:12,0
118,153,08:13,0
118,154,08:14,0
118,155,08:15,0
118,156,08:16,0
118,157,08:17,0
118,158,08:18,0
118,159,08:19,0
118,160,08:20,0
118,161,08:21,0
118,162,08:22,0
118,163,08:23,0
118,164,08:24,0
118,165,08:25,0
118,166,08:26,0
118,167,08:27,0
118,168,08:28,0
118,169,08:29,0
118,170,08:30,0
118,171,08:31,0
118,172,08:32,0
118,173,08:33,0
118,174,08:34,0
118,175,08:35,0
118,176,08:36,0
118,177,08:37,0
118,178,08:38,0
118,179,08:39,0
118,180,08:40,0
118,181,08:41,0
118,182,08:42,0
118,183,08:43,0
118,184,08:44,0
118,185,08:45,0
118,186,08:46,0
118,187,08:47,0
118,188,08:48,0
118,189,08:49,0
118,190,08:50,0
118,191,08:51,0
118,192,08:52,0
118,193,08:53,0
118,194,08:54,0
118,195,08:55,0
118,196,08:56,0
118,197,08:57,0
118,198,08:58,0
118,199,08:59,0
118,200,09:00,0
118,201,09:01,0
118,202,09:02,0
118,203,09:03,0
118,204,09:04,0
118,205,09:05,0
118,206,09:06,0
118,207,09:07,0
118,208,09:08,0
118,209,09:09,0
118,210,09:10,0
118,211,09:11,0
118,212,09:12,0
118,213,09:13,0
118,214,09:14,0
118,215,09:15,0
118,216,09:16,0
118,217,09:17,0
118,218,09:18,0
118,219,09:19,0
118,220,09:20,0
118,221,09:21,0
118,222,09:22,0
118,223,09:23,0
118,224,09:24,0
118,225,09:25,0
118,226,09:26,0
118,227,09:27,0
118,228,09:28,0
118,229,09:29,0
118,230,09:30,0
118,231,09:31,0
118,232,09:32,0
118,233,09:33,0
118,234,09:34,0
118,235,09:35,0
118,236,09:36,0
118,237,09:37,0
118,238,09:38,0
118,239,09:39,0
118,240,09:40,0
118,241,09:41,0
118,242,09:42,0
118,243,09:43,0
118,244,09:44,0
118,245,09:45,0
118,246,09:46,0
118,247,09:47,0
118,248,09:48,0
118,249,09:49,0
118,250,09:50,0
118,251,09:51,0
118,252,09:52,0
118,253,09:53,0
118,254,09:54,0
118,255,09:55,0
118,256,09:56,0
118,257,09:57,0
118,258,09:58,0
118,259,09:59,0
118,260,10:00,0
118,261,10:01,0
118,262,10:02,0
118,263,10:03,0
118,264,10:04,0
118,265,10:05,0
118,266,10:06,0
118,267,10:07,0
118,268,10:08,0
118,269,10:09,0
118,270,10:10,0
118,271,10:11,0
118,272,10:12,0
118,273,10:13,0
118,274,10:14,0
118,275,10:15,0
118,276,10:16,0
118,277,10:17,0
118,278,10:18,0
118,279,10:19,0
118,280,10:20,0
118,281,10:21,0
118,282,10:22,0
118,283,10:23,0
118,284,10:24,0
118,285,10:25,0
118,286,10:26,0
118,287,10:27,0
118,288,10:28,0
118,289,10:29,0
118,290,10:30,0
118,291,10:31,0
118,292,10:32,0
118,293,10:33,0
118,294,10:34,0
118,295,10:35,0
118,296,10:36,0
118,297,10:37,0
118,298,10:38,0
118,299,10:39,0
118,300,10:40,0
118,301,10:41,0
118,302,10:42,0
118,303,10:43,0
118,304,10:44,0
118,305,10:45,0
118,306,10:46,0
118,307,10:47,0
118,308,10:48,0
118,309,10:49,0
118,310,10:50,0
118,311,10:51,0
118,312,10:52,0
118,313,10:53,0
118,314,10:54,0
118,315,10:55,0
118,316,10:56,0
118,317,10:57,0
118,318,10:58,0
118,319,10:59,0
118,320,11:00,0
118,321,11:01,0
118,322,11:02,0
118,323,11:03,0
118,324,11:04,0
118,325,11:05,0
118,326,11:06,0
118,327,11:07,0
118,328,11:08,0
118,329,11:09,0
118,330,11:10,0
118,331,11:11,0
118,332,11:12,0
118,333,11:13,0
118,334,11:14,0
118,335,11:15,0
118,336,11:16,0
118,337,11:17,0
118,338,11:18,0
118,339,11:19,0
118,340,11:20,0
118,341,11:21,0
118,342,11:22,0
118,343,11:23,0
118,344,11:24,0
118,345,11:25,0
118,346,11:26,0
118,347,11:27,0
118,348,11:28,0
118,349,11:29,0
118,350,11:30,0
118,351,11:31,0
118,352,11:32,0
118,353,11:33,0
118,354,11:34,0
118,355,11:35,0
118,356,11:36,0
118,357,11:37,0
118,358,11:38,0
118,359,11:39,0
118,360,11:40,0
118,361,11:41,0
118,362,11:42,0
118,363,11:43,0
118,364,11:44,0
118,365,11:45,0
118,366,11:46,0
118,367,11:47,0
118,368,11:48,0
118,369,11:49,0
118,370,11:50,0
118,371,11:51,0
118,372,11:52,0
118,373,11:53,0
118,374,11:54,0
118,375,11:55,0
118,376,11:56,0
118,377,11:57,0
118,378,11:58,0
118,379,11:59,0
118,380,12:00,0
118,381,12:01,0
118,382,12:02,0
118,383,12:03,0
118,384,12:04,0
118,385,12:05,0
118,386,12:06,0
118,387,12:07,0
118,388,12:08,0
118,389,12:09,0
118,390,12:10,0
118,391,12:11,0
118,392,12:12,0
118,393,12:13,0
118,394,12:14,0
118,395,12:15,0
118,396,12:16,0
118,397,12:17,0
118,398,12:18,0
118,399,12:19,0
118,400,12:20,0
118,401,12:21,0
118,402,12:22,0
118,403,12:23,0
118,404,12:24,0
118,405,12:25,0
118,406,12:26,0
118,407,12:27,0
118,408,12:28,0
118,409,12:29,0
118,410,12:30,0
118,411,12:31,0
118,412,12:32,0
118,413,12:33,0
118,414,12:34,0
118,415,12:35,0
118,416,12:36,0
118,417,12:37,0
118,418,12:38,0
118,419,12:39,0
118,420,12:40,0
118,421,12:41,0
118,422,12:42,0
118,423,12:43,0
118,424,12:44,0
118,425,12:45,0
118,426,12:46,0
118,427,12:47,0
118,428,12:48,0
118,429,12:49,0
118,430,12:50,0
118,431,12:51,0
118,432,12:52,0
118,433,12:53,0
118,434,12:54,0
118,435,12:55,0
118,436,12:56,0
118,437,12:57,0
118,438,12:58,0
118,439,12:59,0
118,440,13:00,0
118,441,13:01,0
118,442,13:02,0
118,443,13:03,0
118,444,13:04,0
118,445,13:05,0
118,446,13:06,0
118,447,13:07,0
118,448,13:08,0
118,449,13:09,0
118,450,13:10,0
118,451,13:11,0
118,452,13:12,0
118,453,13:13,0
118,454,13:14,0
118,455,13:15,0
118,456,13:16,0
118,457,13:17,0
118,458,13:18,0
118,459,13:19,0
118,460,13:20,0
118,461,13:21,0
118,462,13:22,0
118,463,13:23,0
118,464,13:24,0
118,465,13:25,0
118,466,13:26,0
118,467,13:27,0
118,468,13:28,0
118,469,13:29,0
118,470,13:30,0
118,471,13:31,0
118,472,13:32,0
118,473,13:33,0
118,474,13:34,0
118,475,13:35,0
118,476,13:36,0
118,477,13:37,0
118,478,13:38,0
118,479,13:39,0
118,480,13:40,0
118,481,13:41,0
118,482,13:42,0
118,483,13:43,0
118,484,13:44,0
118,485,13:45,0
118,486,13:46,0
118,487,13:47,0
118,488,13:48,0
118,489,13:49,0
118,490,13:50,0
118,491,13:51,0
118,492,13:52,0
118,493,13:53,0
118,494,13:54,0
118,495,13:55,0
118,496,13:56,0
118,497,13:57,0
118,498,13:58,0
118,499,13:59,0
118,500,14:00,0
118,501,14:01,0
118,502,14:02,0
118,503,14:03,0
118,504,14:04,0
118,505,14:05,0
118,506,14:06,0
118,507,14:07,0
118,508,14:08,0
118,509,14:09,0
118,510,14:10,0
118,511,14:11,0
118,512,14:12,0
118,513,14:13,0
118,514,14:14,0
118,515,14:15,0
118,516,14:16,0
118,517,14:17,0
118,518,14:18,0
118,519,14:19,0
118,520,14:20,0
118,521,14:21,0
118,522,14:22,0
118,523,14:23,0
118,524,14:24,0
118,525,14:25,0
118,526,14:26,0
118,527,14:27,0
118,528,14:28,0
118,529,14:29,0
118,530,14:30,0
118,531,14:31,0
118,532,14:32,0
118,533,14:33,0
118,534,14:34,0
118,535,14:35,0
118,536,14:36,0
118,537,14:37,0
118,538,14:38,0
118,539,14:39,0
118,540,14:40,0
118,541,14:41,0
118,542,14:42,0
118,543,14:43,0
118,544,14:44,0
118,545,14:45,0
118,546,14:46,0
118,547,14:47,0
118,548,14:48,0
118,549,14:49,0
118,550,14:50,0
118,551,14:51,0
118,552,14:52,0
118,553,14:53,0
118,554,14:54,0
118,555,14:55,0
118,556,14:56,0
118,557,14:57,0
118,558,14:58,0
118,559,14:59,0
118,560,15:00,0
118,561,15:01,0
118,562,15:02,0
118,563,15:03,0
118,564,15:04,0
118,565,15:05,0
118,566,15:06,0
118,567,15:07,0
118,568,15:08,0
118,569,15:09,0
118,570,15:10,0
118,571,15:11,0
118,572,15:12,0
118,573,15:13,0
118,574,15:14,0
118,575,15:15,0
118,576,15:16,0
118,577,15:17,0
118,578,15:18,0
118,579,15:19,0
118,580,15:20,0
118,581,15:21,0
118,582,15:22,0
118,583,15:23,0
118,584,15:24,0
118,585,15:25,0
118,586,15:26,0
118,587,15:27,0
118,588,15:28,0
118,589,15:29,0
118,590,15:30,0
118,591,15:31,0
118,592,15:32,0
118,593,15:33,0
118,594,15:34,0
118,595,15:35,0
118,596,15:36,0
118,597,15:37,0
118,598,15:38,0
118,599,15:39,0
118,600,15:40,0
118,601,15:41,0
118,602,15:42,0
118,603,15:43,0
118,604,15:44,0
118,605,15:45,0
118,606,15:46,0
118,607,15:47,0
118,608,15:48,0
118,609,15:49,0
118,610,15:50,0
118,611,15:51,0
118,612,15:52,0
118,613,15:53,0
118,614,15:54,0
118,615,15:55,0
118,616,15:56,0
118,617,15:57,0
118,618,15:58,0
118,619,15:59,0
118,620,16:00,0
118,621,16:01,0
118,622,16:02,0
118,623,16:03,0
118,624,16:04,0
118,625,16:05,0
118,626,16:06,0
118,627,16:07,0
118,628,16:08,0
118,629,16:09,0
118,630,16:10,0
118,631,16:11,0
118,632,16:12,0
118,633,16:13,0
118,634,16:14,0
118,635,16:15,0
118,636,16:16,0
118,637,16:17,0
118,638,16:18,0
118,639,16:19,0
118,640,16:20,0
118,641,16:21,0
118,642,16:22,0
118,643,16:23,0
118,644,16:24,0
118,645,16:25,0
118,646,16:26,0
118,647,16:27,0
118,648,16:28,0
118,649,16:29,0
118,650,16:30,0
118,651,16:31,0
118,652,16:32,0
118,653,16:33,0
118,654,16:34,0
118,655,16:35,0
118,656,16:36,0
118,657,16:37,0
118,658,16:38,0
118,659,16:39,0
118,660,16:40,0
118,661,16:41,0
118,662,16:42,0
118,663,16:43,0
118,664,16:44,0
118,665,16:45,0
118,666,16:46,0
118,667,16:47,0
118,668,16:48,0
118,669,16:49,0
118,670,16:50,0
118,671,16:51,0
118,672,16:52,1
118,673,16:53,1
118,674,16:54,1
118,675,16:55,1
118,676,16:56,1
118,677,16:57,1
118,678,16:58,1
118,679,16:59,1
118,680,17:00,1
118,681,17:01,1
118,682,17:02,1
118,683,17:03,1
118,684,17:04,1
118,685,17:05,1
118,686,17:06,1
118,687,17:07,0
118,688,17:08,0
118,689,17:09,0
118,690,17:10,0
118,691,17:11,0
118,692,17:12,0
118,693,17:13,0
118,694,17:14,0
118,695,17:15,0
118,696,17:16,0
118,697,17:17,0
118,698,17:18,0
118,699,17:19,1
118,700,17:20,1
118,701,17:21,1
118,702,17:22,1
118,703,17:23,1
118,704,17:24,1
118,705,17:25,1
118,706,17:26,1
118,707,17:27,1
118,708,17:28,1
118,709,17:29,1
118,710,17:30,1
118,711,17:31,1
118,712,17:32,1
118,713,17:33,1
118,714,17:34,1
118,715,17:35,1
118,716,17:36,1
118,717,17:37,1
118,718,17:38,1
118,719,17:39,0
118,720,17:40,0
118,721,17:41,0
118,722,17:42,1
118,723,17:43,1
118,724,17:44,1
118,725,17:45,1
118,726,17:46,1
118,727,17:47,1
118,728,17:48,1
118,729,17:49,1
118,730,17:50,1
118,731,17:51,1
118,732,17:52,0
118,733,17:53,0
118,734,17:54,0
118,735,17:55,0
118,736,17:56,0
118,737,17:57,0
118,738,17:58,0
118,739,17:59,0
118,740,18:00,1
118,741,18:01,1
118,742,18:02,1
118,743,18:03,2
118,744,18:04,2
118,745,18:05,2
118,746,18:06,2
118,747,18:07,2
118,748,18:08,2
118,749,18:09,2
118,750,18:10,2
118,751,18:11,2
118,752,18:12,2
118,753,18:13,1
118,754,18:14,1
118,755,18:15,1
118,756,18:16,0
118,757,18:17,0
118,758,18:18,0
118,759,18:19,0
118,760,18:20,0
118,761,18:21,0
118,762,18:22,0
118,763,18:23,0
118,764,18:24,0
118,765,18:25,0
118,766,18:26,0
118,767,18:27,0
118,768,18:28,0
118,769,18:29,0
118,770,18:30,0
118,771,18:31,0
118,772,18:32,0
118,773,18:33,0
118,774,18:34,0
118,775,18:35,0
118,776,18:36,0
118,777,18:37,0
118,778,18:38,0
118,779,18:39,0
118,780,18:40,0
118,781,18:41,0
118,782,18:42,0
118,783,18:43,0
118,784,18:44,0
118,785,18:45,0
118,786,18:46,0
118,787,18:47,0
118,788,18:48,0
118,789,18:49,0
118,790,18:50,0
118,791,18:51,0
118,792,18:52,0
118,793,18:53,0
118,794,18:54,0
118,795,18:55,0
118,796,18:56,0
118,797,18:57,0
118,798,18:58,0
118,799,18:59,0
118,800,19:00,0
118,801,19:01,0
118,802,19:02,0
118,803,19:03,0
118,804,19:04,0
118,805,19:05,0
118,806,19:06,0
118,807,19:07,0
118,808,19:08,0
118,809,19:09,0
118,810,19:10,0
118,811,19:11,0
118,812,19:12,0
118,813,19:13,0
118,814,19:14,0
118,815,19:15,0
118,816,19:16,0
118,817,19:17,0
118,818,19:18,0
118,819,19:19,0
118,820,19:20,0
118,821,19:21,0
118,822,19:22,0
118,823,19:23,0
118,824,19:24,0
118,825,19:25,0
118,826,19:26,0
118,827,19:27,0
118,828,19:28,0
118,829,19:29,0
118,830,19:30,0
118,831,19:31,0
118,832,19:32,0
118,833,19:33,0
118,834,19:34,0
118,835,19:35,0
119,0,05:40,0
119,1,05:41,0
119,2,05:42,0
119,3,05:43,0
119,4,05:44,0
119,5,05:45,0
119,6,05:46,0
119,7,05:47,0
119,8,05:48,0
119,9,05:49,0
119,10,05:50,0
119,11,05:51,0
119,12,05:52,0
119,13,05:53,0
119,14,05:54,0
119,15,05:55,0
119,16,05:56,0
119,17,05:57,0
119,18,05:58,0
119,19,05:59,0
119,20,06:00,0
119,21,06:01,0
119,22,06:02,0
119,23,06:03,0
119,24,06:04,0
119,25,06:05,0
119,26,06:06,0
119,27,06:07,0
119,28,06:08,0
119,29,06:09,0
119,30,06:10,0
119,31,06:11,0
119,32,06:12,0
119,33,06:13,0
119,34,06:14,0
119,35,06:15,0
119,36,06:16,0
119,37,06:17,0
119,38,06:18,0
119,39,06:19,0
119,40,06:20,0
119,41,06:21,0
119,42,06:22,0
119,43,06:23,0
119,44,06:24,0
119,45,06:25,0
119,46,06:26,0
119,47,06:27,0
119,48,06:28,0
119,49,06:29,0
119,50,06:30,0
119,51,06:31,0
119,52,06:32,0
119,53,06:33,0
119,54,06:34,0
119,55,06:35,0
119,56,06:36,0
119,57,06:37,0
119,58,06:38,0
119,59,06:39,0
119,60,06:40,0
119,61,06:41,0
119,62,06:42,0
119,63,06:43,0
119,64,06:44,0
119,65,06:45,0
119,66,06:46,0
119,67,06:47,0
119,68,06:48,0
119,69,06:49,0
119,70,06:50,0
119,71,06:51,0
119,72,06:52,0
119,73,06:53,0
119,74,06:54,0
119,75,06:55,0
119,76,06:56,0
119,77,06:57,0
119,78,06:58,0
119,79,06:59,0
119,80,07:00,0
119,81,07:01,0
119,82,07:02,0
119,83,07:03,0
119,84,07:04,0
119,85,07:05,0
119,86,07:06,0
119,87,07:07,0
119,88,07:08,0
119,89,07:09,0
119,90,07:10,0
119,91,07:11,0
119,92,07:12,0
119,93,07:13,0
119,94,07:14,0
119,95,07:15,0
119,96,07:16,0
119,97,07:17,0
119,98,07:18,0
119,99,07:19,0
119,100,07:20,0
119,101,07:21,0
119,102,07:22,0
119,103,07:23,0
119,104,07:24,0
119,105,07:25,0
119,106,07:26,0
119,107,07:27,0
119,108,07:28,0
119,109,07:29,0
119,110,07:30,0
119,111,07:31,0
119,112,07:32,0
119,113,07:33,0
119,114,07:34,0
119,115,07:35,0
119,116,07:36,0
119,117,07:37,0
119,118,07:38,0
119,119,07:39,0
119,120,07:40,0
119,121,07:41,0
119,122,07:42,0
119,123,07:43,0
119,124,07:44,0
119,125,07:45,0
119,126,07:46,0
119,127,07:47,0
119,128,07:48,0
119,129,07:49,0
119,130,07:50,0
119,131,07:51,0
119,132,07:52,0
119,133,07:53,0
119,134,07:54,0
119,135,07:55,0
119,136,07:56,0
119,137,07:57,0
119,138,07:58,0
119,139,07:59,0
119,140,08:00,0
119,141,08:01,0
119,142,08:02,0
119,143,08:03,0
119,144,08:04,0
119,145,08:05,0
119,146,08:06,0
119,147,08:07,0
119,148,08:08,0
119,149,08:09,0
119,150,08:10,0
119,151,08:11,0
119,152,08:12,0
119,153,08:13,0
119,154,08:14,0
119,155,08:15,0
119,156,08:16,0
119,157,08:17,0
119,158,08:18,0
119,159,08:19,0
119,160,08:20,0
119,161,08:21,0
119,162,08:22,0
119,163,08:23,0
119,164,08:24,0
119,165,08:25,0
119,166,08:26,0
119,167,08:27,0
119,168,08:28,0
119,169,08:29,0
119,170,08:30,0
119,171,08:31,0
119,172,08:32,0
119,173,08:33,0
119,174,08:34,0
119,175,08:35,0
119,176,08:36,0
119,177,08:37,0
119,178,08:38,0
119,179,08:39,0
119,180,08:40,0
119,181,08:41,0
119,182,08:42,0
119,183,08:43,0
119,184,08:44,0
119,185,08:45,0
119,186,08:46,0
119,187,08:47,0
119,188,08:48,0
119,189,08:49,0
119,190,08:50,0
119,191,08:51,0
119,192,08:52,0
119,193,08:53,0
119,194,08:54,0
119,195,08:55,0
119,196,08:56,0
119,197,08:57,0
119,198,08:58,0
119,199,08:59,0
119,200,09:00,0
119,201,09:01,0
119,202,09:02,0
119,203,09:03,0
119,204,09:04,0
119,205,09:05,0
119,206,09:06,0
119,207,09:07,0
119,208,09:08,0
119,209,09:09,0
119,210,09:10,0
119,211,09:11,0
119,212,09:12,0
119,213,09:13,0
119,214,09:14,0
119,215,09:15,0
119,216,09:16,0
119,217,09:17,0
119,218,09:18,0
119,219,09:19,0
119,220,09:20,0
119,221,09:21,0
119,222,09:22,0
119,223,09:23,0
119,224,09:24,0
119,225,09:25,0
119,226,09:26,0
119,227,09:27,0
119,228,09:28,0
119,229,09:29,0
119,230,09:30,0
119,231,09:31,0
119,232,09:32,0
119,233,09:33,0
119,234,09:34,0
119,235,09:35,0
119,236,09:36,0
119,237,09:37,0
119,238,09:38,0
119,239,09:39,0
119,240,09:40,0
119,241,09:41,0
119,242,09:42,0
119,243,09:43,0
119,244,09:44,0
119,245,09:45,0
119,246,09:46,0
119,247,09:47,0
119,248,09:48,0
119,249,09:49,0
119,250,09:50,0
119,251,09:51,0
119,252,09:52,0
119,253,09:53,0
119,254,09:54,0
119,255,09:55,0
119,256,09:56,0
119,257,09:57,0
119,258,09:58,0
119,259,09:59,0
119,260,10:00,0
119,261,10:01,0
119,262,10:02,0
119,263,10:03,0
119,264,10:04,0
119,265,10:05,0
119,266,10:06,0
119,267,10:07,0
119,268,10:08,0
119,269,10:09,1
119,270,10:10,1
119,271,10:11,1
119,272,10:12,2
119,273,10:13,2
119,274,10:14,2
119,275,10:15,3
119,276,10:16,3
119,277,10:17,3
119,278,10:18,3
119,279,10:19,3
119,280,10:20,3
119,281,10:21,3
119,282,10:22,3
119,283,10:23,3
119,284,10:24,3
119,285,10:25,3
119,286,10:26,3
119,287,10:27,3
119,288,10:28,3
119,289,10:29,3
119,290,10:30,2
119,291,10:31,2
119,292,10:32,2
119,293,10:33,1
119,294,10:34,1
119,295,10:35,1
119,296,10:36,1
119,297,10:37,1
119,298,10:38,1
119,299,10:39,1
119,300,10:40,0
119,301,10:41,0
119,302,10:42,0
119,303,10:43,0
119,304,10:44,0
119,305,10:45,0
119,306,10:46,0
119,307,10:47,0
119,308,10:48,0
119,309,10:49,0
119,310,10:50,0
119,311,10:51,0
119,312,10:52,0
119,313,10:53,0
119,314,10:54,0
119,315,10:55,0
119,316,10:56,0
119,317,10:57,0
119,318,10:58,0
119,319,10:59,0
119,320,11:00,0
119,321,11:01,0
119,322,11:02,0
119,323,11:03,0
119,324,11:04,0
119,325,11:05,0
119,326,11:06,0
119,327,11:07,0
119,328,11:08,0
119,329,11:09,0
119,330,11:10,0
119,331,11:11,0
119,332,11:12,0
119,333,11:13,0
119,334,11:14,0
119,335,11:15,0
119,336,11:16,0
119,337,11:17,0
119,338,11:18,0
119,339,11:19,0
119,340,11:20,0
119,341,11:21,0
119,342,11:22,0
119,343,11:23,0
119,344,11:24,0
119,345,11:25,0
119,346,11:26,0
119,347,11:27,0
119,348,11:28,0
119,349,11:29,0
119,350,11:30,0
119,351,11:31,0
119,352,11:32,0
119,353,11:33,0
119,354,11:34,0
119,355,11:35,0
119,356,11:36,0
119,357,11:37,0
119,358,11:38,0
119,359,11:39,0
119,360,11:40,0
119,361,11:41,0
119,362,11:42,0
119,363,11:43,0
119,364,11:44,0
119,365,11:45,0
119,366,11:46,0
119,367,11:47,0
119,368,11:48,0
119,369,11:49,0
119,370,11:50,0
119,371,11:51,0
119,372,11:52,0
119,373,11:53,0
119,374,11:54,0
119,375,11:55,0
119,376,11:56,0
119,377,11:57,0
119,378,11:58,0
119,379,11:59,0
119,380,12:00,0
119,381,12:01,0
119,382,12:02,0
119,383,12:03,0
119,384,12:04,0
119,385,12:05,0
119,386,12:06,0
119,387,12:07,0
119,388,12:08,0
119,389,12:09,0
119,390,12:10,0
119,391,12:11,0
119,392,12:12,0
119,393,12:13,0
119,394,12:14,0
119,395,12:15,0
119,396,12:16,0
119,397,12:17,0
119,398,12:18,0
119,399,12:19,0
119,400,12:20,0
119,401,12:21,0
119,402,12:22,0
119,403,12:23,0
119,404,12:24,0
119,405,12:25,0
119,406,12:26,0
119,407,12:27,0
119,408,12:28,0
119,409,12:29,0
119,410,12:30,0
119,411,12:31,0
119,412,12:32,0
119,413,12:33,0
119,414,12:34,0
119,415,12:35,0
119,416,12:36,0
119,417,12:37,0
119,418,12:38,0
119,419,12:39,0
119,420,12:40,0
119,421,12:41,0
119,422,12:42,0
119,423,12:43,0
119,424,12:44,0
119,425,12:45,0
119,426,12:46,0
119,427,12:47,0
119,428,12:48,0
119,429,12:49,0
119,430,12:50,0
119,431,12:51,0
119,432,12:52,0
119,433,12:53,0
119,434,12:54,0
119,435,12:55,0
119,436,12:56,0
119,437,12:57,0
119,438,12:58,0
119,439,12:59,0
119,440,13:00,0
119,441,13:01,0
119,442,13:02,0
119,443,13:03,0
119,444,13:04,0
119,445,13:05,0
119,446,13:06,0
119,447,13:07,0
119,448,13:08,0
119,449,13:09,0
119,450,13:10,0
119,451,13:11,0
119,452,13:12,0
119,453,13:13,0
119,454,13:14,0
119,455,13:15,0
119,456,13:16,0
119,457,13:17,0
119,458,13:18,0
119,459,13:19,0
119,460,13:20,0
119,461,13:21,0
119,462,13:22,0
119,463,13:23,0
119,464,13:24,0
119,465,13:25,0
119,466,13:26,0
119,467,13:27,0
119,468,13:28,0
119,469,13:29,0
119,470,13:30,0
119,471,13:31,0
119,472,13:32,0
119,473,13:33,0
119,474,13:34,0
119,475,13:35,0
119,476,13:36,0
119,477,13:37,0
119,478,13:38,0
119,479,13:39,0
119,480,13:40,0
119,481,13:41,0
119,482,13:42,0
119,483,13:43,0
119,484,13:44,0
119,485,13:45,0
119,486,13:46,0
119,487,13:47,0
119,488,13:48,0
119,489,13:49,0
119,490,13:50,0
119,491,13:51,0
119,492,13:52,0
119,493,13:53,0
119,494,13:54,0
119,495,13:55,0
119,496,13:56,0
119,497,13:57,0
119,498,13:58,0
119,499,13:59,0
119,500,14:00,0
119,501,14:01,0
119,502,14:02,0
119,503,14:03,0
119,504,14:04,0
119,505,14:05,0
119,506,14:06,0
119,507,14:07,0
119,508,14:08,0
119,509,14:09,0
119,510,14:10,0
119,511,14:11,0
119,512,14:12,0
119,513,14:13,0
119,514,14:14,0
119,515,14:15,0
119,516,14:16,0
119,517,14:17,0
119,518,14:18,0
119,519,14:19,0
119,520,14:20,0
119,521,14:21,0
119,522,14:22,0
119,523,14:23,0
119,524,14:24,0
119,525,14:25,0
119,526,14:26,0
119,527,14:27,0
119,528,14:28,0
119,529,14:29,0
119,530,14:30,0
119,531,14:31,0
119,532,14:32,0
119,533,14:33,0
119,534,14:34,0
119,535,14:35,0
119,536,14:36,0
119,537,14:37,0
119,538,14:38,0
119,539,14:39,0
119,540,14:40,0
119,541,14:41,0
119,542,14:42,0
119,543,14:43,0
119,544,14:44,1
119,545,14:45,1
119,546,14:46,1
119,547,14:47,1
119,548,14:48,1
119,549,14:49,1
119,550,14:50,1
119,551,14:51,1
119,552,14:52,1
119,553,14:53,1
119,554,14:54,1
119,555,14:55,1
119,556,14:56,1
119,557,14:57,1
119,558,14:58,1
119,559,14:59,0
119,560,15:00,0
119,561,15:01,0
119,562,15:02,0
119,563,15:03,0
119,564,15:04,0
119,565,15:05,0
119,566,15:06,0
119,567,15:07,0
119,568,15:08,0
119,569,15:09,0
119,570,15:10,0
119,571,15:11,0
119,572,15:12,0
119,573,15:13,0
119,574,15:14,0
119,575,15:15,0
119,576,15:16,0
119,577,15:17,0
119,578,15:18,0
119,579,15:19,0
119,580,15:20,0
119,581,15:21,1
119,582,15:22,1
119,583,15:23,1
119,584,15:24,1
119,585,15:25,1
119,586,15:26,1
119,587,15:27,1
119,588,15:28,1
119,589,15:29,1
119,590,15:30,1
119,591,15:31,1
119,592,15:32,1
119,593,15:33,2
119,594,15:34,2
119,595,15:35,2
119,596,15:36,2
119,597,15:37,2
119,598,15:38,2
119,599,15:39,2
119,600,15:40,2
119,601,15:41,2
119,602,15:42,2
119,603,15:43,2
119,604,15:44,2
119,605,15:45,2
119,606,15:46,2
119,607,15:47,2
119,608,15:48,2
119,609,15:49,2
119,610,15:50,2
119,611,15:51,2
119,612,15:52,2
119,613,15:53,2
119,614,15:54,2
119,615,15:55,1
119,616,15:56,1
119,617,15:57,1
119,618,15:58,0
119,619,15:59,0
119,620,16:00,0
119,621,16:01,0
119,622,16:02,0
119,623,16:03,0
119,624,16:04,0
119,625,16:05,0
119,626,16:06,0
119,627,16:07,0
119,628,16:08,0
119,629,16:09,0
119,630,16:10,0
119,631,16:11,0
119,632,16:12,0
119,633,16:13,0
119,634,16:14,0
119,635,16:15,0
119,636,16:16,0
119,637,16:17,0
119,638,16:18,0
119,639,16:19,0
119,640,16:20,0
119,641,16:21,0
119,642,16:22,0
119,643,16:23,0
119,644,16:24,0
119,645,16:25,0
119,646,16:26,0
119,647,16:27,0
119,648,16:28,0
119,649,16:29,0
119,650,16:30,0
119,651,16:31,0
119,652,16:32,0
119,653,16:33,0
119,654,16:34,0
119,655,16:35,0
119,656,16:36,0
119,657,16:37,0
119,658,16:38,0
119,659,16:39,0
119,660,16:40,1
119,661,16:41,1
119,662,16:42,1
119,663,16:43,1
119,664,16:44,1
119,665,16:45,1
119,666,16:46,1
119,667,16:47,1
119,668,16:48,1
119,669,16:49,1
119,670,16:50,1
119,671,16:51,1
119,672,16:52,1
119,673,16:53,1
119,674,16:54,1
119,675,16:55,1
119,676,16:56,1
119,677,16:57,1
119,678,16:58,0
119,679,16:59,0
119,680,17:00,0
119,681,17:01,0
119,682,17:02,0
119,683,17:03,0
119,684,17:04,1
119,685,17:05,1
119,686,17:06,1
119,687,17:07,1
119,688,17:08,1
119,689,17:09,1
119,690,17:10,1
119,691,17:11,3
119,692,17:12,3
119,693,17:13,3
119,694,17:14,3
119,695,17:15,3
119,696,17:16,3
119,697,17:17,3
119,698,17:18,3
119,699,17:19,3
119,700,17:20,3
119,701,17:21,1
119,702,17:22,1
119,703,17:23,1
119,704,17:24,0
119,705,17:25,0
119,706,17:26,0
119,707,17:27,1
119,708,17:28,1
119,709,17:29,1
119,710,17:30,1
119,711,17:31,1
119,712,17:32,1
119,713,17:33,1
119,714,17:34,1
119,715,17:35,1
119,716,17:36,1
119,717,17:37,0
119,718,17:38,0
119,719,17:39,0
119,720,17:40,0
119,721,17:41,0
119,722,17:42,0
119,723,17:43,0
119,724,17:44,0
119,725,17:45,0
119,726,17:46,0
119,727,17:47,0
119,728,17:48,0
119,729,17:49,0
119,730,17:50,1
119,731,17:51,1
119,732,17:52,1
119,733,17:53,2
119,734,17:54,2
119,735,17:55,2
119,736,17:56,2
119,737,17:57,2
119,738,17:58,2
119,739,17:59,2
119,740,18:00,2
119,741,18:01,2
119,742,18:02,1
119,743,18:03,1
119,744,18:04,1
119,745,18:05,1
119,746,18:06,1
119,747,18:07,1
119,748,18:08,0
119,749,18:09,0
119,750,18:10,0
119,751,18:11,1
119,752,18:12,1
119,753,18:13,1
119,754,18:14,1
119,755,18:15,1
119,756,18:16,1
119,757,18:17,1
119,758,18:18,1
119,759,18:19,1
119,760,18:20,1
119,761,18:21,0
119,762,18:22,0
119,763,18:23,0
119,764,18:24,0
119,765,18:25,0
119,766,18:26,0
119,767,18:27,0
119,768,18:28,0
119,769,18:29,1
119,770,18:30,1
119,771,18:31,1
119,772,18:32,2
119,773,18:33,2
119,774,18:34,2
119,775,18:35,2
119,776,18:36,2
119,777,18:37,2
119,778,18:38,2
119,779,18:39,2
119,780,18:40,2
119,781,18:41,1
119,782,18:42,1
119,783,18:43,1
119,784,18:44,1
119,785,18:45,1
119,786,18:46,1
119,787,18:47,0
119,788,18:48,0
119,789,18:49,0
119,790,18:50,1
119,791,18:51,1
119,792,18:52,1
119,793,18:53,1
119,794,18:54,1
119,795,18:55,1
119,796,18:56,1
119,797,18:57,1
119,798,18:58,1
119,799,18:59,0
119,800,19:00,0
119,801,19:01,0
119,802,19:02,0
119,803,19:03,0
119,804,19:04,0
119,805,19:05,0
119,806,19:06,0
119,807,19:07,0
119,808,19:08,0
119,809,19:09,0
119,810,19:10,0
119,811,19:11,0
119,812,19:12,0
119,813,19:13,0
119,814,19:14,0
119,815,19:15,0
119,816,19:16,0
119,817,19:17,0
119,818,19:18,0
119,819,19:19,0
119,820,19:20,0
119,821,19:21,0
119,822,19:22,0
119,823,19:23,0
119,824,19:24,0
119,825,19:25,0
119,826,19:26,0
119,827,19:27,0
119,828,19:28,0
119,829,19:29,0
119,830,19:30,0
119,831,19:31,0
119,832,19:32,0
119,833,19:33,0
119,834,19:34,0
119,835,19:35,0
120,0,05:40,0
120,1,05:41,0
120,2,05:42,0
120,3,05:43,0
120,4,05:44,0
120,5,05:45,0
120,6,05:46,0
120,7,05:47,0
120,8,05:48,0
120,9,05:49,0
120,10,05:50,0
120,11,05:51,0
120,12,05:52,0
120,13,05:53,0
120,14,05:54,0
120,15,05:55,0
120,16,05:56,0
120,17,05:57,0
120,18,05:58,0
120,19,05:59,0
120,20,06:00,0
120,21,06:01,0
120,22,06:02,0
120,23,06:03,0
120,24,06:04,0
120,25,06:05,0
120,26,06:06,0
120,27,06:07,0
120,28,06:08,0
120,29,06:09,0
120,30,06:10,0
120,31,06:11,0
120,32,06:12,0
120,33,06:13,0
120,34,06:14,0
120,35,06:15,0
120,36,06:16,0
120,37,06:17,0
120,38,06:18,0
120,39,06:19,0
120,40,06:20,0
120,41,06:21,0
120,42,06:22,0
120,43,06:23,0
120,44,06:24,0
120,45,06:25,0
120,46,06:26,0
120,47,06:27,0
120,48,06:28,0
120,49,06:29,0
120,50,06:30,0
120,51,06:31,0
120,52,06:32,0
120,53,06:33,0
120,54,06:34,0
120,55,06:35,0
120,56,06:36,0
120,57,06:37,0
120,58,06:38,0
120,59,06:39,0
120,60,06:40,0
120,61,06:41,0
120,62,06:42,0
120,63,06:43,0
120,64,06:44,0
120,65,06:45,0
120,66,06:46,0
120,67,06:47,0
120,68,06:48,0
120,69,06:49,0
120,70,06:50,0
120,71,06:51,0
120,72,06:52,0
120,73,06:53,0
120,74,06:54,0
120,75,06:55,0
120,76,06:56,0
120,77,06:57,0
120,78,06:58,0
120,79,06:59,0
120,80,07:00,0
120,81,07:01,0
120,82,07:02,0
120,83,07:03,0
120,84,07:04,0
120,85,07:05,0
120,86,07:06,0
120,87,07:07,0
120,88,07:08,0
120,89,07:09,0
120,90,07:10,0
120,91,07:11,0
120,92,07:12,0
120,93,07:13,0
120,94,07:14,0
120,95,07:15,0
120,96,07:16,0
120,97,07:17,0
120,98,07:18,0
120,99,07:19,0
120,100,07:20,0
120,101,07:21,0
120,102,07:22,0
120,103,07:23,0
120,104,07:24,0
120,105,07:25,0
120,106,07:26,0
120,107,07:27,0
120,108,07:28,0
120,109,07:29,0
120,110,07:30,0
120,111,07:31,0
120,112,07:32,0
120,113,07:33,0
120,114,07:34,0
120,115,07:35,0
120,116,07:36,0
120,117,07:37,0
120,118,07:38,0
120,119,07:39,0
120,120,07:40,0
120,121,07:41,0
120,122,07:42,0
120,123,07:43,0
120,124,07:44,0
120,125,07:45,0
120,126,07:46,0
120,127,07:47,0
120,128,07:48,0
120,129,07:49,0
120,130,07:50,0
120,131,07:51,0
120,132,07:52,0
120,133,07:53,0
120,134,07:54,0
120,135,07:55,0
120,136,07:56,0
120,137,07:57,0
120,138,07:58,0
120,139,07:59,0
120,140,08:00,0
120,141,08:01,0
120,142,08:02,0
120,143,08:03,0
120,144,08:04,0
120,145,08:05,0
120,146,08:06,0
120,147,08:07,0
120,148,08:08,0
120,149,08:09,0
120,150,08:10,0
120,151,08:11,0
120,152,08:12,0
120,153,08:13,0
120,154,08:14,0
120,155,08:15,0
120,156,08:16,0
120,157,08:17,0
120,158,08:18,0
120,159,08:19,0
120,160,08:20,0
120,161,08:21,0
120,162,08:22,0
120,163,08:23,0
120,164,08:24,0
120,165,08:25,0
120,166,08:26,0
120,167,08:27,0
120,168,08:28,0
120,169,08:29,0
120,170,08:30,0
120,171,08:31,0
120,172,08:32,0
120,173,08:33,0
120,174,08:34,0
120,175,08:35,0
120,176,08:36,0
120,177,08:37,0
120,178,08:38,0
120,179,08:39,0
120,180,08:40,0
120,181,08:41,0
120,182,08:42,0
120,183,08:43,0
120,184,08:44,0
120,185,08:45,0
120,186,08:46,0
120,187,08:47,0
120,188,08:48,0
120,189,08:49,0
120,190,08:50,0
120,191,08:51,0
120,192,08:52,0
120,193,08:53,0
120,194,08:54,0
120,195,08:55,0
120,196,08:56,0
120,197,08:57,0
120,198,08:58,0
120,199,08:59,0
120,200,09:00,0
120,201,09:01,0
120,202,09:02,0
120,203,09:03,0
120,204,09:04,0
120,205,09:05,0
120,206,09:06,0
120,207,09:07,0
120,208,09:08,0
120,209,09:09,0
120,210,09:10,0
120,211,09:11,0
120,212,09:12,0
120,213,09:13,0
120,214,09:14,0
120,215,09:15,0
120,216,09:16,0
120,217,09:17,0
120,218,09:18,0
120,219,09:19,0
120,220,09:20,0
120,221,09:21,0
120,222,09:22,0
120,223,09:23,0
120,224,09:24,0
120,225,09:25,0
120,226,09:26,0
120,227,09:27,0
120,228,09:28,0
120,229,09:29,0
120,230,09:30,0
120,231,09:31,0
120,232,09:32,0
120,233,09:33,0
120,234,09:34,0
120,235,09:35,0
120,236,09:36,0
120,237,09:37,0
120,238,09:38,0
120,239,09:39,0
120,240,09:40,0
120,241,09:41,0
120,242,09:42,0
120,243,09:43,0
120,244,09:44,0
120,245,09:45,0
120,246,09:46,0
120,247,09:47,0
120,248,09:48,0
120,249,09:49,0
120,250,09:50,0
120,251,09:51,0
120,252,09:52,0
120,253,09:53,0
120,254,09:54,0
120,255,09:55,0
120,256,09:56,0
120,257,09:57,0
120,258,09:58,0
120,259,09:59,0
120,260,10:00,0
120,261,10:01,0
120,262,10:02,0
120,263,10:03,0
120,264,10:04,0
120,265,10:05,0
120,266,10:06,0
120,267,10:07,0
120,268,10:08,0
120,269,10:09,0
120,270,10:10,0
120,271,10:11,0
120,272,10:12,0
120,273,10:13,0
120,274,10:14,0
120,275,10:15,0
120,276,10:16,0
120,277,10:17,0
120,278,10:18,0
120,279,10:19,0
120,280,10:20,0
120,281,10:21,0
120,282,10:22,0
120,283,10:23,0
120,284,10:24,0
120,285,10:25,0
120,286,10:26,0
120,287,10:27,0
120,288,10:28,0
120,289,10:29,0
120,290,10:30,0
120,291,10:31,0
120,292,10:32,0
120,293,10:33,0
120,294,10:34,0
120,295,10:35,0
120,296,10:36,0
120,297,10:37,0
120,298,10:38,0
120,299,10:39,0
120,300,10:40,0
120,301,10:41,0
120,302,10:42,0
120,303,10:43,0
120,304,10:44,0
120,305,10:45,0
120,306,10:46,0
120,307,10:47,0
120,308,10:48,0
120,309,10:49,0
120,310,10:50,0
120,311,10:51,0
120,312,10:52,0
120,313,10:53,0
120,314,10:54,0
120,315,10:55,0
120,316,10:56,0
120,317,10:57,0
120,318,10:58,0
120,319,10:59,0
120,320,11:00,0
120,321,11:01,0
120,322,11:02,0
120,323,11:03,0
120,324,11:04,0
120,325,11:05,0
120,326,11:06,0
120,327,11:07,0
120,328,11:08,0
120,329,11:09,0
120,330,11:10,0
120,331,11:11,0
120,332,11:12,0
120,333,11:13,0
120,334,11:14,0
120,335,11:15,0
120,336,11:16,0
120,337,11:17,0
120,338,11:18,0
120,339,11:19,0
120,340,11:20,0
120,341,11:21,0
120,342,11:22,0
120,343,11:23,0
120,344,11:24,0
120,345,11:25,0
120,346,11:26,0
120,347,11:27,0
120,348,11:28,0
120,349,11:29,0
120,350,11:30,0
120,351,11:31,0
120,352,11:32,0
120,353,11:33,0
120,354,11:34,0
120,355,11:35,0
120,356,11:36,0
120,357,11:37,0
120,358,11:38,0
120,359,11:39,0
120,360,11:40,0
120,361,11:41,0
120,362,11:42,0
120,363,11:43,0
120,364,11:44,0
120,365,11:45,0
120,366,11:46,0
120,367,11:47,0
120,368,11:48,0
120,369,11:49,0
120,370,11:50,0
120,371,11:51,0
120,372,11:52,0
120,373,11:53,0
120,374,11:54,0
120,375,11:55,0
120,376,11:56,0
120,377,11:57,0
120,378,11:58,0
120,379,11:59,0
120,380,12:00,0
120,381,12:01,0
120,382,12:02,0
120,383,12:03,0
120,384,12:04,0
120,385,12:05,0
120,386,12:06,0
120,387,12:07,0
120,388,12:08,0
120,389,12:09,0
120,390,12:10,0
120,391,12:11,0
120,392,12:12,0
120,393,12:13,0
120,394,12:14,0
120,395,12:15,0
120,396,12:16,0
120,397,12:17,0
120,398,12:18,0
120,399,12:19,0
120,400,12:20,0
120,401,12:21,0
120,402,12:22,0
120,403,12:23,0
120,404,12:24,0
120,405,12:25,0
120,406,12:26,0
120,407,12:27,0
120,408,12:28,0
120,409,12:29,0
120,410,12:30,0
120,411,12:31,0
120,412,12:32,0
120,413,12:33,0
120,414,12:34,0
120,415,12:35,0
120,416,12:36,0
120,417,12:37,0
120,418,12:38,0
120,419,12:39,0
120,420,12:40,0
120,421,12:41,0
120,422,12:42,0
120,423,12:43,0
120,424,12:44,0
120,425,12:45,0
120,426,12:46,0
120,427,12:47,0
120,428,12:48,0
120,429,12:49,0
120,430,12:50,0
120,431,12:51,0
120,432,12:52,0
120,433,12:53,0
120,434,12:54,0
120,435,12:55,0
120,436,12:56,0
120,437,12:57,0
120,438,12:58,0
120,439,12:59,0
120,440,13:00,0
120,441,13:01,0
120,442,13:02,0
120,443,13:03,0
120,444,13:04,0
120,445,13:05,0
120,446,13:06,0
120,447,13:07,0
120,448,13:08,0
120,449,13:09,0
120,450,13:10,0
120,451,13:11,0
120,452,13:12,0
120,453,13:13,0
120,454,13:14,0
120,455,13:15,0
120,456,13:16,0
120,457,13:17,0
120,458,13:18,0
120,459,13:19,0
120,460,13:20,0
120,461,13:21,0
120,462,13:22,0
120,463,13:23,0
120,464,13:24,0
120,465,13:25,0
120,466,13:26,0
120,467,13:27,0
120,468,13:28,0
120,469,13:29,0
120,470,13:30,0
120,471,13:31,0
120,472,13:32,0
120,473,13:33,0
120,474,13:34,0
120,475,13:35,0
120,476,13:36,0
120,477,13:37,0
120,478,13:38,0
120,479,13:39,0
120,480,13:40,0
120,481,13:41,0
120,482,13:42,0
120,483,13:43,0
120,484,13:44,0
120,485,13:45,0
120,486,13:46,0
120,487,13:47,0
120,488,13:48,0
120,489,13:49,0
120,490,13:50,0
120,491,13:51,0
120,492,13:52,0
120,493,13:53,0
120,494,13:54,0
120,495,13:55,0
120,496,13:56,0
120,497,13:57,0
120,498,13:58,0
120,499,13:59,0
120,500,14:00,0
120,501,14:01,0
120,502,14:02,0
120,503,14:03,0
120,504,14:04,0
120,505,14:05,0
120,506,14:06,0
120,507,14:07,0
120,508,14:08,0
120,509,14:09,0
120,510,14:10,0
120,511,14:11,0
120,512,14:12,0
120,513,14:13,0
120,514,14:14,0
120,515,14:15,0
120,516,14:16,0
120,517,14:17,0
120,518,14:18,0
120,519,14:19,0
120,520,14:20,0
120,521,14:21,0
120,522,14:22,0
120,523,14:23,0
120,524,14:24,0
120,525,14:25,0
120,526,14:26,0
120,527,14:27,0
120,528,14:28,0
120,529,14:29,0
120,530,14:30,0
120,531,14:31,0
120,532,14:32,0
120,533,14:33,0
120,534,14:34,0
120,535,14:35,0
120,536,14:36,0
120,537,14:37,0
120,538,14:38,0
120,539,14:39,0
120,540,14:40,0
120,541,14:41,0
120,542,14:42,0
120,543,14:43,0
120,544,14:44,0
120,545,14:45,0
120,546,14:46,1
120,547,14:47,1
120,548,14:48,1
120,549,14:49,1
120,550,14:50,1
120,551,14:51,1
120,552,14:52,1
120,553,14:53,1
120,554,14:54,1
120,555,14:55,1
120,556,14:56,1
120,557,14:57,1
120,558,14:58,1
120,559,14:59,0
120,560,15:00,0
120,561,15:01,0
120,562,15:02,0
120,563,15:03,1
120,564,15:04,1
120,565,15:05,1
120,566,15:06,1
120,567,15:07,1
120,568,15:08,1
120,569,15:09,1
120,570,15:10,1
120,571,15:11,1
120,572,15:12,1
120,573,15:13,2
120,574,15:14,2
120,575,15:15,2
120,576,15:16,2
120,577,15:17,2
120,578,15:18,2
120,579,15:19,2
120,580,15:20,2
120,581,15:21,2
120,582,15:22,2
120,583,15:23,1
120,584,15:24,1
120,585,15:25,1
120,586,15:26,1
120,587,15:27,0
120,588,15:28,0
120,589,15:29,0
120,590,15:30,0
120,591,15:31,0
120,592,15:32,0
120,593,15:33,0
120,594,15:34,0
120,595,15:35,0
120,596,15:36,0
120,597,15:37,0
120,598,15:38,0
120,599,15:39,0
120,600,15:40,0
120,601,15:41,0
120,602,15:42,0
120,603,15:43,0
120,604,15:44,0
120,605,15:45,0
120,606,15:46,0
120,607,15:47,0
120,608,15:48,0
120,609,15:49,0
120,610,15:50,0
120,611,15:51,0
120,612,15:52,0
120,613,15:53,0
120,614,15:54,0
120,615,15:55,0
120,616,15:56,0
120,617,15:57,0
120,618,15:58,0
120,619,15:59,0
120,620,16:00,0
120,621,16:01,0
120,622,16:02,0
120,623,16:03,0
120,624,16:04,0
120,625,16:05,0
120,626,16:06,0
120,627,16:07,0
120,628,16:08,0
120,629,16:09,0
120,630,16:10,0
120,631,16:11,0
120,632,16:12,0
120,633,16:13,0
120,634,16:14,0
120,635,16:15,0
120,636,16:16,0
120,637,16:17,0
120,638,16:18,0
120,639,16:19,0
120,640,16:20,0
120,641,16:21,0
120,642,16:22,0
120,643,16:23,0
120,644,16:24,0
120,645,16:25,0
120,646,16:26,1
120,647,16:27,1
120,648,16:28,1
120,649,16:29,1
120,650,16:30,1
120,651,16:31,1
120,652,16:32,2
120,653,16:33,2
120,654,16:34,2
120,655,16:35,2
120,656,16:36,2
120,657,16:37,2
120,658,16:38,2
120,659,16:39,2
120,660,16:40,2
120,661,16:41,2
120,662,16:42,2
120,663,16:43,2
120,664,16:44,2
120,665,16:45,1
120,666,16:46,1
120,667,16:47,1
120,668,16:48,1
120,669,16:49,1
120,670,16:50,1
120,671,16:51,1
120,672,16:52,1
120,673,16:53,1
120,674,16:54,1
120,675,16:55,1
120,676,16:56,1
120,677,16:57,1
120,678,16:58,1
120,679,16:59,0
120,680,17:00,0
120,681,17:01,0
120,682,17:02,0
120,683,17:03,0
120,684,17:04,0
120,685,17:05,0
120,686,17:06,0
120,687,17:07,0
120,688,17:08,0
120,689,17:09,0
120,690,17:10,0
120,691,17:11,0
120,692,17:12,0
120,693,17:13,0
120,694,17:14,0
120,695,17:15,0
120,696,17:16,0
120,697,17:17,0
120,698,17:18,0
120,699,17:19,0
120,700,17:20,0
120,701,17:21,0
120,702,17:22,0
120,703,17:23,0
120,704,17:24,0
120,705,17:25,0
120,706,17:26,0
120,707,17:27,0
120,708,17:28,0
120,709,17:29,0
120,710,17:30,0
120,711,17:31,0
120,712,17:32,0
120,713,17:33,0
120,714,17:34,0
120,715,17:35,0
120,716,17:36,0
120,717,17:37,0
120,718,17:38,0
120,719,17:39,0
120,720,17:40,0
120,721,17:41,0
120,722,17:42,0
120,723,17:43,0
120,724,17:44,0
120,725,17:45,0
120,726,17:46,0
120,727,17:47,0
120,728,17:48,0
120,729,17:49,0
120,730,17:50,0
120,731,17:51,0
120,732,17:52,0
120,733,17:53,0
120,734,17:54,0
120,735,17:55,0
120,736,17:56,0
120,737,17:57,0
120,738,17:58,0
120,739,17:59,0
120,740,18:00,0
120,741,18:01,0
120,742,18:02,0
120,743,18:03,0
120,744,18:04,0
120,745,18:05,0
120,746,18:06,0
120,747,18:07,0
120,748,18:08,0
120,749,18:09,0
120,750,18:10,0
120,751,18:11,0
120,752,18:12,0
120,753,18:13,0
120,754,18:14,0
120,755,18:15,0
120,756,18:16,0
120,757,18:17,0
120,758,18:18,0
120,759,18:19,0
120,760,18:20,0
120,761,18:21,0
120,762,18:22,0
120,763,18:23,0
120,764,18:24,0
120,765,18:25,0
120,766,18:26,0
120,767,18:27,0
120,768,18:28,0
120,769,18:29,0
120,770,18:30,0
120,771,18:31,0
120,772,18:32,0
120,773,18:33,0
120,774,18:34,0
120,775,18:35,0
120,776,18:36,0
120,777,18:37,0
120,778,18:38,0
120,779,18:39,0
120,780,18:40,0
120,781,18:41,0
120,782,18:42,0
120,783,18:43,0
120,784,18:44,0
120,785,18:45,0
120,786,18:46,0
120,787,18:47,0
120,788,18:48,0
120,789,18:49,0
120,790,18:50,0
120,791,18:51,0
120,792,18:52,0
120,793,18:53,0
120,794,18:54,0
120,795,18:55,0
120,796,18:56,0
120,797,18:57,0
120,798,18:58,0
120,799,18:59,0
120,800,19:00,0
120,801,19:01,0
120,802,19:02,0
120,803,19:03,0
120,804,19:04,0
120,805,19:05,0
120,806,19:06,0
120,807,19:07,0
120,808,19:08,0
120,809,19:09,0
120,810,19:10,0
120,811,19:11,0
120,812,19:12,0
120,813,19:13,0
120,814,19:14,0
120,815,19:15,0
120,816,19:16,0
120,817,19:17,0
120,818,19:18,0
120,819,19:19,0
120,820,19:20,0
120,821,19:21,0
120,822,19:22,0
120,823,19:23,0
120,824,19:24,0
120,825,19:25,0
120,826,19:26,0
120,827,19:27,0
120,828,19:28,0
120,829,19:29,0
120,830,19:30,0
120,831,19:31,0
120,832,19:32,0
120,833,19:33,0
120,834,19:34,0
120,835,19:35,0
121,0,05:40,0
121,1,05:41,0
121,2,05:42,0
121,3,05:43,0
121,4,05:44,0
121,5,05:45,0
121,6,05:46,0
121,7,05:47,0
121,8,05:48,0
121,9,05:49,0
121,10,05:50,0
121,11,05:51,0
121,12,05:52,0
121,13,05:53,0
121,14,05:54,0
121,15,05:55,0
121,16,05:56,0
121,17,05:57,0
121,18,05:58,0
121,19,05:59,0
121,20,06:00,0
121,21,06:01,0
121,22,06:02,0
121,23,06:03,0
121,24,06:04,0
121,25,06:05,0
121,26,06:06,0
121,27,06:07,0
121,28,06:08,0
121,29,06:09,0
121,30,06:10,0
121,31,06:11,0
121,32,06:12,0
121,33,06:13,0
121,34,06:14,0
121,35,06:15,0
121,36,06:16,0
121,37,06:17,0
121,38,06:18,0
121,39,06:19,0
121,40,06:20,0
121,41,06:21,0
121,42,06:22,0
121,43,06:23,0
121,44,06:24,0
121,45,06:25,0
121,46,06:26,0
121,47,06:27,0
121,48,06:28,0
121,49,06:29,0
121,50,06:30,0
121,51,06:31,0
121,52,06:32,0
121,53,06:33,0
121,54,06:34,0
121,55,06:35,0
121,56,06:36,0
121,57,06:37,0
121,58,06:38,0
121,59,06:39,0
121,60,06:40,0
121,61,06:41,0
121,62,06:42,0
121,63,06:43,0
121,64,06:44,0
121,65,06:45,0
121,66,06:46,0
121,67,06:47,0
121,68,06:48,0
121,69,06:49,0
121,70,06:50,0
121,71,06:51,0
121,72,06:52,0
121,73,06:53,0
121,74,06:54,0
121,75,06:55,0
121,76,06:56,0
121,77,06:57,0
121,78,06:58,0
121,79,06:59,0
121,80,07:00,0
121,81,07:01,0
121,82,07:02,0
121,83,07:03,0
121,84,07:04,0
121,85,07:05,0
121,86,07:06,0
121,87,07:07,0
121,88,07:08,0
121,89,07:09,0
121,90,07:10,0
121,91,07:11,0
121,92,07:12,0
121,93,07:13,0
121,94,07:14,0
121,95,07:15,0
121,96,07:16,0
121,97,07:17,0
121,98,07:18,0
121,99,07:19,0
121,100,07:20,0
121,101,07:21,0
121,102,07:22,0
121,103,07:23,0
121,104,07:24,0
121,105,07:25,0
121,106,07:26,0
121,107,07:27,0
121,108,07:28,0
121,109,07:29,0
121,110,07:30,0
121,111,07:31,0
121,112,07:32,0
121,113,07:33,0
121,114,07:34,0
121,115,07:35,0
121,116,07:36,0
121,117,07:37,0
121,118,07:38,0
121,119,07:39,0
121,120,07:40,0
121,121,07:41,0
121,122,07:42,0
121,123,07:43,0
121,124,07:44,0
121,125,07:45,0
121,126,07:46,0
121,127,07:47,0
121,128,07:48,0
121,129,07:49,0
121,130,07:50,0
121,131,07:51,0
121,132,07:52,0
121,133,07:53,0
121,134,07:54,0
121,135,07:55,0
121,136,07:56,0
121,137,07:57,0
121,138,07:58,0
121,139,07:59,0
121,140,08:00,0
121,141,08:01,0
121,142,08:02,0
121,143,08:03,0
121,144,08:04,0
121,145,08:05,0
121,146,08:06,0
121,147,08:07,0
121,148,08:08,0
121,149,08:09,0
121,150,08:10,0
121,151,08:11,0
121,152,08:12,0
121,153,08:13,0
121,154,08:14,0
121,155,08:15,0
121,156,08:16,0
121,157,08:17,0
121,158,08:18,0
121,159,08:19,0
121,160,08:20,0
121,161,08:21,0
121,162,08:22,0
121,163,08:23,0
121,164,08:24,0
121,165,08:25,0
121,166,08:26,0
121,167,08:27,0
121,168,08:28,0
121,169,08:29,0
121,170,08:30,0
121,171,08:31,0
121,172,08:32,0
121,173,08:33,0
121,174,08:34,0
121,175,08:35,0
121,176,08:36,0
121,177,08:37,0
121,178,08:38,0
121,179,08:39,0
121,180,08:40,0
121,181,08:41,0
121,182,08:42,0
121,183,08:43,0
121,184,08:44,0
121,185,08:45,0
121,186,08:46,0
121,187,08:47,0
121,188,08:48,0
121,189,08:49,0
121,190,08:50,0
121,191,08:51,0
121,192,08:52,0
121,193,08:53,0
121,194,08:54,0
121,195,08:55,0
121,196,08:56,0
121,197,08:57,0
121,198,08:58,0
121,199,08:59,0
121,200,09:00,0
121,201,09:01,0
121,202,09:02,0
121,203,09:03,1
121,204,09:04,1
121,205,09:05,1
121,206,09:06,1
121,207,09:07,1
121,208,09:08,1
121,209,09:09,1
121,210,09:10,1
121,211,09:11,1
121,212,09:12,1
121,213,09:13,0
121,214,09:14,0
121,215,09:15,0
121,216,09:16,0
121,217,09:17,0
121,218,09:18,0
121,219,09:19,0
121,220,09:20,0
121,221,09:21,0
121,222,09:22,0
121,223,09:23,0
121,224,09:24,0
121,225,09:25,0
121,226,09:26,0
121,227,09:27,0
121,228,09:28,0
121,229,09:29,0
121,230,09:30,0
121,231,09:31,0
121,232,09:32,0
121,233,09:33,0
121,234,09:34,0
121,235,09:35,0
121,236,09:36,0
121,237,09:37,0
121,238,09:38,0
121,239,09:39,0
121,240,09:40,0
121,241,09:41,0
121,242,09:42,0
121,243,09:43,0
121,244,09:44,0
121,245,09:45,0
121,246,09:46,0
121,247,09:47,0
121,248,09:48,0
121,249,09:49,0
121,250,09:50,0
121,251,09:51,0
121,252,09:52,0
121,253,09:53,0
121,254,09:54,0
121,255,09:55,0
121,256,09:56,0
121,257,09:57,0
121,258,09:58,0
121,259,09:59,0
121,260,10:00,0
121,261,10:01,0
121,262,10:02,0
121,263,10:03,0
121,264,10:04,0
121,265,10:05,0
121,266,10:06,0
121,267,10:07,0
121,268,10:08,0
121,269,10:09,0
121,270,10:10,0
121,271,10:11,0
121,272,10:12,0
121,273,10:13,0
121,274,10:14,0
121,275,10:15,0
121,276,10:16,0
121,277,10:17,0
121,278,10:18,0
121,279,10:19,0
121,280,10:20,0
121,281,10:21,0
121,282,10:22,0
121,283,10:23,0
121,284,10:24,0
121,285,10:25,0
121,286,10:26,0
121,287,10:27,0
121,288,10:28,0
121,289,10:29,0
121,290,10:30,0
121,291,10:31,0
121,292,10:32,0
121,293,10:33,0
121,294,10:34,0
121,295,10:35,0
121,296,10:36,0
121,297,10:37,0
121,298,10:38,0
121,299,10:39,0
121,300,10:40,0
121,301,10:41,0
121,302,10:42,0
121,303,10:43,0
121,304,10:44,0
121,305,10:45,0
121,306,10:46,0
121,307,10:47,0
121,308,10:48,0
121,309,10:49,0
121,310,10:50,0
121,311,10:51,0
121,312,10:52,0
121,313,10:53,0
121,314,10:54,0
121,315,10:55,1
121,316,10:56,1
121,317,10:57,1
121,318,10:58,2
121,319,10:59,2
121,320,11:00,2
121,321,11:01,2
121,322,11:02,2
121,323,11:03,2
121,324,11:04,2
121,325,11:05,2
121,326,11:06,2
121,327,11:07,1
121,328,11:08,1
121,329,11:09,1
121,330,11:10,0
121,331,11:11,0
121,332,11:12,0
121,333,11:13,0
121,334,11:14,0
121,335,11:15,0
121,336,11:16,0
121,337,11:17,0
121,338,11:18,0
121,339,11:19,0
121,340,11:20,0
121,341,11:21,0
121,342,11:22,0
121,343,11:23,0
121,344,11:24,0
121,345,11:25,0
121,346,11:26,0
121,347,11:27,0
121,348,11:28,0
121,349,11:29,0
121,350,11:30,0
121,351,11:31,0
121,352,11:32,0
121,353,11:33,0
121,354,11:34,0
121,355,11:35,0
121,356,11:36,0
121,357,11:37,0
121,358,11:38,0
121,359,11:39,0
121,360,11:40,0
121,361,11:41,0
121,362,11:42,0
121,363,11:43,0
121,364,11:44,0
121,365,11:45,0
121,366,11:46,0
121,367,11:47,0
121,368,11:48,0
121,369,11:49,0
121,370,11:50,0
121,371,11:51,0
121,372,11:52,0
121,373,11:53,0
121,374,11:54,0
121,375,11:55,0
121,376,11:56,0
121,377,11:57,0
121,378,11:58,0
121,379,11:59,0
121,380,12:00,0
121,381,12:01,0
121,382,12:02,0
121,383,12:03,0
121,384,12:04,0
121,385,12:05,0
121,386,12:06,0
121,387,12:07,0
121,388,12:08,0
121,389,12:09,0
121,390,12:10,0
121,391,12:11,0
121,392,12:12,0
121,393,12:13,0
121,394,12:14,0
121,395,12:15,0
121,396,12:16,0
121,397,12:17,0
121,398,12:18,0
121,399,12:19,0
121,400,12:20,0
121,401,12:21,0
121,402,12:22,0
121,403,12:23,0
121,404,12:24,0
121,405,12:25,0
121,406,12:26,0
121,407,12:27,0
121,408,12:28,0
121,409,12:29,0
121,410,12:30,0
121,411,12:31,0
121,412,12:32,0
121,413,12:33,0
121,414,12:34,0
121,415,12:35,0
121,416,12:36,0
121,417,12:37,0
121,418,12:38,0
121,419,12:39,0
121,420,12:40,0
121,421,12:41,0
121,422,12:42,0
121,423,12:43,0
121,424,12:44,0
121,425,12:45,0
121,426,12:46,0
121,427,12:47,0
121,428,12:48,0
121,429,12:49,0
121,430,12:50,0
121,431,12:51,0
121,432,12:52,0
121,433,12:53,0
121,434,12:54,0
121,435,12:55,0
121,436,12:56,0
121,437,12:57,0
121,438,12:58,0
121,439,12:59,0
121,440,13:00,0
121,441,13:01,0
121,442,13:02,0
121,443,13:03,0
121,444,13:04,0
121,445,13:05,0
121,446,13:06,0
121,447,13:07,0
121,448,13:08,0
121,449,13:09,0
121,450,13:10,0
121,451,13:11,0
121,452,13:12,0
121,453,13:13,0
121,454,13:14,0
121,455,13:15,0
121,456,13:16,0
121,457,13:17,0
121,458,13:18,0
121,459,13:19,0
121,460,13:20,0
121,461,13:21,0
121,462,13:22,0
121,463,13:23,0
121,464,13:24,0
121,465,13:25,0
121,466,13:26,0
121,467,13:27,0
121,468,13:28,0
121,469,13:29,0
121,470,13:30,0
121,471,13:31,0
121,472,13:32,0
121,473,13:33,0
121,474,13:34,0
121,475,13:35,0
121,476,13:36,0
121,477,13:37,0
121,478,13:38,0
121,479,13:39,0
121,480,13:40,0
121,481,13:41,0
121,482,13:42,0
121,483,13:43,0
121,484,13:44,0
121,485,13:45,0
121,486,13:46,0
121,487,13:47,0
121,488,13:48,0
121,489,13:49,0
121,490,13:50,0
121,491,13:51,0
121,492,13:52,0
121,493,13:53,0
121,494,13:54,0
121,495,13:55,0
121,496,13:56,0
121,497,13:57,0
121,498,13:58,0
121,499,13:59,0
121,500,14:00,0
121,501,14:01,0
121,502,14:02,0
121,503,14:03,0
121,504,14:04,0
121,505,14:05,0
121,506,14:06,0
121,507,14:07,0
121,508,14:08,0
121,509,14:09,0
121,510,14:10,0
121,511,14:11,0
121,512,14:12,0
121,513,14:13,0
121,514,14:14,0
121,515,14:15,0
121,516,14:16,0
121,517,14:17,0
121,518,14:18,0
121,519,14:19,0
121,520,14:20,0
121,521,14:21,0
121,522,14:22,0
121,523,14:23,0
121,524,14:24,0
121,525,14:25,0
121,526,14:26,0
121,527,14:27,0
121,528,14:28,0
121,529,14:29,0
121,530,14:30,0
121,531,14:31,0
121,532,14:32,0
121,533,14:33,0
121,534,14:34,0
121,535,14:35,0
121,536,14:36,0
121,537,14:37,0
121,538,14:38,0
121,539,14:39,0
121,540,14:40,0
121,541,14:41,0
121,542,14:42,0
121,543,14:43,0
121,544,14:44,0
121,545,14:45,0
121,546,14:46,0
121,547,14:47,0
121,548,14:48,0
121,549,14:49,0
121,550,14:50,1
121,551,14:51,1
121,552,14:52,1
121,553,14:53,1
121,554,14:54,1
121,555,14:55,1
121,556,14:56,1
121,557,14:57,1
121,558,14:58,1
121,559,14:59,0
121,560,15:00,0
121,561,15:01,0
121,562,15:02,0
121,563,15:03,0
121,564,15:04,0
121,565,15:05,1
121,566,15:06,1
121,567,15:07,1
121,568,15:08,1
121,569,15:09,1
121,570,15:10,1
121,571,15:11,1
121,572,15:12,1
121,573,15:13,1
121,574,15:14,1
121,575,15:15,1
121,576,15:16,1
121,577,15:17,1
121,578,15:18,1
121,579,15:19,1
121,580,15:20,1
121,581,15:21,1
121,582,15:22,1
121,583,15:23,0
121,584,15:24,0
121,585,15:25,0
121,586,15:26,0
121,587,15:27,0
121,588,15:28,0
121,589,15:29,0
121,590,15:30,0
121,591,15:31,0
121,592,15:32,0
121,593,15:33,0
121,594,15:34,0
121,595,15:35,0
121,596,15:36,0
121,597,15:37,0
121,598,15:38,0
121,599,15:39,0
121,600,15:40,0
121,601,15:41,0
121,602,15:42,0
121,603,15:43,0
121,604,15:44,0
121,605,15:45,0
121,606,15:46,0
121,607,15:47,0
121,608,15:48,0
121,609,15:49,0
121,610,15:50,0
121,611,15:51,0
121,612,15:52,0
121,613,15:53,0
121,614,15:54,0
121,615,15:55,0
121,616,15:56,0
121,617,15:57,0
121,618,15:58,0
121,619,15:59,0
121,620,16:00,0
121,621,16:01,0
121,622,16:02,0
121,623,16:03,0
121,624,16:04,0
121,625,16:05,0
121,626,16:06,0
121,627,16:07,0
121,628,16:08,0
121,629,16:09,0
121,630,16:10,0
121,631,16:11,0
121,632,16:12,0
121,633,16:13,0
121,634,16:14,0
121,635,16:15,0
121,636,16:16,0
121,637,16:17,0
121,638,16:18,0
121,639,16:19,0
121,640,16:20,0
121,641,16:21,0
121,642,16:22,0
121,643,16:23,0
121,644,16:24,0
121,645,16:25,0
121,646,16:26,0
121,647,16:27,0
121,648,16:28,0
121,649,16:29,0
121,650,16:30,0
121,651,16:31,0
121,652,16:32,0
121,653,16:33,0
121,654,16:34,0
121,655,16:35,0
121,656,16:36,0
121,657,16:37,0
121,658,16:38,0
121,659,16:39,0
121,660,16:40,0
121,661,16:41,0
121,662,16:42,0
121,663,16:43,0
121,664,16:44,0
121,665,16:45,0
121,666,16:46,0
121,667,16:47,0
121,668,16:48,0
121,669,16:49,0
121,670,16:50,0
121,671,16:51,0
121,672,16:52,0
121,673,16:53,0
121,674,16:54,0
121,675,16:55,0
121,676,16:56,0
121,677,16:57,0
121,678,16:58,0
121,679,16:59,0
121,680,17:00,0
121,681,17:01,0
121,682,17:02,0
121,683,17:03,0
121,684,17:04,0
121,685,17:05,0
121,686,17:06,0
121,687,17:07,0
121,688,17:08,0
121,689,17:09,0
121,690,17:10,0
121,691,17:11,0
121,692,17:12,0
121,693,17:13,0
121,694,17:14,0
121,695,17:15,0
121,696,17:16,0
121,697,17:17,0
121,698,17:18,0
121,699,17:19,0
121,700,17:20,0
121,701,17:21,0
121,702,17:22,0
121,703,17:23,0
121,704,17:24,0
121,705,17:25,0
121,706,17:26,0
121,707,17:27,0
121,708,17:28,0
121,709,17:29,0
121,710,17:30,0
121,711,17:31,0
121,712,17:32,0
121,713,17:33,0
121,714,17:34,0
121,715,17:35,0
121,716,17:36,0
121,717,17:37,0
121,718,17:38,0
121,719,17:39,0
121,720,17:40,0
121,721,17:41,0
121,722,17:42,0
121,723,17:43,0
121,724,17:44,0
121,725,17:45,1
121,726,17:46,1
121,727,17:47,1
121,728,17:48,2
121,729,17:49,2
121,730,17:50,2
121,731,17:51,2
121,732,17:52,2
121,733,17:53,2
121,734,17:54,2
121,735,17:55,2
121,736,17:56,2
121,737,17:57,4
121,738,17:58,4
121,739,17:59,4
121,740,18:00,4
121,741,18:01,4
121,742,18:02,4
121,743,18:03,4
121,744,18:04,4
121,745,18:05,4
121,746,18:06,4
121,747,18:07,4
121,748,18:08,4
121,749,18:09,4
121,750,18:10,4
121,751,18:11,4
121,752,18:12,4
121,753,18:13,4
121,754,18:14,4
121,755,18:15,3
121,756,18:16,3
121,757,18:17,3
121,758,18:18,2
121,759,18:19,2
121,760,18:20,2
121,761,18:21,2
121,762,18:22,2
121,763,18:23,2
121,764,18:24,2
121,765,18:25,2
121,766,18:26,2
121,767,18:27,0
121,768,18:28,0
121,769,18:29,0
121,770,18:30,0
121,771,18:31,0
121,772,18:32,0
121,773,18:33,0
121,774,18:34,0
121,775,18:35,0
121,776,18:36,0
121,777,18:37,0
121,778,18:38,0
121,779,18:39,0
121,780,18:40,0
121,781,18:41,0
121,782,18:42,0
121,783,18:43,0
121,784,18:44,0
121,785,18:45,0
121,786,18:46,0
121,787,18:47,0
121,788,18:48,0
121,789,18:49,0
121,790,18:50,0
121,791,18:51,0
121,792,18:52,0
121,793,18:53,0
121,794,18:54,0
121,795,18:55,0
121,796,18:56,0
121,797,18:57,0
121,798,18:58,0
121,799,18:59,0
121,800,19:00,0
121,801,19:01,0
121,802,19:02,0
121,803,19:03,0
121,804,19:04,0
121,805,19:05,0
121,806,19:06,0
121,807,19:07,0
121,808,19:08,0
121,809,19:09,0
121,810,19:10,0
121,811,19:11,0
121,812,19:12,0
121,813,19:13,0
121,814,19:14,0
121,815,19:15,0
121,816,19:16,0
121,817,19:17,0
121,818,19:18,0
121,819,19:19,0
121,820,19:20,0
121,821,19:21,0
121,822,19:22,0
121,823,19:23,0
121,824,19:24,0
121,825,19:25,0
121,826,19:26,0
121,827,19:27,0
121,828,19:28,0
121,829,19:29,0
121,830,19:30,0
121,831,19:31,0
121,832,19:32,0
121,833,19:33,0
121,834,19:34,0
121,835,19:35,0
122,0,05:40,0
122,1,05:41,0
122,2,05:42,0
122,3,05:43,0
122,4,05:44,0
122,5,05:45,0
122,6,05:46,0
122,7,05:47,0
122,8,05:48,0
122,9,05:49,0
122,10,05:50,0
122,11,05:51,0
122,12,05:52,0
122,13,05:53,0
122,14,05:54,0
122,15,05:55,0
122,16,05:56,0
122,17,05:57,0
122,18,05:58,0
122,19,05:59,0
122,20,06:00,0
122,21,06:01,0
122,22,06:02,0
122,23,06:03,0
122,24,06:04,0
122,25,06:05,0
122,26,06:06,0
122,27,06:07,0
122,28,06:08,0
122,29,06:09,0
122,30,06:10,0
122,31,06:11,0
122,32,06:12,0
122,33,06:13,0
122,34,06:14,0
122,35,06:15,0
122,36,06:16,0
122,37,06:17,0
122,38,06:18,0
122,39,06:19,0
122,40,06:20,0
122,41,06:21,0
122,42,06:22,0
122,43,06:23,0
122,44,06:24,0
122,45,06:25,0
122,46,06:26,0
122,47,06:27,0
122,48,06:28,0
122,49,06:29,0
122,50,06:30,0
122,51,06:31,0
122,52,06:32,0
122,53,06:33,0
122,54,06:34,0
122,55,06:35,0
122,56,06:36,0
122,57,06:37,0
122,58,06:38,0
122,59,06:39,0
122,60,06:40,0
122,61,06:41,0
122,62,06:42,0
122,63,06:43,0
122,64,06:44,0
122,65,06:45,0
122,66,06:46,0
122,67,06:47,0
122,68,06:48,0
122,69,06:49,0
122,70,06:50,0
122,71,06:51,0
122,72,06:52,0
122,73,06:53,0
122,74,06:54,0
122,75,06:55,0
122,76,06:56,0
122,77,06:57,0
122,78,06:58,0
122,79,06:59,0
122,80,07:00,0
122,81,07:01,0
122,82,07:02,0
122,83,07:03,0
122,84,07:04,0
122,85,07:05,0
122,86,07:06,0
122,87,07:07,0
122,88,07:08,0
122,89,07:09,0
122,90,07:10,0
122,91,07:11,0
122,92,07:12,0
122,93,07:13,0
122,94,07:14,0
122,95,07:15,0
122,96,07:16,0
122,97,07:17,0
122,98,07:18,0
122,99,07:19,0
122,100,07:20,0
122,101,07:21,0
122,102,07:22,0
122,103,07:23,0
122,104,07:24,0
122,105,07:25,0
122,106,07:26,0
122,107,07:27,0
122,108,07:28,0
122,109,07:29,0
122,110,07:30,0
122,111,07:31,0
122,112,07:32,0
122,113,07:33,0
122,114,07:34,0
122,115,07:35,0
122,116,07:36,0
122,117,07:37,0
122,118,07:38,0
122,119,07:39,0
122,120,07:40,0
122,121,07:41,0
122,122,07:42,0
122,123,07:43,0
122,124,07:44,0
122,125,07:45,0
122,126,07:46,0
122,127,07:47,0
122,128,07:48,0
122,129,07:49,0
122,130,07:50,0
122,131,07:51,0
122,132,07:52,0
122,133,07:53,0
122,134,07:54,0
122,135,07:55,0
122,136,07:56,0
122,137,07:57,0
122,138,07:58,0
122,139,07:59,0
122,140,08:00,0
122,141,08:01,0
122,142,08:02,0
122,143,08:03,0
122,144,08:04,0
122,145,08:05,0
122,146,08:06,0
122,147,08:07,0
122,148,08:08,0
122,149,08:09,0
122,150,08:10,0
122,151,08:11,0
122,152,08:12,0
122,153,08:13,0
122,154,08:14,0
122,155,08:15,0
122,156,08:16,0
122,157,08:17,0
122,158,08:18,0
122,159,08:19,0
122,160,08:20,0
122,161,08:21,0
122,162,08:22,0
122,163,08:23,0
122,164,08:24,0
122,165,08:25,0
122,166,08:26,0
122,167,08:27,0
122,168,08:28,1
122,169,08:29,1
122,170,08:30,1
122,171,08:31,1
122,172,08:32,1
122,173,08:33,1
122,174,08:34,1
122,175,08:35,1
122,176,08:36,1
122,177,08:37,1
122,178,08:38,1
122,179,08:39,0
122,180,08:40,0
122,181,08:41,0
122,182,08:42,0
122,183,08:43,0
122,184,08:44,0
122,185,08:45,1
122,186,08:46,1
122,187,08:47,1
122,188,08:48,1
122,189,08:49,1
122,190,08:50,1
122,191,08:51,1
122,192,08:52,1
122,193,08:53,1
122,194,08:54,0
122,195,08:55,0
122,196,08:56,0
122,197,08:57,0
122,198,08:58,0
122,199,08:59,0
122,200,09:00,0
122,201,09:01,0
122,202,09:02,0
122,203,09:03,0
122,204,09:04,0
122,205,09:05,0
122,206,09:06,0
122,207,09:07,0
122,208,09:08,0
122,209,09:09,0
122,210,09:10,0
122,211,09:11,0
122,212,09:12,0
122,213,09:13,0
122,214,09:14,0
122,215,09:15,0
122,216,09:16,0
122,217,09:17,0
122,218,09:18,0
122,219,09:19,0
122,220,09:20,0
122,221,09:21,0
122,222,09:22,0
122,223,09:23,0
122,224,09:24,0
122,225,09:25,0
122,226,09:26,0
122,227,09:27,0
122,228,09:28,0
122,229,09:29,0
122,230,09:30,0
122,231,09:31,0
122,232,09:32,0
122,233,09:33,0
122,234,09:34,0
122,235,09:35,0
122,236,09:36,0
122,237,09:37,0
122,238,09:38,0
122,239,09:39,0
122,240,09:40,0
122,241,09:41,0
122,242,09:42,0
122,243,09:43,0
122,244,09:44,0
122,245,09:45,0
122,246,09:46,0
122,247,09:47,0
122,248,09:48,0
122,249,09:49,0
122,250,09:50,0
122,251,09:51,0
122,252,09:52,0
122,253,09:53,0
122,254,09:54,0
122,255,09:55,0
122,256,09:56,0
122,257,09:57,0
122,258,09:58,0
122,259,09:59,0
122,260,10:00,0
122,261,10:01,0
122,262,10:02,0
122,263,10:03,0
122,264,10:04,0
122,265,10:05,0
122,266,10:06,0
122,267,10:07,0
122,268,10:08,0
122,269,10:09,0
122,270,10:10,0
122,271,10:11,0
122,272,10:12,0
122,273,10:13,0
122,274,10:14,0
122,275,10:15,0
122,276,10:16,0
122,277,10:17,0
122,278,10:18,0
122,279,10:19,0
122,280,10:20,0
122,281,10:21,0
122,282,10:22,0
122,283,10:23,0
122,284,10:24,0
122,285,10:25,0
122,286,10:26,0
122,287,10:27,0
122,288,10:28,0
122,289,10:29,0
122,290,10:30,0
122,291,10:31,0
122,292,10:32,0
122,293,10:33,0
122,294,10:34,0
122,295,10:35,0
122,296,10:36,0
122,297,10:37,0
122,298,10:38,0
122,299,10:39,0
122,300,10:40,0
122,301,10:41,0
122,302,10:42,0
122,303,10:43,0
122,304,10:44,0
122,305,10:45,0
122,306,10:46,1
122,307,10:47,1
122,308,10:48,1
122,309,10:49,1
122,310,10:50,1
122,311,10:51,1
122,312,10:52,1
122,313,10:53,1
122,314,10:54,1
122,315,10:55,1
122,316,10:56,1
122,317,10:57,0
122,318,10:58,0
122,319,10:59,0
122,320,11:00,0
122,321,11:01,0
122,322,11:02,0
122,323,11:03,0
122,324,11:04,0
122,325,11:05,0
122,326,11:06,0
122,327,11:07,0
122,328,11:08,0
122,329,11:09,0
122,330,11:10,0
122,331,11:11,0
122,332,11:12,0
122,333,11:13,0
122,334,11:14,0
122,335,11:15,0
122,336,11:16,0
122,337,11:17,0
122,338,11:18,0
122,339,11:19,0
122,340,11:20,0
122,341,11:21,0
122,342,11:22,0
122,343,11:23,0
122,344,11:24,0
122,345,11:25,0
122,346,11:26,0
122,347,11:27,0
122,348,11:28,0
122,349,11:29,0
122,350,11:30,0
122,351,11:31,0
122,352,11:32,0
122,353,11:33,0
122,354,11:34,0
122,355,11:35,0
122,356,11:36,0
122,357,11:37,0
122,358,11:38,0
122,359,11:39,0
122,360,11:40,0
122,361,11:41,0
122,362,11:42,0
122,363,11:43,0
122,364,11:44,0
122,365,11:45,0
122,366,11:46,0
122,367,11:47,0
122,368,11:48,0
122,369,11:49,0
122,370,11:50,0
122,371,11:51,0
122,372,11:52,0
122,373,11:53,0
122,374,11:54,0
122,375,11:55,0
122,376,11:56,0
122,377,11:57,0
122,378,11:58,0
122,379,11:59,0
122,380,12:00,0
122,381,12:01,0
122,382,12:02,0
122,383,12:03,0
122,384,12:04,0
122,385,12:05,0
122,386,12:06,0
122,387,12:07,0
122,388,12:08,0
122,389,12:09,0
122,390,12:10,0
122,391,12:11,0
122,392,12:12,0
122,393,12:13,0
122,394,12:14,0
122,395,12:15,0
122,396,12:16,0
122,397,12:17,0
122,398,12:18,0
122,399,12:19,0
122,400,12:20,0
122,401,12:21,0
122,402,12:22,0
122,403,12:23,0
122,404,12:24,0
122,405,12:25,0
122,406,12:26,0
122,407,12:27,0
122,408,12:28,0
122,409,12:29,0
122,410,12:30,0
122,411,12:31,0
122,412,12:32,0
122,413,12:33,0
122,414,12:34,0
122,415,12:35,0
122,416,12:36,0
122,417,12:37,0
122,418,12:38,0
122,419,12:39,0
122,420,12:40,0
122,421,12:41,0
122,422,12:42,0
122,423,12:43,0
122,424,12:44,0
122,425,12:45,0
122,426,12:46,0
122,427,12:47,0
122,428,12:48,0
122,429,12:49,0
122,430,12:50,0
122,431,12:51,0
122,432,12:52,0
122,433,12:53,0
122,434,12:54,0
122,435,12:55,0
122,436,12:56,0
122,437,12:57,0
122,438,12:58,0
122,439,12:59,0
122,440,13:00,0
122,441,13:01,0
122,442,13:02,0
122,443,13:03,0
122,444,13:04,0
122,445,13:05,0
122,446,13:06,0
122,447,13:07,0
122,448,13:08,0
122,449,13:09,0
122,450,13:10,0
122,451,13:11,0
122,452,13:12,0
122,453,13:13,0
122,454,13:14,0
122,455,13:15,0
122,456,13:16,0
122,457,13:17,0
122,458,13:18,0
122,459,13:19,0
122,460,13:20,0
122,461,13:21,0
122,462,13:22,0
122,463,13:23,0
122,464,13:24,0
122,465,13:25,0
122,466,13:26,0
122,467,13:27,0
122,468,13:28,0
122,469,13:29,0
122,470,13:30,0
122,471,13:31,0
122,472,13:32,0
122,473,13:33,0
122,474,13:34,0
122,475,13:35,0
122,476,13:36,0
122,477,13:37,0
122,478,13:38,0
122,479,13:39,0
122,480,13:40,0
122,481,13:41,1
122,482,13:42,1
122,483,13:43,1
122,484,13:44,1
122,485,13:45,2
122,486,13:46,2
122,487,13:47,2
122,488,13:48,3
122,489,13:49,3
122,490,13:50,3
122,491,13:51,3
122,492,13:52,3
122,493,13:53,3
122,494,13:54,3
122,495,13:55,3
122,496,13:56,3
122,497,13:57,3
122,498,13:58,3
122,499,13:59,3
122,500,14:00,3
122,501,14:01,3
122,502,14:02,2
122,503,14:03,2
122,504,14:04,2
122,505,14:05,1
122,506,14:06,1
122,507,14:07,1
122,508,14:08,0
122,509,14:09,0
122,510,14:10,0
122,511,14:11,1
122,512,14:12,1
122,513,14:13,1
122,514,14:14,1
122,515,14:15,1
122,516,14:16,1
122,517,14:17,1
122,518,14:18,1
122,519,14:19,1
122,520,14:20,1
122,521,14:21,1
122,522,14:22,1
122,523,14:23,1
122,524,14:24,0
122,525,14:25,0
122,526,14:26,0
122,527,14:27,0
122,528,14:28,0
122,529,14:29,0
122,530,14:30,0
122,531,14:31,0
122,532,14:32,0
122,533,14:33,1
122,534,14:34,1
122,535,14:35,1
122,536,14:36,1
122,537,14:37,1
122,538,14:38,1
122,539,14:39,1
122,540,14:40,1
122,541,14:41,1
122,542,14:42,1
122,543,14:43,1
122,544,14:44,1
122,545,14:45,1
122,546,14:46,1
122,547,14:47,1
122,548,14:48,1
122,549,14:49,1
122,550,14:50,1
122,551,14:51,1
122,552,14:52,1
122,553,14:53,1
122,554,14:54,1
122,555,14:55,1
122,556,14:56,1
122,557,14:57,1
122,558,14:58,1
122,559,14:59,1
122,560,15:00,0
122,561,15:01,0
122,562,15:02,0
122,563,15:03,0
122,564,15:04,0
122,565,15:05,0
122,566,15:06,0
122,567,15:07,0
122,568,15:08,0
122,569,15:09,0
122,570,15:10,0
122,571,15:11,0
122,572,15:12,0
122,573,15:13,0
122,574,15:14,0
122,575,15:15,0
122,576,15:16,0
122,577,15:17,0
122,578,15:18,0
122,579,15:19,0
122,580,15:20,0
122,581,15:21,0
122,582,15:22,0
122,583,15:23,0
122,584,15:24,0
122,585,15:25,0
122,586,15:26,0
122,587,15:27,0
122,588,15:28,0
122,589,15:29,0
122,590,15:30,0
122,591,15:31,0
122,592,15:32,0
122,593,15:33,0
122,594,15:34,0
122,595,15:35,0
122,596,15:36,0
122,597,15:37,0
122,598,15:38,0
122,599,15:39,0
122,600,15:40,0
122,601,15:41,0
122,602,15:42,0
122,603,15:43,0
122,604,15:44,0
122,605,15:45,0
122,606,15:46,0
122,607,15:47,0
122,608,15:48,0
122,609,15:49,0
122,610,15:50,0
122,611,15:51,0
122,612,15:52,0
122,613,15:53,0
122,614,15:54,0
122,615,15:55,0
122,616,15:56,0
122,617,15:57,0
122,618,15:58,0
122,619,15:59,0
122,620,16:00,0
122,621,16:01,0
122,622,16:02,0
122,623,16:03,0
122,624,16:04,0
122,625,16:05,0
122,626,16:06,0
122,627,16:07,0
122,628,16:08,0
122,629,16:09,0
122,630,16:10,0
122,631,16:11,0
122,632,16:12,0
122,633,16:13,0
122,634,16:14,0
122,635,16:15,0
122,636,16:16,0
122,637,16:17,0
122,638,16:18,0
122,639,16:19,0
122,640,16:20,0
122,641,16:21,0
122,642,16:22,0
122,643,16:23,0
122,644,16:24,0
122,645,16:25,0
122,646,16:26,0
122,647,16:27,0
122,648,16:28,0
122,649,16:29,0
122,650,16:30,0
122,651,16:31,0
122,652,16:32,0
122,653,16:33,0
122,654,16:34,0
122,655,16:35,0
122,656,16:36,0
122,657,16:37,0
122,658,16:38,0
122,659,16:39,0
122,660,16:40,0
122,661,16:41,0
122,662,16:42,0
122,663,16:43,0
122,664,16:44,0
122,665,16:45,0
122,666,16:46,0
122,667,16:47,0
122,668,16:48,0
122,669,16:49,0
122,670,16:50,0
122,671,16:51,0
122,672,16:52,0
122,673,16:53,0
122,674,16:54,1
122,675,16:55,1
122,676,16:56,1
122,677,16:57,1
122,678,16:58,1
122,679,16:59,1
122,680,17:00,1
122,681,17:01,1
122,682,17:02,1
122,683,17:03,1
122,684,17:04,1
122,685,17:05,1
122,686,17:06,1
122,687,17:07,1
122,688,17:08,1
122,689,17:09,1
122,690,17:10,1
122,691,17:11,1
122,692,17:12,1
122,693,17:13,1
122,694,17:14,1
122,695,17:15,1
122,696,17:16,1
122,697,17:17,1
122,698,17:18,1
122,699,17:19,1
122,700,17:20,1
122,701,17:21,0
122,702,17:22,0
122,703,17:23,0
122,704,17:24,0
122,705,17:25,0
122,706,17:26,0
122,707,17:27,0
122,708,17:28,0
122,709,17:29,0
122,710,17:30,0
122,711,17:31,0
122,712,17:32,0
122,713,17:33,0
122,714,17:34,0
122,715,17:35,0
122,716,17:36,0
122,717,17:37,0
122,718,17:38,0
122,719,17:39,0
122,720,17:40,0
122,721,17:41,0
122,722,17:42,0
122,723,17:43,0
122,724,17:44,0
122,725,17:45,0
122,726,17:46,0
122,727,17:47,0
122,728,17:48,0
122,729,17:49,0
122,730,17:50,0
122,731,17:51,0
122,732,17:52,0
122,733,17:53,0
122,734,17:54,0
122,735,17:55,0
122,736,17:56,0
122,737,17:57,0
122,738,17:58,0
122,739,17:59,0
122,740,18:00,0
122,741,18:01,0
122,742,18:02,0
122,743,18:03,0
122,744,18:04,0
122,745,18:05,0
122,746,18:06,0
122,747,18:07,0
122,748,18:08,0
122,749,18:09,0
122,750,18:10,0
122,751,18:11,0
122,752,18:12,0
122,753,18:13,0
122,754,18:14,0
122,755,18:15,0
122,756,18:16,0
122,757,18:17,0
122,758,18:18,0
122,759,18:19,0
122,760,18:20,0
122,761,18:21,0
122,762,18:22,0
122,763,18:23,0
122,764,18:24,0
122,765,18:25,0
122,766,18:26,0
122,767,18:27,0
122,768,18:28,0
122,769,18:29,0
122,770,18:30,0
122,771,18:31,0
122,772,18:32,0
122,773,18:33,0
122,774,18:34,0
122,775,18:35,0
122,776,18:36,0
122,777,18:37,0
122,778,18:38,0
122,779,18:39,0
122,780,18:40,0
122,781,18:41,0
122,782,18:42,0
122,783,18:43,0
122,784,18:44,0
122,785,18:45,0
122,786,18:46,0
122,787,18:47,0
122,788,18:48,0
122,789,18:49,0
122,790,18:50,0
122,791,18:51,0
122,792,18:52,0
122,793,18:53,0
122,794,18:54,0
122,795,18:55,0
122,796,18:56,0
122,797,18:57,0
122,798,18:58,0
122,799,18:59,0
122,800,19:00,0
122,801,19:01,0
122,802,19:02,0
122,803,19:03,0
122,804,19:04,0
122,805,19:05,0
122,806,19:06,0
122,807,19:07,0
122,808,19:08,0
122,809,19:09,0
122,810,19:10,0
122,811,19:11,0
122,812,19:12,0
122,813,19:13,0
122,814,19:14,0
122,815,19:15,0
122,816,19:16,0
122,817,19:17,0
122,818,19:18,0
122,819,19:19,0
122,820,19:20,0
122,821,19:21,0
122,822,19:22,0
122,823,19:23,0
122,824,19:24,0
122,825,19:25,0
122,826,19:26,0
122,827,19:27,0
122,828,19:28,0
122,829,19:29,0
122,830,19:30,0
122,831,19:31,0
122,832,19:32,0
122,833,19:33,0
122,834,19:34,0
122,835,19:35,0
123,0,05:40,0
123,1,05:41,0
123,2,05:42,0
123,3,05:43,0
123,4,05:44,0
123,5,05:45,0
123,6,05:46,0
123,7,05:47,0
123,8,05:48,0
123,9,05:49,0
123,10,05:50,0
123,11,05:51,0
123,12,05:52,0
123,13,05:53,0
123,14,05:54,0
123,15,05:55,0
123,16,05:56,0
123,17,05:57,0
123,18,05:58,0
123,19,05:59,0
123,20,06:00,0
123,21,06:01,0
123,22,06:02,0
123,23,06:03,0
123,24,06:04,0
123,25,06:05,0
123,26,06:06,0
123,27,06:07,0
123,28,06:08,0
123,29,06:09,0
123,30,06:10,0
123,31,06:11,0
123,32,06:12,0
123,33,06:13,0
123,34,06:14,0
123,35,06:15,0
123,36,06:16,0
123,37,06:17,0
123,38,06:18,0
123,39,06:19,0
123,40,06:20,0
123,41,06:21,0
123,42,06:22,0
123,43,06:23,0
123,44,06:24,0
123,45,06:25,0
123,46,06:26,0
123,47,06:27,0
123,48,06:28,0
123,49,06:29,0
123,50,06:30,0
123,51,06:31,0
123,52,06:32,0
123,53,06:33,0
123,54,06:34,0
123,55,06:35,0
123,56,06:36,0
123,57,06:37,0
123,58,06:38,0
123,59,06:39,0
123,60,06:40,0
123,61,06:41,0
123,62,06:42,0
123,63,06:43,0
123,64,06:44,0
123,65,06:45,0
123,66,06:46,0
123,67,06:47,0
123,68,06:48,0
123,69,06:49,0
123,70,06:50,0
123,71,06:51,0
123,72,06:52,0
123,73,06:53,0
123,74,06:54,0
123,75,06:55,0
123,76,06:56,0
123,77,06:57,0
123,78,06:58,0
123,79,06:59,0
123,80,07:00,0
123,81,07:01,0
123,82,07:02,0
123,83,07:03,0
123,84,07:04,0
123,85,07:05,0
123,86,07:06,0
123,87,07:07,0
123,88,07:08,0
123,89,07:09,0
123,90,07:10,0
123,91,07:11,0
123,92,07:12,0
123,93,07:13,0
123,94,07:14,0
123,95,07:15,0
123,96,07:16,0
123,97,07:17,0
123,98,07:18,0
123,99,07:19,0
123,100,07:20,0
123,101,07:21,0
123,102,07:22,0
123,103,07:23,0
123,104,07:24,0
123,105,07:25,0
123,106,07:26,0
123,107,07:27,0
123,108,07:28,0
123,109,07:29,0
123,110,07:30,0
123,111,07:31,0
123,112,07:32,0
123,113,07:33,0
123,114,07:34,0
123,115,07:35,0
123,116,07:36,0
123,117,07:37,0
123,118,07:38,0
123,119,07:39,0
123,120,07:40,0
123,121,07:41,0
123,122,07:42,0
123,123,07:43,0
123,124,07:44,0
123,125,07:45,0
123,126,07:46,0
123,127,07:47,0
123,128,07:48,0
123,129,07:49,0
123,130,07:50,0
123,131,07:51,0
123,132,07:52,0
123,133,07:53,0
123,134,07:54,0
123,135,07:55,0
123,136,07:56,0
123,137,07:57,0
123,138,07:58,0
123,139,07:59,0
123,140,08:00,0
123,141,08:01,0
123,142,08:02,0
123,143,08:03,0
123,144,08:04,0
123,145,08:05,0
123,146,08:06,0
123,147,08:07,0
123,148,08:08,0
123,149,08:09,0
123,150,08:10,0
123,151,08:11,0
123,152,08:12,0
123,153,08:13,0
123,154,08:14,0
123,155,08:15,0
123,156,08:16,0
123,157,08:17,0
123,158,08:18,0
123,159,08:19,0
123,160,08:20,0
123,161,08:21,0
123,162,08:22,0
123,163,08:23,0
123,164,08:24,0
123,165,08:25,0
123,166,08:26,0
123,167,08:27,0
123,168,08:28,0
123,169,08:29,0
123,170,08:30,0
123,171,08:31,0
123,172,08:32,0
123,173,08:33,0
123,174,08:34,0
123,175,08:35,0
123,176,08:36,0
123,177,08:37,0
123,178,08:38,0
123,179,08:39,0
123,180,08:40,0
123,181,08:41,0
123,182,08:42,0
123,183,08:43,0
123,184,08:44,0
123,185,08:45,0
123,186,08:46,0
123,187,08:47,0
123,188,08:48,0
123,189,08:49,0
123,190,08:50,0
123,191,08:51,0
123,192,08:52,0
123,193,08:53,0
123,194,08:54,0
123,195,08:55,0
123,196,08:56,0
123,197,08:57,0
123,198,08:58,0
123,199,08:59,0
123,200,09:00,0
123,201,09:01,0
123,202,09:02,0
123,203,09:03,0
123,204,09:04,0
123,205,09:05,0
123,206,09:06,0
123,207,09:07,0
123,208,09:08,0
123,209,09:09,0
123,210,09:10,0
123,211,09:11,0
123,212,09:12,0
123,213,09:13,0
123,214,09:14,0
123,215,09:15,0
123,216,09:16,0
123,217,09:17,0
123,218,09:18,0
123,219,09:19,0
123,220,09:20,0
123,221,09:21,0
123,222,09:22,0
123,223,09:23,0
123,224,09:24,0
123,225,09:25,0
123,226,09:26,0
123,227,09:27,0
123,228,09:28,0
123,229,09:29,0
123,230,09:30,0
123,231,09:31,0
123,232,09:32,0
123,233,09:33,0
123,234,09:34,0
123,235,09:35,0
123,236,09:36,0
123,237,09:37,0
123,238,09:38,0
123,239,09:39,0
123,240,09:40,0
123,241,09:41,0
123,242,09:42,0
123,243,09:43,0
123,244,09:44,0
123,245,09:45,0
123,246,09:46,0
123,247,09:47,0
123,248,09:48,0
123,249,09:49,0
123,250,09:50,0
123,251,09:51,0
123,252,09:52,0
123,253,09:53,0
123,254,09:54,0
123,255,09:55,0
123,256,09:56,0
123,257,09:57,0
123,258,09:58,0
123,259,09:59,0
123,260,10:00,0
123,261,10:01,0
123,262,10:02,0
123,263,10:03,0
123,264,10:04,0
123,265,10:05,0
123,266,10:06,0
123,267,10:07,0
123,268,10:08,0
123,269,10:09,0
123,270,10:10,0
123,271,10:11,0
123,272,10:12,0
123,273,10:13,0
123,274,10:14,0
123,275,10:15,0
123,276,10:16,0
123,277,10:17,0
123,278,10:18,0
123,279,10:19,0
123,280,10:20,0
123,281,10:21,0
123,282,10:22,0
123,283,10:23,0
123,284,10:24,0
123,285,10:25,0
123,286,10:26,0
123,287,10:27,0
123,288,10:28,0
123,289,10:29,0
123,290,10:30,0
123,291,10:31,0
123,292,10:32,0
123,293,10:33,0
123,294,10:34,0
123,295,10:35,0
123,296,10:36,0
123,297,10:37,0
123,298,10:38,0
123,299,10:39,0
123,300,10:40,0
123,301,10:41,0
123,302,10:42,0
123,303,10:43,0
123,304,10:44,0
123,305,10:45,0
123,306,10:46,0
123,307,10:47,1
123,308,10:48,1
123,309,10:49,1
123,310,10:50,1
123,311,10:51,1
123,312,10:52,1
123,313,10:53,1
123,314,10:54,1
123,315,10:55,1
123,316,10:56,1
123,317,10:57,0
123,318,10:58,0
123,319,10:59,0
123,320,11:00,0
123,321,11:01,0
123,322,11:02,0
123,323,11:03,0
123,324,11:04,0
123,325,11:05,0
123,326,11:06,0
123,327,11:07,0
123,328,11:08,0
123,329,11:09,0
123,330,11:10,0
123,331,11:11,0
123,332,11:12,0
123,333,11:13,0
123,334,11:14,0
123,335,11:15,0
123,336,11:16,0
123,337,11:17,0
123,338,11:18,0
123,339,11:19,0
123,340,11:20,0
123,341,11:21,0
123,342,11:22,0
123,343,11:23,0
123,344,11:24,0
123,345,11:25,0
123,346,11:26,0
123,347,11:27,0
123,348,11:28,0
123,349,11:29,0
123,350,11:30,0
123,351,11:31,0
123,352,11:32,0
123,353,11:33,0
123,354,11:34,0
123,355,11:35,0
123,356,11:36,0
123,357,11:37,0
123,358,11:38,0
123,359,11:39,0
123,360,11:40,0
123,361,11:41,0
123,362,11:42,0
123,363,11:43,0
123,364,11:44,0
123,365,11:45,0
123,366,11:46,0
123,367,11:47,0
123,368,11:48,0
123,369,11:49,0
123,370,11:50,0
123,371,11:51,0
123,372,11:52,0
123,373,11:53,0
123,374,11:54,0
123,375,11:55,0
123,376,11:56,0
123,377,11:57,0
123,378,11:58,0
123,379,11:59,0
123,380,12:00,0
123,381,12:01,0
123,382,12:02,0
123,383,12:03,0
123,384,12:04,0
123,385,12:05,0
123,386,12:06,0
123,387,12:07,0
123,388,12:08,0
123,389,12:09,0
123,390,12:10,0
123,391,12:11,0
123,392,12:12,0
123,393,12:13,0
123,394,12:14,0
123,395,12:15,0
123,396,12:16,0
123,397,12:17,0
123,398,12:18,0
123,399,12:19,0
123,400,12:20,0
123,401,12:21,0
123,402,12:22,0
123,403,12:23,0
123,404,12:24,0
123,405,12:25,0
123,406,12:26,0
123,407,12:27,0
123,408,12:28,0
123,409,12:29,0
123,410,12:30,0
123,411,12:31,0
123,412,12:32,0
123,413,12:33,0
123,414,12:34,0
123,415,12:35,0
123,416,12:36,0
123,417,12:37,0
123,418,12:38,0
123,419,12:39,0
123,420,12:40,0
123,421,12:41,0
123,422,12:42,0
123,423,12:43,0
123,424,12:44,0
123,425,12:45,0
123,426,12:46,0
123,427,12:47,0
123,428,12:48,0
123,429,12:49,0
123,430,12:50,0
123,431,12:51,0
123,432,12:52,0
123,433,12:53,0
123,434,12:54,0
123,435,12:55,0
123,436,12:56,0
123,437,12:57,0
123,438,12:58,0
123,439,12:59,0
123,440,13:00,0
123,441,13:01,0
123,442,13:02,0
123,443,13:03,0
123,444,13:04,0
123,445,13:05,0
123,446,13:06,0
123,447,13:07,0
123,448,13:08,0
123,449,13:09,0
123,450,13:10,0
123,451,13:11,0
123,452,13:12,0
123,453,13:13,0
123,454,13:14,0
123,455,13:15,0
123,456,13:16,0
123,457,13:17,0
123,458,13:18,0
123,459,13:19,0
123,460,13:20,0
123,461,13:21,0
123,462,13:22,0
123,463,13:23,0
123,464,13:24,0
123,465,13:25,0
123,466,13:26,0
123,467,13:27,1
123,468,13:28,1
123,469,13:29,1
123,470,13:30,3
123,471,13:31,3
123,472,13:32,3
123,473,13:33,3
123,474,13:34,3
123,475,13:35,3
123,476,13:36,3
123,477,13:37,3
123,478,13:38,3
123,479,13:39,3
123,480,13:40,1
123,481,13:41,1
123,482,13:42,1
123,483,13:43,0
123,484,13:44,0
123,485,13:45,0
123,486,13:46,1
123,487,13:47,1
123,488,13:48,1
123,489,13:49,1
123,490,13:50,1
123,491,13:51,1
123,492,13:52,1
123,493,13:53,1
123,494,13:54,1
123,495,13:55,1
123,496,13:56,2
123,497,13:57,2
123,498,13:58,2
123,499,13:59,1
123,500,14:00,1
123,501,14:01,1
123,502,14:02,1
123,503,14:03,1
123,504,14:04,1
123,505,14:05,1
123,506,14:06,1
123,507,14:07,1
123,508,14:08,1
123,509,14:09,1
123,510,14:10,1
123,511,14:11,1
123,512,14:12,0
123,513,14:13,0
123,514,14:14,0
123,515,14:15,0
123,516,14:16,0
123,517,14:17,0
123,518,14:18,0
123,519,14:19,0
123,520,14:20,0
123,521,14:21,0
123,522,14:22,0
123,523,14:23,0
123,524,14:24,2
123,525,14:25,2
123,526,14:26,2
123,527,14:27,2
123,528,14:28,2
123,529,14:29,2
123,530,14:30,2
123,531,14:31,2
123,532,14:32,2
123,533,14:33,2
123,534,14:34,0
123,535,14:35,0
123,536,14:36,0
123,537,14:37,0
123,538,14:38,0
123,539,14:39,0
123,540,14:40,0
123,541,14:41,1
123,542,14:42,1
123,543,14:43,1
123,544,14:44,1
123,545,14:45,1
123,546,14:46,1
123,547,14:47,1
123,548,14:48,1
123,549,14:49,1
123,550,14:50,1
123,551,14:51,1
123,552,14:52,1
123,553,14:53,1
123,554,14:54,1
123,555,14:55,0
123,556,14:56,0
123,557,14:57,0
123,558,14:58,0
123,559,14:59,0
123,560,15:00,1
123,561,15:01,1
123,562,15:02,1
123,563,15:03,2
123,564,15:04,2
123,565,15:05,2
123,566,15:06,2
123,567,15:07,2
123,568,15:08,2
123,569,15:09,2
123,570,15:10,2
123,571,15:11,2
123,572,15:12,2
123,573,15:13,2
123,574,15:14,2
123,575,15:15,2
123,576,15:16,2
123,577,15:17,2
123,578,15:18,1
123,579,15:19,1
123,580,15:20,1
123,581,15:21,0
123,582,15:22,0
123,583,15:23,0
123,584,15:24,0
123,585,15:25,0
123,586,15:26,0
123,587,15:27,0
123,588,15:28,0
123,589,15:29,0
123,590,15:30,0
123,591,15:31,0
123,592,15:32,0
123,593,15:33,0
123,594,15:34,0
123,595,15:35,0
123,596,15:36,0
123,597,15:37,0
123,598,15:38,0
123,599,15:39,0
123,600,15:40,0
123,601,15:41,0
123,602,15:42,0
123,603,15:43,0
123,604,15:44,0
123,605,15:45,0
123,606,15:46,0
123,607,15:47,0
123,608,15:48,0
123,609,15:49,0
123,610,15:50,0
123,611,15:51,0
123,612,15:52,0
123,613,15:53,0
123,614,15:54,0
123,615,15:55,0
123,616,15:56,0
123,617,15:57,0
123,618,15:58,0
123,619,15:59,0
123,620,16:00,0
123,621,16:01,0
123,622,16:02,0
123,623,16:03,0
123,624,16:04,0
123,625,16:05,0
123,626,16:06,0
123,627,16:07,0
123,628,16:08,0
123,629,16:09,0
123,630,16:10,0
123,631,16:11,0
123,632,16:12,0
123,633,16:13,0
123,634,16:14,0
123,635,16:15,0
123,636,16:16,0
123,637,16:17,0
123,638,16:18,0
123,639,16:19,0
123,640,16:20,0
123,641,16:21,0
123,642,16:22,0
123,643,16:23,0
123,644,16:24,0
123,645,16:25,0
123,646,16:26,0
123,647,16:27,1
123,648,16:28,1
123,649,16:29,1
123,650,16:30,2
123,651,16:31,2
123,652,16:32,2
123,653,16:33,3
123,654,16:34,3
123,655,16:35,3
123,656,16:36,3
123,657,16:37,3
123,658,16:38,3
123,659,16:39,3
123,660,16:40,3
123,661,16:41,3
123,662,16:42,3
123,663,16:43,3
123,664,16:44,3
123,665,16:45,3
123,666,16:46,3
123,667,16:47,3
123,668,16:48,3
123,669,16:49,2
123,670,16:50,2
123,671,16:51,2
123,672,16:52,1
123,673,16:53,1
123,674,16:54,1
123,675,16:55,0
123,676,16:56,0
123,677,16:57,0
123,678,16:58,0
123,679,16:59,0
123,680,17:00,0
123,681,17:01,0
123,682,17:02,0
123,683,17:03,0
123,684,17:04,0
123,685,17:05,0
123,686,17:06,0
123,687,17:07,0
123,688,17:08,0
123,689,17:09,0
123,690,17:10,0
123,691,17:11,0
123,692,17:12,0
123,693,17:13,0
123,694,17:14,0
123,695,17:15,0
123,696,17:16,0
123,697,17:17,0
123,698,17:18,0
123,699,17:19,0
123,700,17:20,0
123,701,17:21,0
123,702,17:22,0
123,703,17:23,0
123,704,17:24,0
123,705,17:25,0
123,706,17:26,0
123,707,17:27,0
123,708,17:28,0
123,709,17:29,0
123,710,17:30,0
123,711,17:31,0
123,712,17:32,0
123,713,17:33,0
123,714,17:34,0
123,715,17:35,0
123,716,17:36,0
123,717,17:37,0
123,718,17:38,0
123,719,17:39,0
123,720,17:40,0
123,721,17:41,0
123,722,17:42,0
123,723,17:43,0
123,724,17:44,0
123,725,17:45,0
123,726,17:46,0
123,727,17:47,0
123,728,17:48,0
123,729,17:49,0
123,730,17:50,0
123,731,17:51,0
123,732,17:52,0
123,733,17:53,0
123,734,17:54,0
123,735,17:55,0
123,736,17:56,0
123,737,17:57,0
123,738,17:58,0
123,739,17:59,0
123,740,18:00,0
123,741,18:01,0
123,742,18:02,0
123,743,18:03,0
123,744,18:04,0
123,745,18:05,0
123,746,18:06,0
123,747,18:07,0
123,748,18:08,0
123,749,18:09,0
123,750,18:10,0
123,751,18:11,0
123,752,18:12,0
123,753,18:13,0
123,754,18:14,0
123,755,18:15,0
123,756,18:16,0
123,757,18:17,0
123,758,18:18,0
123,759,18:19,0
123,760,18:20,0
123,761,18:21,0
123,762,18:22,0
123,763,18:23,0
123,764,18:24,0
123,765,18:25,0
123,766,18:26,0
123,767,18:27,0
123,768,18:28,0
123,769,18:29,0
123,770,18:30,0
123,771,18:31,0
123,772,18:32,0
123,773,18:33,0
123,774,18:34,0
123,775,18:35,0
123,776,18:36,0
123,777,18:37,0
123,778,18:38,0
123,779,18:39,0
123,780,18:40,0
123,781,18:41,0
123,782,18:42,0
123,783,18:43,0
123,784,18:44,0
123,785,18:45,0
123,786,18:46,0
123,787,18:47,0
123,788,18:48,0
123,789,18:49,0
123,790,18:50,0
123,791,18:51,0
123,792,18:52,0
123,793,18:53,0
123,794,18:54,0
123,795,18:55,0
123,796,18:56,0
123,797,18:57,0
123,798,18:58,0
123,799,18:59,0
123,800,19:00,0
123,801,19:01,0
123,802,19:02,0
123,803,19:03,0
123,804,19:04,0
123,805,19:05,0
123,806,19:06,0
123,807,19:07,0
123,808,19:08,0
123,809,19:09,0
123,810,19:10,0
123,811,19:11,0
123,812,19:12,0
123,813,19:13,0
123,814,19:14,0
123,815,19:15,0
123,816,19:16,0
123,817,19:17,0
123,818,19:18,0
123,819,19:19,0
123,820,19:20,0
123,821,19:21,0
123,822,19:22,0
123,823,19:23,0
123,824,19:24,0
123,825,19:25,0
123,826,19:26,0
123,827,19:27,0
123,828,19:28,0
123,829,19:29,0
123,830,19:30,0
123,831,19:31,0
123,832,19:32,0
123,833,19:33,0
123,834,19:34,0
123,835,19:35,0
124,0,05:40,0
124,1,05:41,0
124,2,05:42,0
124,3,05:43,0
124,4,05:44,0
124,5,05:45,0
124,6,05:46,0
124,7,05:47,0
124,8,05:48,0
124,9,05:49,0
124,10,05:50,0
124,11,05:51,0
124,12,05:52,0
124,13,05:53,0
124,14,05:54,0
124,15,05:55,0
124,16,05:56,0
124,17,05:57,0
124,18,05:58,0
124,19,05:59,0
124,20,06:00,0
124,21,06:01,0
124,22,06:02,0
124,23,06:03,0
124,24,06:04,0
124,25,06:05,0
124,26,06:06,0
124,27,06:07,0
124,28,06:08,0
124,29,06:09,0
124,30,06:10,0
124,31,06:11,0
124,32,06:12,0
124,33,06:13,0
124,34,06:14,0
124,35,06:15,0
124,36,06:16,0
124,37,06:17,0
124,38,06:18,0
124,39,06:19,0
124,40,06:20,0
124,41,06:21,0
124,42,06:22,0
124,43,06:23,0
124,44,06:24,0
124,45,06:25,0
124,46,06:26,0
124,47,06:27,0
124,48,06:28,0
124,49,06:29,0
124,50,06:30,0
124,51,06:31,0
124,52,06:32,0
124,53,06:33,0
124,54,06:34,0
124,55,06:35,0
124,56,06:36,0
124,57,06:37,0
124,58,06:38,0
124,59,06:39,0
124,60,06:40,0
124,61,06:41,0
124,62,06:42,0
124,63,06:43,0
124,64,06:44,0
124,65,06:45,0
124,66,06:46,0
124,67,06:47,0
124,68,06:48,0
124,69,06:49,0
124,70,06:50,0
124,71,06:51,0
124,72,06:52,0
124,73,06:53,0
124,74,06:54,0
124,75,06:55,0
124,76,06:56,0
124,77,06:57,0
124,78,06:58,0
124,79,06:59,0
124,80,07:00,0
124,81,07:01,0
124,82,07:02,0
124,83,07:03,0
124,84,07:04,0
124,85,07:05,0
124,86,07:06,0
124,87,07:07,0
124,88,07:08,0
124,89,07:09,0
124,90,07:10,0
124,91,07:11,0
124,92,07:12,0
124,93,07:13,0
124,94,07:14,0
124,95,07:15,0
124,96,07:16,0
124,97,07:17,0
124,98,07:18,0
124,99,07:19,0
124,100,07:20,0
124,101,07:21,0
124,102,07:22,0
124,103,07:23,0
124,104,07:24,0
124,105,07:25,0
124,106,07:26,0
124,107,07:27,0
124,108,07:28,0
124,109,07:29,0
124,110,07:30,0
124,111,07:31,0
124,112,07:32,0
124,113,07:33,0
124,114,07:34,0
124,115,07:35,0
124,116,07:36,0
124,117,07:37,0
124,118,07:38,0
124,119,07:39,0
124,120,07:40,0
124,121,07:41,0
124,122,07:42,0
124,123,07:43,0
124,124,07:44,0
124,125,07:45,0
124,126,07:46,0
124,127,07:47,0
124,128,07:48,0
124,129,07:49,0
124,130,07:50,0
124,131,07:51,0
124,132,07:52,0
124,133,07:53,0
124,134,07:54,0
124,135,07:55,0
124,136,07:56,0
124,137,07:57,0
124,138,07:58,0
124,139,07:59,0
124,140,08:00,0
124,141,08:01,0
124,142,08:02,0
124,143,08:03,0
124,144,08:04,0
124,145,08:05,0
124,146,08:06,0
124,147,08:07,1
124,148,08:08,1
124,149,08:09,1
124,150,08:10,3
124,151,08:11,3
124,152,08:12,3
124,153,08:13,4
124,154,08:14,4
124,155,08:15,4
124,156,08:16,4
124,157,08:17,4
124,158,08:18,4
124,159,08:19,4
124,160,08:20,4
124,161,08:21,4
124,162,08:22,4
124,163,08:23,2
124,164,08:24,2
124,165,08:25,2
124,166,08:26,1
124,167,08:27,1
124,168,08:28,1
124,169,08:29,1
124,170,08:30,1
124,171,08:31,1
124,172,08:32,1
124,173,08:33,1
124,174,08:34,1
124,175,08:35,1
124,176,08:36,0
124,177,08:37,0
124,178,08:38,0
124,179,08:39,1
124,180,08:40,1
124,181,08:41,1
124,182,08:42,1
124,183,08:43,1
124,184,08:44,1
124,185,08:45,1
124,186,08:46,1
124,187,08:47,1
124,188,08:48,1
124,189,08:49,1
124,190,08:50,1
124,191,08:51,0
124,192,08:52,0
124,193,08:53,0
124,194,08:54,0
124,195,08:55,0
124,196,08:56,0
124,197,08:57,0
124,198,08:58,0
124,199,08:59,0
124,200,09:00,0
124,201,09:01,0
124,202,09:02,0
124,203,09:03,0
124,204,09:04,0
124,205,09:05,0
124,206,09:06,0
124,207,09:07,0
124,208,09:08,0
124,209,09:09,0
124,210,09:10,0
124,211,09:11,0
124,212,09:12,0
124,213,09:13,0
124,214,09:14,0
124,215,09:15,0
124,216,09:16,0
124,217,09:17,0
124,218,09:18,0
124,219,09:19,0
124,220,09:20,0
124,221,09:21,0
124,222,09:22,0
124,223,09:23,0
124,224,09:24,0
124,225,09:25,0
124,226,09:26,0
124,227,09:27,0
124,228,09:28,0
124,229,09:29,0
124,230,09:30,0
124,231,09:31,0
124,232,09:32,0
124,233,09:33,0
124,234,09:34,0
124,235,09:35,0
124,236,09:36,0
124,237,09:37,0
124,238,09:38,0
124,239,09:39,0
124,240,09:40,0
124,241,09:41,0
124,242,09:42,0
124,243,09:43,0
124,244,09:44,0
124,245,09:45,0
124,246,09:46,0
124,247,09:47,0
124,248,09:48,0
124,249,09:49,0
124,250,09:50,0
124,251,09:51,0
124,252,09:52,0
124,253,09:53,0
124,254,09:54,0
124,255,09:55,0
124,256,09:56,0
124,257,09:57,0
124,258,09:58,0
124,259,09:59,0
124,260,10:00,0
124,261,10:01,0
124,262,10:02,0
124,263,10:03,0
124,264,10:04,0
124,265,10:05,0
124,266,10:06,0
124,267,10:07,0
124,268,10:08,0
124,269,10:09,0
124,270,10:10,0
124,271,10:11,0
124,272,10:12,0
124,273,10:13,0
124,274,10:14,0
124,275,10:15,0
124,276,10:16,0
124,277,10:17,0
124,278,10:18,0
124,279,10:19,0
124,280,10:20,0
124,281,10:21,0
124,282,10:22,0
124,283,10:23,0
124,284,10:24,0
124,285,10:25,0
124,286,10:26,0
124,287,10:27,0
124,288,10:28,0
124,289,10:29,0
124,290,10:30,0
124,291,10:31,0
124,292,10:32,0
124,293,10:33,0
124,294,10:34,0
124,295,10:35,0
124,296,10:36,0
124,297,10:37,0
124,298,10:38,0
124,299,10:39,0
124,300,10:40,0
124,301,10:41,0
124,302,10:42,0
124,303,10:43,0
124,304,10:44,0
124,305,10:45,0
124,306,10:46,0
124,307,10:47,0
124,308,10:48,0
124,309,10:49,0
124,310,10:50,0
124,311,10:51,0
124,312,10:52,0
124,313,10:53,0
124,314,10:54,0
124,315,10:55,0
124,316,10:56,0
124,317,10:57,0
124,318,10:58,0
124,319,10:59,0
124,320,11:00,0
124,321,11:01,0
124,322,11:02,0
124,323,11:03,0
124,324,11:04,0
124,325,11:05,0
124,326,11:06,0
124,327,11:07,1
124,328,11:08,1
124,329,11:09,1
124,330,11:10,1
124,331,11:11,1
124,332,11:12,1
124,333,11:13,1
124,334,11:14,1
124,335,11:15,1
124,336,11:16,1
124,337,11:17,0
124,338,11:18,0
124,339,11:19,0
124,340,11:20,0
124,341,11:21,0
124,342,11:22,0
124,343,11:23,0
124,344,11:24,0
124,345,11:25,0
124,346,11:26,0
124,347,11:27,0
124,348,11:28,0
124,349,11:29,0
124,350,11:30,0
124,351,11:31,0
124,352,11:32,0
124,353,11:33,0
124,354,11:34,0
124,355,11:35,0
124,356,11:36,0
124,357,11:37,0
124,358,11:38,0
124,359,11:39,0
124,360,11:40,0
124,361,11:41,0
124,362,11:42,0
124,363,11:43,0
124,364,11:44,0
124,365,11:45,0
124,366,11:46,0
124,367,11:47,0
124,368,11:48,0
124,369,11:49,0
124,370,11:50,0
124,371,11:51,0
124,372,11:52,0
124,373,11:53,0
124,374,11:54,0
124,375,11:55,0
124,376,11:56,0
124,377,11:57,0
124,378,11:58,0
124,379,11:59,0
124,380,12:00,0
124,381,12:01,0
124,382,12:02,0
124,383,12:03,0
124,384,12:04,0
124,385,12:05,0
124,386,12:06,0
124,387,12:07,0
124,388,12:08,0
124,389,12:09,0
124,390,12:10,0
124,391,12:11,0
124,392,12:12,0
124,393,12:13,0
124,394,12:14,0
124,395,12:15,0
124,396,12:16,0
124,397,12:17,0
124,398,12:18,0
124,399,12:19,0
124,400,12:20,0
124,401,12:21,0
124,402,12:22,0
124,403,12:23,0
124,404,12:24,0
124,405,12:25,0
124,406,12:26,0
124,407,12:27,0
124,408,12:28,0
124,409,12:29,0
124,410,12:30,0
124,411,12:31,0
124,412,12:32,0
124,413,12:33,0
124,414,12:34,0
124,415,12:35,0
124,416,12:36,0
124,417,12:37,0
124,418,12:38,0
124,419,12:39,0
124,420,12:40,0
124,421,12:41,0
124,422,12:42,0
124,423,12:43,0
124,424,12:44,0
124,425,12:45,0
124,426,12:46,0
124,427,12:47,0
124,428,12:48,0
124,429,12:49,0
124,430,12:50,0
124,431,12:51,0
124,432,12:52,0
124,433,12:53,0
124,434,12:54,0
124,435,12:55,0
124,436,12:56,0
124,437,12:57,0
124,438,12:58,0
124,439,12:59,0
124,440,13:00,0
124,441,13:01,0
124,442,13:02,0
124,443,13:03,0
124,444,13:04,0
124,445,13:05,0
124,446,13:06,0
124,447,13:07,0
124,448,13:08,0
124,449,13:09,0
124,450,13:10,0
124,451,13:11,0
124,452,13:12,0
124,453,13:13,0
124,454,13:14,0
124,455,13:15,0
124,456,13:16,0
124,457,13:17,0
124,458,13:18,0
124,459,13:19,0
124,460,13:20,0
124,461,13:21,0
124,462,13:22,0
124,463,13:23,0
124,464,13:24,0
124,465,13:25,0
124,466,13:26,0
124,467,13:27,0
124,468,13:28,0
124,469,13:29,0
124,470,13:30,0
124,471,13:31,0
124,472,13:32,0
124,473,13:33,0
124,474,13:34,0
124,475,13:35,0
124,476,13:36,0
124,477,13:37,0
124,478,13:38,0
124,479,13:39,0
124,480,13:40,0
124,481,13:41,0
124,482,13:42,0
124,483,13:43,0
124,484,13:44,0
124,485,13:45,0
124,486,13:46,0
124,487,13:47,0
124,488,13:48,0
124,489,13:49,0
124,490,13:50,0
124,491,13:51,0
124,492,13:52,0
124,493,13:53,0
124,494,13:54,0
124,495,13:55,0
124,496,13:56,0
124,497,13:57,0
124,498,13:58,0
124,499,13:59,0
124,500,14:00,0
124,501,14:01,0
124,502,14:02,0
124,503,14:03,0
124,504,14:04,0
124,505,14:05,0
124,506,14:06,0
124,507,14:07,0
124,508,14:08,0
124,509,14:09,0
124,510,14:10,0
124,511,14:11,0
124,512,14:12,0
124,513,14:13,0
124,514,14:14,0
124,515,14:15,0
124,516,14:16,0
124,517,14:17,0
124,518,14:18,0
124,519,14:19,0
124,520,14:20,0
124,521,14:21,0
124,522,14:22,0
124,523,14:23,0
124,524,14:24,0
124,525,14:25,0
124,526,14:26,0
124,527,14:27,0
124,528,14:28,0
124,529,14:29,0
124,530,14:30,0
124,531,14:31,0
124,532,14:32,0
124,533,14:33,0
124,534,14:34,0
124,535,14:35,0
124,536,14:36,0
124,537,14:37,0
124,538,14:38,0
124,539,14:39,0
124,540,14:40,1
124,541,14:41,1
124,542,14:42,1
124,543,14:43,1
124,544,14:44,1
124,545,14:45,1
124,546,14:46,1
124,547,14:47,1
124,548,14:48,1
124,549,14:49,2
124,550,14:50,2
124,551,14:51,2
124,552,14:52,2
124,553,14:53,2
124,554,14:54,2
124,555,14:55,2
124,556,14:56,2
124,557,14:57,2
124,558,14:58,2
124,559,14:59,2
124,560,15:00,2
124,561,15:01,2
124,562,15:02,2
124,563,15:03,2
124,564,15:04,2
124,565,15:05,2
124,566,15:06,2
124,567,15:07,1
124,568,15:08,1
124,569,15:09,1
124,570,15:10,0
124,571,15:11,0
124,572,15:12,0
124,573,15:13,0
124,574,15:14,0
124,575,15:15,0
124,576,15:16,0
124,577,15:17,0
124,578,15:18,0
124,579,15:19,0
124,580,15:20,0
124,581,15:21,0
124,582,15:22,0
124,583,15:23,0
124,584,15:24,0
124,585,15:25,0
124,586,15:26,0
124,587,15:27,0
124,588,15:28,0
124,589,15:29,0
124,590,15:30,0
124,591,15:31,0
124,592,15:32,0
124,593,15:33,0
124,594,15:34,0
124,595,15:35,0
124,596,15:36,0
124,597,15:37,0
124,598,15:38,0
124,599,15:39,0
124,600,15:40,0
124,601,15:41,0
124,602,15:42,0
124,603,15:43,0
124,604,15:44,0
124,605,15:45,0
124,606,15:46,0
124,607,15:47,0
124,608,15:48,0
124,609,15:49,0
124,610,15:50,0
124,611,15:51,0
124,612,15:52,0
124,613,15:53,0
124,614,15:54,0
124,615,15:55,0
124,616,15:56,0
124,617,15:57,0
124,618,15:58,0
124,619,15:59,0
124,620,16:00,0
124,621,16:01,0
124,622,16:02,0
124,623,16:03,0
124,624,16:04,0
124,625,16:05,0
124,626,16:06,0
124,627,16:07,0
124,628,16:08,0
124,629,16:09,0
124,630,16:10,0
124,631,16:11,0
124,632,16:12,0
124,633,16:13,0
124,634,16:14,0
124,635,16:15,0
124,636,16:16,0
124,637,16:17,0
124,638,16:18,0
124,639,16:19,0
124,640,16:20,0
124,641,16:21,0
124,642,16:22,0
124,643,16:23,0
124,644,16:24,0
124,645,16:25,0
124,646,16:26,0
124,647,16:27,0
124,648,16:28,0
124,649,16:29,0
124,650,16:30,0
124,651,16:31,0
124,652,16:32,0
124,653,16:33,0
124,654,16:34,0
124,655,16:35,0
124,656,16:36,0
124,657,16:37,0
124,658,16:38,0
124,659,16:39,0
124,660,16:40,0
124,661,16:41,0
124,662,16:42,0
124,663,16:43,0
124,664,16:44,0
124,665,16:45,0
124,666,16:46,0
124,667,16:47,0
124,668,16:48,0
124,669,16:49,0
124,670,16:50,0
124,671,16:51,0
124,672,16:52,0
124,673,16:53,0
124,674,16:54,0
124,675,16:55,0
124,676,16:56,0
124,677,16:57,0
124,678,16:58,0
124,679,16:59,0
124,680,17:00,0
124,681,17:01,0
124,682,17:02,0
124,683,17:03,0
124,684,17:04,0
124,685,17:05,0
124,686,17:06,0
124,687,17:07,0
124,688,17:08,0
124,689,17:09,0
124,690,17:10,0
124,691,17:11,0
124,692,17:12,0
124,693,17:13,0
124,694,17:14,0
124,695,17:15,0
124,696,17:16,0
124,697,17:17,0
124,698,17:18,0
124,699,17:19,0
124,700,17:20,0
124,701,17:21,0
124,702,17:22,0
124,703,17:23,0
124,704,17:24,0
124,705,17:25,0
124,706,17:26,0
124,707,17:27,0
124,708,17:28,0
124,709,17:29,0
124,710,17:30,0
124,711,17:31,0
124,712,17:32,0
124,713,17:33,0
124,714,17:34,0
124,715,17:35,0
124,716,17:36,0
124,717,17:37,0
124,718,17:38,0
124,719,17:39,0
124,720,17:40,0
124,721,17:41,0
124,722,17:42,0
124,723,17:43,0
124,724,17:44,0
124,725,17:45,0
124,726,17:46,0
124,727,17:47,0
124,728,17:48,0
124,729,17:49,0
124,730,17:50,0
124,731,17:51,0
124,732,17:52,0
124,733,17:53,0
124,734,17:54,0
124,735,17:55,0
124,736,17:56,0
124,737,17:57,0
124,738,17:58,0
124,739,17:59,0
124,740,18:00,0
124,741,18:01,0
124,742,18:02,0
124,743,18:03,0
124,744,18:04,0
124,745,18:05,0
124,746,18:06,0
124,747,18:07,0
124,748,18:08,0
124,749,18:09,0
124,750,18:10,0
124,751,18:11,0
124,752,18:12,0
124,753,18:13,0
124,754,18:14,0
124,755,18:15,0
124,756,18:16,0
124,757,18:17,0
124,758,18:18,0
124,759,18:19,0
124,760,18:20,1
124,761,18:21,1
124,762,18:22,1
124,763,18:23,1
124,764,18:24,1
124,765,18:25,1
124,766,18:26,1
124,767,18:27,1
124,768,18:28,1
124,769,18:29,1
124,770,18:30,1
124,771,18:31,1
124,772,18:32,1
124,773,18:33,1
124,774,18:34,1
124,775,18:35,1
124,776,18:36,1
124,777,18:37,1
124,778,18:38,1
124,779,18:39,1
124,780,18:40,1
124,781,18:41,1
124,782,18:42,1
124,783,18:43,0
124,784,18:44,0
124,785,18:45,0
124,786,18:46,0
124,787,18:47,0
124,788,18:48,0
124,789,18:49,0
124,790,18:50,0
124,791,18:51,0
124,792,18:52,0
124,793,18:53,0
124,794,18:54,0
124,795,18:55,0
124,796,18:56,0
124,797,18:57,0
124,798,18:58,0
124,799,18:59,0
124,800,19:00,0
124,801,19:01,0
124,802,19:02,0
124,803,19:03,0
124,804,19:04,0
124,805,19:05,0
124,806,19:06,0
124,807,19:07,0
124,808,19:08,0
124,809,19:09,0
124,810,19:10,0
124,811,19:11,0
124,812,19:12,0
124,813,19:13,0
124,814,19:14,0
124,815,19:15,0
124,816,19:16,0
124,817,19:17,0
124,818,19:18,0
124,819,19:19,0
124,820,19:20,0
124,821,19:21,0
124,822,19:22,0
124,823,19:23,0
124,824,19:24,0
124,825,19:25,0
124,826,19:26,0
124,827,19:27,0
124,828,19:28,0
124,829,19:29,0
124,830,19:30,0
124,831,19:31,0
124,832,19:32,0
124,833,19:33,0
124,834,19:34,0
124,835,19:35,0
125,0,05:40,0
125,1,05:41,0
125,2,05:42,0
125,3,05:43,0
125,4,05:44,0
125,5,05:45,0
125,6,05:46,0
125,7,05:47,0
125,8,05:48,0
125,9,05:49,0
125,10,05:50,0
125,11,05:51,0
125,12,05:52,0
125,13,05:53,0
125,14,05:54,0
125,15,05:55,0
125,16,05:56,0
125,17,05:57,0
125,18,05:58,0
125,19,05:59,0
125,20,06:00,0
125,21,06:01,0
125,22,06:02,0
125,23,06:03,0
125,24,06:04,0
125,25,06:05,0
125,26,06:06,0
125,27,06:07,0
125,28,06:08,0
125,29,06:09,0
125,30,06:10,0
125,31,06:11,0
125,32,06:12,0
125,33,06:13,0
125,34,06:14,0
125,35,06:15,0
125,36,06:16,0
125,37,06:17,0
125,38,06:18,0
125,39,06:19,0
125,40,06:20,0
125,41,06:21,0
125,42,06:22,0
125,43,06:23,0
125,44,06:24,0
125,45,06:25,0
125,46,06:26,0
125,47,06:27,0
125,48,06:28,0
125,49,06:29,0
125,50,06:30,0
125,51,06:31,0
125,52,06:32,0
125,53,06:33,0
125,54,06:34,0
125,55,06:35,0
125,56,06:36,0
125,57,06:37,0
125,58,06:38,0
125,59,06:39,0
125,60,06:40,0
125,61,06:41,0
125,62,06:42,0
125,63,06:43,0
125,64,06:44,0
125,65,06:45,0
125,66,06:46,0
125,67,06:47,0
125,68,06:48,0
125,69,06:49,0
125,70,06:50,0
125,71,06:51,0
125,72,06:52,0
125,73,06:53,0
125,74,06:54,0
125,75,06:55,0
125,76,06:56,0
125,77,06:57,0
125,78,06:58,0
125,79,06:59,0
125,80,07:00,0
125,81,07:01,0
125,82,07:02,0
125,83,07:03,0
125,84,07:04,0
125,85,07:05,0
125,86,07:06,0
125,87,07:07,0
125,88,07:08,0
125,89,07:09,0
125,90,07:10,0
125,91,07:11,0
125,92,07:12,0
125,93,07:13,0
125,94,07:14,0
125,95,07:15,0
125,96,07:16,0
125,97,07:17,0
125,98,07:18,0
125,99,07:19,0
125,100,07:20,0
125,101,07:21,0
125,102,07:22,0
125,103,07:23,0
125,104,07:24,0
125,105,07:25,0
125,106,07:26,0
125,107,07:27,0
125,108,07:28,0
125,109,07:29,0
125,110,07:30,0
125,111,07:31,0
125,112,07:32,0
125,113,07:33,0
125,114,07:34,0
125,115,07:35,0
125,116,07:36,0
125,117,07:37,0
125,118,07:38,0
125,119,07:39,0
125,120,07:40,0
125,121,07:41,0
125,122,07:42,0
125,123,07:43,0
125,124,07:44,0
125,125,07:45,0
125,126,07:46,0
125,127,07:47,0
125,128,07:48,0
125,129,07:49,0
125,130,07:50,0
125,131,07:51,0
125,132,07:52,0
125,133,07:53,0
125,134,07:54,0
125,135,07:55,0
125,136,07:56,0
125,137,07:57,0
125,138,07:58,0
125,139,07:59,0
125,140,08:00,0
125,141,08:01,0
125,142,08:02,0
125,143,08:03,0
125,144,08:04,0
125,145,08:05,0
125,146,08:06,0
125,147,08:07,0
125,148,08:08,0
125,149,08:09,0
125,150,08:10,0
125,151,08:11,0
125,152,08:12,0
125,153,08:13,0
125,154,08:14,0
125,155,08:15,1
125,156,08:16,1
125,157,08:17,1
125,158,08:18,2
125,159,08:19,2
125,160,08:20,2
125,161,08:21,2
125,162,08:22,2
125,163,08:23,2
125,164,08:24,2
125,165,08:25,2
125,166,08:26,2
125,167,08:27,2
125,168,08:28,2
125,169,08:29,2
125,170,08:30,2
125,171,08:31,1
125,172,08:32,1
125,173,08:33,1
125,174,08:34,0
125,175,08:35,0
125,176,08:36,0
125,177,08:37,0
125,178,08:38,0
125,179,08:39,0
125,180,08:40,0
125,181,08:41,0
125,182,08:42,0
125,183,08:43,0
125,184,08:44,0
125,185,08:45,0
125,186,08:46,0
125,187,08:47,0
125,188,08:48,0
125,189,08:49,0
125,190,08:50,0
125,191,08:51,0
125,192,08:52,0
125,193,08:53,0
125,194,08:54,0
125,195,08:55,0
125,196,08:56,0
125,197,08:57,0
125,198,08:58,0
125,199,08:59,0
125,200,09:00,0
125,201,09:01,0
125,202,09:02,0
125,203,09:03,0
125,204,09:04,0
125,205,09:05,0
125,206,09:06,0
125,207,09:07,0
125,208,09:08,0
125,209,09:09,0
125,210,09:10,0
125,211,09:11,0
125,212,09:12,0
125,213,09:13,0
125,214,09:14,0
125,215,09:15,0
125,216,09:16,0
125,217,09:17,0
125,218,09:18,0
125,219,09:19,0
125,220,09:20,0
125,221,09:21,0
125,222,09:22,0
125,223,09:23,0
125,224,09:24,0
125,225,09:25,0
125,226,09:26,0
125,227,09:27,0
125,228,09:28,0
125,229,09:29,0
125,230,09:30,0
125,231,09:31,0
125,232,09:32,0
125,233,09:33,0
125,234,09:34,0
125,235,09:35,0
125,236,09:36,0
125,237,09:37,0
125,238,09:38,0
125,239,09:39,0
125,240,09:40,0
125,241,09:41,0
125,242,09:42,0
125,243,09:43,0
125,244,09:44,0
125,245,09:45,0
125,246,09:46,0
125,247,09:47,0
125,248,09:48,0
125,249,09:49,0
125,250,09:50,0
125,251,09:51,0
125,252,09:52,0
125,253,09:53,0
125,254,09:54,0
125,255,09:55,0
125,256,09:56,0
125,257,09:57,0
125,258,09:58,0
125,259,09:59,0
125,260,10:00,0
125,261,10:01,0
125,262,10:02,0
125,263,10:03,0
125,264,10:04,0
125,265,10:05,0
125,266,10:06,0
125,267,10:07,0
125,268,10:08,0
125,269,10:09,0
125,270,10:10,0
125,271,10:11,0
125,272,10:12,0
125,273,10:13,0
125,274,10:14,0
125,275,10:15,0
125,276,10:16,0
125,277,10:17,0
125,278,10:18,0
125,279,10:19,0
125,280,10:20,0
125,281,10:21,0
125,282,10:22,0
125,283,10:23,0
125,284,10:24,0
125,285,10:25,0
125,286,10:26,0
125,287,10:27,0
125,288,10:28,0
125,289,10:29,0
125,290,10:30,0
125,291,10:31,0
125,292,10:32,0
125,293,10:33,0
125,294,10:34,0
125,295,10:35,0
125,296,10:36,0
125,297,10:37,0
125,298,10:38,0
125,299,10:39,0
125,300,10:40,0
125,301,10:41,0
125,302,10:42,0
125,303,10:43,0
125,304,10:44,0
125,305,10:45,0
125,306,10:46,0
125,307,10:47,0
125,308,10:48,0
125,309,10:49,0
125,310,10:50,0
125,311,10:51,0
125,312,10:52,0
125,313,10:53,0
125,314,10:54,0
125,315,10:55,0
125,316,10:56,0
125,317,10:57,0
125,318,10:58,0
125,319,10:59,0
125,320,11:00,0
125,321,11:01,0
125,322,11:02,0
125,323,11:03,0
125,324,11:04,0
125,325,11:05,0
125,326,11:06,0
125,327,11:07,0
125,328,11:08,0
125,329,11:09,0
125,330,11:10,0
125,331,11:11,0
125,332,11:12,0
125,333,11:13,0
125,334,11:14,0
125,335,11:15,0
125,336,11:16,0
125,337,11:17,0
125,338,11:18,0
125,339,11:19,0
125,340,11:20,0
125,341,11:21,0
125,342,11:22,0
125,343,11:23,0
125,344,11:24,0
125,345,11:25,0
125,346,11:26,0
125,347,11:27,0
125,348,11:28,0
125,349,11:29,0
125,350,11:30,0
125,351,11:31,0
125,352,11:32,0
125,353,11:33,0
125,354,11:34,0
125,355,11:35,0
125,356,11:36,0
125,357,11:37,0
125,358,11:38,0
125,359,11:39,0
125,360,11:40,0
125,361,11:41,0
125,362,11:42,0
125,363,11:43,0
125,364,11:44,0
125,365,11:45,0
125,366,11:46,0
125,367,11:47,0
125,368,11:48,0
125,369,11:49,0
125,370,11:50,0
125,371,11:51,0
125,372,11:52,0
125,373,11:53,0
125,374,11:54,0
125,375,11:55,0
125,376,11:56,0
125,377,11:57,0
125,378,11:58,0
125,379,11:59,0
125,380,12:00,0
125,381,12:01,0
125,382,12:02,0
125,383,12:03,0
125,384,12:04,0
125,385,12:05,0
125,386,12:06,0
125,387,12:07,0
125,388,12:08,0
125,389,12:09,0
125,390,12:10,0
125,391,12:11,0
125,392,12:12,0
125,393,12:13,0
125,394,12:14,0
125,395,12:15,0
125,396,12:16,0
125,397,12:17,0
125,398,12:18,0
125,399,12:19,0
125,400,12:20,0
125,401,12:21,0
125,402,12:22,0
125,403,12:23,0
125,404,12:24,0
125,405,12:25,0
125,406,12:26,0
125,407,12:27,0
125,408,12:28,0
125,409,12:29,0
125,410,12:30,0
125,411,12:31,0
125,412,12:32,0
125,413,12:33,0
125,414,12:34,0
125,415,12:35,0
125,416,12:36,0
125,417,12:37,0
125,418,12:38,0
125,419,12:39,0
125,420,12:40,0
125,421,12:41,0
125,422,12:42,0
125,423,12:43,0
125,424,12:44,0
125,425,12:45,0
125,426,12:46,0
125,427,12:47,0
125,428,12:48,0
125,429,12:49,0
125,430,12:50,0
125,431,12:51,0
125,432,12:52,0
125,433,12:53,0
125,434,12:54,0
125,435,12:55,0
125,436,12:56,0
125,437,12:57,0
125,438,12:58,0
125,439,12:59,0
125,440,13:00,0
125,441,13:01,0
125,442,13:02,0
125,443,13:03,0
125,444,13:04,0
125,445,13:05,0
125,446,13:06,0
125,447,13:07,0
125,448,13:08,0
125,449,13:09,0
125,450,13:10,0
125,451,13:11,0
125,452,13:12,0
125,453,13:13,0
125,454,13:14,0
125,455,13:15,0
125,456,13:16,0
125,457,13:17,0
125,458,13:18,0
125,459,13:19,0
125,460,13:20,0
125,461,13:21,0
125,462,13:22,0
125,463,13:23,0
125,464,13:24,0
125,465,13:25,0
125,466,13:26,0
125,467,13:27,0
125,468,13:28,0
125,469,13:29,0
125,470,13:30,0
125,471,13:31,0
125,472,13:32,0
125,473,13:33,0
125,474,13:34,0
125,475,13:35,0
125,476,13:36,0
125,477,13:37,0
125,478,13:38,0
125,479,13:39,0
125,480,13:40,0
125,481,13:41,0
125,482,13:42,0
125,483,13:43,0
125,484,13:44,0
125,485,13:45,0
125,486,13:46,0
125,487,13:47,0
125,488,13:48,0
125,489,13:49,0
125,490,13:50,0
125,491,13:51,0
125,492,13:52,0
125,493,13:53,0
125,494,13:54,0
125,495,13:55,0
125,496,13:56,0
125,497,13:57,0
125,498,13:58,0
125,499,13:59,0
125,500,14:00,0
125,501,14:01,0
125,502,14:02,0
125,503,14:03,0
125,504,14:04,0
125,505,14:05,0
125,506,14:06,0
125,507,14:07,0
125,508,14:08,0
125,509,14:09,0
125,510,14:10,0
125,511,14:11,0
125,512,14:12,0
125,513,14:13,0
125,514,14:14,0
125,515,14:15,0
125,516,14:16,0
125,517,14:17,0
125,518,14:18,0
125,519,14:19,0
125,520,14:20,0
125,521,14:21,0
125,522,14:22,0
125,523,14:23,0
125,524,14:24,0
125,525,14:25,0
125,526,14:26,0
125,527,14:27,0
125,528,14:28,0
125,529,14:29,0
125,530,14:30,0
125,531,14:31,0
125,532,14:32,0
125,533,14:33,0
125,534,14:34,0
125,535,14:35,0
125,536,14:36,0
125,537,14:37,0
125,538,14:38,0
125,539,14:39,0
125,540,14:40,0
125,541,14:41,0
125,542,14:42,0
125,543,14:43,0
125,544,14:44,1
125,545,14:45,1
125,546,14:46,1
125,547,14:47,2
125,548,14:48,2
125,549,14:49,2
125,550,14:50,2
125,551,14:51,2
125,552,14:52,2
125,553,14:53,2
125,554,14:54,2
125,555,14:55,2
125,556,14:56,2
125,557,14:57,2
125,558,14:58,2
125,559,14:59,2
125,560,15:00,2
125,561,15:01,2
125,562,15:02,2
125,563,15:03,2
125,564,15:04,2
125,565,15:05,1
125,566,15:06,1
125,567,15:07,1
125,568,15:08,1
125,569,15:09,1
125,570,15:10,1
125,571,15:11,0
125,572,15:12,0
125,573,15:13,0
125,574,15:14,0
125,575,15:15,0
125,576,15:16,0
125,577,15:17,0
125,578,15:18,0
125,579,15:19,0
125,580,15:20,0
125,581,15:21,0
125,582,15:22,0
125,583,15:23,0
125,584,15:24,0
125,585,15:25,0
125,586,15:26,0
125,587,15:27,0
125,588,15:28,0
125,589,15:29,0
125,590,15:30,0
125,591,15:31,0
125,592,15:32,0
125,593,15:33,0
125,594,15:34,0
125,595,15:35,0
125,596,15:36,0
125,597,15:37,0
125,598,15:38,0
125,599,15:39,0
125,600,15:40,0
125,601,15:41,0
125,602,15:42,0
125,603,15:43,0
125,604,15:44,0
125,605,15:45,0
125,606,15:46,0
125,607,15:47,0
125,608,15:48,0
125,609,15:49,0
125,610,15:50,0
125,611,15:51,0
125,612,15:52,0
125,613,15:53,0
125,614,15:54,0
125,615,15:55,0
125,616,15:56,0
125,617,15:57,0
125,618,15:58,0
125,619,15:59,0
125,620,16:00,0
125,621,16:01,0
125,622,16:02,0
125,623,16:03,0
125,624,16:04,0
125,625,16:05,0
125,626,16:06,0
125,627,16:07,0
125,628,16:08,0
125,629,16:09,0
125,630,16:10,0
125,631,16:11,0
125,632,16:12,0
125,633,16:13,0
125,634,16:14,0
125,635,16:15,0
125,636,16:16,0
125,637,16:17,0
125,638,16:18,0
125,639,16:19,0
125,640,16:20,0
125,641,16:21,0
125,642,16:22,0
125,643,16:23,0
125,644,16:24,0
125,645,16:25,0
125,646,16:26,0
125,647,16:27,0
125,648,16:28,0
125,649,16:29,0
125,650,16:30,0
125,651,16:31,0
125,652,16:32,0
125,653,16:33,0
125,654,16:34,0
125,655,16:35,0
125,656,16:36,0
125,657,16:37,0
125,658,16:38,0
125,659,16:39,0
125,660,16:40,0
125,661,16:41,0
125,662,16:42,0
125,663,16:43,0
125,664,16:44,0
125,665,16:45,0
125,666,16:46,0
125,667,16:47,0
125,668,16:48,0
125,669,16:49,0
125,670,16:50,0
125,671,16:51,0
125,672,16:52,0
125,673,16:53,0
125,674,16:54,0
125,675,16:55,0
125,676,16:56,1
125,677,16:57,1
125,678,16:58,1
125,679,16:59,1
125,680,17:00,1
125,681,17:01,1
125,682,17:02,1
125,683,17:03,1
125,684,17:04,1
125,685,17:05,0
125,686,17:06,0
125,687,17:07,0
125,688,17:08,1
125,689,17:09,1
125,690,17:10,1
125,691,17:11,3
125,692,17:12,3
125,693,17:13,3
125,694,17:14,3
125,695,17:15,3
125,696,17:16,3
125,697,17:17,3
125,698,17:18,3
125,699,17:19,3
125,700,17:20,2
125,701,17:21,2
125,702,17:22,2
125,703,17:23,2
125,704,17:24,2
125,705,17:25,2
125,706,17:26,2
125,707,17:27,2
125,708,17:28,2
125,709,17:29,2
125,710,17:30,2
125,711,17:31,2
125,712,17:32,2
125,713,17:33,2
125,714,17:34,2
125,715,17:35,2
125,716,17:36,2
125,717,17:37,2
125,718,17:38,2
125,719,17:39,0
125,720,17:40,0
125,721,17:41,0
125,722,17:42,0
125,723,17:43,0
125,724,17:44,0
125,725,17:45,0
125,726,17:46,0
125,727,17:47,0
125,728,17:48,0
125,729,17:49,0
125,730,17:50,0
125,731,17:51,0
125,732,17:52,0
125,733,17:53,0
125,734,17:54,0
125,735,17:55,0
125,736,17:56,0
125,737,17:57,0
125,738,17:58,0
125,739,17:59,0
125,740,18:00,0
125,741,18:01,0
125,742,18:02,0
125,743,18:03,0
125,744,18:04,0
125,745,18:05,0
125,746,18:06,0
125,747,18:07,0
125,748,18:08,0
125,749,18:09,0
125,750,18:10,0
125,751,18:11,0
125,752,18:12,0
125,753,18:13,0
125,754,18:14,0
125,755,18:15,0
125,756,18:16,0
125,757,18:17,0
125,758,18:18,0
125,759,18:19,0
125,760,18:20,0
125,761,18:21,0
125,762,18:22,0
125,763,18:23,0
125,764,18:24,0
125,765,18:25,0
125,766,18:26,0
125,767,18:27,0
125,768,18:28,0
125,769,18:29,0
125,770,18:30,0
125,771,18:31,0
125,772,18:32,0
125,773,18:33,0
125,774,18:34,0
125,775,18:35,0
125,776,18:36,0
125,777,18:37,0
125,778,18:38,0
125,779,18:39,0
125,780,18:40,0
125,781,18:41,0
125,782,18:42,0
125,783,18:43,0
125,784,18:44,0
125,785,18:45,0
125,786,18:46,0
125,787,18:47,0
125,788,18:48,0
125,789,18:49,0
125,790,18:50,0
125,791,18:51,0
125,792,18:52,0
125,793,18:53,0
125,794,18:54,0
125,795,18:55,0
125,796,18:56,0
125,797,18:57,0
125,798,18:58,0
125,799,18:59,0
125,800,19:00,0
125,801,19:01,0
125,802,19:02,0
125,803,19:03,0
125,804,19:04,0
125,805,19:05,0
125,806,19:06,0
125,807,19:07,0
125,808,19:08,0
125,809,19:09,0
125,810,19:10,0
125,811,19:11,0
125,812,19:12,0
125,813,19:13,0
125,814,19:14,0
125,815,19:15,0
125,816,19:16,0
125,817,19:17,0
125,818,19:18,0
125,819,19:19,0
125,820,19:20,0
125,821,19:21,0
125,822,19:22,0
125,823,19:23,0
125,824,19:24,0
125,825,19:25,0
125,826,19:26,0
125,827,19:27,0
125,828,19:28,0
125,829,19:29,0
125,830,19:30,0
125,831,19:31,0
125,832,19:32,0
125,833,19:33,0
125,834,19:34,0
125,835,19:35,0
126,0,05:40,0
126,1,05:41,0
126,2,05:42,0
126,3,05:43,0
126,4,05:44,0
126,5,05:45,0
126,6,05:46,0
126,7,05:47,0
126,8,05:48,0
126,9,05:49,0
126,10,05:50,0
126,11,05:51,0
126,12,05:52,0
126,13,05:53,0
126,14,05:54,0
126,15,05:55,0
126,16,05:56,0
126,17,05:57,0
126,18,05:58,0
126,19,05:59,0
126,20,06:00,0
126,21,06:01,0
126,22,06:02,0
126,23,06:03,0
126,24,06:04,0
126,25,06:05,0
126,26,06:06,0
126,27,06:07,0
126,28,06:08,0
126,29,06:09,0
126,30,06:10,0
126,31,06:11,0
126,32,06:12,0
126,33,06:13,0
126,34,06:14,0
126,35,06:15,0
126,36,06:16,0
126,37,06:17,0
126,38,06:18,0
126,39,06:19,0
126,40,06:20,0
126,41,06:21,0
126,42,06:22,0
126,43,06:23,0
126,44,06:24,0
126,45,06:25,0
126,46,06:26,0
126,47,06:27,0
126,48,06:28,0
126,49,06:29,0
126,50,06:30,0
126,51,06:31,0
126,52,06:32,0
126,53,06:33,0
126,54,06:34,0
126,55,06:35,0
126,56,06:36,0
126,57,06:37,0
126,58,06:38,0
126,59,06:39,0
126,60,06:40,0
126,61,06:41,0
126,62,06:42,0
126,63,06:43,0
126,64,06:44,0
126,65,06:45,0
126,66,06:46,0
126,67,06:47,0
126,68,06:48,0
126,69,06:49,0
126,70,06:50,0
126,71,06:51,0
126,72,06:52,0
126,73,06:53,0
126,74,06:54,0
126,75,06:55,0
126,76,06:56,0
126,77,06:57,0
126,78,06:58,0
126,79,06:59,0
126,80,07:00,0
126,81,07:01,0
126,82,07:02,0
126,83,07:03,0
126,84,07:04,0
126,85,07:05,0
126,86,07:06,0
126,87,07:07,0
126,88,07:08,0
126,89,07:09,0
126,90,07:10,0
126,91,07:11,0
126,92,07:12,0
126,93,07:13,0
126,94,07:14,0
126,95,07:15,0
126,96,07:16,0
126,97,07:17,0
126,98,07:18,0
126,99,07:19,0
126,100,07:20,0
126,101,07:21,0
126,102,07:22,0
126,103,07:23,0
126,104,07:24,0
126,105,07:25,0
126,106,07:26,0
126,107,07:27,0
126,108,07:28,0
126,109,07:29,0
126,110,07:30,0
126,111,07:31,0
126,112,07:32,0
126,113,07:33,0
126,114,07:34,0
126,115,07:35,0
126,116,07:36,0
126,117,07:37,0
126,118,07:38,0
126,119,07:39,0
126,120,07:40,0
126,121,07:41,0
126,122,07:42,0
126,123,07:43,0
126,124,07:44,0
126,125,07:45,0
126,126,07:46,0
126,127,07:47,0
126,128,07:48,0
126,129,07:49,0
126,130,07:50,0
126,131,07:51,0
126,132,07:52,0
126,133,07:53,0
126,134,07:54,0
126,135,07:55,0
126,136,07:56,0
126,137,07:57,0
126,138,07:58,0
126,139,07:59,0
126,140,08:00,0
126,141,08:01,0
126,142,08:02,0
126,143,08:03,0
126,144,08:04,0
126,145,08:05,0
126,146,08:06,0
126,147,08:07,0
126,148,08:08,0
126,149,08:09,0
126,150,08:10,0
126,151,08:11,0
126,152,08:12,0
126,153,08:13,0
126,154,08:14,0
126,155,08:15,0
126,156,08:16,0
126,157,08:17,0
126,158,08:18,0
126,159,08:19,0
126,160,08:20,0
126,161,08:21,0
126,162,08:22,0
126,163,08:23,0
126,164,08:24,0
126,165,08:25,0
126,166,08:26,0
126,167,08:27,0
126,168,08:28,0
126,169,08:29,0
126,170,08:30,0
126,171,08:31,0
126,172,08:32,0
126,173,08:33,0
126,174,08:34,0
126,175,08:35,0
126,176,08:36,0
126,177,08:37,0
126,178,08:38,0
126,179,08:39,0
126,180,08:40,0
126,181,08:41,0
126,182,08:42,0
126,183,08:43,0
126,184,08:44,0
126,185,08:45,0
126,186,08:46,0
126,187,08:47,0
126,188,08:48,0
126,189,08:49,0
126,190,08:50,0
126,191,08:51,0
126,192,08:52,0
126,193,08:53,0
126,194,08:54,0
126,195,08:55,0
126,196,08:56,0
126,197,08:57,0
126,198,08:58,0
126,199,08:59,0
126,200,09:00,0
126,201,09:01,0
126,202,09:02,0
126,203,09:03,0
126,204,09:04,0
126,205,09:05,0
126,206,09:06,0
126,207,09:07,0
126,208,09:08,0
126,209,09:09,0
126,210,09:10,0
126,211,09:11,0
126,212,09:12,0
126,213,09:13,0
126,214,09:14,0
126,215,09:15,0
126,216,09:16,0
126,217,09:17,0
126,218,09:18,0
126,219,09:19,0
126,220,09:20,0
126,221,09:21,0
126,222,09:22,0
126,223,09:23,0
126,224,09:24,0
126,225,09:25,0
126,226,09:26,0
126,227,09:27,0
126,228,09:28,0
126,229,09:29,0
126,230,09:30,0
126,231,09:31,0
126,232,09:32,0
126,233,09:33,0
126,234,09:34,0
126,235,09:35,0
126,236,09:36,0
126,237,09:37,0
126,238,09:38,0
126,239,09:39,0
126,240,09:40,0
126,241,09:41,0
126,242,09:42,0
126,243,09:43,0
126,244,09:44,0
126,245,09:45,0
126,246,09:46,0
126,247,09:47,0
126,248,09:48,0
126,249,09:49,0
126,250,09:50,0
126,251,09:51,0
126,252,09:52,0
126,253,09:53,0
126,254,09:54,0
126,255,09:55,0
126,256,09:56,0
126,257,09:57,0
126,258,09:58,0
126,259,09:59,0
126,260,10:00,0
126,261,10:01,0
126,262,10:02,0
126,263,10:03,0
126,264,10:04,0
126,265,10:05,0
126,266,10:06,0
126,267,10:07,0
126,268,10:08,0
126,269,10:09,0
126,270,10:10,0
126,271,10:11,0
126,272,10:12,0
126,273,10:13,0
126,274,10:14,0
126,275,10:15,0
126,276,10:16,0
126,277,10:17,0
126,278,10:18,0
126,279,10:19,0
126,280,10:20,0
126,281,10:21,0
126,282,10:22,0
126,283,10:23,0
126,284,10:24,0
126,285,10:25,0
126,286,10:26,0
126,287,10:27,0
126,288,10:28,0
126,289,10:29,0
126,290,10:30,0
126,291,10:31,0
126,292,10:32,0
126,293,10:33,0
126,294,10:34,0
126,295,10:35,0
126,296,10:36,0
126,297,10:37,0
126,298,10:38,0
126,299,10:39,0
126,300,10:40,0
126,301,10:41,0
126,302,10:42,0
126,303,10:43,0
126,304,10:44,0
126,305,10:45,0
126,306,10:46,0
126,307,10:47,0
126,308,10:48,0
126,309,10:49,0
126,310,10:50,0
126,311,10:51,0
126,312,10:52,0
126,313,10:53,0
126,314,10:54,0
126,315,10:55,0
126,316,10:56,0
126,317,10:57,0
126,318,10:58,0
126,319,10:59,0
126,320,11:00,0
126,321,11:01,0
126,322,11:02,0
126,323,11:03,0
126,324,11:04,0
126,325,11:05,0
126,326,11:06,0
126,327,11:07,0
126,328,11:08,0
126,329,11:09,0
126,330,11:10,0
126,331,11:11,0
126,332,11:12,0
126,333,11:13,0
126,334,11:14,0
126,335,11:15,0
126,336,11:16,0
126,337,11:17,0
126,338,11:18,0
126,339,11:19,0
126,340,11:20,0
126,341,11:21,0
126,342,11:22,0
126,343,11:23,0
126,344,11:24,0
126,345,11:25,0
126,346,11:26,0
126,347,11:27,0
126,348,11:28,0
126,349,11:29,0
126,350,11:30,0
126,351,11:31,0
126,352,11:32,0
126,353,11:33,0
126,354,11:34,0
126,355,11:35,0
126,356,11:36,0
126,357,11:37,0
126,358,11:38,0
126,359,11:39,0
126,360,11:40,0
126,361,11:41,0
126,362,11:42,0
126,363,11:43,0
126,364,11:44,0
126,365,11:45,0
126,366,11:46,0
126,367,11:47,0
126,368,11:48,0
126,369,11:49,0
126,370,11:50,0
126,371,11:51,0
126,372,11:52,0
126,373,11:53,0
126,374,11:54,0
126,375,11:55,0
126,376,11:56,0
126,377,11:57,0
126,378,11:58,0
126,379,11:59,0
126,380,12:00,0
126,381,12:01,0
126,382,12:02,0
126,383,12:03,0
126,384,12:04,0
126,385,12:05,0
126,386,12:06,0
126,387,12:07,0
126,388,12:08,0
126,389,12:09,0
126,390,12:10,0
126,391,12:11,0
126,392,12:12,0
126,393,12:13,0
126,394,12:14,0
126,395,12:15,0
126,396,12:16,0
126,397,12:17,0
126,398,12:18,0
126,399,12:19,0
126,400,12:20,0
126,401,12:21,0
126,402,12:22,0
126,403,12:23,0
126,404,12:24,0
126,405,12:25,0
126,406,12:26,0
126,407,12:27,0
126,408,12:28,0
126,409,12:29,0
126,410,12:30,0
126,411,12:31,0
126,412,12:32,0
126,413,12:33,0
126,414,12:34,0
126,415,12:35,0
126,416,12:36,0
126,417,12:37,0
126,418,12:38,0
126,419,12:39,0
126,420,12:40,0
126,421,12:41,0
126,422,12:42,0
126,423,12:43,0
126,424,12:44,0
126,425,12:45,0
126,426,12:46,0
126,427,12:47,0
126,428,12:48,0
126,429,12:49,0
126,430,12:50,0
126,431,12:51,0
126,432,12:52,0
126,433,12:53,0
126,434,12:54,0
126,435,12:55,0
126,436,12:56,0
126,437,12:57,0
126,438,12:58,0
126,439,12:59,0
126,440,13:00,0
126,441,13:01,0
126,442,13:02,0
126,443,13:03,0
126,444,13:04,0
126,445,13:05,0
126,446,13:06,0
126,447,13:07,0
126,448,13:08,0
126,449,13:09,0
126,450,13:10,0
126,451,13:11,0
126,452,13:12,0
126,453,13:13,0
126,454,13:14,0
126,455,13:15,0
126,456,13:16,0
126,457,13:17,0
126,458,13:18,0
126,459,13:19,0
126,460,13:20,0
126,461,13:21,0
126,462,13:22,0
126,463,13:23,0
126,464,13:24,0
126,465,13:25,0
126,466,13:26,0
126,467,13:27,0
126,468,13:28,0
126,469,13:29,0
126,470,13:30,0
126,471,13:31,0
126,472,13:32,0
126,473,13:33,0
126,474,13:34,0
126,475,13:35,0
126,476,13:36,0
126,477,13:37,0
126,478,13:38,0
126,479,13:39,0
126,480,13:40,0
126,481,13:41,0
126,482,13:42,0
126,483,13:43,0
126,484,13:44,0
126,485,13:45,0
126,486,13:46,0
126,487,13:47,0
126,488,13:48,0
126,489,13:49,0
126,490,13:50,0
126,491,13:51,0
126,492,13:52,0
126,493,13:53,0
126,494,13:54,0
126,495,13:55,0
126,496,13:56,0
126,497,13:57,0
126,498,13:58,0
126,499,13:59,0
126,500,14:00,0
126,501,14:01,0
126,502,14:02,0
126,503,14:03,0
126,504,14:04,0
126,505,14:05,0
126,506,14:06,0
126,507,14:07,0
126,508,14:08,0
126,509,14:09,0
126,510,14:10,0
126,511,14:11,0
126,512,14:12,0
126,513,14:13,0
126,514,14:14,0
126,515,14:15,0
126,516,14:16,0
126,517,14:17,0
126,518,14:18,0
126,519,14:19,0
126,520,14:20,0
126,521,14:21,0
126,522,14:22,0
126,523,14:23,0
126,524,14:24,0
126,525,14:25,0
126,526,14:26,0
126,527,14:27,0
126,528,14:28,0
126,529,14:29,0
126,530,14:30,0
126,531,14:31,0
126,532,14:32,0
126,533,14:33,0
126,534,14:34,0
126,535,14:35,0
126,536,14:36,0
126,537,14:37,0
126,538,14:38,0
126,539,14:39,0
126,540,14:40,0
126,541,14:41,0
126,542,14:42,0
126,543,14:43,0
126,544,14:44,0
126,545,14:45,0
126,546,14:46,0
126,547,14:47,0
126,548,14:48,0
126,549,14:49,0
126,550,14:50,0
126,551,14:51,0
126,552,14:52,0
126,553,14:53,0
126,554,14:54,0
126,555,14:55,0
126,556,14:56,0
126,557,14:57,0
126,558,14:58,0
126,559,14:59,0
126,560,15:00,0
126,561,15:01,0
126,562,15:02,0
126,563,15:03,0
126,564,15:04,0
126,565,15:05,0
126,566,15:06,0
126,567,15:07,0
126,568,15:08,0
126,569,15:09,0
126,570,15:10,0
126,571,15:11,0
126,572,15:12,0
126,573,15:13,0
126,574,15:14,0
126,575,15:15,0
126,576,15:16,0
126,577,15:17,0
126,578,15:18,0
126,579,15:19,0
126,580,15:20,0
126,581,15:21,0
126,582,15:22,0
126,583,15:23,0
126,584,15:24,0
126,585,15:25,0
126,586,15:26,0
126,587,15:27,0
126,588,15:28,0
126,589,15:29,0
126,590,15:30,0
126,591,15:31,0
126,592,15:32,0
126,593,15:33,0
126,594,15:34,0
126,595,15:35,0
126,596,15:36,0
126,597,15:37,0
126,598,15:38,0
126,599,15:39,0
126,600,15:40,0
126,601,15:41,0
126,602,15:42,0
126,603,15:43,0
126,604,15:44,0
126,605,15:45,0
126,606,15:46,0
126,607,15:47,0
126,608,15:48,0
126,609,15:49,0
126,610,15:50,0
126,611,15:51,0
126,612,15:52,0
126,613,15:53,0
126,614,15:54,0
126,615,15:55,0
126,616,15:56,0
126,617,15:57,0
126,618,15:58,0
126,619,15:59,0
126,620,16:00,0
126,621,16:01,0
126,622,16:02,0
126,623,16:03,0
126,624,16:04,0
126,625,16:05,0
126,626,16:06,0
126,627,16:07,0
126,628,16:08,0
126,629,16:09,0
126,630,16:10,0
126,631,16:11,0
126,632,16:12,0
126,633,16:13,0
126,634,16:14,0
126,635,16:15,0
126,636,16:16,0
126,637,16:17,0
126,638,16:18,0
126,639,16:19,0
126,640,16:20,0
126,641,16:21,0
126,642,16:22,0
126,643,16:23,0
126,644,16:24,0
126,645,16:25,0
126,646,16:26,0
126,647,16:27,1
126,648,16:28,1
126,649,16:29,1
126,650,16:30,1
126,651,16:31,1
126,652,16:32,1
126,653,16:33,1
126,654,16:34,1
126,655,16:35,1
126,656,16:36,1
126,657,16:37,1
126,658,16:38,1
126,659,16:39,1
126,660,16:40,1
126,661,16:41,1
126,662,16:42,1
126,663,16:43,1
126,664,16:44,1
126,665,16:45,0
126,666,16:46,0
126,667,16:47,0
126,668,16:48,0
126,669,16:49,0
126,670,16:50,0
126,671,16:51,0
126,672,16:52,0
126,673,16:53,0
126,674,16:54,0
126,675,16:55,0
126,676,16:56,0
126,677,16:57,0
126,678,16:58,0
126,679,16:59,0
126,680,17:00,0
126,681,17:01,0
126,682,17:02,0
126,683,17:03,0
126,684,17:04,0
126,685,17:05,0
126,686,17:06,0
126,687,17:07,0
126,688,17:08,0
126,689,17:09,0
126,690,17:10,0
126,691,17:11,0
126,692,17:12,0
126,693,17:13,0
126,694,17:14,0
126,695,17:15,0
126,696,17:16,0
126,697,17:17,0
126,698,17:18,0
126,699,17:19,0
126,700,17:20,0
126,701,17:21,0
126,702,17:22,0
126,703,17:23,0
126,704,17:24,0
126,705,17:25,0
126,706,17:26,0
126,707,17:27,0
126,708,17:28,0
126,709,17:29,0
126,710,17:30,0
126,711,17:31,0
126,712,17:32,0
126,713,17:33,0
126,714,17:34,0
126,715,17:35,0
126,716,17:36,0
126,717,17:37,0
126,718,17:38,0
126,719,17:39,0
126,720,17:40,0
126,721,17:41,0
126,722,17:42,0
126,723,17:43,0
126,724,17:44,0
126,725,17:45,0
126,726,17:46,0
126,727,17:47,0
126,728,17:48,0
126,729,17:49,0
126,730,17:50,0
126,731,17:51,0
126,732,17:52,0
126,733,17:53,0
126,734,17:54,0
126,735,17:55,0
126,736,17:56,0
126,737,17:57,0
126,738,17:58,0
126,739,17:59,0
126,740,18:00,0
126,741,18:01,0
126,742,18:02,0
126,743,18:03,0
126,744,18:04,0
126,745,18:05,0
126,746,18:06,0
126,747,18:07,0
126,748,18:08,0
126,749,18:09,0
126,750,18:10,0
126,751,18:11,0
126,752,18:12,0
126,753,18:13,0
126,754,18:14,0
126,755,18:15,0
126,756,18:16,0
126,757,18:17,0
126,758,18:18,0
126,759,18:19,0
126,760,18:20,0
126,761,18:21,0
126,762,18:22,0
126,763,18:23,0
126,764,18:24,0
126,765,18:25,0
126,766,18:26,0
126,767,18:27,0
126,768,18:28,0
126,769,18:29,0
126,770,18:30,0
126,771,18:31,0
126,772,18:32,0
126,773,18:33,0
126,774,18:34,0
126,775,18:35,0
126,776,18:36,0
126,777,18:37,0
126,778,18:38,0
126,779,18:39,0
126,780,18:40,0
126,781,18:41,0
126,782,18:42,0
126,783,18:43,0
126,784,18:44,0
126,785,18:45,0
126,786,18:46,0
126,787,18:47,0
126,788,18:48,0
126,789,18:49,0
126,790,18:50,0
126,791,18:51,0
126,792,18:52,0
126,793,18:53,0
126,794,18:54,0
126,795,18:55,0
126,796,18:56,0
126,797,18:57,0
126,798,18:58,0
126,799,18:59,0
126,800,19:00,0
126,801,19:01,0
126,802,19:02,0
126,803,19:03,0
126,804,19:04,0
126,805,19:05,0
126,806,19:06,0
126,807,19:07,0
126,808,19:08,0
126,809,19:09,0
126,810,19:10,0
126,811,19:11,0
126,812,19:12,0
126,813,19:13,0
126,814,19:14,0
126,815,19:15,0
126,816,19:16,0
126,817,19:17,0
126,818,19:18,0
126,819,19:19,0
126,820,19:20,0
126,821,19:21,0
126,822,19:22,0
126,823,19:23,0
126,824,19:24,0
126,825,19:25,0
126,826,19:26,0
126,827,19:27,0
126,828,19:28,0
126,829,19:29,0
126,830,19:30,0
126,831,19:31,0
126,832,19:32,0
126,833,19:33,0
126,834,19:34,0
126,835,19:35,0
127,0,05:40,0
127,1,05:41,0
127,2,05:42,0
127,3,05:43,0
127,4,05:44,0
127,5,05:45,0
127,6,05:46,0
127,7,05:47,0
127,8,05:48,0
127,9,05:49,0
127,10,05:50,0
127,11,05:51,0
127,12,05:52,0
127,13,05:53,0
127,14,05:54,0
127,15,05:55,0
127,16,05:56,0
127,17,05:57,0
127,18,05:58,0
127,19,05:59,0
127,20,06:00,0
127,21,06:01,0
127,22,06:02,0
127,23,06:03,0
127,24,06:04,0
127,25,06:05,0
127,26,06:06,0
127,27,06:07,0
127,28,06:08,0
127,29,06:09,0
127,30,06:10,0
127,31,06:11,0
127,32,06:12,0
127,33,06:13,0
127,34,06:14,0
127,35,06:15,0
127,36,06:16,0
127,37,06:17,0
127,38,06:18,0
127,39,06:19,0
127,40,06:20,0
127,41,06:21,0
127,42,06:22,0
127,43,06:23,0
127,44,06:24,0
127,45,06:25,0
127,46,06:26,0
127,47,06:27,0
127,48,06:28,0
127,49,06:29,0
127,50,06:30,0
127,51,06:31,0
127,52,06:32,0
127,53,06:33,0
127,54,06:34,0
127,55,06:35,0
127,56,06:36,0
127,57,06:37,0
127,58,06:38,0
127,59,06:39,0
127,60,06:40,0
127,61,06:41,0
127,62,06:42,0
127,63,06:43,0
127,64,06:44,0
127,65,06:45,0
127,66,06:46,0
127,67,06:47,0
127,68,06:48,0
127,69,06:49,0
127,70,06:50,0
127,71,06:51,0
127,72,06:52,0
127,73,06:53,0
127,74,06:54,0
127,75,06:55,0
127,76,06:56,0
127,77,06:57,0
127,78,06:58,0
127,79,06:59,0
127,80,07:00,0
127,81,07:01,0
127,82,07:02,0
127,83,07:03,0
127,84,07:04,0
127,85,07:05,0
127,86,07:06,0
127,87,07:07,0
127,88,07:08,0
127,89,07:09,0
127,90,07:10,0
127,91,07:11,0
127,92,07:12,0
127,93,07:13,0
127,94,07:14,0
127,95,07:15,0
127,96,07:16,0
127,97,07:17,0
127,98,07:18,0
127,99,07:19,0
127,100,07:20,0
127,101,07:21,0
127,102,07:22,0
127,103,07:23,0
127,104,07:24,0
127,105,07:25,0
127,106,07:26,0
127,107,07:27,0
127,108,07:28,0
127,109,07:29,0
127,110,07:30,0
127,111,07:31,0
127,112,07:32,0
127,113,07:33,0
127,114,07:34,0
127,115,07:35,0
127,116,07:36,0
127,117,07:37,0
127,118,07:38,0
127,119,07:39,0
127,120,07:40,0
127,121,07:41,0
127,122,07:42,0
127,123,07:43,0
127,124,07:44,0
127,125,07:45,0
127,126,07:46,0
127,127,07:47,0
127,128,07:48,0
127,129,07:49,0
127,130,07:50,0
127,131,07:51,0
127,132,07:52,0
127,133,07:53,0
127,134,07:54,0
127,135,07:55,0
127,136,07:56,0
127,137,07:57,0
127,138,07:58,0
127,139,07:59,0
127,140,08:00,0
127,141,08:01,0
127,142,08:02,1
127,143,08:03,1
127,144,08:04,1
127,145,08:05,1
127,146,08:06,1
127,147,08:07,1
127,148,08:08,2
127,149,08:09,2
127,150,08:10,2
127,151,08:11,2
127,152,08:12,2
127,153,08:13,2
127,154,08:14,2
127,155,08:15,2
127,156,08:16,2
127,157,08:17,2
127,158,08:18,2
127,159,08:19,2
127,160,08:20,2
127,161,08:21,2
127,162,08:22,2
127,163,08:23,2
127,164,08:24,2
127,165,08:25,1
127,166,08:26,1
127,167,08:27,1
127,168,08:28,0
127,169,08:29,0
127,170,08:30,0
127,171,08:31,2
127,172,08:32,2
127,173,08:33,2
127,174,08:34,3
127,175,08:35,3
127,176,08:36,3
127,177,08:37,3
127,178,08:38,3
127,179,08:39,3
127,180,08:40,3
127,181,08:41,3
127,182,08:42,3
127,183,08:43,3
127,184,08:44,3
127,185,08:45,1
127,186,08:46,1
127,187,08:47,1
127,188,08:48,1
127,189,08:49,1
127,190,08:50,1
127,191,08:51,0
127,192,08:52,0
127,193,08:53,0
127,194,08:54,1
127,195,08:55,1
127,196,08:56,1
127,197,08:57,2
127,198,08:58,2
127,199,08:59,2
127,200,09:00,2
127,201,09:01,2
127,202,09:02,2
127,203,09:03,2
127,204,09:04,2
127,205,09:05,2
127,206,09:06,1
127,207,09:07,1
127,208,09:08,1
127,209,09:09,0
127,210,09:10,0
127,211,09:11,0
127,212,09:12,0
127,213,09:13,0
127,214,09:14,0
127,215,09:15,0
127,216,09:16,0
127,217,09:17,0
127,218,09:18,0
127,219,09:19,0
127,220,09:20,0
127,221,09:21,0
127,222,09:22,0
127,223,09:23,0
127,224,09:24,0
127,225,09:25,0
127,226,09:26,0
127,227,09:27,0
127,228,09:28,0
127,229,09:29,0
127,230,09:30,0
127,231,09:31,0
127,232,09:32,0
127,233,09:33,0
127,234,09:34,0
127,235,09:35,0
127,236,09:36,0
127,237,09:37,0
127,238,09:38,0
127,239,09:39,0
127,240,09:40,0
127,241,09:41,0
127,242,09:42,0
127,243,09:43,0
127,244,09:44,0
127,245,09:45,0
127,246,09:46,0
127,247,09:47,0
127,248,09:48,0
127,249,09:49,0
127,250,09:50,0
127,251,09:51,0
127,252,09:52,0
127,253,09:53,0
127,254,09:54,0
127,255,09:55,0
127,256,09:56,0
127,257,09:57,0
127,258,09:58,0
127,259,09:59,0
127,260,10:00,0
127,261,10:01,0
127,262,10:02,0
127,263,10:03,0
127,264,10:04,0
127,265,10:05,0
127,266,10:06,0
127,267,10:07,0
127,268,10:08,0
127,269,10:09,0
127,270,10:10,0
127,271,10:11,0
127,272,10:12,0
127,273,10:13,0
127,274,10:14,0
127,275,10:15,0
127,276,10:16,0
127,277,10:17,0
127,278,10:18,0
127,279,10:19,0
127,280,10:20,0
127,281,10:21,0
127,282,10:22,0
127,283,10:23,0
127,284,10:24,0
127,285,10:25,0
127,286,10:26,0
127,287,10:27,0
127,288,10:28,0
127,289,10:29,0
127,290,10:30,0
127,291,10:31,0
127,292,10:32,0
127,293,10:33,0
127,294,10:34,0
127,295,10:35,0
127,296,10:36,0
127,297,10:37,0
127,298,10:38,0
127,299,10:39,0
127,300,10:40,0
127,301,10:41,0
127,302,10:42,0
127,303,10:43,0
127,304,10:44,0
127,305,10:45,0
127,306,10:46,0
127,307,10:47,0
127,308,10:48,0
127,309,10:49,0
127,310,10:50,0
127,311,10:51,0
127,312,10:52,0
127,313,10:53,0
127,314,10:54,0
127,315,10:55,1
127,316,10:56,1
127,317,10:57,1
127,318,10:58,1
127,319,10:59,1
127,320,11:00,1
127,321,11:01,1
127,322,11:02,1
127,323,11:03,1
127,324,11:04,1
127,325,11:05,1
127,326,11:06,1
127,327,11:07,1
127,328,11:08,1
127,329,11:09,1
127,330,11:10,1
127,331,11:11,1
127,332,11:12,1
127,333,11:13,1
127,334,11:14,1
127,335,11:15,1
127,336,11:16,1
127,337,11:17,0
127,338,11:18,0
127,339,11:19,0
127,340,11:20,0
127,341,11:21,0
127,342,11:22,0
127,343,11:23,0
127,344,11:24,0
127,345,11:25,0
127,346,11:26,0
127,347,11:27,0
127,348,11:28,0
127,349,11:29,0
127,350,11:30,0
127,351,11:31,0
127,352,11:32,0
127,353,11:33,0
127,354,11:34,0
127,355,11:35,0
127,356,11:36,0
127,357,11:37,0
127,358,11:38,0
127,359,11:39,0
127,360,11:40,0
127,361,11:41,0
127,362,11:42,0
127,363,11:43,0
127,364,11:44,0
127,365,11:45,0
127,366,11:46,0
127,367,11:47,0
127,368,11:48,0
127,369,11:49,0
127,370,11:50,0
127,371,11:51,0
127,372,11:52,0
127,373,11:53,0
127,374,11:54,0
127,375,11:55,0
127,376,11:56,0
127,377,11:57,0
127,378,11:58,0
127,379,11:59,0
127,380,12:00,0
127,381,12:01,0
127,382,12:02,0
127,383,12:03,0
127,384,12:04,0
127,385,12:05,0
127,386,12:06,0
127,387,12:07,0
127,388,12:08,0
127,389,12:09,0
127,390,12:10,0
127,391,12:11,0
127,392,12:12,0
127,393,12:13,0
127,394,12:14,0
127,395,12:15,0
127,396,12:16,0
127,397,12:17,0
127,398,12:18,0
127,399,12:19,0
127,400,12:20,0
127,401,12:21,0
127,402,12:22,0
127,403,12:23,0
127,404,12:24,0
127,405,12:25,0
127,406,12:26,0
127,407,12:27,0
127,408,12:28,0
127,409,12:29,0
127,410,12:30,0
127,411,12:31,0
127,412,12:32,0
127,413,12:33,0
127,414,12:34,0
127,415,12:35,0
127,416,12:36,0
127,417,12:37,0
127,418,12:38,0
127,419,12:39,0
127,420,12:40,0
127,421,12:41,0
127,422,12:42,0
127,423,12:43,0
127,424,12:44,0
127,425,12:45,0
127,426,12:46,0
127,427,12:47,0
127,428,12:48,0
127,429,12:49,0
127,430,12:50,0
127,431,12:51,0
127,432,12:52,0
127,433,12:53,0
127,434,12:54,0
127,435,12:55,0
127,436,12:56,0
127,437,12:57,0
127,438,12:58,0
127,439,12:59,0
127,440,13:00,0
127,441,13:01,0
127,442,13:02,0
127,443,13:03,0
127,444,13:04,0
127,445,13:05,0
127,446,13:06,0
127,447,13:07,0
127,448,13:08,0
127,449,13:09,0
127,450,13:10,0
127,451,13:11,0
127,452,13:12,0
127,453,13:13,0
127,454,13:14,0
127,455,13:15,0
127,456,13:16,0
127,457,13:17,0
127,458,13:18,0
127,459,13:19,0
127,460,13:20,0
127,461,13:21,0
127,462,13:22,0
127,463,13:23,0
127,464,13:24,0
127,465,13:25,0
127,466,13:26,0
127,467,13:27,0
127,468,13:28,0
127,469,13:29,0
127,470,13:30,0
127,471,13:31,0
127,472,13:32,0
127,473,13:33,0
127,474,13:34,0
127,475,13:35,0
127,476,13:36,0
127,477,13:37,0
127,478,13:38,0
127,479,13:39,0
127,480,13:40,0
127,481,13:41,0
127,482,13:42,0
127,483,13:43,0
127,484,13:44,0
127,485,13:45,0
127,486,13:46,0
127,487,13:47,0
127,488,13:48,0
127,489,13:49,0
127,490,13:50,0
127,491,13:51,0
127,492,13:52,0
127,493,13:53,0
127,494,13:54,0
127,495,13:55,0
127,496,13:56,0
127,497,13:57,0
127,498,13:58,0
127,499,13:59,0
127,500,14:00,0
127,501,14:01,0
127,502,14:02,0
127,503,14:03,0
127,504,14:04,0
127,505,14:05,0
127,506,14:06,0
127,507,14:07,0
127,508,14:08,0
127,509,14:09,0
127,510,14:10,0
127,511,14:11,0
127,512,14:12,0
127,513,14:13,0
127,514,14:14,0
127,515,14:15,0
127,516,14:16,0
127,517,14:17,0
127,518,14:18,0
127,519,14:19,0
127,520,14:20,0
127,521,14:21,0
127,522,14:22,0
127,523,14:23,0
127,524,14:24,0
127,525,14:25,0
127,526,14:26,0
127,527,14:27,0
127,528,14:28,0
127,529,14:29,0
127,530,14:30,0
127,531,14:31,0
127,532,14:32,0
127,533,14:33,0
127,534,14:34,0
127,535,14:35,0
127,536,14:36,0
127,537,14:37,0
127,538,14:38,0
127,539,14:39,0
127,540,14:40,0
127,541,14:41,0
127,542,14:42,0
127,543,14:43,0
127,544,14:44,0
127,545,14:45,0
127,546,14:46,0
127,547,14:47,0
127,548,14:48,0
127,549,14:49,0
127,550,14:50,0
127,551,14:51,0
127,552,14:52,0
127,553,14:53,0
127,554,14:54,0
127,555,14:55,0
127,556,14:56,0
127,557,14:57,0
127,558,14:58,0
127,559,14:59,0
127,560,15:00,0
127,561,15:01,0
127,562,15:02,0
127,563,15:03,0
127,564,15:04,0
127,565,15:05,0
127,566,15:06,0
127,567,15:07,0
127,568,15:08,0
127,569,15:09,0
127,570,15:10,0
127,571,15:11,0
127,572,15:12,0
127,573,15:13,0
127,574,15:14,0
127,575,15:15,0
127,576,15:16,0
127,577,15:17,0
127,578,15:18,0
127,579,15:19,0
127,580,15:20,0
127,581,15:21,0
127,582,15:22,0
127,583,15:23,0
127,584,15:24,0
127,585,15:25,0
127,586,15:26,1
127,587,15:27,1
127,588,15:28,1
127,589,15:29,2
127,590,15:30,2
127,591,15:31,2
127,592,15:32,3
127,593,15:33,3
127,594,15:34,3
127,595,15:35,3
127,596,15:36,3
127,597,15:37,3
127,598,15:38,3
127,599,15:39,3
127,600,15:40,3
127,601,15:41,3
127,602,15:42,3
127,603,15:43,2
127,604,15:44,2
127,605,15:45,2
127,606,15:46,1
127,607,15:47,1
127,608,15:48,1
127,609,15:49,0
127,610,15:50,0
127,611,15:51,0
127,612,15:52,0
127,613,15:53,0
127,614,15:54,0
127,615,15:55,0
127,616,15:56,0
127,617,15:57,0
127,618,15:58,0
127,619,15:59,0
127,620,16:00,0
127,621,16:01,0
127,622,16:02,0
127,623,16:03,0
127,624,16:04,0
127,625,16:05,0
127,626,16:06,0
127,627,16:07,0
127,628,16:08,0
127,629,16:09,0
127,630,16:10,0
127,631,16:11,0
127,632,16:12,0
127,633,16:13,0
127,634,16:14,0
127,635,16:15,0
127,636,16:16,0
127,637,16:17,0
127,638,16:18,0
127,639,16:19,0
127,640,16:20,0
127,641,16:21,0
127,642,16:22,0
127,643,16:23,0
127,644,16:24,0
127,645,16:25,0
127,646,16:26,0
127,647,16:27,0
127,648,16:28,0
127,649,16:29,0
127,650,16:30,0
127,651,16:31,0
127,652,16:32,0
127,653,16:33,0
127,654,16:34,0
127,655,16:35,0
127,656,16:36,0
127,657,16:37,0
127,658,16:38,0
127,659,16:39,0
127,660,16:40,0
127,661,16:41,0
127,662,16:42,0
127,663,16:43,0
127,664,16:44,0
127,665,16:45,0
127,666,16:46,1
127,667,16:47,1
127,668,16:48,1
127,669,16:49,1
127,670,16:50,1
127,671,16:51,1
127,672,16:52,1
127,673,16:53,1
127,674,16:54,1
127,675,16:55,1
127,676,16:56,1
127,677,16:57,1
127,678,16:58,1
127,679,16:59,1
127,680,17:00,1
127,681,17:01,0
127,682,17:02,0
127,683,17:03,0
127,684,17:04,0
127,685,17:05,0
127,686,17:06,0
127,687,17:07,0
127,688,17:08,0
127,689,17:09,0
127,690,17:10,0
127,691,17:11,0
127,692,17:12,0
127,693,17:13,0
127,694,17:14,0
127,695,17:15,0
127,696,17:16,0
127,697,17:17,0
127,698,17:18,0
127,699,17:19,0
127,700,17:20,0
127,701,17:21,0
127,702,17:22,0
127,703,17:23,0
127,704,17:24,0
127,705,17:25,0
127,706,17:26,0
127,707,17:27,0
127,708,17:28,0
127,709,17:29,0
127,710,17:30,0
127,711,17:31,0
127,712,17:32,0
127,713,17:33,0
127,714,17:34,0
127,715,17:35,0
127,716,17:36,0
127,717,17:37,0
127,718,17:38,0
127,719,17:39,0
127,720,17:40,0
127,721,17:41,0
127,722,17:42,0
127,723,17:43,0
127,724,17:44,0
127,725,17:45,0
127,726,17:46,0
127,727,17:47,0
127,728,17:48,0
127,729,17:49,0
127,730,17:50,0
127,731,17:51,0
127,732,17:52,0
127,733,17:53,0
127,734,17:54,0
127,735,17:55,0
127,736,17:56,0
127,737,17:57,0
127,738,17:58,0
127,739,17:59,0
127,740,18:00,0
127,741,18:01,0
127,742,18:02,0
127,743,18:03,0
127,744,18:04,0
127,745,18:05,0
127,746,18:06,0
127,747,18:07,0
127,748,18:08,0
127,749,18:09,0
127,750,18:10,0
127,751,18:11,0
127,752,18:12,0
127,753,18:13,0
127,754,18:14,0
127,755,18:15,0
127,756,18:16,0
127,757,18:17,0
127,758,18:18,0
127,759,18:19,0
127,760,18:20,0
127,761,18:21,0
127,762,18:22,0
127,763,18:23,0
127,764,18:24,0
127,765,18:25,0
127,766,18:26,0
127,767,18:27,0
127,768,18:28,0
127,769,18:29,0
127,770,18:30,0
127,771,18:31,0
127,772,18:32,0
127,773,18:33,0
127,774,18:34,0
127,775,18:35,0
127,776,18:36,0
127,777,18:37,0
127,778,18:38,0
127,779,18:39,0
127,780,18:40,0
127,781,18:41,0
127,782,18:42,0
127,783,18:43,0
127,784,18:44,0
127,785,18:45,0
127,786,18:46,0
127,787,18:47,0
127,788,18:48,0
127,789,18:49,0
127,790,18:50,0
127,791,18:51,0
127,792,18:52,0
127,793,18:53,0
127,794,18:54,0
127,795,18:55,0
127,796,18:56,0
127,797,18:57,0
127,798,18:58,0
127,799,18:59,0
127,800,19:00,0
127,801,19:01,0
127,802,19:02,0
127,803,19:03,0
127,804,19:04,0
127,805,19:05,0
127,806,19:06,0
127,807,19:07,0
127,808,19:08,0
127,809,19:09,0
127,810,19:10,0
127,811,19:11,0
127,812,19:12,0
127,813,19:13,0
127,814,19:14,0
127,815,19:15,0
127,816,19:16,0
127,817,19:17,0
127,818,19:18,0
127,819,19:19,0
127,820,19:20,0
127,821,19:21,0
127,822,19:22,0
127,823,19:23,0
127,824,19:24,0
127,825,19:25,0
127,826,19:26,0
127,827,19:27,0
127,828,19:28,0
127,829,19:29,0
127,830,19:30,0
127,831,19:31,0
127,832,19:32,0
127,833,19:33,0
127,834,19:34,0
127,835,19:35,0
128,0,05:40,0
128,1,05:41,0
128,2,05:42,0
128,3,05:43,0
128,4,05:44,0
128,5,05:45,0
128,6,05:46,0
128,7,05:47,0
128,8,05:48,0
128,9,05:49,0
128,10,05:50,0
128,11,05:51,0
128,12,05:52,0
128,13,05:53,0
128,14,05:54,0
128,15,05:55,0
128,16,05:56,0
128,17,05:57,0
128,18,05:58,0
128,19,05:59,0
128,20,06:00,0
128,21,06:01,0
128,22,06:02,0
128,23,06:03,0
128,24,06:04,0
128,25,06:05,0
128,26,06:06,0
128,27,06:07,0
128,28,06:08,0
128,29,06:09,0
128,30,06:10,0
128,31,06:11,0
128,32,06:12,0
128,33,06:13,0
128,34,06:14,0
128,35,06:15,0
128,36,06:16,0
128,37,06:17,0
128,38,06:18,0
128,39,06:19,0
128,40,06:20,0
128,41,06:21,0
128,42,06:22,0
128,43,06:23,0
128,44,06:24,0
128,45,06:25,0
128,46,06:26,0
128,47,06:27,0
128,48,06:28,0
128,49,06:29,0
128,50,06:30,0
128,51,06:31,0
128,52,06:32,0
128,53,06:33,0
128,54,06:34,0
128,55,06:35,0
128,56,06:36,0
128,57,06:37,0
128,58,06:38,0
128,59,06:39,0
128,60,06:40,0
128,61,06:41,0
128,62,06:42,0
128,63,06:43,0
128,64,06:44,0
128,65,06:45,0
128,66,06:46,0
128,67,06:47,0
128,68,06:48,0
128,69,06:49,0
128,70,06:50,0
128,71,06:51,0
128,72,06:52,0
128,73,06:53,0
128,74,06:54,0
128,75,06:55,0
128,76,06:56,0
128,77,06:57,0
128,78,06:58,0
128,79,06:59,0
128,80,07:00,0
128,81,07:01,0
128,82,07:02,0
128,83,07:03,0
128,84,07:04,0
128,85,07:05,0
128,86,07:06,0
128,87,07:07,0
128,88,07:08,0
128,89,07:09,0
128,90,07:10,0
128,91,07:11,0
128,92,07:12,0
128,93,07:13,0
128,94,07:14,0
128,95,07:15,0
128,96,07:16,0
128,97,07:17,0
128,98,07:18,0
128,99,07:19,0
128,100,07:20,0
128,101,07:21,0
128,102,07:22,0
128,103,07:23,0
128,104,07:24,0
128,105,07:25,0
128,106,07:26,0
128,107,07:27,0
128,108,07:28,0
128,109,07:29,0
128,110,07:30,0
128,111,07:31,0
128,112,07:32,0
128,113,07:33,0
128,114,07:34,0
128,115,07:35,0
128,116,07:36,0
128,117,07:37,0
128,118,07:38,0
128,119,07:39,0
128,120,07:40,0
128,121,07:41,0
128,122,07:42,0
128,123,07:43,0
128,124,07:44,0
128,125,07:45,0
128,126,07:46,0
128,127,07:47,0
128,128,07:48,0
128,129,07:49,0
128,130,07:50,0
128,131,07:51,0
128,132,07:52,0
128,133,07:53,0
128,134,07:54,0
128,135,07:55,0
128,136,07:56,0
128,137,07:57,0
128,138,07:58,0
128,139,07:59,0
128,140,08:00,0
128,141,08:01,0
128,142,08:02,0
128,143,08:03,0
128,144,08:04,0
128,145,08:05,0
128,146,08:06,0
128,147,08:07,0
128,148,08:08,0
128,149,08:09,0
128,150,08:10,0
128,151,08:11,0
128,152,08:12,0
128,153,08:13,0
128,154,08:14,0
128,155,08:15,0
128,156,08:16,0
128,157,08:17,0
128,158,08:18,0
128,159,08:19,0
128,160,08:20,0
128,161,08:21,0
128,162,08:22,0
128,163,08:23,0
128,164,08:24,0
128,165,08:25,0
128,166,08:26,0
128,167,08:27,0
128,168,08:28,0
128,169,08:29,0
128,170,08:30,0
128,171,08:31,0
128,172,08:32,0
128,173,08:33,0
128,174,08:34,0
128,175,08:35,0
128,176,08:36,0
128,177,08:37,0
128,178,08:38,0
128,179,08:39,0
128,180,08:40,0
128,181,08:41,0
128,182,08:42,0
128,183,08:43,0
128,184,08:44,0
128,185,08:45,0
128,186,08:46,0
128,187,08:47,0
128,188,08:48,0
128,189,08:49,0
128,190,08:50,0
128,191,08:51,0
128,192,08:52,0
128,193,08:53,0
128,194,08:54,0
128,195,08:55,0
128,196,08:56,0
128,197,08:57,0
128,198,08:58,0
128,199,08:59,0
128,200,09:00,0
128,201,09:01,0
128,202,09:02,0
128,203,09:03,0
128,204,09:04,0
128,205,09:05,0
128,206,09:06,0
128,207,09:07,0
128,208,09:08,0
128,209,09:09,0
128,210,09:10,0
128,211,09:11,0
128,212,09:12,0
128,213,09:13,0
128,214,09:14,0
128,215,09:15,0
128,216,09:16,0
128,217,09:17,0
128,218,09:18,0
128,219,09:19,0
128,220,09:20,0
128,221,09:21,0
128,222,09:22,0
128,223,09:23,0
128,224,09:24,0
128,225,09:25,0
128,226,09:26,0
128,227,09:27,0
128,228,09:28,0
128,229,09:29,0
128,230,09:30,0
128,231,09:31,0
128,232,09:32,0
128,233,09:33,0
128,234,09:34,0
128,235,09:35,0
128,236,09:36,0
128,237,09:37,0
128,238,09:38,0
128,239,09:39,0
128,240,09:40,0
128,241,09:41,0
128,242,09:42,0
128,243,09:43,0
128,244,09:44,0
128,245,09:45,0
128,246,09:46,0
128,247,09:47,0
128,248,09:48,0
128,249,09:49,0
128,250,09:50,0
128,251,09:51,0
128,252,09:52,0
128,253,09:53,0
128,254,09:54,0
128,255,09:55,0
128,256,09:56,0
128,257,09:57,0
128,258,09:58,0
128,259,09:59,0
128,260,10:00,0
128,261,10:01,0
128,262,10:02,0
128,263,10:03,0
128,264,10:04,0
128,265,10:05,0
128,266,10:06,0
128,267,10:07,0
128,268,10:08,0
128,269,10:09,0
128,270,10:10,0
128,271,10:11,0
128,272,10:12,0
128,273,10:13,0
128,274,10:14,0
128,275,10:15,0
128,276,10:16,0
128,277,10:17,0
128,278,10:18,0
128,279,10:19,0
128,280,10:20,0
128,281,10:21,0
128,282,10:22,0
128,283,10:23,0
128,284,10:24,0
128,285,10:25,0
128,286,10:26,0
128,287,10:27,0
128,288,10:28,0
128,289,10:29,0
128,290,10:30,0
128,291,10:31,0
128,292,10:32,0
128,293,10:33,0
128,294,10:34,0
128,295,10:35,0
128,296,10:36,0
128,297,10:37,0
128,298,10:38,0
128,299,10:39,0
128,300,10:40,0
128,301,10:41,0
128,302,10:42,0
128,303,10:43,0
128,304,10:44,0
128,305,10:45,0
128,306,10:46,0
128,307,10:47,0
128,308,10:48,0
128,309,10:49,0
128,310,10:50,0
128,311,10:51,0
128,312,10:52,0
128,313,10:53,0
128,314,10:54,0
128,315,10:55,0
128,316,10:56,0
128,317,10:57,0
128,318,10:58,0
128,319,10:59,0
128,320,11:00,0
128,321,11:01,0
128,322,11:02,0
128,323,11:03,0
128,324,11:04,0
128,325,11:05,0
128,326,11:06,0
128,327,11:07,0
128,328,11:08,0
128,329,11:09,0
128,330,11:10,0
128,331,11:11,0
128,332,11:12,0
128,333,11:13,0
128,334,11:14,0
128,335,11:15,0
128,336,11:16,0
128,337,11:17,0
128,338,11:18,0
128,339,11:19,0
128,340,11:20,0
128,341,11:21,0
128,342,11:22,0
128,343,11:23,0
128,344,11:24,0
128,345,11:25,0
128,346,11:26,0
128,347,11:27,0
128,348,11:28,0
128,349,11:29,0
128,350,11:30,0
128,351,11:31,0
128,352,11:32,0
128,353,11:33,0
128,354,11:34,0
128,355,11:35,0
128,356,11:36,0
128,357,11:37,0
128,358,11:38,0
128,359,11:39,0
128,360,11:40,0
128,361,11:41,0
128,362,11:42,0
128,363,11:43,0
128,364,11:44,0
128,365,11:45,0
128,366,11:46,0
128,367,11:47,0
128,368,11:48,0
128,369,11:49,0
128,370,11:50,0
128,371,11:51,0
128,372,11:52,0
128,373,11:53,0
128,374,11:54,0
128,375,11:55,0
128,376,11:56,0
128,377,11:57,0
128,378,11:58,0
128,379,11:59,0
128,380,12:00,0
128,381,12:01,0
128,382,12:02,0
128,383,12:03,0
128,384,12:04,0
128,385,12:05,0
128,386,12:06,0
128,387,12:07,0
128,388,12:08,0
128,389,12:09,0
128,390,12:10,0
128,391,12:11,0
128,392,12:12,0
128,393,12:13,0
128,394,12:14,0
128,395,12:15,0
128,396,12:16,0
128,397,12:17,0
128,398,12:18,0
128,399,12:19,0
128,400,12:20,0
128,401,12:21,0
128,402,12:22,0
128,403,12:23,0
128,404,12:24,0
128,405,12:25,0
128,406,12:26,0
128,407,12:27,0
128,408,12:28,0
128,409,12:29,0
128,410,12:30,0
128,411,12:31,0
128,412,12:32,0
128,413,12:33,0
128,414,12:34,0
128,415,12:35,0
128,416,12:36,0
128,417,12:37,0
128,418,12:38,0
128,419,12:39,0
128,420,12:40,0
128,421,12:41,0
128,422,12:42,0
128,423,12:43,0
128,424,12:44,0
128,425,12:45,0
128,426,12:46,0
128,427,12:47,0
128,428,12:48,0
128,429,12:49,0
128,430,12:50,0
128,431,12:51,0
128,432,12:52,0
128,433,12:53,0
128,434,12:54,0
128,435,12:55,0
128,436,12:56,0
128,437,12:57,0
128,438,12:58,0
128,439,12:59,0
128,440,13:00,0
128,441,13:01,0
128,442,13:02,0
128,443,13:03,0
128,444,13:04,0
128,445,13:05,0
128,446,13:06,0
128,447,13:07,0
128,448,13:08,0
128,449,13:09,0
128,450,13:10,0
128,451,13:11,0
128,452,13:12,0
128,453,13:13,0
128,454,13:14,0
128,455,13:15,0
128,456,13:16,0
128,457,13:17,0
128,458,13:18,0
128,459,13:19,0
128,460,13:20,0
128,461,13:21,0
128,462,13:22,0
128,463,13:23,0
128,464,13:24,0
128,465,13:25,0
128,466,13:26,0
128,467,13:27,0
128,468,13:28,0
128,469,13:29,0
128,470,13:30,0
128,471,13:31,0
128,472,13:32,0
128,473,13:33,0
128,474,13:34,0
128,475,13:35,0
128,476,13:36,0
128,477,13:37,0
128,478,13:38,0
128,479,13:39,0
128,480,13:40,0
128,481,13:41,0
128,482,13:42,0
128,483,13:43,0
128,484,13:44,0
128,485,13:45,0
128,486,13:46,0
128,487,13:47,0
128,488,13:48,0
128,489,13:49,0
128,490,13:50,0
128,491,13:51,0
128,492,13:52,0
128,493,13:53,0
128,494,13:54,0
128,495,13:55,0
128,496,13:56,0
128,497,13:57,0
128,498,13:58,0
128,499,13:59,0
128,500,14:00,0
128,501,14:01,0
128,502,14:02,0
128,503,14:03,0
128,504,14:04,0
128,505,14:05,0
128,506,14:06,0
128,507,14:07,0
128,508,14:08,0
128,509,14:09,0
128,510,14:10,0
128,511,14:11,0
128,512,14:12,0
128,513,14:13,0
128,514,14:14,0
128,515,14:15,0
128,516,14:16,0
128,517,14:17,0
128,518,14:18,0
128,519,14:19,0
128,520,14:20,0
128,521,14:21,0
128,522,14:22,0
128,523,14:23,0
128,524,14:24,0
128,525,14:25,0
128,526,14:26,0
128,527,14:27,0
128,528,14:28,0
128,529,14:29,0
128,530,14:30,0
128,531,14:31,0
128,532,14:32,0
128,533,14:33,0
128,534,14:34,0
128,535,14:35,0
128,536,14:36,0
128,537,14:37,0
128,538,14:38,0
128,539,14:39,0
128,540,14:40,0
128,541,14:41,0
128,542,14:42,0
128,543,14:43,0
128,544,14:44,0
128,545,14:45,0
128,546,14:46,0
128,547,14:47,0
128,548,14:48,0
128,549,14:49,0
128,550,14:50,0
128,551,14:51,0
128,552,14:52,0
128,553,14:53,0
128,554,14:54,0
128,555,14:55,0
128,556,14:56,0
128,557,14:57,0
128,558,14:58,0
128,559,14:59,0
128,560,15:00,0
128,561,15:01,0
128,562,15:02,0
128,563,15:03,0
128,564,15:04,0
128,565,15:05,0
128,566,15:06,0
128,567,15:07,0
128,568,15:08,0
128,569,15:09,0
128,570,15:10,0
128,571,15:11,0
128,572,15:12,0
128,573,15:13,0
128,574,15:14,0
128,575,15:15,0
128,576,15:16,0
128,577,15:17,0
128,578,15:18,0
128,579,15:19,0
128,580,15:20,0
128,581,15:21,0
128,582,15:22,0
128,583,15:23,0
128,584,15:24,0
128,585,15:25,0
128,586,15:26,0
128,587,15:27,0
128,588,15:28,0
128,589,15:29,0
128,590,15:30,0
128,591,15:31,0
128,592,15:32,0
128,593,15:33,0
128,594,15:34,0
128,595,15:35,0
128,596,15:36,0
128,597,15:37,0
128,598,15:38,0
128,599,15:39,0
128,600,15:40,0
128,601,15:41,0
128,602,15:42,0
128,603,15:43,0
128,604,15:44,0
128,605,15:45,0
128,606,15:46,0
128,607,15:47,0
128,608,15:48,0
128,609,15:49,0
128,610,15:50,0
128,611,15:51,0
128,612,15:52,0
128,613,15:53,0
128,614,15:54,0
128,615,15:55,0
128,616,15:56,0
128,617,15:57,0
128,618,15:58,0
128,619,15:59,0
128,620,16:00,0
128,621,16:01,0
128,622,16:02,0
128,623,16:03,0
128,624,16:04,0
128,625,16:05,0
128,626,16:06,0
128,627,16:07,0
128,628,16:08,0
128,629,16:09,0
128,630,16:10,0
128,631,16:11,0
128,632,16:12,0
128,633,16:13,0
128,634,16:14,0
128,635,16:15,0
128,636,16:16,0
128,637,16:17,0
128,638,16:18,0
128,639,16:19,0
128,640,16:20,0
128,641,16:21,0
128,642,16:22,0
128,643,16:23,0
128,644,16:24,0
128,645,16:25,0
128,646,16:26,0
128,647,16:27,0
128,648,16:28,0
128,649,16:29,0
128,650,16:30,0
128,651,16:31,0
128,652,16:32,0
128,653,16:33,0
128,654,16:34,0
128,655,16:35,0
128,656,16:36,0
128,657,16:37,0
128,658,16:38,0
128,659,16:39,0
128,660,16:40,0
128,661,16:41,0
128,662,16:42,0
128,663,16:43,0
128,664,16:44,0
128,665,16:45,0
128,666,16:46,0
128,667,16:47,0
128,668,16:48,0
128,669,16:49,0
128,670,16:50,0
128,671,16:51,0
128,672,16:52,0
128,673,16:53,0
128,674,16:54,0
128,675,16:55,0
128,676,16:56,1
128,677,16:57,1
128,678,16:58,1
128,679,16:59,2
128,680,17:00,2
128,681,17:01,2
128,682,17:02,2
128,683,17:03,2
128,684,17:04,2
128,685,17:05,2
128,686,17:06,2
128,687,17:07,2
128,688,17:08,2
128,689,17:09,2
128,690,17:10,2
128,691,17:11,2
128,692,17:12,2
128,693,17:13,2
128,694,17:14,2
128,695,17:15,2
128,696,17:16,2
128,697,17:17,2
128,698,17:18,1
128,699,17:19,1
128,700,17:20,1
128,701,17:21,0
128,702,17:22,0
128,703,17:23,0
128,704,17:24,0
128,705,17:25,0
128,706,17:26,0
128,707,17:27,0
128,708,17:28,0
128,709,17:29,0
128,710,17:30,0
128,711,17:31,0
128,712,17:32,0
128,713,17:33,0
128,714,17:34,0
128,715,17:35,0
128,716,17:36,0
128,717,17:37,0
128,718,17:38,0
128,719,17:39,0
128,720,17:40,0
128,721,17:41,0
128,722,17:42,0
128,723,17:43,0
128,724,17:44,0
128,725,17:45,0
128,726,17:46,0
128,727,17:47,0
128,728,17:48,0
128,729,17:49,0
128,730,17:50,0
128,731,17:51,0
128,732,17:52,0
128,733,17:53,0
128,734,17:54,0
128,735,17:55,0
128,736,17:56,0
128,737,17:57,0
128,738,17:58,0
128,739,17:59,0
128,740,18:00,0
128,741,18:01,0
128,742,18:02,0
128,743,18:03,0
128,744,18:04,0
128,745,18:05,0
128,746,18:06,0
128,747,18:07,0
128,748,18:08,0
128,749,18:09,0
128,750,18:10,0
128,751,18:11,0
128,752,18:12,0
128,753,18:13,0
128,754,18:14,0
128,755,18:15,0
128,756,18:16,0
128,757,18:17,0
128,758,18:18,1
128,759,18:19,1
128,760,18:20,1
128,761,18:21,1
128,762,18:22,1
128,763,18:23,1
128,764,18:24,1
128,765,18:25,1
128,766,18:26,1
128,767,18:27,1
128,768,18:28,1
128,769,18:29,1
128,770,18:30,1
128,771,18:31,1
128,772,18:32,1
128,773,18:33,1
128,774,18:34,1
128,775,18:35,1
128,776,18:36,1
128,777,18:37,1
128,778,18:38,1
128,779,18:39,1
128,780,18:40,1
128,781,18:41,1
128,782,18:42,1
128,783,18:43,1
128,784,18:44,1
128,785,18:45,1
128,786,18:46,1
128,787,18:47,0
128,788,18:48,0
128,789,18:49,0
128,790,18:50,1
128,791,18:51,1
128,792,18:52,1
128,793,18:53,1
128,794,18:54,1
128,795,18:55,1
128,796,18:56,1
128,797,18:57,1
128,798,18:58,1
128,799,18:59,1
128,800,19:00,1
128,801,19:01,1
128,802,19:02,1
128,803,19:03,1
128,804,19:04,1
128,805,19:05,1
128,806,19:06,1
128,807,19:07,1
128,808,19:08,1
128,809,19:09,1
128,810,19:10,1
128,811,19:11,1
128,812,19:12,1
128,813,19:13,0
128,814,19:14,0
128,815,19:15,0
128,816,19:16,0
128,817,19:17,0
128,818,19:18,0
128,819,19:19,0
128,820,19:20,0
128,821,19:21,0
128,822,19:22,0
128,823,19:23,0
128,824,19:24,0
128,825,19:25,0
128,826,19:26,0
128,827,19:27,0
128,828,19:28,0
128,829,19:29,0
128,830,19:30,0
128,831,19:31,0
128,832,19:32,0
128,833,19:33,0
128,834,19:34,0
128,835,19:35,0
129,0,05:40,0
129,1,05:41,0
129,2,05:42,0
129,3,05:43,0
129,4,05:44,0
129,5,05:45,0
129,6,05:46,0
129,7,05:47,0
129,8,05:48,0
129,9,05:49,0
129,10,05:50,0
129,11,05:51,0
129,12,05:52,0
129,13,05:53,0
129,14,05:54,0
129,15,05:55,0
129,16,05:56,0
129,17,05:57,0
129,18,05:58,0
129,19,05:59,0
129,20,06:00,0
129,21,06:01,0
129,22,06:02,0
129,23,06:03,0
129,24,06:04,0
129,25,06:05,0
129,26,06:06,0
129,27,06:07,0
129,28,06:08,0
129,29,06:09,0
129,30,06:10,0
129,31,06:11,0
129,32,06:12,0
129,33,06:13,0
129,34,06:14,0
129,35,06:15,0
129,36,06:16,0
129,37,06:17,0
129,38,06:18,0
129,39,06:19,0
129,40,06:20,0
129,41,06:21,0
129,42,06:22,0
129,43,06:23,0
129,44,06:24,0
129,45,06:25,0
129,46,06:26,0
129,47,06:27,0
129,48,06:28,0
129,49,06:29,0
129,50,06:30,0
129,51,06:31,0
129,52,06:32,0
129,53,06:33,0
129,54,06:34,0
129,55,06:35,0
129,56,06:36,0
129,57,06:37,0
129,58,06:38,0
129,59,06:39,0
129,60,06:40,0
129,61,06:41,0
129,62,06:42,0
129,63,06:43,0
129,64,06:44,0
129,65,06:45,0
129,66,06:46,0
129,67,06:47,0
129,68,06:48,0
129,69,06:49,0
129,70,06:50,0
129,71,06:51,0
129,72,06:52,0
129,73,06:53,0
129,74,06:54,0
129,75,06:55,0
129,76,06:56,0
129,77,06:57,0
129,78,06:58,0
129,79,06:59,0
129,80,07:00,0
129,81,07:01,0
129,82,07:02,0
129,83,07:03,0
129,84,07:04,0
129,85,07:05,0
129,86,07:06,0
129,87,07:07,0
129,88,07:08,0
129,89,07:09,0
129,90,07:10,0
129,91,07:11,0
129,92,07:12,0
129,93,07:13,0
129,94,07:14,0
129,95,07:15,0
129,96,07:16,0
129,97,07:17,0
129,98,07:18,0
129,99,07:19,0
129,100,07:20,0
129,101,07:21,0
129,102,07:22,0
129,103,07:23,0
129,104,07:24,0
129,105,07:25,0
129,106,07:26,0
129,107,07:27,0
129,108,07:28,0
129,109,07:29,0
129,110,07:30,0
129,111,07:31,0
129,112,07:32,0
129,113,07:33,0
129,114,07:34,0
129,115,07:35,0
129,116,07:36,0
129,117,07:37,0
129,118,07:38,0
129,119,07:39,0
129,120,07:40,0
129,121,07:41,0
129,122,07:42,0
129,123,07:43,0
129,124,07:44,0
129,125,07:45,0
129,126,07:46,0
129,127,07:47,0
129,128,07:48,0
129,129,07:49,0
129,130,07:50,0
129,131,07:51,0
129,132,07:52,0
129,133,07:53,0
129,134,07:54,0
129,135,07:55,0
129,136,07:56,0
129,137,07:57,0
129,138,07:58,0
129,139,07:59,0
129,140,08:00,0
129,141,08:01,0
129,142,08:02,0
129,143,08:03,0
129,144,08:04,0
129,145,08:05,0
129,146,08:06,0
129,147,08:07,0
129,148,08:08,0
129,149,08:09,0
129,150,08:10,0
129,151,08:11,0
129,152,08:12,0
129,153,08:13,0
129,154,08:14,0
129,155,08:15,0
129,156,08:16,0
129,157,08:17,0
129,158,08:18,0
129,159,08:19,0
129,160,08:20,0
129,161,08:21,0
129,162,08:22,0
129,163,08:23,0
129,164,08:24,0
129,165,08:25,0
129,166,08:26,0
129,167,08:27,0
129,168,08:28,0
129,169,08:29,0
129,170,08:30,0
129,171,08:31,0
129,172,08:32,0
129,173,08:33,0
129,174,08:34,0
129,175,08:35,0
129,176,08:36,0
129,177,08:37,0
129,178,08:38,0
129,179,08:39,0
129,180,08:40,0
129,181,08:41,0
129,182,08:42,0
129,183,08:43,0
129,184,08:44,0
129,185,08:45,0
129,186,08:46,0
129,187,08:47,0
129,188,08:48,0
129,189,08:49,0
129,190,08:50,0
129,191,08:51,0
129,192,08:52,0
129,193,08:53,0
129,194,08:54,0
129,195,08:55,0
129,196,08:56,0
129,197,08:57,0
129,198,08:58,0
129,199,08:59,0
129,200,09:00,0
129,201,09:01,0
129,202,09:02,0
129,203,09:03,0
129,204,09:04,0
129,205,09:05,0
129,206,09:06,0
129,207,09:07,0
129,208,09:08,0
129,209,09:09,0
129,210,09:10,0
129,211,09:11,0
129,212,09:12,0
129,213,09:13,0
129,214,09:14,0
129,215,09:15,0
129,216,09:16,0
129,217,09:17,0
129,218,09:18,0
129,219,09:19,0
129,220,09:20,0
129,221,09:21,0
129,222,09:22,0
129,223,09:23,0
129,224,09:24,0
129,225,09:25,0
129,226,09:26,0
129,227,09:27,0
129,228,09:28,0
129,229,09:29,0
129,230,09:30,0
129,231,09:31,0
129,232,09:32,0
129,233,09:33,0
129,234,09:34,0
129,235,09:35,0
129,236,09:36,0
129,237,09:37,0
129,238,09:38,0
129,239,09:39,0
129,240,09:40,1
129,241,09:41,1
129,242,09:42,1
129,243,09:43,1
129,244,09:44,1
129,245,09:45,1
129,246,09:46,1
129,247,09:47,1
129,248,09:48,1
129,249,09:49,1
129,250,09:50,1
129,251,09:51,1
129,252,09:52,1
129,253,09:53,1
129,254,09:54,1
129,255,09:55,1
129,256,09:56,1
129,257,09:57,1
129,258,09:58,1
129,259,09:59,1
129,260,10:00,1
129,261,10:01,1
129,262,10:02,0
129,263,10:03,0
129,264,10:04,0
129,265,10:05,0
129,266,10:06,0
129,267,10:07,0
129,268,10:08,0
129,269,10:09,0
129,270,10:10,0
129,271,10:11,0
129,272,10:12,0
129,273,10:13,0
129,274,10:14,0
129,275,10:15,0
129,276,10:16,0
129,277,10:17,0
129,278,10:18,0
129,279,10:19,0
129,280,10:20,0
129,281,10:21,0
129,282,10:22,0
129,283,10:23,0
129,284,10:24,0
129,285,10:25,0
129,286,10:26,0
129,287,10:27,0
129,288,10:28,0
129,289,10:29,0
129,290,10:30,0
129,291,10:31,0
129,292,10:32,0
129,293,10:33,0
129,294,10:34,0
129,295,10:35,0
129,296,10:36,0
129,297,10:37,0
129,298,10:38,0
129,299,10:39,0
129,300,10:40,0
129,301,10:41,0
129,302,10:42,0
129,303,10:43,0
129,304,10:44,0
129,305,10:45,0
129,306,10:46,0
129,307,10:47,0
129,308,10:48,0
129,309,10:49,0
129,310,10:50,0
129,311,10:51,0
129,312,10:52,0
129,313,10:53,0
129,314,10:54,0
129,315,10:55,0
129,316,10:56,0
129,317,10:57,0
129,318,10:58,0
129,319,10:59,0
129,320,11:00,0
129,321,11:01,0
129,322,11:02,0
129,323,11:03,0
129,324,11:04,0
129,325,11:05,0
129,326,11:06,0
129,327,11:07,0
129,328,11:08,0
129,329,11:09,0
129,330,11:10,0
129,331,11:11,0
129,332,11:12,0
129,333,11:13,0
129,334,11:14,0
129,335,11:15,0
129,336,11:16,0
129,337,11:17,0
129,338,11:18,0
129,339,11:19,0
129,340,11:20,0
129,341,11:21,0
129,342,11:22,0
129,343,11:23,0
129,344,11:24,0
129,345,11:25,0
129,346,11:26,0
129,347,11:27,0
129,348,11:28,0
129,349,11:29,0
129,350,11:30,0
129,351,11:31,0
129,352,11:32,0
129,353,11:33,0
129,354,11:34,0
129,355,11:35,0
129,356,11:36,0
129,357,11:37,0
129,358,11:38,0
129,359,11:39,0
129,360,11:40,0
129,361,11:41,0
129,362,11:42,0
129,363,11:43,0
129,364,11:44,0
129,365,11:45,0
129,366,11:46,0
129,367,11:47,0
129,368,11:48,0
129,369,11:49,0
129,370,11:50,0
129,371,11:51,0
129,372,11:52,0
129,373,11:53,0
129,374,11:54,0
129,375,11:55,0
129,376,11:56,0
129,377,11:57,0
129,378,11:58,0
129,379,11:59,0
129,380,12:00,0
129,381,12:01,0
129,382,12:02,0
129,383,12:03,0
129,384,12:04,0
129,385,12:05,0
129,386,12:06,0
129,387,12:07,0
129,388,12:08,0
129,389,12:09,0
129,390,12:10,0
129,391,12:11,0
129,392,12:12,0
129,393,12:13,0
129,394,12:14,0
129,395,12:15,0
129,396,12:16,0
129,397,12:17,0
129,398,12:18,0
129,399,12:19,0
129,400,12:20,0
129,401,12:21,0
129,402,12:22,0
129,403,12:23,0
129,404,12:24,0
129,405,12:25,0
129,406,12:26,0
129,407,12:27,0
129,408,12:28,0
129,409,12:29,0
129,410,12:30,0
129,411,12:31,0
129,412,12:32,0
129,413,12:33,0
129,414,12:34,0
129,415,12:35,0
129,416,12:36,0
129,417,12:37,0
129,418,12:38,0
129,419,12:39,0
129,420,12:40,0
129,421,12:41,0
129,422,12:42,0
129,423,12:43,0
129,424,12:44,0
129,425,12:45,0
129,426,12:46,0
129,427,12:47,0
129,428,12:48,0
129,429,12:49,0
129,430,12:50,0
129,431,12:51,0
129,432,12:52,0
129,433,12:53,0
129,434,12:54,0
129,435,12:55,0
129,436,12:56,0
129,437,12:57,0
129,438,12:58,0
129,439,12:59,0
129,440,13:00,0
129,441,13:01,0
129,442,13:02,0
129,443,13:03,0
129,444,13:04,0
129,445,13:05,0
129,446,13:06,0
129,447,13:07,0
129,448,13:08,0
129,449,13:09,0
129,450,13:10,0
129,451,13:11,0
129,452,13:12,0
129,453,13:13,0
129,454,13:14,0
129,455,13:15,0
129,456,13:16,0
129,457,13:17,0
129,458,13:18,0
129,459,13:19,0
129,460,13:20,0
129,461,13:21,0
129,462,13:22,0
129,463,13:23,0
129,464,13:24,0
129,465,13:25,0
129,466,13:26,0
129,467,13:27,0
129,468,13:28,0
129,469,13:29,0
129,470,13:30,0
129,471,13:31,0
129,472,13:32,0
129,473,13:33,0
129,474,13:34,0
129,475,13:35,0
129,476,13:36,0
129,477,13:37,0
129,478,13:38,0
129,479,13:39,0
129,480,13:40,0
129,481,13:41,0
129,482,13:42,0
129,483,13:43,0
129,484,13:44,0
129,485,13:45,0
129,486,13:46,0
129,487,13:47,0
129,488,13:48,0
129,489,13:49,0
129,490,13:50,0
129,491,13:51,0
129,492,13:52,0
129,493,13:53,0
129,494,13:54,0
129,495,13:55,0
129,496,13:56,0
129,497,13:57,0
129,498,13:58,0
129,499,13:59,0
129,500,14:00,0
129,501,14:01,0
129,502,14:02,0
129,503,14:03,0
129,504,14:04,0
129,505,14:05,0
129,506,14:06,0
129,507,14:07,0
129,508,14:08,0
129,509,14:09,0
129,510,14:10,0
129,511,14:11,0
129,512,14:12,0
129,513,14:13,0
129,514,14:14,0
129,515,14:15,0
129,516,14:16,0
129,517,14:17,0
129,518,14:18,0
129,519,14:19,0
129,520,14:20,0
129,521,14:21,0
129,522,14:22,0
129,523,14:23,0
129,524,14:24,0
129,525,14:25,0
129,526,14:26,0
129,527,14:27,0
129,528,14:28,0
129,529,14:29,0
129,530,14:30,0
129,531,14:31,0
129,532,14:32,0
129,533,14:33,0
129,534,14:34,0
129,535,14:35,0
129,536,14:36,0
129,537,14:37,0
129,538,14:38,0
129,539,14:39,0
129,540,14:40,0
129,541,14:41,0
129,542,14:42,0
129,543,14:43,0
129,544,14:44,0
129,545,14:45,0
129,546,14:46,0
129,547,14:47,0
129,548,14:48,0
129,549,14:49,0
129,550,14:50,0
129,551,14:51,0
129,552,14:52,0
129,553,14:53,0
129,554,14:54,0
129,555,14:55,0
129,556,14:56,0
129,557,14:57,0
129,558,14:58,0
129,559,14:59,0
129,560,15:00,0
129,561,15:01,0
129,562,15:02,0
129,563,15:03,0
129,564,15:04,0
129,565,15:05,0
129,566,15:06,0
129,567,15:07,0
129,568,15:08,0
129,569,15:09,0
129,570,15:10,0
129,571,15:11,0
129,572,15:12,0
129,573,15:13,0
129,574,15:14,0
129,575,15:15,0
129,576,15:16,0
129,577,15:17,0
129,578,15:18,0
129,579,15:19,0
129,580,15:20,0
129,581,15:21,0
129,582,15:22,0
129,583,15:23,0
129,584,15:24,0
129,585,15:25,0
129,586,15:26,0
129,587,15:27,0
129,588,15:28,0
129,589,15:29,0
129,590,15:30,0
129,591,15:31,0
129,592,15:32,0
129,593,15:33,0
129,594,15:34,0
129,595,15:35,0
129,596,15:36,0
129,597,15:37,0
129,598,15:38,0
129,599,15:39,0
129,600,15:40,0
129,601,15:41,0
129,602,15:42,0
129,603,15:43,0
129,604,15:44,0
129,605,15:45,0
129,606,15:46,0
129,607,15:47,0
129,608,15:48,0
129,609,15:49,0
129,610,15:50,0
129,611,15:51,0
129,612,15:52,0
129,613,15:53,0
129,614,15:54,0
129,615,15:55,0
129,616,15:56,0
129,617,15:57,0
129,618,15:58,0
129,619,15:59,0
129,620,16:00,0
129,621,16:01,0
129,622,16:02,0
129,623,16:03,0
129,624,16:04,0
129,625,16:05,0
129,626,16:06,0
129,627,16:07,0
129,628,16:08,0
129,629,16:09,0
129,630,16:10,0
129,631,16:11,0
129,632,16:12,0
129,633,16:13,0
129,634,16:14,0
129,635,16:15,0
129,636,16:16,0
129,637,16:17,0
129,638,16:18,0
129,639,16:19,0
129,640,16:20,0
129,641,16:21,0
129,642,16:22,0
129,643,16:23,0
129,644,16:24,0
129,645,16:25,0
129,646,16:26,0
129,647,16:27,0
129,648,16:28,0
129,649,16:29,0
129,650,16:30,0
129,651,16:31,0
129,652,16:32,0
129,653,16:33,0
129,654,16:34,0
129,655,16:35,0
129,656,16:36,0
129,657,16:37,0
129,658,16:38,0
129,659,16:39,0
129,660,16:40,0
129,661,16:41,0
129,662,16:42,0
129,663,16:43,0
129,664,16:44,0
129,665,16:45,0
129,666,16:46,0
129,667,16:47,0
129,668,16:48,0
129,669,16:49,0
129,670,16:50,0
129,671,16:51,0
129,672,16:52,0
129,673,16:53,0
129,674,16:54,0
129,675,16:55,0
129,676,16:56,0
129,677,16:57,0
129,678,16:58,0
129,679,16:59,0
129,680,17:00,0
129,681,17:01,0
129,682,17:02,0
129,683,17:03,0
129,684,17:04,0
129,685,17:05,0
129,686,17:06,0
129,687,17:07,0
129,688,17:08,0
129,689,17:09,0
129,690,17:10,0
129,691,17:11,0
129,692,17:12,0
129,693,17:13,0
129,694,17:14,0
129,695,17:15,0
129,696,17:16,0
129,697,17:17,0
129,698,17:18,0
129,699,17:19,0
129,700,17:20,0
129,701,17:21,0
129,702,17:22,0
129,703,17:23,0
129,704,17:24,0
129,705,17:25,0
129,706,17:26,0
129,707,17:27,0
129,708,17:28,0
129,709,17:29,0
129,710,17:30,0
129,711,17:31,0
129,712,17:32,0
129,713,17:33,0
129,714,17:34,0
129,715,17:35,0
129,716,17:36,0
129,717,17:37,0
129,718,17:38,0
129,719,17:39,0
129,720,17:40,0
129,721,17:41,0
129,722,17:42,0
129,723,17:43,0
129,724,17:44,0
129,725,17:45,0
129,726,17:46,0
129,727,17:47,0
129,728,17:48,0
129,729,17:49,0
129,730,17:50,0
129,731,17:51,0
129,732,17:52,0
129,733,17:53,0
129,734,17:54,0
129,735,17:55,0
129,736,17:56,0
129,737,17:57,0
129,738,17:58,0
129,739,17:59,0
129,740,18:00,1
129,741,18:01,1
129,742,18:02,1
129,743,18:03,1
129,744,18:04,1
129,745,18:05,1
129,746,18:06,1
129,747,18:07,1
129,748,18:08,1
129,749,18:09,1
129,750,18:10,1
129,751,18:11,1
129,752,18:12,1
129,753,18:13,1
129,754,18:14,1
129,755,18:15,1
129,756,18:16,1
129,757,18:17,1
129,758,18:18,0
129,759,18:19,0
129,760,18:20,0
129,761,18:21,0
129,762,18:22,0
129,763,18:23,0
129,764,18:24,0
129,765,18:25,0
129,766,18:26,0
129,767,18:27,0
129,768,18:28,0
129,769,18:29,0
129,770,18:30,1
129,771,18:31,1
129,772,18:32,1
129,773,18:33,1
129,774,18:34,1
129,775,18:35,1
129,776,18:36,1
129,777,18:37,2
129,778,18:38,2
129,779,18:39,2
129,780,18:40,2
129,781,18:41,2
129,782,18:42,2
129,783,18:43,2
129,784,18:44,2
129,785,18:45,2
129,786,18:46,2
129,787,18:47,2
129,788,18:48,2
129,789,18:49,1
129,790,18:50,1
129,791,18:51,1
129,792,18:52,0
129,793,18:53,0
129,794,18:54,0
129,795,18:55,1
129,796,18:56,1
129,797,18:57,1
129,798,18:58,2
129,799,18:59,2
129,800,19:00,2
129,801,19:01,2
129,802,19:02,2
129,803,19:03,2
129,804,19:04,2
129,805,19:05,2
129,806,19:06,2
129,807,19:07,2
129,808,19:08,1
129,809,19:09,1
129,810,19:10,1
129,811,19:11,1
129,812,19:12,1
129,813,19:13,1
129,814,19:14,1
129,815,19:15,0
129,816,19:16,0
129,817,19:17,0
129,818,19:18,0
129,819,19:19,0
129,820,19:20,0
129,821,19:21,0
129,822,19:22,0
129,823,19:23,0
129,824,19:24,0
129,825,19:25,0
129,826,19:26,0
129,827,19:27,0
129,828,19:28,0
129,829,19:29,0
129,830,19:30,0
129,831,19:31,0
129,832,19:32,0
129,833,19:33,0
129,834,19:34,0
129,835,19:35,0
130,0,05:40,0
130,1,05:41,0
130,2,05:42,0
130,3,05:43,0
130,4,05:44,0
130,5,05:45,0
130,6,05:46,0
130,7,05:47,0
130,8,05:48,0
130,9,05:49,0
130,10,05:50,0
130,11,05:51,0
130,12,05:52,0
130,13,05:53,0
130,14,05:54,0
130,15,05:55,0
130,16,05:56,0
130,17,05:57,0
130,18,05:58,0
130,19,05:59,0
130,20,06:00,0
130,21,06:01,0
130,22,06:02,0
130,23,06:03,0
130,24,06:04,0
130,25,06:05,0
130,26,06:06,0
130,27,06:07,0
130,28,06:08,0
130,29,06:09,0
130,30,06:10,0
130,31,06:11,0
130,32,06:12,0
130,33,06:13,0
130,34,06:14,0
130,35,06:15,0
130,36,06:16,0
130,37,06:17,0
130,38,06:18,0
130,39,06:19,0
130,40,06:20,0
130,41,06:21,0
130,42,06:22,0
130,43,06:23,0
130,44,06:24,0
130,45,06:25,0
130,46,06:26,0
130,47,06:27,0
130,48,06:28,0
130,49,06:29,0
130,50,06:30,0
130,51,06:31,0
130,52,06:32,0
130,53,06:33,0
130,54,06:34,0
130,55,06:35,0
130,56,06:36,0
130,57,06:37,0
130,58,06:38,0
130,59,06:39,0
130,60,06:40,0
130,61,06:41,0
130,62,06:42,0
130,63,06:43,0
130,64,06:44,0
130,65,06:45,0
130,66,06:46,0
130,67,06:47,0
130,68,06:48,0
130,69,06:49,0
130,70,06:50,0
130,71,06:51,0
130,72,06:52,0
130,73,06:53,0
130,74,06:54,0
130,75,06:55,0
130,76,06:56,0
130,77,06:57,0
130,78,06:58,0
130,79,06:59,0
130,80,07:00,0
130,81,07:01,0
130,82,07:02,0
130,83,07:03,0
130,84,07:04,0
130,85,07:05,0
130,86,07:06,0
130,87,07:07,0
130,88,07:08,0
130,89,07:09,0
130,90,07:10,0
130,91,07:11,0
130,92,07:12,0
130,93,07:13,0
130,94,07:14,0
130,95,07:15,0
130,96,07:16,0
130,97,07:17,0
130,98,07:18,0
130,99,07:19,0
130,100,07:20,0
130,101,07:21,0
130,102,07:22,0
130,103,07:23,0
130,104,07:24,0
130,105,07:25,0
130,106,07:26,0
130,107,07:27,0
130,108,07:28,0
130,109,07:29,0
130,110,07:30,0
130,111,07:31,0
130,112,07:32,0
130,113,07:33,0
130,114,07:34,0
130,115,07:35,0
130,116,07:36,0
130,117,07:37,0
130,118,07:38,0
130,119,07:39,0
130,120,07:40,0
130,121,07:41,0
130,122,07:42,0
130,123,07:43,0
130,124,07:44,0
130,125,07:45,0
130,126,07:46,0
130,127,07:47,0
130,128,07:48,0
130,129,07:49,0
130,130,07:50,0
130,131,07:51,0
130,132,07:52,0
130,133,07:53,0
130,134,07:54,0
130,135,07:55,0
130,136,07:56,0
130,137,07:57,0
130,138,07:58,0
130,139,07:59,0
130,140,08:00,0
130,141,08:01,0
130,142,08:02,0
130,143,08:03,0
130,144,08:04,0
130,145,08:05,0
130,146,08:06,0
130,147,08:07,0
130,148,08:08,0
130,149,08:09,0
130,150,08:10,0
130,151,08:11,0
130,152,08:12,0
130,153,08:13,0
130,154,08:14,0
130,155,08:15,0
130,156,08:16,0
130,157,08:17,0
130,158,08:18,0
130,159,08:19,0
130,160,08:20,0
130,161,08:21,0
130,162,08:22,0
130,163,08:23,0
130,164,08:24,0
130,165,08:25,0
130,166,08:26,0
130,167,08:27,0
130,168,08:28,0
130,169,08:29,0
130,170,08:30,0
130,171,08:31,0
130,172,08:32,0
130,173,08:33,0
130,174,08:34,0
130,175,08:35,0
130,176,08:36,0
130,177,08:37,0
130,178,08:38,0
130,179,08:39,0
130,180,08:40,0
130,181,08:41,0
130,182,08:42,0
130,183,08:43,0
130,184,08:44,0
130,185,08:45,0
130,186,08:46,0
130,187,08:47,0
130,188,08:48,0
130,189,08:49,0
130,190,08:50,0
130,191,08:51,0
130,192,08:52,0
130,193,08:53,0
130,194,08:54,0
130,195,08:55,0
130,196,08:56,0
130,197,08:57,0
130,198,08:58,0
130,199,08:59,0
130,200,09:00,0
130,201,09:01,0
130,202,09:02,0
130,203,09:03,0
130,204,09:04,0
130,205,09:05,0
130,206,09:06,0
130,207,09:07,0
130,208,09:08,0
130,209,09:09,0
130,210,09:10,0
130,211,09:11,0
130,212,09:12,0
130,213,09:13,0
130,214,09:14,0
130,215,09:15,0
130,216,09:16,0
130,217,09:17,0
130,218,09:18,0
130,219,09:19,0
130,220,09:20,0
130,221,09:21,0
130,222,09:22,0
130,223,09:23,0
130,224,09:24,0
130,225,09:25,0
130,226,09:26,0
130,227,09:27,0
130,228,09:28,0
130,229,09:29,0
130,230,09:30,0
130,231,09:31,0
130,232,09:32,0
130,233,09:33,0
130,234,09:34,0
130,235,09:35,0
130,236,09:36,0
130,237,09:37,0
130,238,09:38,0
130,239,09:39,0
130,240,09:40,0
130,241,09:41,0
130,242,09:42,0
130,243,09:43,0
130,244,09:44,0
130,245,09:45,0
130,246,09:46,0
130,247,09:47,0
130,248,09:48,0
130,249,09:49,0
130,250,09:50,0
130,251,09:51,0
130,252,09:52,0
130,253,09:53,0
130,254,09:54,0
130,255,09:55,0
130,256,09:56,0
130,257,09:57,0
130,258,09:58,0
130,259,09:59,0
130,260,10:00,0
130,261,10:01,0
130,262,10:02,0
130,263,10:03,0
130,264,10:04,0
130,265,10:05,0
130,266,10:06,0
130,267,10:07,0
130,268,10:08,0
130,269,10:09,0
130,270,10:10,0
130,271,10:11,0
130,272,10:12,0
130,273,10:13,0
130,274,10:14,0
130,275,10:15,0
130,276,10:16,0
130,277,10:17,0
130,278,10:18,0
130,279,10:19,0
130,280,10:20,0
130,281,10:21,0
130,282,10:22,0
130,283,10:23,0
130,284,10:24,0
130,285,10:25,0
130,286,10:26,0
130,287,10:27,0
130,288,10:28,0
130,289,10:29,0
130,290,10:30,0
130,291,10:31,0
130,292,10:32,0
130,293,10:33,0
130,294,10:34,0
130,295,10:35,0
130,296,10:36,0
130,297,10:37,0
130,298,10:38,0
130,299,10:39,0
130,300,10:40,0
130,301,10:41,0
130,302,10:42,0
130,303,10:43,0
130,304,10:44,0
130,305,10:45,0
130,306,10:46,0
130,307,10:47,0
130,308,10:48,0
130,309,10:49,0
130,310,10:50,0
130,311,10:51,0
130,312,10:52,0
130,313,10:53,0
130,314,10:54,0
130,315,10:55,0
130,316,10:56,0
130,317,10:57,0
130,318,10:58,0
130,319,10:59,0
130,320,11:00,0
130,321,11:01,0
130,322,11:02,0
130,323,11:03,0
130,324,11:04,0
130,325,11:05,0
130,326,11:06,0
130,327,11:07,0
130,328,11:08,0
130,329,11:09,0
130,330,11:10,0
130,331,11:11,0
130,332,11:12,0
130,333,11:13,0
130,334,11:14,0
130,335,11:15,0
130,336,11:16,0
130,337,11:17,0
130,338,11:18,0
130,339,11:19,0
130,340,11:20,0
130,341,11:21,0
130,342,11:22,0
130,343,11:23,0
130,344,11:24,0
130,345,11:25,0
130,346,11:26,0
130,347,11:27,0
130,348,11:28,0
130,349,11:29,0
130,350,11:30,0
130,351,11:31,0
130,352,11:32,0
130,353,11:33,0
130,354,11:34,0
130,355,11:35,0
130,356,11:36,0
130,357,11:37,0
130,358,11:38,0
130,359,11:39,0
130,360,11:40,0
130,361,11:41,0
130,362,11:42,0
130,363,11:43,0
130,364,11:44,0
130,365,11:45,0
130,366,11:46,0
130,367,11:47,0
130,368,11:48,0
130,369,11:49,0
130,370,11:50,0
130,371,11:51,0
130,372,11:52,0
130,373,11:53,0
130,374,11:54,0
130,375,11:55,0
130,376,11:56,0
130,377,11:57,0
130,378,11:58,0
130,379,11:59,0
130,380,12:00,0
130,381,12:01,0
130,382,12:02,0
130,383,12:03,0
130,384,12:04,0
130,385,12:05,0
130,386,12:06,0
130,387,12:07,0
130,388,12:08,0
130,389,12:09,0
130,390,12:10,0
130,391,12:11,0
130,392,12:12,0
130,393,12:13,0
130,394,12:14,0
130,395,12:15,0
130,396,12:16,0
130,397,12:17,0
130,398,12:18,0
130,399,12:19,0
130,400,12:20,0
130,401,12:21,0
130,402,12:22,0
130,403,12:23,0
130,404,12:24,0
130,405,12:25,0
130,406,12:26,0
130,407,12:27,0
130,408,12:28,0
130,409,12:29,0
130,410,12:30,0
130,411,12:31,0
130,412,12:32,0
130,413,12:33,0
130,414,12:34,0
130,415,12:35,0
130,416,12:36,0
130,417,12:37,0
130,418,12:38,0
130,419,12:39,0
130,420,12:40,0
130,421,12:41,0
130,422,12:42,0
130,423,12:43,0
130,424,12:44,0
130,425,12:45,0
130,426,12:46,0
130,427,12:47,0
130,428,12:48,0
130,429,12:49,0
130,430,12:50,0
130,431,12:51,0
130,432,12:52,0
130,433,12:53,0
130,434,12:54,0
130,435,12:55,0
130,436,12:56,0
130,437,12:57,0
130,438,12:58,0
130,439,12:59,0
130,440,13:00,0
130,441,13:01,0
130,442,13:02,0
130,443,13:03,0
130,444,13:04,0
130,445,13:05,0
130,446,13:06,0
130,447,13:07,0
130,448,13:08,0
130,449,13:09,0
130,450,13:10,0
130,451,13:11,0
130,452,13:12,0
130,453,13:13,0
130,454,13:14,0
130,455,13:15,0
130,456,13:16,0
130,457,13:17,0
130,458,13:18,0
130,459,13:19,0
130,460,13:20,0
130,461,13:21,0
130,462,13:22,0
130,463,13:23,0
130,464,13:24,0
130,465,13:25,0
130,466,13:26,0
130,467,13:27,0
130,468,13:28,0
130,469,13:29,0
130,470,13:30,0
130,471,13:31,0
130,472,13:32,0
130,473,13:33,0
130,474,13:34,0
130,475,13:35,0
130,476,13:36,0
130,477,13:37,0
130,478,13:38,0
130,479,13:39,0
130,480,13:40,0
130,481,13:41,0
130,482,13:42,0
130,483,13:43,0
130,484,13:44,0
130,485,13:45,0
130,486,13:46,0
130,487,13:47,0
130,488,13:48,0
130,489,13:49,0
130,490,13:50,0
130,491,13:51,0
130,492,13:52,0
130,493,13:53,0
130,494,13:54,0
130,495,13:55,0
130,496,13:56,0
130,497,13:57,0
130,498,13:58,0
130,499,13:59,0
130,500,14:00,0
130,501,14:01,0
130,502,14:02,0
130,503,14:03,0
130,504,14:04,0
130,505,14:05,0
130,506,14:06,0
130,507,14:07,0
130,508,14:08,0
130,509,14:09,0
130,510,14:10,0
130,511,14:11,0
130,512,14:12,0
130,513,14:13,0
130,514,14:14,0
130,515,14:15,0
130,516,14:16,0
130,517,14:17,0
130,518,14:18,0
130,519,14:19,0
130,520,14:20,0
130,521,14:21,0
130,522,14:22,0
130,523,14:23,0
130,524,14:24,0
130,525,14:25,0
130,526,14:26,0
130,527,14:27,0
130,528,14:28,0
130,529,14:29,0
130,530,14:30,0
130,531,14:31,0
130,532,14:32,0
130,533,14:33,0
130,534,14:34,0
130,535,14:35,0
130,536,14:36,0
130,537,14:37,0
130,538,14:38,0
130,539,14:39,0
130,540,14:40,0
130,541,14:41,0
130,542,14:42,0
130,543,14:43,0
130,544,14:44,0
130,545,14:45,0
130,546,14:46,0
130,547,14:47,0
130,548,14:48,0
130,549,14:49,0
130,550,14:50,0
130,551,14:51,0
130,552,14:52,0
130,553,14:53,0
130,554,14:54,0
130,555,14:55,0
130,556,14:56,0
130,557,14:57,0
130,558,14:58,0
130,559,14:59,0
130,560,15:00,0
130,561,15:01,0
130,562,15:02,0
130,563,15:03,0
130,564,15:04,1
130,565,15:05,1
130,566,15:06,1
130,567,15:07,2
130,568,15:08,2
130,569,15:09,2
130,570,15:10,3
130,571,15:11,3
130,572,15:12,3
130,573,15:13,3
130,574,15:14,3
130,575,15:15,3
130,576,15:16,3
130,577,15:17,3
130,578,15:18,3
130,579,15:19,3
130,580,15:20,3
130,581,15:21,3
130,582,15:22,3
130,583,15:23,3
130,584,15:24,2
130,585,15:25,2
130,586,15:26,2
130,587,15:27,2
130,588,15:28,2
130,589,15:29,2
130,590,15:30,2
130,591,15:31,2
130,592,15:32,2
130,593,15:33,1
130,594,15:34,1
130,595,15:35,1
130,596,15:36,0
130,597,15:37,0
130,598,15:38,0
130,599,15:39,0
130,600,15:40,0
130,601,15:41,0
130,602,15:42,0
130,603,15:43,0
130,604,15:44,0
130,605,15:45,0
130,606,15:46,0
130,607,15:47,0
130,608,15:48,0
130,609,15:49,0
130,610,15:50,0
130,611,15:51,0
130,612,15:52,0
130,613,15:53,0
130,614,15:54,0
130,615,15:55,0
130,616,15:56,0
130,617,15:57,0
130,618,15:58,0
130,619,15:59,0
130,620,16:00,0
130,621,16:01,0
130,622,16:02,0
130,623,16:03,0
130,624,16:04,0
130,625,16:05,0
130,626,16:06,0
130,627,16:07,0
130,628,16:08,0
130,629,16:09,0
130,630,16:10,0
130,631,16:11,0
130,632,16:12,0
130,633,16:13,0
130,634,16:14,0
130,635,16:15,0
130,636,16:16,0
130,637,16:17,0
130,638,16:18,0
130,639,16:19,0
130,640,16:20,0
130,641,16:21,0
130,642,16:22,0
130,643,16:23,0
130,644,16:24,0
130,645,16:25,0
130,646,16:26,0
130,647,16:27,0
130,648,16:28,0
130,649,16:29,0
130,650,16:30,0
130,651,16:31,0
130,652,16:32,0
130,653,16:33,0
130,654,16:34,0
130,655,16:35,0
130,656,16:36,0
130,657,16:37,0
130,658,16:38,0
130,659,16:39,0
130,660,16:40,0
130,661,16:41,0
130,662,16:42,0
130,663,16:43,0
130,664,16:44,0
130,665,16:45,0
130,666,16:46,0
130,667,16:47,0
130,668,16:48,0
130,669,16:49,0
130,670,16:50,0
130,671,16:51,0
130,672,16:52,0
130,673,16:53,0
130,674,16:54,0
130,675,16:55,0
130,676,16:56,0
130,677,16:57,0
130,678,16:58,0
130,679,16:59,0
130,680,17:00,0
130,681,17:01,0
130,682,17:02,0
130,683,17:03,0
130,684,17:04,0
130,685,17:05,0
130,686,17:06,0
130,687,17:07,0
130,688,17:08,0
130,689,17:09,0
130,690,17:10,0
130,691,17:11,0
130,692,17:12,0
130,693,17:13,0
130,694,17:14,0
130,695,17:15,0
130,696,17:16,0
130,697,17:17,0
130,698,17:18,0
130,699,17:19,0
130,700,17:20,0
130,701,17:21,0
130,702,17:22,0
130,703,17:23,0
130,704,17:24,0
130,705,17:25,0
130,706,17:26,0
130,707,17:27,0
130,708,17:28,0
130,709,17:29,0
130,710,17:30,0
130,711,17:31,0
130,712,17:32,0
130,713,17:33,0
130,714,17:34,0
130,715,17:35,0
130,716,17:36,0
130,717,17:37,0
130,718,17:38,0
130,719,17:39,0
130,720,17:40,0
130,721,17:41,0
130,722,17:42,0
130,723,17:43,0
130,724,17:44,0
130,725,17:45,0
130,726,17:46,0
130,727,17:47,0
130,728,17:48,0
130,729,17:49,0
130,730,17:50,0
130,731,17:51,0
130,732,17:52,0
130,733,17:53,0
130,734,17:54,0
130,735,17:55,0
130,736,17:56,0
130,737,17:57,0
130,738,17:58,0
130,739,17:59,0
130,740,18:00,1
130,741,18:01,1
130,742,18:02,1
130,743,18:03,1
130,744,18:04,1
130,745,18:05,1
130,746,18:06,1
130,747,18:07,1
130,748,18:08,1
130,749,18:09,1
130,750,18:10,1
130,751,18:11,1
130,752,18:12,1
130,753,18:13,1
130,754,18:14,1
130,755,18:15,1
130,756,18:16,1
130,757,18:17,1
130,758,18:18,0
130,759,18:19,0
130,760,18:20,0
130,761,18:21,0
130,762,18:22,0
130,763,18:23,0
130,764,18:24,1
130,765,18:25,1
130,766,18:26,1
130,767,18:27,2
130,768,18:28,2
130,769,18:29,2
130,770,18:30,2
130,771,18:31,2
130,772,18:32,2
130,773,18:33,2
130,774,18:34,2
130,775,18:35,2
130,776,18:36,2
130,777,18:37,1
130,778,18:38,1
130,779,18:39,1
130,780,18:40,0
130,781,18:41,0
130,782,18:42,0
130,783,18:43,0
130,784,18:44,0
130,785,18:45,0
130,786,18:46,0
130,787,18:47,0
130,788,18:48,0
130,789,18:49,1
130,790,18:50,1
130,791,18:51,1
130,792,18:52,3
130,793,18:53,3
130,794,18:54,3
130,795,18:55,3
130,796,18:56,3
130,797,18:57,3
130,798,18:58,3
130,799,18:59,3
130,800,19:00,3
130,801,19:01,3
130,802,19:02,2
130,803,19:03,2
130,804,19:04,2
130,805,19:05,0
130,806,19:06,0
130,807,19:07,0
130,808,19:08,0
130,809,19:09,0
130,810,19:10,0
130,811,19:11,0
130,812,19:12,0
130,813,19:13,0
130,814,19:14,0
130,815,19:15,0
130,816,19:16,0
130,817,19:17,0
130,818,19:18,0
130,819,19:19,0
130,820,19:20,0
130,821,19:21,0
130,822,19:22,0
130,823,19:23,0
130,824,19:24,0
130,825,19:25,0
130,826,19:26,0
130,827,19:27,0
130,828,19:28,0
130,829,19:29,0
130,830,19:30,0
130,831,19:31,0
130,832,19:32,0
130,833,19:33,0
130,834,19:34,0
130,835,19:35,0
131,0,05:40,0
131,1,05:41,0
131,2,05:42,0
131,3,05:43,0
131,4,05:44,0
131,5,05:45,0
131,6,05:46,0
131,7,05:47,0
131,8,05:48,0
131,9,05:49,0
131,10,05:50,0
131,11,05:51,0
131,12,05:52,0
131,13,05:53,0
131,14,05:54,0
131,15,05:55,0
131,16,05:56,0
131,17,05:57,0
131,18,05:58,0
131,19,05:59,0
131,20,06:00,0
131,21,06:01,0
131,22,06:02,0
131,23,06:03,0
131,24,06:04,0
131,25,06:05,0
131,26,06:06,0
131,27,06:07,0
131,28,06:08,0
131,29,06:09,0
131,30,06:10,0
131,31,06:11,0
131,32,06:12,0
131,33,06:13,0
131,34,06:14,0
131,35,06:15,0
131,36,06:16,0
131,37,06:17,0
131,38,06:18,0
131,39,06:19,0
131,40,06:20,0
131,41,06:21,0
131,42,06:22,0
131,43,06:23,0
131,44,06:24,0
131,45,06:25,0
131,46,06:26,0
131,47,06:27,0
131,48,06:28,0
131,49,06:29,0
131,50,06:30,0
131,51,06:31,0
131,52,06:32,0
131,53,06:33,0
131,54,06:34,0
131,55,06:35,0
131,56,06:36,0
131,57,06:37,0
131,58,06:38,0
131,59,06:39,0
131,60,06:40,0
131,61,06:41,0
131,62,06:42,0
131,63,06:43,0
131,64,06:44,0
131,65,06:45,0
131,66,06:46,0
131,67,06:47,0
131,68,06:48,0
131,69,06:49,0
131,70,06:50,0
131,71,06:51,0
131,72,06:52,0
131,73,06:53,0
131,74,06:54,0
131,75,06:55,0
131,76,06:56,0
131,77,06:57,0
131,78,06:58,0
131,79,06:59,0
131,80,07:00,0
131,81,07:01,0
131,82,07:02,0
131,83,07:03,0
131,84,07:04,0
131,85,07:05,0
131,86,07:06,0
131,87,07:07,0
131,88,07:08,0
131,89,07:09,0
131,90,07:10,0
131,91,07:11,0
131,92,07:12,0
131,93,07:13,0
131,94,07:14,0
131,95,07:15,0
131,96,07:16,0
131,97,07:17,0
131,98,07:18,0
131,99,07:19,0
131,100,07:20,0
131,101,07:21,0
131,102,07:22,0
131,103,07:23,0
131,104,07:24,0
131,105,07:25,0
131,106,07:26,0
131,107,07:27,0
131,108,07:28,0
131,109,07:29,0
131,110,07:30,0
131,111,07:31,0
131,112,07:32,0
131,113,07:33,0
131,114,07:34,0
131,115,07:35,0
131,116,07:36,0
131,117,07:37,0
131,118,07:38,0
131,119,07:39,0
131,120,07:40,0
131,121,07:41,0
131,122,07:42,0
131,123,07:43,0
131,124,07:44,0
131,125,07:45,0
131,126,07:46,0
131,127,07:47,0
131,128,07:48,0
131,129,07:49,0
131,130,07:50,0
131,131,07:51,0
131,132,07:52,0
131,133,07:53,0
131,134,07:54,0
131,135,07:55,0
131,136,07:56,0
131,137,07:57,0
131,138,07:58,0
131,139,07:59,0
131,140,08:00,0
131,141,08:01,0
131,142,08:02,0
131,143,08:03,0
131,144,08:04,0
131,145,08:05,0
131,146,08:06,0
131,147,08:07,0
131,148,08:08,0
131,149,08:09,0
131,150,08:10,0
131,151,08:11,0
131,152,08:12,0
131,153,08:13,0
131,154,08:14,0
131,155,08:15,0
131,156,08:16,0
131,157,08:17,0
131,158,08:18,0
131,159,08:19,0
131,160,08:20,0
131,161,08:21,0
131,162,08:22,0
131,163,08:23,0
131,164,08:24,0
131,165,08:25,0
131,166,08:26,0
131,167,08:27,0
131,168,08:28,0
131,169,08:29,0
131,170,08:30,0
131,171,08:31,0
131,172,08:32,0
131,173,08:33,0
131,174,08:34,0
131,175,08:35,0
131,176,08:36,0
131,177,08:37,0
131,178,08:38,0
131,179,08:39,0
131,180,08:40,0
131,181,08:41,0
131,182,08:42,0
131,183,08:43,0
131,184,08:44,0
131,185,08:45,0
131,186,08:46,0
131,187,08:47,0
131,188,08:48,0
131,189,08:49,0
131,190,08:50,0
131,191,08:51,0
131,192,08:52,0
131,193,08:53,0
131,194,08:54,0
131,195,08:55,0
131,196,08:56,0
131,197,08:57,0
131,198,08:58,0
131,199,08:59,0
131,200,09:00,0
131,201,09:01,0
131,202,09:02,0
131,203,09:03,0
131,204,09:04,0
131,205,09:05,0
131,206,09:06,0
131,207,09:07,0
131,208,09:08,0
131,209,09:09,0
131,210,09:10,0
131,211,09:11,0
131,212,09:12,0
131,213,09:13,0
131,214,09:14,0
131,215,09:15,0
131,216,09:16,0
131,217,09:17,0
131,218,09:18,0
131,219,09:19,0
131,220,09:20,0
131,221,09:21,0
131,222,09:22,0
131,223,09:23,0
131,224,09:24,0
131,225,09:25,0
131,226,09:26,0
131,227,09:27,0
131,228,09:28,0
131,229,09:29,0
131,230,09:30,0
131,231,09:31,0
131,232,09:32,0
131,233,09:33,0
131,234,09:34,0
131,235,09:35,0
131,236,09:36,0
131,237,09:37,0
131,238,09:38,0
131,239,09:39,0
131,240,09:40,0
131,241,09:41,0
131,242,09:42,0
131,243,09:43,0
131,244,09:44,0
131,245,09:45,0
131,246,09:46,0
131,247,09:47,0
131,248,09:48,1
131,249,09:49,1
131,250,09:50,1
131,251,09:51,1
131,252,09:52,1
131,253,09:53,1
131,254,09:54,1
131,255,09:55,1
131,256,09:56,1
131,257,09:57,1
131,258,09:58,1
131,259,09:59,0
131,260,10:00,0
131,261,10:01,0
131,262,10:02,0
131,263,10:03,0
131,264,10:04,0
131,265,10:05,0
131,266,10:06,0
131,267,10:07,0
131,268,10:08,0
131,269,10:09,0
131,270,10:10,0
131,271,10:11,0
131,272,10:12,0
131,273,10:13,0
131,274,10:14,0
131,275,10:15,0
131,276,10:16,0
131,277,10:17,0
131,278,10:18,0
131,279,10:19,0
131,280,10:20,0
131,281,10:21,0
131,282,10:22,1
131,283,10:23,1
131,284,10:24,1
131,285,10:25,1
131,286,10:26,1
131,287,10:27,1
131,288,10:28,1
131,289,10:29,1
131,290,10:30,1
131,291,10:31,1
131,292,10:32,0
131,293,10:33,0
131,294,10:34,0
131,295,10:35,0
131,296,10:36,0
131,297,10:37,0
131,298,10:38,0
131,299,10:39,0
131,300,10:40,0
131,301,10:41,2
131,302,10:42,2
131,303,10:43,2
131,304,10:44,2
131,305,10:45,2
131,306,10:46,2
131,307,10:47,2
131,308,10:48,2
131,309,10:49,2
131,310,10:50,0
131,311,10:51,0
131,312,10:52,0
131,313,10:53,0
131,314,10:54,0
131,315,10:55,0
131,316,10:56,0
131,317,10:57,0
131,318,10:58,0
131,319,10:59,0
131,320,11:00,0
131,321,11:01,0
131,322,11:02,0
131,323,11:03,0
131,324,11:04,0
131,325,11:05,0
131,326,11:06,0
131,327,11:07,0
131,328,11:08,0
131,329,11:09,0
131,330,11:10,0
131,331,11:11,0
131,332,11:12,0
131,333,11:13,0
131,334,11:14,0
131,335,11:15,0
131,336,11:16,0
131,337,11:17,0
131,338,11:18,0
131,339,11:19,0
131,340,11:20,0
131,341,11:21,0
131,342,11:22,0
131,343,11:23,0
131,344,11:24,0
131,345,11:25,0
131,346,11:26,0
131,347,11:27,0
131,348,11:28,0
131,349,11:29,0
131,350,11:30,0
131,351,11:31,0
131,352,11:32,0
131,353,11:33,0
131,354,11:34,0
131,355,11:35,0
131,356,11:36,0
131,357,11:37,0
131,358,11:38,0
131,359,11:39,0
131,360,11:40,0
131,361,11:41,0
131,362,11:42,0
131,363,11:43,0
131,364,11:44,0
131,365,11:45,0
131,366,11:46,0
131,367,11:47,0
131,368,11:48,0
131,369,11:49,0
131,370,11:50,0
131,371,11:51,0
131,372,11:52,0
131,373,11:53,0
131,374,11:54,0
131,375,11:55,0
131,376,11:56,0
131,377,11:57,0
131,378,11:58,0
131,379,11:59,0
131,380,12:00,0
131,381,12:01,0
131,382,12:02,0
131,383,12:03,0
131,384,12:04,0
131,385,12:05,0
131,386,12:06,0
131,387,12:07,0
131,388,12:08,0
131,389,12:09,0
131,390,12:10,0
131,391,12:11,0
131,392,12:12,0
131,393,12:13,0
131,394,12:14,0
131,395,12:15,0
131,396,12:16,0
131,397,12:17,0
131,398,12:18,0
131,399,12:19,0
131,400,12:20,0
131,401,12:21,0
131,402,12:22,0
131,403,12:23,0
131,404,12:24,0
131,405,12:25,0
131,406,12:26,0
131,407,12:27,0
131,408,12:28,0
131,409,12:29,0
131,410,12:30,0
131,411,12:31,0
131,412,12:32,0
131,413,12:33,0
131,414,12:34,0
131,415,12:35,0
131,416,12:36,0
131,417,12:37,0
131,418,12:38,0
131,419,12:39,0
131,420,12:40,0
131,421,12:41,0
131,422,12:42,0
131,423,12:43,0
131,424,12:44,0
131,425,12:45,0
131,426,12:46,0
131,427,12:47,0
131,428,12:48,0
131,429,12:49,0
131,430,12:50,0
131,431,12:51,0
131,432,12:52,0
131,433,12:53,0
131,434,12:54,0
131,435,12:55,0
131,436,12:56,0
131,437,12:57,0
131,438,12:58,0
131,439,12:59,0
131,440,13:00,0
131,441,13:01,0
131,442,13:02,0
131,443,13:03,0
131,444,13:04,0
131,445,13:05,0
131,446,13:06,0
131,447,13:07,0
131,448,13:08,0
131,449,13:09,0
131,450,13:10,0
131,451,13:11,0
131,452,13:12,0
131,453,13:13,0
131,454,13:14,0
131,455,13:15,0
131,456,13:16,0
131,457,13:17,0
131,458,13:18,0
131,459,13:19,0
131,460,13:20,0
131,461,13:21,0
131,462,13:22,0
131,463,13:23,0
131,464,13:24,0
131,465,13:25,0
131,466,13:26,0
131,467,13:27,0
131,468,13:28,0
131,469,13:29,0
131,470,13:30,0
131,471,13:31,0
131,472,13:32,0
131,473,13:33,0
131,474,13:34,0
131,475,13:35,0
131,476,13:36,0
131,477,13:37,0
131,478,13:38,0
131,479,13:39,0
131,480,13:40,0
131,481,13:41,0
131,482,13:42,0
131,483,13:43,0
131,484,13:44,0
131,485,13:45,0
131,486,13:46,0
131,487,13:47,0
131,488,13:48,0
131,489,13:49,0
131,490,13:50,0
131,491,13:51,0
131,492,13:52,0
131,493,13:53,0
131,494,13:54,0
131,495,13:55,0
131,496,13:56,0
131,497,13:57,0
131,498,13:58,0
131,499,13:59,0
131,500,14:00,0
131,501,14:01,0
131,502,14:02,0
131,503,14:03,0
131,504,14:04,0
131,505,14:05,0
131,506,14:06,0
131,507,14:07,0
131,508,14:08,0
131,509,14:09,0
131,510,14:10,0
131,511,14:11,0
131,512,14:12,0
131,513,14:13,0
131,514,14:14,0
131,515,14:15,0
131,516,14:16,0
131,517,14:17,0
131,518,14:18,0
131,519,14:19,0
131,520,14:20,0
131,521,14:21,0
131,522,14:22,0
131,523,14:23,0
131,524,14:24,0
131,525,14:25,0
131,526,14:26,0
131,527,14:27,0
131,528,14:28,0
131,529,14:29,0
131,530,14:30,0
131,531,14:31,0
131,532,14:32,0
131,533,14:33,0
131,534,14:34,0
131,535,14:35,0
131,536,14:36,0
131,537,14:37,0
131,538,14:38,0
131,539,14:39,0
131,540,14:40,0
131,541,14:41,0
131,542,14:42,0
131,543,14:43,0
131,544,14:44,0
131,545,14:45,1
131,546,14:46,1
131,547,14:47,1
131,548,14:48,1
131,549,14:49,1
131,550,14:50,1
131,551,14:51,3
131,552,14:52,3
131,553,14:53,3
131,554,14:54,3
131,555,14:55,3
131,556,14:56,3
131,557,14:57,3
131,558,14:58,3
131,559,14:59,3
131,560,15:00,3
131,561,15:01,3
131,562,15:02,1
131,563,15:03,1
131,564,15:04,1
131,565,15:05,0
131,566,15:06,0
131,567,15:07,0
131,568,15:08,0
131,569,15:09,0
131,570,15:10,0
131,571,15:11,0
131,572,15:12,0
131,573,15:13,0
131,574,15:14,0
131,575,15:15,0
131,576,15:16,0
131,577,15:17,0
131,578,15:18,0
131,579,15:19,0
131,580,15:20,0
131,581,15:21,0
131,582,15:22,0
131,583,15:23,0
131,584,15:24,0
131,585,15:25,0
131,586,15:26,0
131,587,15:27,0
131,588,15:28,0
131,589,15:29,0
131,590,15:30,0
131,591,15:31,0
131,592,15:32,0
131,593,15:33,0
131,594,15:34,0
131,595,15:35,0
131,596,15:36,0
131,597,15:37,0
131,598,15:38,0
131,599,15:39,0
131,600,15:40,0
131,601,15:41,0
131,602,15:42,0
131,603,15:43,0
131,604,15:44,0
131,605,15:45,0
131,606,15:46,0
131,607,15:47,0
131,608,15:48,0
131,609,15:49,0
131,610,15:50,0
131,611,15:51,0
131,612,15:52,0
131,613,15:53,0
131,614,15:54,0
131,615,15:55,0
131,616,15:56,0
131,617,15:57,0
131,618,15:58,0
131,619,15:59,0
131,620,16:00,0
131,621,16:01,0
131,622,16:02,0
131,623,16:03,0
131,624,16:04,0
131,625,16:05,0
131,626,16:06,0
131,627,16:07,0
131,628,16:08,0
131,629,16:09,0
131,630,16:10,0
131,631,16:11,0
131,632,16:12,0
131,633,16:13,0
131,634,16:14,0
131,635,16:15,0
131,636,16:16,0
131,637,16:17,0
131,638,16:18,0
131,639,16:19,0
131,640,16:20,0
131,641,16:21,0
131,642,16:22,0
131,643,16:23,0
131,644,16:24,0
131,645,16:25,0
131,646,16:26,0
131,647,16:27,0
131,648,16:28,0
131,649,16:29,0
131,650,16:30,0
131,651,16:31,0
131,652,16:32,0
131,653,16:33,0
131,654,16:34,0
131,655,16:35,0
131,656,16:36,0
131,657,16:37,0
131,658,16:38,0
131,659,16:39,0
131,660,16:40,0
131,661,16:41,0
131,662,16:42,0
131,663,16:43,0
131,664,16:44,0
131,665,16:45,0
131,666,16:46,0
131,667,16:47,0
131,668,16:48,1
131,669,16:49,1
131,670,16:50,1
131,671,16:51,2
131,672,16:52,2
131,673,16:53,2
131,674,16:54,2
131,675,16:55,2
131,676,16:56,2
131,677,16:57,2
131,678,16:58,2
131,679,16:59,2
131,680,17:00,2
131,681,17:01,2
131,682,17:02,2
131,683,17:03,2
131,684,17:04,1
131,685,17:05,1
131,686,17:06,1
131,687,17:07,0
131,688,17:08,0
131,689,17:09,0
131,690,17:10,0
131,691,17:11,0
131,692,17:12,0
131,693,17:13,0
131,694,17:14,0
131,695,17:15,0
131,696,17:16,0
131,697,17:17,0
131,698,17:18,0
131,699,17:19,0
131,700,17:20,0
131,701,17:21,0
131,702,17:22,0
131,703,17:23,0
131,704,17:24,0
131,705,17:25,1
131,706,17:26,1
131,707,17:27,1
131,708,17:28,2
131,709,17:29,2
131,710,17:30,2
131,711,17:31,2
131,712,17:32,2
131,713,17:33,2
131,714,17:34,2
131,715,17:35,2
131,716,17:36,2
131,717,17:37,2
131,718,17:38,1
131,719,17:39,1
131,720,17:40,1
131,721,17:41,1
131,722,17:42,1
131,723,17:43,1
131,724,17:44,1
131,725,17:45,1
131,726,17:46,1
131,727,17:47,0
131,728,17:48,0
131,729,17:49,0
131,730,17:50,1
131,731,17:51,1
131,732,17:52,1
131,733,17:53,1
131,734,17:54,1
131,735,17:55,1
131,736,17:56,1
131,737,17:57,1
131,738,17:58,1
131,739,17:59,0
131,740,18:00,0
131,741,18:01,0
131,742,18:02,0
131,743,18:03,0
131,744,18:04,0
131,745,18:05,0
131,746,18:06,0
131,747,18:07,0
131,748,18:08,0
131,749,18:09,0
131,750,18:10,0
131,751,18:11,1
131,752,18:12,1
131,753,18:13,1
131,754,18:14,2
131,755,18:15,2
131,756,18:16,2
131,757,18:17,2
131,758,18:18,2
131,759,18:19,2
131,760,18:20,2
131,761,18:21,2
131,762,18:22,2
131,763,18:23,2
131,764,18:24,1
131,765,18:25,1
131,766,18:26,1
131,767,18:27,1
131,768,18:28,1
131,769,18:29,1
131,770,18:30,1
131,771,18:31,0
131,772,18:32,0
131,773,18:33,0
131,774,18:34,0
131,775,18:35,0
131,776,18:36,0
131,777,18:37,0
131,778,18:38,0
131,779,18:39,0
131,780,18:40,1
131,781,18:41,1
131,782,18:42,1
131,783,18:43,1
131,784,18:44,1
131,785,18:45,1
131,786,18:46,1
131,787,18:47,1
131,788,18:48,1
131,789,18:49,1
131,790,18:50,1
131,791,18:51,0
131,792,18:52,0
131,793,18:53,0
131,794,18:54,0
131,795,18:55,0
131,796,18:56,0
131,797,18:57,0
131,798,18:58,0
131,799,18:59,0
131,800,19:00,0
131,801,19:01,0
131,802,19:02,0
131,803,19:03,0
131,804,19:04,0
131,805,19:05,0
131,806,19:06,0
131,807,19:07,0
131,808,19:08,0
131,809,19:09,0
131,810,19:10,0
131,811,19:11,0
131,812,19:12,0
131,813,19:13,0
131,814,19:14,0
131,815,19:15,0
131,816,19:16,0
131,817,19:17,0
131,818,19:18,0
131,819,19:19,0
131,820,19:20,0
131,821,19:21,0
131,822,19:22,0
131,823,19:23,0
131,824,19:24,0
131,825,19:25,0
131,826,19:26,0
131,827,19:27,0
131,828,19:28,0
131,829,19:29,0
131,830,19:30,0
131,831,19:31,0
131,832,19:32,0
131,833,19:33,0
131,834,19:34,0
131,835,19:35,0
132,0,05:40,0
132,1,05:41,0
132,2,05:42,0
132,3,05:43,0
132,4,05:44,0
132,5,05:45,0
132,6,05:46,0
132,7,05:47,0
132,8,05:48,0
132,9,05:49,0
132,10,05:50,0
132,11,05:51,0
132,12,05:52,0
132,13,05:53,0
132,14,05:54,0
132,15,05:55,0
132,16,05:56,0
132,17,05:57,0
132,18,05:58,0
132,19,05:59,0
132,20,06:00,0
132,21,06:01,0
132,22,06:02,0
132,23,06:03,0
132,24,06:04,0
132,25,06:05,0
132,26,06:06,0
132,27,06:07,0
132,28,06:08,0
132,29,06:09,0
132,30,06:10,0
132,31,06:11,0
132,32,06:12,0
132,33,06:13,0
132,34,06:14,0
132,35,06:15,0
132,36,06:16,0
132,37,06:17,0
132,38,06:18,0
132,39,06:19,0
132,40,06:20,0
132,41,06:21,0
132,42,06:22,0
132,43,06:23,0
132,44,06:24,0
132,45,06:25,0
132,46,06:26,0
132,47,06:27,0
132,48,06:28,0
132,49,06:29,0
132,50,06:30,0
132,51,06:31,0
132,52,06:32,0
132,53,06:33,0
132,54,06:34,0
132,55,06:35,0
132,56,06:36,0
132,57,06:37,0
132,58,06:38,0
132,59,06:39,0
132,60,06:40,0
132,61,06:41,0
132,62,06:42,0
132,63,06:43,0
132,64,06:44,0
132,65,06:45,0
132,66,06:46,0
132,67,06:47,0
132,68,06:48,0
132,69,06:49,0
132,70,06:50,0
132,71,06:51,0
132,72,06:52,0
132,73,06:53,0
132,74,06:54,0
132,75,06:55,0
132,76,06:56,0
132,77,06:57,0
132,78,06:58,0
132,79,06:59,0
132,80,07:00,0
132,81,07:01,0
132,82,07:02,0
132,83,07:03,0
132,84,07:04,0
132,85,07:05,0
132,86,07:06,0
132,87,07:07,0
132,88,07:08,0
132,89,07:09,0
132,90,07:10,0
132,91,07:11,0
132,92,07:12,0
132,93,07:13,0
132,94,07:14,0
132,95,07:15,0
132,96,07:16,0
132,97,07:17,0
132,98,07:18,0
132,99,07:19,0
132,100,07:20,0
132,101,07:21,0
132,102,07:22,0
132,103,07:23,0
132,104,07:24,0
132,105,07:25,0
132,106,07:26,0
132,107,07:27,0
132,108,07:28,0
132,109,07:29,0
132,110,07:30,0
132,111,07:31,0
132,112,07:32,0
132,113,07:33,0
132,114,07:34,0
132,115,07:35,0
132,116,07:36,0
132,117,07:37,0
132,118,07:38,0
132,119,07:39,0
132,120,07:40,0
132,121,07:41,0
132,122,07:42,0
132,123,07:43,0
132,124,07:44,0
132,125,07:45,0
132,126,07:46,0
132,127,07:47,0
132,128,07:48,0
132,129,07:49,0
132,130,07:50,0
132,131,07:51,0
132,132,07:52,0
132,133,07:53,0
132,134,07:54,0
132,135,07:55,0
132,136,07:56,0
132,137,07:57,0
132,138,07:58,0
132,139,07:59,0
132,140,08:00,0
132,141,08:01,0
132,142,08:02,0
132,143,08:03,0
132,144,08:04,0
132,145,08:05,0
132,146,08:06,0
132,147,08:07,0
132,148,08:08,0
132,149,08:09,0
132,150,08:10,0
132,151,08:11,0
132,152,08:12,0
132,153,08:13,0
132,154,08:14,0
132,155,08:15,0
132,156,08:16,0
132,157,08:17,0
132,158,08:18,0
132,159,08:19,0
132,160,08:20,1
132,161,08:21,1
132,162,08:22,1
132,163,08:23,2
132,164,08:24,2
132,165,08:25,2
132,166,08:26,2
132,167,08:27,2
132,168,08:28,2
132,169,08:29,2
132,170,08:30,2
132,171,08:31,2
132,172,08:32,2
132,173,08:33,1
132,174,08:34,1
132,175,08:35,1
132,176,08:36,0
132,177,08:37,0
132,178,08:38,0
132,179,08:39,0
132,180,08:40,0
132,181,08:41,0
132,182,08:42,0
132,183,08:43,0
132,184,08:44,0
132,185,08:45,0
132,186,08:46,0
132,187,08:47,0
132,188,08:48,0
132,189,08:49,0
132,190,08:50,0
132,191,08:51,0
132,192,08:52,0
132,193,08:53,0
132,194,08:54,0
132,195,08:55,0
132,196,08:56,0
132,197,08:57,0
132,198,08:58,0
132,199,08:59,0
132,200,09:00,0
132,201,09:01,0
132,202,09:02,0
132,203,09:03,0
132,204,09:04,0
132,205,09:05,0
132,206,09:06,0
132,207,09:07,0
132,208,09:08,0
132,209,09:09,0
132,210,09:10,0
132,211,09:11,0
132,212,09:12,0
132,213,09:13,0
132,214,09:14,0
132,215,09:15,0
132,216,09:16,0
132,217,09:17,0
132,218,09:18,0
132,219,09:19,0
132,220,09:20,0
132,221,09:21,0
132,222,09:22,0
132,223,09:23,0
132,224,09:24,0
132,225,09:25,0
132,226,09:26,0
132,227,09:27,0
132,228,09:28,0
132,229,09:29,0
132,230,09:30,0
132,231,09:31,0
132,232,09:32,0
132,233,09:33,0
132,234,09:34,0
132,235,09:35,0
132,236,09:36,0
132,237,09:37,0
132,238,09:38,0
132,239,09:39,0
132,240,09:40,0
132,241,09:41,0
132,242,09:42,0
132,243,09:43,0
132,244,09:44,0
132,245,09:45,0
132,246,09:46,0
132,247,09:47,0
132,248,09:48,0
132,249,09:49,0
132,250,09:50,0
132,251,09:51,0
132,252,09:52,0
132,253,09:53,0
132,254,09:54,0
132,255,09:55,0
132,256,09:56,0
132,257,09:57,0
132,258,09:58,0
132,259,09:59,0
132,260,10:00,0
132,261,10:01,0
132,262,10:02,0
132,263,10:03,0
132,264,10:04,0
132,265,10:05,0
132,266,10:06,0
132,267,10:07,0
132,268,10:08,0
132,269,10:09,0
132,270,10:10,0
132,271,10:11,0
132,272,10:12,0
132,273,10:13,0
132,274,10:14,0
132,275,10:15,0
132,276,10:16,0
132,277,10:17,0
132,278,10:18,0
132,279,10:19,0
132,280,10:20,0
132,281,10:21,0
132,282,10:22,0
132,283,10:23,0
132,284,10:24,0
132,285,10:25,0
132,286,10:26,0
132,287,10:27,0
132,288,10:28,0
132,289,10:29,0
132,290,10:30,0
132,291,10:31,0
132,292,10:32,0
132,293,10:33,0
132,294,10:34,0
132,295,10:35,0
132,296,10:36,0
132,297,10:37,0
132,298,10:38,0
132,299,10:39,0
132,300,10:40,0
132,301,10:41,0
132,302,10:42,0
132,303,10:43,0
132,304,10:44,0
132,305,10:45,0
132,306,10:46,0
132,307,10:47,1
132,308,10:48,1
132,309,10:49,1
132,310,10:50,1
132,311,10:51,1
132,312,10:52,1
132,313,10:53,1
132,314,10:54,1
132,315,10:55,1
132,316,10:56,1
132,317,10:57,0
132,318,10:58,0
132,319,10:59,0
132,320,11:00,0
132,321,11:01,0
132,322,11:02,0
132,323,11:03,0
132,324,11:04,0
132,325,11:05,0
132,326,11:06,0
132,327,11:07,0
132,328,11:08,0
132,329,11:09,0
132,330,11:10,0
132,331,11:11,0
132,332,11:12,0
132,333,11:13,0
132,334,11:14,0
132,335,11:15,0
132,336,11:16,0
132,337,11:17,0
132,338,11:18,0
132,339,11:19,0
132,340,11:20,0
132,341,11:21,0
132,342,11:22,0
132,343,11:23,0
132,344,11:24,0
132,345,11:25,0
132,346,11:26,0
132,347,11:27,0
132,348,11:28,0
132,349,11:29,0
132,350,11:30,0
132,351,11:31,0
132,352,11:32,0
132,353,11:33,0
132,354,11:34,0
132,355,11:35,0
132,356,11:36,0
132,357,11:37,0
132,358,11:38,0
132,359,11:39,0
132,360,11:40,0
132,361,11:41,0
132,362,11:42,0
132,363,11:43,0
132,364,11:44,0
132,365,11:45,0
132,366,11:46,0
132,367,11:47,0
132,368,11:48,0
132,369,11:49,0
132,370,11:50,0
132,371,11:51,0
132,372,11:52,0
132,373,11:53,0
132,374,11:54,0
132,375,11:55,0
132,376,11:56,0
132,377,11:57,0
132,378,11:58,0
132,379,11:59,0
132,380,12:00,0
132,381,12:01,0
132,382,12:02,0
132,383,12:03,0
132,384,12:04,0
132,385,12:05,0
132,386,12:06,0
132,387,12:07,0
132,388,12:08,0
132,389,12:09,0
132,390,12:10,0
132,391,12:11,0
132,392,12:12,0
132,393,12:13,0
132,394,12:14,0
132,395,12:15,0
132,396,12:16,0
132,397,12:17,0
132,398,12:18,0
132,399,12:19,0
132,400,12:20,0
132,401,12:21,0
132,402,12:22,0
132,403,12:23,0
132,404,12:24,0
132,405,12:25,0
132,406,12:26,0
132,407,12:27,0
132,408,12:28,0
132,409,12:29,0
132,410,12:30,0
132,411,12:31,0
132,412,12:32,0
132,413,12:33,0
132,414,12:34,0
132,415,12:35,0
132,416,12:36,0
132,417,12:37,0
132,418,12:38,0
132,419,12:39,0
132,420,12:40,0
132,421,12:41,0
132,422,12:42,0
132,423,12:43,0
132,424,12:44,0
132,425,12:45,0
132,426,12:46,0
132,427,12:47,0
132,428,12:48,0
132,429,12:49,0
132,430,12:50,0
132,431,12:51,0
132,432,12:52,0
132,433,12:53,0
132,434,12:54,0
132,435,12:55,0
132,436,12:56,0
132,437,12:57,0
132,438,12:58,0
132,439,12:59,0
132,440,13:00,0
132,441,13:01,0
132,442,13:02,0
132,443,13:03,0
132,444,13:04,0
132,445,13:05,0
132,446,13:06,0
132,447,13:07,0
132,448,13:08,0
132,449,13:09,0
132,450,13:10,0
132,451,13:11,0
132,452,13:12,0
132,453,13:13,0
132,454,13:14,0
132,455,13:15,0
132,456,13:16,0
132,457,13:17,0
132,458,13:18,0
132,459,13:19,0
132,460,13:20,0
132,461,13:21,0
132,462,13:22,0
132,463,13:23,0
132,464,13:24,0
132,465,13:25,0
132,466,13:26,0
132,467,13:27,0
132,468,13:28,0
132,469,13:29,0
132,470,13:30,0
132,471,13:31,0
132,472,13:32,0
132,473,13:33,0
132,474,13:34,0
132,475,13:35,0
132,476,13:36,0
132,477,13:37,0
132,478,13:38,0
132,479,13:39,0
132,480,13:40,0
132,481,13:41,0
132,482,13:42,0
132,483,13:43,0
132,484,13:44,0
132,485,13:45,0
132,486,13:46,0
132,487,13:47,0
132,488,13:48,0
132,489,13:49,0
132,490,13:50,0
132,491,13:51,0
132,492,13:52,0
132,493,13:53,0
132,494,13:54,0
132,495,13:55,0
132,496,13:56,0
132,497,13:57,0
132,498,13:58,0
132,499,13:59,0
132,500,14:00,0
132,501,14:01,0
132,502,14:02,0
132,503,14:03,0
132,504,14:04,0
132,505,14:05,0
132,506,14:06,0
132,507,14:07,0
132,508,14:08,0
132,509,14:09,0
132,510,14:10,0
132,511,14:11,0
132,512,14:12,0
132,513,14:13,0
132,514,14:14,0
132,515,14:15,0
132,516,14:16,0
132,517,14:17,0
132,518,14:18,0
132,519,14:19,0
132,520,14:20,0
132,521,14:21,0
132,522,14:22,0
132,523,14:23,0
132,524,14:24,0
132,525,14:25,0
132,526,14:26,0
132,527,14:27,0
132,528,14:28,0
132,529,14:29,0
132,530,14:30,0
132,531,14:31,0
132,532,14:32,0
132,533,14:33,0
132,534,14:34,0
132,535,14:35,0
132,536,14:36,0
132,537,14:37,0
132,538,14:38,0
132,539,14:39,0
132,540,14:40,0
132,541,14:41,0
132,542,14:42,0
132,543,14:43,0
132,544,14:44,0
132,545,14:45,0
132,546,14:46,0
132,547,14:47,0
132,548,14:48,0
132,549,14:49,0
132,550,14:50,0
132,551,14:51,0
132,552,14:52,0
132,553,14:53,0
132,554,14:54,0
132,555,14:55,0
132,556,14:56,0
132,557,14:57,0
132,558,14:58,0
132,559,14:59,0
132,560,15:00,0
132,561,15:01,0
132,562,15:02,0
132,563,15:03,0
132,564,15:04,0
132,565,15:05,0
132,566,15:06,0
132,567,15:07,0
132,568,15:08,0
132,569,15:09,0
132,570,15:10,0
132,571,15:11,0
132,572,15:12,0
132,573,15:13,0
132,574,15:14,0
132,575,15:15,0
132,576,15:16,0
132,577,15:17,0
132,578,15:18,0
132,579,15:19,0
132,580,15:20,0
132,581,15:21,0
132,582,15:22,0
132,583,15:23,0
132,584,15:24,0
132,585,15:25,0
132,586,15:26,1
132,587,15:27,1
132,588,15:28,1
132,589,15:29,1
132,590,15:30,1
132,591,15:31,1
132,592,15:32,1
132,593,15:33,1
132,594,15:34,1
132,595,15:35,2
132,596,15:36,2
132,597,15:37,2
132,598,15:38,2
132,599,15:39,2
132,600,15:40,2
132,601,15:41,2
132,602,15:42,2
132,603,15:43,2
132,604,15:44,2
132,605,15:45,1
132,606,15:46,1
132,607,15:47,1
132,608,15:48,1
132,609,15:49,1
132,610,15:50,1
132,611,15:51,1
132,612,15:52,1
132,613,15:53,1
132,614,15:54,1
132,615,15:55,1
132,616,15:56,1
132,617,15:57,1
132,618,15:58,1
132,619,15:59,1
132,620,16:00,1
132,621,16:01,1
132,622,16:02,1
132,623,16:03,0
132,624,16:04,0
132,625,16:05,0
132,626,16:06,0
132,627,16:07,0
132,628,16:08,0
132,629,16:09,0
132,630,16:10,0
132,631,16:11,0
132,632,16:12,0
132,633,16:13,0
132,634,16:14,0
132,635,16:15,0
132,636,16:16,0
132,637,16:17,0
132,638,16:18,0
132,639,16:19,0
132,640,16:20,0
132,641,16:21,0
132,642,16:22,0
132,643,16:23,0
132,644,16:24,0
132,645,16:25,0
132,646,16:26,0
132,647,16:27,0
132,648,16:28,0
132,649,16:29,0
132,650,16:30,0
132,651,16:31,0
132,652,16:32,0
132,653,16:33,0
132,654,16:34,0
132,655,16:35,0
132,656,16:36,0
132,657,16:37,0
132,658,16:38,0
132,659,16:39,0
132,660,16:40,0
132,661,16:41,0
132,662,16:42,0
132,663,16:43,0
132,664,16:44,0
132,665,16:45,0
132,666,16:46,0
132,667,16:47,0
132,668,16:48,0
132,669,16:49,0
132,670,16:50,0
132,671,16:51,0
132,672,16:52,0
132,673,16:53,0
132,674,16:54,0
132,675,16:55,0
132,676,16:56,0
132,677,16:57,0
132,678,16:58,0
132,679,16:59,0
132,680,17:00,0
132,681,17:01,0
132,682,17:02,0
132,683,17:03,0
132,684,17:04,0
132,685,17:05,0
132,686,17:06,0
132,687,17:07,0
132,688,17:08,0
132,689,17:09,0
132,690,17:10,0
132,691,17:11,0
132,692,17:12,0
132,693,17:13,0
132,694,17:14,0
132,695,17:15,0
132,696,17:16,0
132,697,17:17,0
132,698,17:18,0
132,699,17:19,0
132,700,17:20,0
132,701,17:21,0
132,702,17:22,0
132,703,17:23,0
132,704,17:24,0
132,705,17:25,0
132,706,17:26,0
132,707,17:27,0
132,708,17:28,0
132,709,17:29,0
132,710,17:30,0
132,711,17:31,0
132,712,17:32,0
132,713,17:33,0
132,714,17:34,0
132,715,17:35,0
132,716,17:36,0
132,717,17:37,0
132,718,17:38,0
132,719,17:39,0
132,720,17:40,0
132,721,17:41,0
132,722,17:42,0
132,723,17:43,0
132,724,17:44,0
132,725,17:45,0
132,726,17:46,0
132,727,17:47,0
132,728,17:48,0
132,729,17:49,0
132,730,17:50,0
132,731,17:51,0
132,732,17:52,0
132,733,17:53,0
132,734,17:54,0
132,735,17:55,0
132,736,17:56,0
132,737,17:57,0
132,738,17:58,0
132,739,17:59,0
132,740,18:00,0
132,741,18:01,0
132,742,18:02,0
132,743,18:03,0
132,744,18:04,1
132,745,18:05,1
132,746,18:06,1
132,747,18:07,2
132,748,18:08,2
132,749,18:09,2
132,750,18:10,3
132,751,18:11,3
132,752,18:12,3
132,753,18:13,3
132,754,18:14,3
132,755,18:15,3
132,756,18:16,3
132,757,18:17,3
132,758,18:18,3
132,759,18:19,3
132,760,18:20,3
132,761,18:21,3
132,762,18:22,3
132,763,18:23,3
132,764,18:24,3
132,765,18:25,3
132,766,18:26,3
132,767,18:27,3
132,768,18:28,2
132,769,18:29,2
132,770,18:30,2
132,771,18:31,1
132,772,18:32,1
132,773,18:33,1
132,774,18:34,0
132,775,18:35,0
132,776,18:36,0
132,777,18:37,1
132,778,18:38,1
132,779,18:39,1
132,780,18:40,1
132,781,18:41,1
132,782,18:42,1
132,783,18:43,1
132,784,18:44,1
132,785,18:45,1
132,786,18:46,1
132,787,18:47,0
132,788,18:48,0
132,789,18:49,0
132,790,18:50,0
132,791,18:51,0
132,792,18:52,0
132,793,18:53,0
132,794,18:54,0
132,795,18:55,0
132,796,18:56,0
132,797,18:57,0
132,798,18:58,0
132,799,18:59,0
132,800,19:00,0
132,801,19:01,0
132,802,19:02,0
132,803,19:03,0
132,804,19:04,0
132,805,19:05,0
132,806,19:06,1
132,807,19:07,1
132,808,19:08,1
132,809,19:09,1
132,810,19:10,1
132,811,19:11,1
132,812,19:12,1
132,813,19:13,1
132,814,19:14,1
132,815,19:15,0
132,816,19:16,0
132,817,19:17,0
132,818,19:18,0
132,819,19:19,0
132,820,19:20,0
132,821,19:21,0
132,822,19:22,0
132,823,19:23,0
132,824,19:24,0
132,825,19:25,0
132,826,19:26,0
132,827,19:27,0
132,828,19:28,0
132,829,19:29,0
132,830,19:30,0
132,831,19:31,0
132,832,19:32,0
132,833,19:33,0
132,834,19:34,0
132,835,19:35,0
133,0,05:40,0
133,1,05:41,0
133,2,05:42,0
133,3,05:43,0
133,4,05:44,0
133,5,05:45,0
133,6,05:46,0
133,7,05:47,0
133,8,05:48,0
133,9,05:49,0
133,10,05:50,0
133,11,05:51,0
133,12,05:52,0
133,13,05:53,0
133,14,05:54,0
133,15,05:55,0
133,16,05:56,0
133,17,05:57,0
133,18,05:58,0
133,19,05:59,0
133,20,06:00,0
133,21,06:01,0
133,22,06:02,0
133,23,06:03,0
133,24,06:04,0
133,25,06:05,0
133,26,06:06,0
133,27,06:07,0
133,28,06:08,0
133,29,06:09,0
133,30,06:10,0
133,31,06:11,0
133,32,06:12,0
133,33,06:13,0
133,34,06:14,0
133,35,06:15,0
133,36,06:16,0
133,37,06:17,0
133,38,06:18,0
133,39,06:19,0
133,40,06:20,0
133,41,06:21,0
133,42,06:22,0
133,43,06:23,0
133,44,06:24,0
133,45,06:25,0
133,46,06:26,0
133,47,06:27,0
133,48,06:28,0
133,49,06:29,0
133,50,06:30,0
133,51,06:31,0
133,52,06:32,0
133,53,06:33,0
133,54,06:34,0
133,55,06:35,0
133,56,06:36,0
133,57,06:37,0
133,58,06:38,0
133,59,06:39,0
133,60,06:40,0
133,61,06:41,0
133,62,06:42,0
133,63,06:43,0
133,64,06:44,0
133,65,06:45,0
133,66,06:46,0
133,67,06:47,0
133,68,06:48,0
133,69,06:49,0
133,70,06:50,0
133,71,06:51,0
133,72,06:52,0
133,73,06:53,0
133,74,06:54,0
133,75,06:55,0
133,76,06:56,0
133,77,06:57,0
133,78,06:58,0
133,79,06:59,0
133,80,07:00,0
133,81,07:01,0
133,82,07:02,0
133,83,07:03,0
133,84,07:04,0
133,85,07:05,0
133,86,07:06,0
133,87,07:07,0
133,88,07:08,0
133,89,07:09,0
133,90,07:10,0
133,91,07:11,0
133,92,07:12,0
133,93,07:13,0
133,94,07:14,0
133,95,07:15,0
133,96,07:16,0
133,97,07:17,0
133,98,07:18,0
133,99,07:19,0
133,100,07:20,0
133,101,07:21,0
133,102,07:22,0
133,103,07:23,0
133,104,07:24,0
133,105,07:25,0
133,106,07:26,0
133,107,07:27,0
133,108,07:28,0
133,109,07:29,0
133,110,07:30,0
133,111,07:31,0
133,112,07:32,0
133,113,07:33,0
133,114,07:34,0
133,115,07:35,0
133,116,07:36,0
133,117,07:37,0
133,118,07:38,0
133,119,07:39,0
133,120,07:40,0
133,121,07:41,0
133,122,07:42,0
133,123,07:43,0
133,124,07:44,0
133,125,07:45,0
133,126,07:46,0
133,127,07:47,0
133,128,07:48,0
133,129,07:49,0
133,130,07:50,0
133,131,07:51,0
133,132,07:52,0
133,133,07:53,0
133,134,07:54,0
133,135,07:55,0
133,136,07:56,0
133,137,07:57,0
133,138,07:58,0
133,139,07:59,0
133,140,08:00,0
133,141,08:01,0
133,142,08:02,0
133,143,08:03,0
133,144,08:04,0
133,145,08:05,0
133,146,08:06,0
133,147,08:07,0
133,148,08:08,0
133,149,08:09,0
133,150,08:10,0
133,151,08:11,0
133,152,08:12,0
133,153,08:13,0
133,154,08:14,0
133,155,08:15,0
133,156,08:16,0
133,157,08:17,0
133,158,08:18,0
133,159,08:19,0
133,160,08:20,0
133,161,08:21,0
133,162,08:22,0
133,163,08:23,0
133,164,08:24,0
133,165,08:25,0
133,166,08:26,0
133,167,08:27,0
133,168,08:28,0
133,169,08:29,0
133,170,08:30,0
133,171,08:31,0
133,172,08:32,0
133,173,08:33,0
133,174,08:34,0
133,175,08:35,0
133,176,08:36,0
133,177,08:37,0
133,178,08:38,0
133,179,08:39,0
133,180,08:40,0
133,181,08:41,0
133,182,08:42,0
133,183,08:43,0
133,184,08:44,0
133,185,08:45,0
133,186,08:46,0
133,187,08:47,0
133,188,08:48,0
133,189,08:49,0
133,190,08:50,0
133,191,08:51,0
133,192,08:52,0
133,193,08:53,0
133,194,08:54,0
133,195,08:55,0
133,196,08:56,0
133,197,08:57,0
133,198,08:58,0
133,199,08:59,0
133,200,09:00,0
133,201,09:01,0
133,202,09:02,0
133,203,09:03,0
133,204,09:04,0
133,205,09:05,0
133,206,09:06,0
133,207,09:07,0
133,208,09:08,0
133,209,09:09,0
133,210,09:10,0
133,211,09:11,0
133,212,09:12,0
133,213,09:13,0
133,214,09:14,0
133,215,09:15,0
133,216,09:16,0
133,217,09:17,0
133,218,09:18,0
133,219,09:19,0
133,220,09:20,0
133,221,09:21,0
133,222,09:22,0
133,223,09:23,0
133,224,09:24,0
133,225,09:25,0
133,226,09:26,0
133,227,09:27,0
133,228,09:28,0
133,229,09:29,0
133,230,09:30,0
133,231,09:31,0
133,232,09:32,0
133,233,09:33,0
133,234,09:34,0
133,235,09:35,0
133,236,09:36,0
133,237,09:37,0
133,238,09:38,0
133,239,09:39,0
133,240,09:40,0
133,241,09:41,0
133,242,09:42,0
133,243,09:43,0
133,244,09:44,0
133,245,09:45,0
133,246,09:46,0
133,247,09:47,0
133,248,09:48,0
133,249,09:49,0
133,250,09:50,0
133,251,09:51,0
133,252,09:52,0
133,253,09:53,0
133,254,09:54,0
133,255,09:55,0
133,256,09:56,0
133,257,09:57,0
133,258,09:58,0
133,259,09:59,0
133,260,10:00,0
133,261,10:01,0
133,262,10:02,0
133,263,10:03,0
133,264,10:04,0
133,265,10:05,0
133,266,10:06,0
133,267,10:07,0
133,268,10:08,0
133,269,10:09,0
133,270,10:10,0
133,271,10:11,0
133,272,10:12,0
133,273,10:13,0
133,274,10:14,0
133,275,10:15,0
133,276,10:16,0
133,277,10:17,0
133,278,10:18,0
133,279,10:19,0
133,280,10:20,0
133,281,10:21,0
133,282,10:22,0
133,283,10:23,0
133,284,10:24,0
133,285,10:25,0
133,286,10:26,0
133,287,10:27,0
133,288,10:28,0
133,289,10:29,0
133,290,10:30,0
133,291,10:31,0
133,292,10:32,0
133,293,10:33,0
133,294,10:34,0
133,295,10:35,0
133,296,10:36,0
133,297,10:37,0
133,298,10:38,0
133,299,10:39,0
133,300,10:40,0
133,301,10:41,0
133,302,10:42,0
133,303,10:43,0
133,304,10:44,0
133,305,10:45,0
133,306,10:46,0
133,307,10:47,0
133,308,10:48,0
133,309,10:49,0
133,310,10:50,1
133,311,10:51,1
133,312,10:52,1
133,313,10:53,1
133,314,10:54,2
133,315,10:55,2
133,316,10:56,2
133,317,10:57,2
133,318,10:58,2
133,319,10:59,2
133,320,11:00,2
133,321,11:01,2
133,322,11:02,2
133,323,11:03,2
133,324,11:04,2
133,325,11:05,2
133,326,11:06,2
133,327,11:07,2
133,328,11:08,2
133,329,11:09,1
133,330,11:10,1
133,331,11:11,1
133,332,11:12,0
133,333,11:13,0
133,334,11:14,0
133,335,11:15,1
133,336,11:16,1
133,337,11:17,1
133,338,11:18,1
133,339,11:19,1
133,340,11:20,1
133,341,11:21,1
133,342,11:22,1
133,343,11:23,1
133,344,11:24,1
133,345,11:25,1
133,346,11:26,1
133,347,11:27,1
133,348,11:28,1
133,349,11:29,1
133,350,11:30,1
133,351,11:31,1
133,352,11:32,1
133,353,11:33,1
133,354,11:34,1
133,355,11:35,1
133,356,11:36,1
133,357,11:37,0
133,358,11:38,0
133,359,11:39,0
133,360,11:40,0
133,361,11:41,0
133,362,11:42,0
133,363,11:43,0
133,364,11:44,0
133,365,11:45,0
133,366,11:46,0
133,367,11:47,0
133,368,11:48,0
133,369,11:49,0
133,370,11:50,0
133,371,11:51,0
133,372,11:52,0
133,373,11:53,0
133,374,11:54,0
133,375,11:55,0
133,376,11:56,0
133,377,11:57,0
133,378,11:58,0
133,379,11:59,0
133,380,12:00,0
133,381,12:01,0
133,382,12:02,0
133,383,12:03,0
133,384,12:04,0
133,385,12:05,0
133,386,12:06,0
133,387,12:07,0
133,388,12:08,0
133,389,12:09,0
133,390,12:10,0
133,391,12:11,0
133,392,12:12,0
133,393,12:13,0
133,394,12:14,0
133,395,12:15,0
133,396,12:16,0
133,397,12:17,0
133,398,12:18,0
133,399,12:19,0
133,400,12:20,0
133,401,12:21,0
133,402,12:22,0
133,403,12:23,0
133,404,12:24,0
133,405,12:25,0
133,406,12:26,0
133,407,12:27,0
133,408,12:28,0
133,409,12:29,0
133,410,12:30,0
133,411,12:31,0
133,412,12:32,0
133,413,12:33,0
133,414,12:34,0
133,415,12:35,0
133,416,12:36,0
133,417,12:37,0
133,418,12:38,0
133,419,12:39,0
133,420,12:40,0
133,421,12:41,0
133,422,12:42,0
133,423,12:43,0
133,424,12:44,0
133,425,12:45,0
133,426,12:46,0
133,427,12:47,0
133,428,12:48,0
133,429,12:49,0
133,430,12:50,0
133,431,12:51,0
133,432,12:52,0
133,433,12:53,0
133,434,12:54,0
133,435,12:55,0
133,436,12:56,0
133,437,12:57,0
133,438,12:58,0
133,439,12:59,0
133,440,13:00,0
133,441,13:01,0
133,442,13:02,0
133,443,13:03,0
133,444,13:04,0
133,445,13:05,0
133,446,13:06,0
133,447,13:07,0
133,448,13:08,0
133,449,13:09,0
133,450,13:10,0
133,451,13:11,0
133,452,13:12,0
133,453,13:13,0
133,454,13:14,0
133,455,13:15,0
133,456,13:16,0
133,457,13:17,0
133,458,13:18,0
133,459,13:19,0
133,460,13:20,0
133,461,13:21,0
133,462,13:22,0
133,463,13:23,0
133,464,13:24,0
133,465,13:25,0
133,466,13:26,0
133,467,13:27,0
133,468,13:28,0
133,469,13:29,0
133,470,13:30,0
133,471,13:31,0
133,472,13:32,0
133,473,13:33,0
133,474,13:34,0
133,475,13:35,0
133,476,13:36,0
133,477,13:37,0
133,478,13:38,0
133,479,13:39,0
133,480,13:40,0
133,481,13:41,0
133,482,13:42,0
133,483,13:43,0
133,484,13:44,0
133,485,13:45,0
133,486,13:46,0
133,487,13:47,0
133,488,13:48,0
133,489,13:49,0
133,490,13:50,0
133,491,13:51,0
133,492,13:52,0
133,493,13:53,0
133,494,13:54,0
133,495,13:55,0
133,496,13:56,0
133,497,13:57,0
133,498,13:58,0
133,499,13:59,0
133,500,14:00,0
133,501,14:01,0
133,502,14:02,0
133,503,14:03,0
133,504,14:04,0
133,505,14:05,0
133,506,14:06,0
133,507,14:07,0
133,508,14:08,0
133,509,14:09,0
133,510,14:10,0
133,511,14:11,0
133,512,14:12,0
133,513,14:13,0
133,514,14:14,0
133,515,14:15,0
133,516,14:16,0
133,517,14:17,0
133,518,14:18,0
133,519,14:19,0
133,520,14:20,0
133,521,14:21,0
133,522,14:22,0
133,523,14:23,0
133,524,14:24,0
133,525,14:25,0
133,526,14:26,0
133,527,14:27,0
133,528,14:28,0
133,529,14:29,0
133,530,14:30,0
133,531,14:31,0
133,532,14:32,0
133,533,14:33,0
133,534,14:34,0
133,535,14:35,0
133,536,14:36,0
133,537,14:37,0
133,538,14:38,0
133,539,14:39,0
133,540,14:40,0
133,541,14:41,0
133,542,14:42,0
133,543,14:43,0
133,544,14:44,0
133,545,14:45,0
133,546,14:46,0
133,547,14:47,0
133,548,14:48,0
133,549,14:49,0
133,550,14:50,0
133,551,14:51,0
133,552,14:52,0
133,553,14:53,0
133,554,14:54,0
133,555,14:55,0
133,556,14:56,0
133,557,14:57,0
133,558,14:58,0
133,559,14:59,0
133,560,15:00,0
133,561,15:01,0
133,562,15:02,0
133,563,15:03,0
133,564,15:04,0
133,565,15:05,0
133,566,15:06,0
133,567,15:07,0
133,568,15:08,0
133,569,15:09,0
133,570,15:10,0
133,571,15:11,0
133,572,15:12,0
133,573,15:13,0
133,574,15:14,0
133,575,15:15,0
133,576,15:16,0
133,577,15:17,0
133,578,15:18,0
133,579,15:19,0
133,580,15:20,0
133,581,15:21,0
133,582,15:22,0
133,583,15:23,0
133,584,15:24,0
133,585,15:25,0
133,586,15:26,0
133,587,15:27,0
133,588,15:28,0
133,589,15:29,0
133,590,15:30,0
133,591,15:31,0
133,592,15:32,0
133,593,15:33,0
133,594,15:34,0
133,595,15:35,0
133,596,15:36,0
133,597,15:37,0
133,598,15:38,0
133,599,15:39,0
133,600,15:40,0
133,601,15:41,0
133,602,15:42,0
133,603,15:43,0
133,604,15:44,0
133,605,15:45,0
133,606,15:46,0
133,607,15:47,0
133,608,15:48,0
133,609,15:49,0
133,610,15:50,0
133,611,15:51,0
133,612,15:52,0
133,613,15:53,0
133,614,15:54,0
133,615,15:55,0
133,616,15:56,0
133,617,15:57,0
133,618,15:58,0
133,619,15:59,0
133,620,16:00,0
133,621,16:01,0
133,622,16:02,0
133,623,16:03,0
133,624,16:04,0
133,625,16:05,0
133,626,16:06,0
133,627,16:07,0
133,628,16:08,0
133,629,16:09,0
133,630,16:10,0
133,631,16:11,0
133,632,16:12,0
133,633,16:13,0
133,634,16:14,0
133,635,16:15,0
133,636,16:16,0
133,637,16:17,0
133,638,16:18,0
133,639,16:19,0
133,640,16:20,0
133,641,16:21,0
133,642,16:22,0
133,643,16:23,0
133,644,16:24,0
133,645,16:25,0
133,646,16:26,0
133,647,16:27,0
133,648,16:28,0
133,649,16:29,0
133,650,16:30,0
133,651,16:31,0
133,652,16:32,0
133,653,16:33,0
133,654,16:34,0
133,655,16:35,0
133,656,16:36,0
133,657,16:37,0
133,658,16:38,0
133,659,16:39,0
133,660,16:40,0
133,661,16:41,0
133,662,16:42,0
133,663,16:43,0
133,664,16:44,0
133,665,16:45,0
133,666,16:46,0
133,667,16:47,0
133,668,16:48,0
133,669,16:49,0
133,670,16:50,0
133,671,16:51,0
133,672,16:52,0
133,673,16:53,0
133,674,16:54,0
133,675,16:55,0
133,676,16:56,0
133,677,16:57,0
133,678,16:58,0
133,679,16:59,0
133,680,17:00,0
133,681,17:01,0
133,682,17:02,0
133,683,17:03,0
133,684,17:04,0
133,685,17:05,0
133,686,17:06,0
133,687,17:07,0
133,688,17:08,0
133,689,17:09,0
133,690,17:10,0
133,691,17:11,0
133,692,17:12,0
133,693,17:13,0
133,694,17:14,0
133,695,17:15,0
133,696,17:16,0
133,697,17:17,0
133,698,17:18,0
133,699,17:19,0
133,700,17:20,0
133,701,17:21,0
133,702,17:22,0
133,703,17:23,0
133,704,17:24,0
133,705,17:25,0
133,706,17:26,0
133,707,17:27,0
133,708,17:28,0
133,709,17:29,0
133,710,17:30,0
133,711,17:31,0
133,712,17:32,0
133,713,17:33,0
133,714,17:34,0
133,715,17:35,0
133,716,17:36,0
133,717,17:37,0
133,718,17:38,0
133,719,17:39,0
133,720,17:40,0
133,721,17:41,0
133,722,17:42,0
133,723,17:43,0
133,724,17:44,0
133,725,17:45,0
133,726,17:46,0
133,727,17:47,0
133,728,17:48,0
133,729,17:49,0
133,730,17:50,0
133,731,17:51,0
133,732,17:52,0
133,733,17:53,0
133,734,17:54,0
133,735,17:55,0
133,736,17:56,0
133,737,17:57,0
133,738,17:58,0
133,739,17:59,0
133,740,18:00,0
133,741,18:01,1
133,742,18:02,1
133,743,18:03,1
133,744,18:04,2
133,745,18:05,2
133,746,18:06,2
133,747,18:07,2
133,748,18:08,2
133,749,18:09,2
133,750,18:10,2
133,751,18:11,2
133,752,18:12,2
133,753,18:13,2
133,754,18:14,2
133,755,18:15,2
133,756,18:16,2
133,757,18:17,2
133,758,18:18,2
133,759,18:19,2
133,760,18:20,2
133,761,18:21,2
133,762,18:22,1
133,763,18:23,1
133,764,18:24,1
133,765,18:25,0
133,766,18:26,0
133,767,18:27,0
133,768,18:28,1
133,769,18:29,1
133,770,18:30,1
133,771,18:31,2
133,772,18:32,2
133,773,18:33,2
133,774,18:34,2
133,775,18:35,2
133,776,18:36,2
133,777,18:37,2
133,778,18:38,2
133,779,18:39,2
133,780,18:40,2
133,781,18:41,1
133,782,18:42,1
133,783,18:43,1
133,784,18:44,0
133,785,18:45,0
133,786,18:46,0
133,787,18:47,0
133,788,18:48,0
133,789,18:49,0
133,790,18:50,0
133,791,18:51,0
133,792,18:52,0
133,793,18:53,1
133,794,18:54,1
133,795,18:55,1
133,796,18:56,2
133,797,18:57,2
133,798,18:58,2
133,799,18:59,2
133,800,19:00,2
133,801,19:01,2
133,802,19:02,2
133,803,19:03,2
133,804,19:04,2
133,805,19:05,1
133,806,19:06,1
133,807,19:07,1
133,808,19:08,1
133,809,19:09,1
133,810,19:10,1
133,811,19:11,0
133,812,19:12,0
133,813,19:13,0
133,814,19:14,0
133,815,19:15,0
133,816,19:16,0
133,817,19:17,0
133,818,19:18,0
133,819,19:19,0
133,820,19:20,0
133,821,19:21,0
133,822,19:22,0
133,823,19:23,0
133,824,19:24,0
133,825,19:25,0
133,826,19:26,0
133,827,19:27,0
133,828,19:28,0
133,829,19:29,0
133,830,19:30,0
133,831,19:31,0
133,832,19:32,0
133,833,19:33,0
133,834,19:34,0
133,835,19:35,0
134,0,05:40,0
134,1,05:41,0
134,2,05:42,0
134,3,05:43,0
134,4,05:44,0
134,5,05:45,0
134,6,05:46,0
134,7,05:47,0
134,8,05:48,0
134,9,05:49,0
134,10,05:50,0
134,11,05:51,0
134,12,05:52,0
134,13,05:53,0
134,14,05:54,0
134,15,05:55,0
134,16,05:56,0
134,17,05:57,0
134,18,05:58,0
134,19,05:59,0
134,20,06:00,0
134,21,06:01,0
134,22,06:02,0
134,23,06:03,0
134,24,06:04,0
134,25,06:05,0
134,26,06:06,0
134,27,06:07,0
134,28,06:08,0
134,29,06:09,0
134,30,06:10,0
134,31,06:11,0
134,32,06:12,0
134,33,06:13,0
134,34,06:14,0
134,35,06:15,0
134,36,06:16,0
134,37,06:17,0
134,38,06:18,0
134,39,06:19,0
134,40,06:20,0
134,41,06:21,0
134,42,06:22,0
134,43,06:23,0
134,44,06:24,0
134,45,06:25,0
134,46,06:26,0
134,47,06:27,0
134,48,06:28,0
134,49,06:29,0
134,50,06:30,0
134,51,06:31,0
134,52,06:32,0
134,53,06:33,0
134,54,06:34,0
134,55,06:35,0
134,56,06:36,0
134,57,06:37,0
134,58,06:38,0
134,59,06:39,0
134,60,06:40,0
134,61,06:41,0
134,62,06:42,0
134,63,06:43,0
134,64,06:44,0
134,65,06:45,0
134,66,06:46,0
134,67,06:47,0
134,68,06:48,0
134,69,06:49,0
134,70,06:50,0
134,71,06:51,0
134,72,06:52,0
134,73,06:53,0
134,74,06:54,0
134,75,06:55,0
134,76,06:56,0
134,77,06:57,0
134,78,06:58,0
134,79,06:59,0
134,80,07:00,0
134,81,07:01,0
134,82,07:02,0
134,83,07:03,0
134,84,07:04,0
134,85,07:05,0
134,86,07:06,0
134,87,07:07,0
134,88,07:08,0
134,89,07:09,0
134,90,07:10,0
134,91,07:11,0
134,92,07:12,0
134,93,07:13,0
134,94,07:14,0
134,95,07:15,0
134,96,07:16,0
134,97,07:17,0
134,98,07:18,0
134,99,07:19,0
134,100,07:20,0
134,101,07:21,0
134,102,07:22,0
134,103,07:23,0
134,104,07:24,0
134,105,07:25,0
134,106,07:26,0
134,107,07:27,0
134,108,07:28,0
134,109,07:29,0
134,110,07:30,0
134,111,07:31,0
134,112,07:32,0
134,113,07:33,0
134,114,07:34,0
134,115,07:35,0
134,116,07:36,0
134,117,07:37,0
134,118,07:38,0
134,119,07:39,0
134,120,07:40,0
134,121,07:41,0
134,122,07:42,0
134,123,07:43,0
134,124,07:44,0
134,125,07:45,0
134,126,07:46,0
134,127,07:47,0
134,128,07:48,0
134,129,07:49,0
134,130,07:50,0
134,131,07:51,0
134,132,07:52,0
134,133,07:53,0
134,134,07:54,0
134,135,07:55,0
134,136,07:56,0
134,137,07:57,0
134,138,07:58,0
134,139,07:59,0
134,140,08:00,0
134,141,08:01,0
134,142,08:02,0
134,143,08:03,0
134,144,08:04,0
134,145,08:05,0
134,146,08:06,0
134,147,08:07,0
134,148,08:08,0
134,149,08:09,0
134,150,08:10,0
134,151,08:11,0
134,152,08:12,0
134,153,08:13,0
134,154,08:14,0
134,155,08:15,0
134,156,08:16,0
134,157,08:17,0
134,158,08:18,0
134,159,08:19,0
134,160,08:20,0
134,161,08:21,0
134,162,08:22,0
134,163,08:23,0
134,164,08:24,0
134,165,08:25,0
134,166,08:26,0
134,167,08:27,0
134,168,08:28,0
134,169,08:29,0
134,170,08:30,0
134,171,08:31,0
134,172,08:32,0
134,173,08:33,0
134,174,08:34,0
134,175,08:35,0
134,176,08:36,0
134,177,08:37,0
134,178,08:38,0
134,179,08:39,0
134,180,08:40,0
134,181,08:41,0
134,182,08:42,0
134,183,08:43,0
134,184,08:44,0
134,185,08:45,0
134,186,08:46,0
134,187,08:47,0
134,188,08:48,0
134,189,08:49,0
134,190,08:50,0
134,191,08:51,0
134,192,08:52,0
134,193,08:53,0
134,194,08:54,0
134,195,08:55,0
134,196,08:56,0
134,197,08:57,0
134,198,08:58,0
134,199,08:59,0
134,200,09:00,0
134,201,09:01,0
134,202,09:02,0
134,203,09:03,0
134,204,09:04,0
134,205,09:05,0
134,206,09:06,1
134,207,09:07,1
134,208,09:08,1
134,209,09:09,1
134,210,09:10,1
134,211,09:11,1
134,212,09:12,1
134,213,09:13,1
134,214,09:14,1
134,215,09:15,2
134,216,09:16,2
134,217,09:17,2
134,218,09:18,2
134,219,09:19,2
134,220,09:20,2
134,221,09:21,2
134,222,09:22,2
134,223,09:23,2
134,224,09:24,2
134,225,09:25,1
134,226,09:26,1
134,227,09:27,1
134,228,09:28,0
134,229,09:29,0
134,230,09:30,0
134,231,09:31,0
134,232,09:32,0
134,233,09:33,0
134,234,09:34,0
134,235,09:35,0
134,236,09:36,0
134,237,09:37,0
134,238,09:38,0
134,239,09:39,0
134,240,09:40,0
134,241,09:41,0
134,242,09:42,0
134,243,09:43,0
134,244,09:44,0
134,245,09:45,0
134,246,09:46,0
134,247,09:47,0
134,248,09:48,0
134,249,09:49,0
134,250,09:50,0
134,251,09:51,0
134,252,09:52,0
134,253,09:53,0
134,254,09:54,0
134,255,09:55,0
134,256,09:56,0
134,257,09:57,0
134,258,09:58,0
134,259,09:59,0
134,260,10:00,0
134,261,10:01,0
134,262,10:02,0
134,263,10:03,0
134,264,10:04,0
134,265,10:05,0
134,266,10:06,0
134,267,10:07,0
134,268,10:08,0
134,269,10:09,0
134,270,10:10,0
134,271,10:11,0
134,272,10:12,0
134,273,10:13,0
134,274,10:14,0
134,275,10:15,0
134,276,10:16,0
134,277,10:17,0
134,278,10:18,0
134,279,10:19,0
134,280,10:20,0
134,281,10:21,0
134,282,10:22,0
134,283,10:23,0
134,284,10:24,0
134,285,10:25,0
134,286,10:26,0
134,287,10:27,0
134,288,10:28,0
134,289,10:29,0
134,290,10:30,0
134,291,10:31,0
134,292,10:32,0
134,293,10:33,0
134,294,10:34,0
134,295,10:35,0
134,296,10:36,0
134,297,10:37,0
134,298,10:38,0
134,299,10:39,0
134,300,10:40,0
134,301,10:41,0
134,302,10:42,0
134,303,10:43,0
134,304,10:44,0
134,305,10:45,0
134,306,10:46,0
134,307,10:47,0
134,308,10:48,0
134,309,10:49,0
134,310,10:50,0
134,311,10:51,0
134,312,10:52,0
134,313,10:53,0
134,314,10:54,0
134,315,10:55,0
134,316,10:56,0
134,317,10:57,0
134,318,10:58,0
134,319,10:59,0
134,320,11:00,0
134,321,11:01,0
134,322,11:02,0
134,323,11:03,0
134,324,11:04,0
134,325,11:05,0
134,326,11:06,0
134,327,11:07,0
134,328,11:08,0
134,329,11:09,0
134,330,11:10,0
134,331,11:11,0
134,332,11:12,0
134,333,11:13,0
134,334,11:14,0
134,335,11:15,0
134,336,11:16,0
134,337,11:17,0
134,338,11:18,0
134,339,11:19,0
134,340,11:20,0
134,341,11:21,0
134,342,11:22,0
134,343,11:23,0
134,344,11:24,0
134,345,11:25,0
134,346,11:26,0
134,347,11:27,0
134,348,11:28,0
134,349,11:29,0
134,350,11:30,0
134,351,11:31,0
134,352,11:32,0
134,353,11:33,0
134,354,11:34,0
134,355,11:35,0
134,356,11:36,0
134,357,11:37,0
134,358,11:38,0
134,359,11:39,0
134,360,11:40,0
134,361,11:41,0
134,362,11:42,0
134,363,11:43,0
134,364,11:44,0
134,365,11:45,0
134,366,11:46,0
134,367,11:47,0
134,368,11:48,0
134,369,11:49,0
134,370,11:50,0
134,371,11:51,0
134,372,11:52,0
134,373,11:53,0
134,374,11:54,0
134,375,11:55,0
134,376,11:56,0
134,377,11:57,0
134,378,11:58,0
134,379,11:59,0
134,380,12:00,0
134,381,12:01,0
134,382,12:02,0
134,383,12:03,0
134,384,12:04,0
134,385,12:05,0
134,386,12:06,0
134,387,12:07,0
134,388,12:08,0
134,389,12:09,0
134,390,12:10,0
134,391,12:11,0
134,392,12:12,0
134,393,12:13,0
134,394,12:14,0
134,395,12:15,0
134,396,12:16,0
134,397,12:17,0
134,398,12:18,0
134,399,12:19,0
134,400,12:20,0
134,401,12:21,0
134,402,12:22,0
134,403,12:23,0
134,404,12:24,0
134,405,12:25,0
134,406,12:26,0
134,407,12:27,0
134,408,12:28,0
134,409,12:29,0
134,410,12:30,0
134,411,12:31,0
134,412,12:32,0
134,413,12:33,0
134,414,12:34,0
134,415,12:35,0
134,416,12:36,0
134,417,12:37,0
134,418,12:38,0
134,419,12:39,0
134,420,12:40,0
134,421,12:41,0
134,422,12:42,0
134,423,12:43,0
134,424,12:44,0
134,425,12:45,0
134,426,12:46,0
134,427,12:47,0
134,428,12:48,0
134,429,12:49,0
134,430,12:50,0
134,431,12:51,0
134,432,12:52,0
134,433,12:53,0
134,434,12:54,0
134,435,12:55,0
134,436,12:56,0
134,437,12:57,0
134,438,12:58,0
134,439,12:59,0
134,440,13:00,0
134,441,13:01,0
134,442,13:02,0
134,443,13:03,0
134,444,13:04,0
134,445,13:05,0
134,446,13:06,0
134,447,13:07,0
134,448,13:08,0
134,449,13:09,0
134,450,13:10,0
134,451,13:11,0
134,452,13:12,0
134,453,13:13,0
134,454,13:14,0
134,455,13:15,0
134,456,13:16,0
134,457,13:17,0
134,458,13:18,0
134,459,13:19,0
134,460,13:20,0
134,461,13:21,0
134,462,13:22,0
134,463,13:23,0
134,464,13:24,0
134,465,13:25,0
134,466,13:26,0
134,467,13:27,0
134,468,13:28,0
134,469,13:29,0
134,470,13:30,0
134,471,13:31,0
134,472,13:32,0
134,473,13:33,0
134,474,13:34,0
134,475,13:35,0
134,476,13:36,0
134,477,13:37,0
134,478,13:38,0
134,479,13:39,0
134,480,13:40,0
134,481,13:41,0
134,482,13:42,0
134,483,13:43,0
134,484,13:44,0
134,485,13:45,0
134,486,13:46,0
134,487,13:47,0
134,488,13:48,0
134,489,13:49,0
134,490,13:50,0
134,491,13:51,0
134,492,13:52,0
134,493,13:53,0
134,494,13:54,0
134,495,13:55,0
134,496,13:56,0
134,497,13:57,0
134,498,13:58,0
134,499,13:59,0
134,500,14:00,0
134,501,14:01,0
134,502,14:02,0
134,503,14:03,0
134,504,14:04,0
134,505,14:05,0
134,506,14:06,0
134,507,14:07,0
134,508,14:08,0
134,509,14:09,0
134,510,14:10,0
134,511,14:11,0
134,512,14:12,0
134,513,14:13,0
134,514,14:14,0
134,515,14:15,0
134,516,14:16,0
134,517,14:17,0
134,518,14:18,0
134,519,14:19,0
134,520,14:20,0
134,521,14:21,0
134,522,14:22,0
134,523,14:23,0
134,524,14:24,0
134,525,14:25,0
134,526,14:26,0
134,527,14:27,0
134,528,14:28,0
134,529,14:29,0
134,530,14:30,0
134,531,14:31,0
134,532,14:32,0
134,533,14:33,0
134,534,14:34,0
134,535,14:35,0
134,536,14:36,0
134,537,14:37,0
134,538,14:38,0
134,539,14:39,0
134,540,14:40,0
134,541,14:41,0
134,542,14:42,0
134,543,14:43,0
134,544,14:44,0
134,545,14:45,0
134,546,14:46,0
134,547,14:47,0
134,548,14:48,0
134,549,14:49,0
134,550,14:50,0
134,551,14:51,0
134,552,14:52,0
134,553,14:53,0
134,554,14:54,0
134,555,14:55,0
134,556,14:56,0
134,557,14:57,0
134,558,14:58,0
134,559,14:59,0
134,560,15:00,0
134,561,15:01,0
134,562,15:02,0
134,563,15:03,0
134,564,15:04,0
134,565,15:05,0
134,566,15:06,0
134,567,15:07,0
134,568,15:08,0
134,569,15:09,0
134,570,15:10,0
134,571,15:11,0
134,572,15:12,0
134,573,15:13,0
134,574,15:14,0
134,575,15:15,0
134,576,15:16,0
134,577,15:17,0
134,578,15:18,0
134,579,15:19,0
134,580,15:20,0
134,581,15:21,0
134,582,15:22,0
134,583,15:23,0
134,584,15:24,0
134,585,15:25,0
134,586,15:26,0
134,587,15:27,0
134,588,15:28,0
134,589,15:29,0
134,590,15:30,0
134,591,15:31,0
134,592,15:32,0
134,593,15:33,0
134,594,15:34,0
134,595,15:35,0
134,596,15:36,0
134,597,15:37,0
134,598,15:38,0
134,599,15:39,0
134,600,15:40,0
134,601,15:41,0
134,602,15:42,0
134,603,15:43,0
134,604,15:44,0
134,605,15:45,0
134,606,15:46,0
134,607,15:47,0
134,608,15:48,0
134,609,15:49,0
134,610,15:50,0
134,611,15:51,0
134,612,15:52,0
134,613,15:53,0
134,614,15:54,0
134,615,15:55,0
134,616,15:56,0
134,617,15:57,0
134,618,15:58,0
134,619,15:59,0
134,620,16:00,0
134,621,16:01,0
134,622,16:02,0
134,623,16:03,0
134,624,16:04,0
134,625,16:05,0
134,626,16:06,0
134,627,16:07,0
134,628,16:08,0
134,629,16:09,0
134,630,16:10,0
134,631,16:11,0
134,632,16:12,0
134,633,16:13,0
134,634,16:14,0
134,635,16:15,0
134,636,16:16,0
134,637,16:17,0
134,638,16:18,0
134,639,16:19,0
134,640,16:20,0
134,641,16:21,0
134,642,16:22,0
134,643,16:23,0
134,644,16:24,0
134,645,16:25,0
134,646,16:26,0
134,647,16:27,1
134,648,16:28,1
134,649,16:29,1
134,650,16:30,1
134,651,16:31,1
134,652,16:32,1
134,653,16:33,1
134,654,16:34,1
134,655,16:35,1
134,656,16:36,1
134,657,16:37,1
134,658,16:38,1
134,659,16:39,1
134,660,16:40,1
134,661,16:41,1
134,662,16:42,1
134,663,16:43,1
134,664,16:44,1
134,665,16:45,0
134,666,16:46,0
134,667,16:47,0
134,668,16:48,0
134,669,16:49,0
134,670,16:50,0
134,671,16:51,0
134,672,16:52,0
134,673,16:53,0
134,674,16:54,0
134,675,16:55,0
134,676,16:56,0
134,677,16:57,0
134,678,16:58,0
134,679,16:59,0
134,680,17:00,0
134,681,17:01,0
134,682,17:02,0
134,683,17:03,0
134,684,17:04,0
134,685,17:05,0
134,686,17:06,0
134,687,17:07,0
134,688,17:08,0
134,689,17:09,0
134,690,17:10,0
134,691,17:11,0
134,692,17:12,0
134,693,17:13,0
134,694,17:14,0
134,695,17:15,0
134,696,17:16,0
134,697,17:17,0
134,698,17:18,0
134,699,17:19,0
134,700,17:20,0
134,701,17:21,0
134,702,17:22,0
134,703,17:23,0
134,704,17:24,0
134,705,17:25,0
134,706,17:26,0
134,707,17:27,0
134,708,17:28,0
134,709,17:29,0
134,710,17:30,0
134,711,17:31,0
134,712,17:32,0
134,713,17:33,0
134,714,17:34,0
134,715,17:35,0
134,716,17:36,0
134,717,17:37,0
134,718,17:38,0
134,719,17:39,0
134,720,17:40,0
134,721,17:41,0
134,722,17:42,0
134,723,17:43,0
134,724,17:44,0
134,725,17:45,0
134,726,17:46,0
134,727,17:47,0
134,728,17:48,0
134,729,17:49,0
134,730,17:50,0
134,731,17:51,0
134,732,17:52,0
134,733,17:53,0
134,734,17:54,0
134,735,17:55,0
134,736,17:56,0
134,737,17:57,0
134,738,17:58,0
134,739,17:59,0
134,740,18:00,0
134,741,18:01,0
134,742,18:02,0
134,743,18:03,0
134,744,18:04,0
134,745,18:05,1
134,746,18:06,1
134,747,18:07,1
134,748,18:08,1
134,749,18:09,1
134,750,18:10,1
134,751,18:11,1
134,752,18:12,1
134,753,18:13,1
134,754,18:14,2
134,755,18:15,2
134,756,18:16,2
134,757,18:17,2
134,758,18:18,2
134,759,18:19,2
134,760,18:20,2
134,761,18:21,2
134,762,18:22,2
134,763,18:23,2
134,764,18:24,2
134,765,18:25,2
134,766,18:26,2
134,767,18:27,2
134,768,18:28,1
134,769,18:29,1
134,770,18:30,1
134,771,18:31,0
134,772,18:32,0
134,773,18:33,0
134,774,18:34,0
134,775,18:35,0
134,776,18:36,0
134,777,18:37,0
134,778,18:38,0
134,779,18:39,0
134,780,18:40,1
134,781,18:41,1
134,782,18:42,1
134,783,18:43,2
134,784,18:44,2
134,785,18:45,2
134,786,18:46,2
134,787,18:47,2
134,788,18:48,2
134,789,18:49,2
134,790,18:50,2
134,791,18:51,2
134,792,18:52,2
134,793,18:53,1
134,794,18:54,1
134,795,18:55,1
134,796,18:56,0
134,797,18:57,0
134,798,18:58,0
134,799,18:59,0
134,800,19:00,0
134,801,19:01,0
134,802,19:02,0
134,803,19:03,1
134,804,19:04,1
134,805,19:05,1
134,806,19:06,1
134,807,19:07,1
134,808,19:08,1
134,809,19:09,1
134,810,19:10,1
134,811,19:11,1
134,812,19:12,1
134,813,19:13,1
134,814,19:14,0
134,815,19:15,0
134,816,19:16,0
134,817,19:17,0
134,818,19:18,0
134,819,19:19,0
134,820,19:20,0
134,821,19:21,0
134,822,19:22,0
134,823,19:23,0
134,824,19:24,0
134,825,19:25,0
134,826,19:26,0
134,827,19:27,0
134,828,19:28,0
134,829,19:29,0
134,830,19:30,0
134,831,19:31,0
134,832,19:32,0
134,833,19:33,0
134,834,19:34,0
134,835,19:35,0
135,0,05:40,0
135,1,05:41,0
135,2,05:42,0
135,3,05:43,0
135,4,05:44,0
135,5,05:45,0
135,6,05:46,0
135,7,05:47,0
135,8,05:48,0
135,9,05:49,0
135,10,05:50,0
135,11,05:51,0
135,12,05:52,0
135,13,05:53,0
135,14,05:54,0
135,15,05:55,0
135,16,05:56,0
135,17,05:57,0
135,18,05:58,0
135,19,05:59,0
135,20,06:00,0
135,21,06:01,0
135,22,06:02,0
135,23,06:03,0
135,24,06:04,0
135,25,06:05,0
135,26,06:06,0
135,27,06:07,0
135,28,06:08,0
135,29,06:09,0
135,30,06:10,0
135,31,06:11,0
135,32,06:12,0
135,33,06:13,0
135,34,06:14,0
135,35,06:15,0
135,36,06:16,0
135,37,06:17,0
135,38,06:18,0
135,39,06:19,0
135,40,06:20,0
135,41,06:21,0
135,42,06:22,0
135,43,06:23,0
135,44,06:24,0
135,45,06:25,0
135,46,06:26,0
135,47,06:27,0
135,48,06:28,0
135,49,06:29,0
135,50,06:30,0
135,51,06:31,0
135,52,06:32,0
135,53,06:33,0
135,54,06:34,0
135,55,06:35,0
135,56,06:36,0
135,57,06:37,0
135,58,06:38,0
135,59,06:39,0
135,60,06:40,0
135,61,06:41,0
135,62,06:42,0
135,63,06:43,0
135,64,06:44,0
135,65,06:45,0
135,66,06:46,0
135,67,06:47,0
135,68,06:48,0
135,69,06:49,0
135,70,06:50,0
135,71,06:51,0
135,72,06:52,0
135,73,06:53,0
135,74,06:54,0
135,75,06:55,0
135,76,06:56,0
135,77,06:57,0
135,78,06:58,0
135,79,06:59,0
135,80,07:00,0
135,81,07:01,0
135,82,07:02,0
135,83,07:03,0
135,84,07:04,0
135,85,07:05,0
135,86,07:06,0
135,87,07:07,0
135,88,07:08,0
135,89,07:09,0
135,90,07:10,0
135,91,07:11,0
135,92,07:12,0
135,93,07:13,0
135,94,07:14,0
135,95,07:15,0
135,96,07:16,0
135,97,07:17,0
135,98,07:18,0
135,99,07:19,0
135,100,07:20,0
135,101,07:21,0
135,102,07:22,0
135,103,07:23,0
135,104,07:24,0
135,105,07:25,0
135,106,07:26,0
135,107,07:27,0
135,108,07:28,0
135,109,07:29,0
135,110,07:30,0
135,111,07:31,0
135,112,07:32,0
135,113,07:33,0
135,114,07:34,0
135,115,07:35,0
135,116,07:36,0
135,117,07:37,0
135,118,07:38,0
135,119,07:39,0
135,120,07:40,0
135,121,07:41,0
135,122,07:42,0
135,123,07:43,0
135,124,07:44,0
135,125,07:45,0
135,126,07:46,0
135,127,07:47,0
135,128,07:48,0
135,129,07:49,0
135,130,07:50,0
135,131,07:51,0
135,132,07:52,0
135,133,07:53,0
135,134,07:54,0
135,135,07:55,0
135,136,07:56,0
135,137,07:57,0
135,138,07:58,0
135,139,07:59,0
135,140,08:00,0
135,141,08:01,0
135,142,08:02,0
135,143,08:03,1
135,144,08:04,1
135,145,08:05,1
135,146,08:06,1
135,147,08:07,1
135,148,08:08,1
135,149,08:09,1
135,150,08:10,1
135,151,08:11,1
135,152,08:12,1
135,153,08:13,0
135,154,08:14,0
135,155,08:15,0
135,156,08:16,0
135,157,08:17,0
135,158,08:18,0
135,159,08:19,0
135,160,08:20,0
135,161,08:21,0
135,162,08:22,0
135,163,08:23,0
135,164,08:24,0
135,165,08:25,0
135,166,08:26,0
135,167,08:27,0
135,168,08:28,0
135,169,08:29,0
135,170,08:30,0
135,171,08:31,0
135,172,08:32,0
135,173,08:33,0
135,174,08:34,0
135,175,08:35,0
135,176,08:36,0
135,177,08:37,0
135,178,08:38,0
135,179,08:39,0
135,180,08:40,0
135,181,08:41,0
135,182,08:42,0
135,183,08:43,0
135,184,08:44,0
135,185,08:45,0
135,186,08:46,0
135,187,08:47,0
135,188,08:48,0
135,189,08:49,0
135,190,08:50,0
135,191,08:51,0
135,192,08:52,0
135,193,08:53,0
135,194,08:54,0
135,195,08:55,0
135,196,08:56,0
135,197,08:57,0
135,198,08:58,0
135,199,08:59,0
135,200,09:00,0
135,201,09:01,0
135,202,09:02,0
135,203,09:03,0
135,204,09:04,0
135,205,09:05,0
135,206,09:06,0
135,207,09:07,0
135,208,09:08,0
135,209,09:09,0
135,210,09:10,0
135,211,09:11,0
135,212,09:12,0
135,213,09:13,0
135,214,09:14,0
135,215,09:15,0
135,216,09:16,0
135,217,09:17,0
135,218,09:18,0
135,219,09:19,0
135,220,09:20,0
135,221,09:21,0
135,222,09:22,0
135,223,09:23,0
135,224,09:24,0
135,225,09:25,0
135,226,09:26,0
135,227,09:27,0
135,228,09:28,0
135,229,09:29,0
135,230,09:30,0
135,231,09:31,0
135,232,09:32,0
135,233,09:33,0
135,234,09:34,0
135,235,09:35,0
135,236,09:36,0
135,237,09:37,0
135,238,09:38,0
135,239,09:39,0
135,240,09:40,0
135,241,09:41,0
135,242,09:42,0
135,243,09:43,0
135,244,09:44,0
135,245,09:45,0
135,246,09:46,0
135,247,09:47,0
135,248,09:48,0
135,249,09:49,0
135,250,09:50,0
135,251,09:51,0
135,252,09:52,0
135,253,09:53,0
135,254,09:54,0
135,255,09:55,0
135,256,09:56,0
135,257,09:57,0
135,258,09:58,0
135,259,09:59,0
135,260,10:00,0
135,261,10:01,0
135,262,10:02,0
135,263,10:03,0
135,264,10:04,0
135,265,10:05,0
135,266,10:06,0
135,267,10:07,0
135,268,10:08,0
135,269,10:09,0
135,270,10:10,0
135,271,10:11,0
135,272,10:12,0
135,273,10:13,0
135,274,10:14,0
135,275,10:15,0
135,276,10:16,0
135,277,10:17,0
135,278,10:18,0
135,279,10:19,0
135,280,10:20,0
135,281,10:21,0
135,282,10:22,0
135,283,10:23,0
135,284,10:24,0
135,285,10:25,0
135,286,10:26,0
135,287,10:27,0
135,288,10:28,0
135,289,10:29,0
135,290,10:30,0
135,291,10:31,0
135,292,10:32,0
135,293,10:33,0
135,294,10:34,0
135,295,10:35,0
135,296,10:36,0
135,297,10:37,0
135,298,10:38,0
135,299,10:39,0
135,300,10:40,0
135,301,10:41,0
135,302,10:42,0
135,303,10:43,0
135,304,10:44,0
135,305,10:45,0
135,306,10:46,0
135,307,10:47,0
135,308,10:48,0
135,309,10:49,0
135,310,10:50,0
135,311,10:51,0
135,312,10:52,0
135,313,10:53,0
135,314,10:54,0
135,315,10:55,0
135,316,10:56,0
135,317,10:57,0
135,318,10:58,0
135,319,10:59,0
135,320,11:00,0
135,321,11:01,0
135,322,11:02,0
135,323,11:03,0
135,324,11:04,0
135,325,11:05,0
135,326,11:06,0
135,327,11:07,0
135,328,11:08,0
135,329,11:09,0
135,330,11:10,0
135,331,11:11,0
135,332,11:12,0
135,333,11:13,0
135,334,11:14,0
135,335,11:15,0
135,336,11:16,0
135,337,11:17,0
135,338,11:18,0
135,339,11:19,0
135,340,11:20,0
135,341,11:21,0
135,342,11:22,0
135,343,11:23,0
135,344,11:24,0
135,345,11:25,0
135,346,11:26,0
135,347,11:27,0
135,348,11:28,0
135,349,11:29,0
135,350,11:30,0
135,351,11:31,0
135,352,11:32,0
135,353,11:33,0
135,354,11:34,0
135,355,11:35,0
135,356,11:36,0
135,357,11:37,0
135,358,11:38,0
135,359,11:39,0
135,360,11:40,0
135,361,11:41,0
135,362,11:42,0
135,363,11:43,0
135,364,11:44,0
135,365,11:45,0
135,366,11:46,0
135,367,11:47,0
135,368,11:48,0
135,369,11:49,0
135,370,11:50,0
135,371,11:51,0
135,372,11:52,0
135,373,11:53,0
135,374,11:54,0
135,375,11:55,0
135,376,11:56,0
135,377,11:57,0
135,378,11:58,0
135,379,11:59,0
135,380,12:00,0
135,381,12:01,0
135,382,12:02,0
135,383,12:03,0
135,384,12:04,0
135,385,12:05,0
135,386,12:06,0
135,387,12:07,0
135,388,12:08,0
135,389,12:09,0
135,390,12:10,0
135,391,12:11,0
135,392,12:12,0
135,393,12:13,0
135,394,12:14,0
135,395,12:15,0
135,396,12:16,0
135,397,12:17,0
135,398,12:18,0
135,399,12:19,0
135,400,12:20,0
135,401,12:21,0
135,402,12:22,0
135,403,12:23,0
135,404,12:24,0
135,405,12:25,0
135,406,12:26,0
135,407,12:27,0
135,408,12:28,0
135,409,12:29,0
135,410,12:30,0
135,411,12:31,0
135,412,12:32,0
135,413,12:33,0
135,414,12:34,0
135,415,12:35,0
135,416,12:36,0
135,417,12:37,0
135,418,12:38,0
135,419,12:39,0
135,420,12:40,0
135,421,12:41,0
135,422,12:42,0
135,423,12:43,0
135,424,12:44,0
135,425,12:45,0
135,426,12:46,0
135,427,12:47,0
135,428,12:48,0
135,429,12:49,0
135,430,12:50,0
135,431,12:51,0
135,432,12:52,0
135,433,12:53,0
135,434,12:54,0
135,435,12:55,0
135,436,12:56,0
135,437,12:57,0
135,438,12:58,0
135,439,12:59,0
135,440,13:00,0
135,441,13:01,0
135,442,13:02,0
135,443,13:03,0
135,444,13:04,0
135,445,13:05,0
135,446,13:06,0
135,447,13:07,0
135,448,13:08,0
135,449,13:09,0
135,450,13:10,0
135,451,13:11,0
135,452,13:12,0
135,453,13:13,0
135,454,13:14,0
135,455,13:15,0
135,456,13:16,0
135,457,13:17,0
135,458,13:18,0
135,459,13:19,0
135,460,13:20,0
135,461,13:21,0
135,462,13:22,0
135,463,13:23,0
135,464,13:24,0
135,465,13:25,0
135,466,13:26,0
135,467,13:27,0
135,468,13:28,0
135,469,13:29,0
135,470,13:30,0
135,471,13:31,0
135,472,13:32,0
135,473,13:33,0
135,474,13:34,0
135,475,13:35,0
135,476,13:36,0
135,477,13:37,0
135,478,13:38,0
135,479,13:39,0
135,480,13:40,0
135,481,13:41,0
135,482,13:42,0
135,483,13:43,0
135,484,13:44,0
135,485,13:45,0
135,486,13:46,0
135,487,13:47,0
135,488,13:48,0
135,489,13:49,0
135,490,13:50,0
135,491,13:51,0
135,492,13:52,0
135,493,13:53,0
135,494,13:54,0
135,495,13:55,0
135,496,13:56,0
135,497,13:57,0
135,498,13:58,0
135,499,13:59,0
135,500,14:00,0
135,501,14:01,0
135,502,14:02,0
135,503,14:03,0
135,504,14:04,0
135,505,14:05,0
135,506,14:06,0
135,507,14:07,0
135,508,14:08,0
135,509,14:09,0
135,510,14:10,0
135,511,14:11,0
135,512,14:12,0
135,513,14:13,0
135,514,14:14,0
135,515,14:15,0
135,516,14:16,0
135,517,14:17,0
135,518,14:18,0
135,519,14:19,0
135,520,14:20,0
135,521,14:21,0
135,522,14:22,0
135,523,14:23,0
135,524,14:24,0
135,525,14:25,0
135,526,14:26,0
135,527,14:27,0
135,528,14:28,0
135,529,14:29,0
135,530,14:30,0
135,531,14:31,0
135,532,14:32,0
135,533,14:33,0
135,534,14:34,0
135,535,14:35,0
135,536,14:36,0
135,537,14:37,0
135,538,14:38,0
135,539,14:39,0
135,540,14:40,0
135,541,14:41,0
135,542,14:42,0
135,543,14:43,0
135,544,14:44,0
135,545,14:45,0
135,546,14:46,0
135,547,14:47,0
135,548,14:48,0
135,549,14:49,0
135,550,14:50,0
135,551,14:51,0
135,552,14:52,0
135,553,14:53,0
135,554,14:54,0
135,555,14:55,0
135,556,14:56,0
135,557,14:57,0
135,558,14:58,0
135,559,14:59,0
135,560,15:00,0
135,561,15:01,0
135,562,15:02,0
135,563,15:03,0
135,564,15:04,0
135,565,15:05,0
135,566,15:06,0
135,567,15:07,0
135,568,15:08,0
135,569,15:09,0
135,570,15:10,0
135,571,15:11,0
135,572,15:12,0
135,573,15:13,0
135,574,15:14,0
135,575,15:15,0
135,576,15:16,0
135,577,15:17,0
135,578,15:18,0
135,579,15:19,0
135,580,15:20,0
135,581,15:21,0
135,582,15:22,0
135,583,15:23,0
135,584,15:24,0
135,585,15:25,0
135,586,15:26,0
135,587,15:27,0
135,588,15:28,0
135,589,15:29,0
135,590,15:30,0
135,591,15:31,0
135,592,15:32,0
135,593,15:33,0
135,594,15:34,0
135,595,15:35,0
135,596,15:36,0
135,597,15:37,0
135,598,15:38,0
135,599,15:39,0
135,600,15:40,0
135,601,15:41,0
135,602,15:42,0
135,603,15:43,0
135,604,15:44,1
135,605,15:45,1
135,606,15:46,1
135,607,15:47,1
135,608,15:48,1
135,609,15:49,1
135,610,15:50,1
135,611,15:51,1
135,612,15:52,1
135,613,15:53,1
135,614,15:54,1
135,615,15:55,1
135,616,15:56,1
135,617,15:57,1
135,618,15:58,1
135,619,15:59,1
135,620,16:00,1
135,621,16:01,1
135,622,16:02,0
135,623,16:03,0
135,624,16:04,0
135,625,16:05,0
135,626,16:06,0
135,627,16:07,0
135,628,16:08,0
135,629,16:09,0
135,630,16:10,0
135,631,16:11,0
135,632,16:12,0
135,633,16:13,0
135,634,16:14,0
135,635,16:15,0
135,636,16:16,0
135,637,16:17,0
135,638,16:18,0
135,639,16:19,0
135,640,16:20,0
135,641,16:21,0
135,642,16:22,0
135,643,16:23,0
135,644,16:24,0
135,645,16:25,0
135,646,16:26,0
135,647,16:27,0
135,648,16:28,0
135,649,16:29,0
135,650,16:30,0
135,651,16:31,0
135,652,16:32,0
135,653,16:33,0
135,654,16:34,0
135,655,16:35,0
135,656,16:36,0
135,657,16:37,0
135,658,16:38,0
135,659,16:39,0
135,660,16:40,0
135,661,16:41,0
135,662,16:42,0
135,663,16:43,0
135,664,16:44,0
135,665,16:45,0
135,666,16:46,0
135,667,16:47,0
135,668,16:48,0
135,669,16:49,0
135,670,16:50,0
135,671,16:51,0
135,672,16:52,0
135,673,16:53,0
135,674,16:54,0
135,675,16:55,0
135,676,16:56,0
135,677,16:57,0
135,678,16:58,0
135,679,16:59,0
135,680,17:00,0
135,681,17:01,0
135,682,17:02,0
135,683,17:03,0
135,684,17:04,0
135,685,17:05,0
135,686,17:06,0
135,687,17:07,0
135,688,17:08,0
135,689,17:09,0
135,690,17:10,0
135,691,17:11,0
135,692,17:12,0
135,693,17:13,0
135,694,17:14,0
135,695,17:15,0
135,696,17:16,0
135,697,17:17,0
135,698,17:18,0
135,699,17:19,0
135,700,17:20,0
135,701,17:21,0
135,702,17:22,0
135,703,17:23,0
135,704,17:24,0
135,705,17:25,0
135,706,17:26,0
135,707,17:27,0
135,708,17:28,0
135,709,17:29,0
135,710,17:30,0
135,711,17:31,0
135,712,17:32,0
135,713,17:33,0
135,714,17:34,0
135,715,17:35,0
135,716,17:36,0
135,717,17:37,0
135,718,17:38,0
135,719,17:39,0
135,720,17:40,0
135,721,17:41,0
135,722,17:42,0
135,723,17:43,0
135,724,17:44,0
135,725,17:45,0
135,726,17:46,0
135,727,17:47,0
135,728,17:48,0
135,729,17:49,0
135,730,17:50,0
135,731,17:51,0
135,732,17:52,0
135,733,17:53,0
135,734,17:54,0
135,735,17:55,0
135,736,17:56,0
135,737,17:57,0
135,738,17:58,0
135,739,17:59,0
135,740,18:00,1
135,741,18:01,1
135,742,18:02,1
135,743,18:03,2
135,744,18:04,2
135,745,18:05,2
135,746,18:06,2
135,747,18:07,2
135,748,18:08,2
135,749,18:09,2
135,750,18:10,2
135,751,18:11,2
135,752,18:12,2
135,753,18:13,2
135,754,18:14,2
135,755,18:15,2
135,756,18:16,2
135,757,18:17,2
135,758,18:18,2
135,759,18:19,2
135,760,18:20,2
135,761,18:21,1
135,762,18:22,1
135,763,18:23,1
135,764,18:24,1
135,765,18:25,1
135,766,18:26,1
135,767,18:27,1
135,768,18:28,1
135,769,18:29,1
135,770,18:30,0
135,771,18:31,0
135,772,18:32,0
135,773,18:33,1
135,774,18:34,1
135,775,18:35,1
135,776,18:36,1
135,777,18:37,1
135,778,18:38,1
135,779,18:39,1
135,780,18:40,1
135,781,18:41,1
135,782,18:42,1
135,783,18:43,0
135,784,18:44,0
135,785,18:45,0
135,786,18:46,0
135,787,18:47,0
135,788,18:48,0
135,789,18:49,0
135,790,18:50,0
135,791,18:51,0
135,792,18:52,0
135,793,18:53,0
135,794,18:54,0
135,795,18:55,0
135,796,18:56,0
135,797,18:57,0
135,798,18:58,0
135,799,18:59,0
135,800,19:00,0
135,801,19:01,0
135,802,19:02,0
135,803,19:03,0
135,804,19:04,0
135,805,19:05,0
135,806,19:06,0
135,807,19:07,0
135,808,19:08,0
135,809,19:09,0
135,810,19:10,0
135,811,19:11,0
135,812,19:12,0
135,813,19:13,0
135,814,19:14,0
135,815,19:15,0
135,816,19:16,0
135,817,19:17,0
135,818,19:18,0
135,819,19:19,0
135,820,19:20,0
135,821,19:21,0
135,822,19:22,0
135,823,19:23,0
135,824,19:24,0
135,825,19:25,0
135,826,19:26,0
135,827,19:27,0
135,828,19:28,0
135,829,19:29,0
135,830,19:30,0
135,831,19:31,0
135,832,19:32,0
135,833,19:33,0
135,834,19:34,0
135,835,19:35,0
136,0,05:40,0
136,1,05:41,0
136,2,05:42,0
136,3,05:43,0
136,4,05:44,0
136,5,05:45,0
136,6,05:46,0
136,7,05:47,0
136,8,05:48,0
136,9,05:49,0
136,10,05:50,0
136,11,05:51,0
136,12,05:52,0
136,13,05:53,0
136,14,05:54,0
136,15,05:55,0
136,16,05:56,0
136,17,05:57,0
136,18,05:58,0
136,19,05:59,0
136,20,06:00,0
136,21,06:01,0
136,22,06:02,0
136,23,06:03,0
136,24,06:04,0
136,25,06:05,0
136,26,06:06,0
136,27,06:07,0
136,28,06:08,0
136,29,06:09,0
136,30,06:10,0
136,31,06:11,0
136,32,06:12,0
136,33,06:13,0
136,34,06:14,0
136,35,06:15,0
136,36,06:16,0
136,37,06:17,0
136,38,06:18,0
136,39,06:19,0
136,40,06:20,0
136,41,06:21,0
136,42,06:22,0
136,43,06:23,0
136,44,06:24,0
136,45,06:25,0
136,46,06:26,0
136,47,06:27,0
136,48,06:28,0
136,49,06:29,0
136,50,06:30,0
136,51,06:31,0
136,52,06:32,0
136,53,06:33,0
136,54,06:34,0
136,55,06:35,0
136,56,06:36,0
136,57,06:37,0
136,58,06:38,0
136,59,06:39,0
136,60,06:40,0
136,61,06:41,0
136,62,06:42,0
136,63,06:43,0
136,64,06:44,0
136,65,06:45,0
136,66,06:46,0
136,67,06:47,0
136,68,06:48,0
136,69,06:49,0
136,70,06:50,0
136,71,06:51,0
136,72,06:52,0
136,73,06:53,0
136,74,06:54,0
136,75,06:55,0
136,76,06:56,0
136,77,06:57,0
136,78,06:58,0
136,79,06:59,0
136,80,07:00,0
136,81,07:01,0
136,82,07:02,0
136,83,07:03,0
136,84,07:04,0
136,85,07:05,0
136,86,07:06,0
136,87,07:07,0
136,88,07:08,0
136,89,07:09,0
136,90,07:10,0
136,91,07:11,0
136,92,07:12,0
136,93,07:13,0
136,94,07:14,0
136,95,07:15,0
136,96,07:16,0
136,97,07:17,0
136,98,07:18,0
136,99,07:19,0
136,100,07:20,0
136,101,07:21,0
136,102,07:22,0
136,103,07:23,0
136,104,07:24,0
136,105,07:25,0
136,106,07:26,0
136,107,07:27,0
136,108,07:28,0
136,109,07:29,0
136,110,07:30,0
136,111,07:31,0
136,112,07:32,0
136,113,07:33,0
136,114,07:34,0
136,115,07:35,0
136,116,07:36,0
136,117,07:37,0
136,118,07:38,0
136,119,07:39,0
136,120,07:40,0
136,121,07:41,0
136,122,07:42,0
136,123,07:43,0
136,124,07:44,0
136,125,07:45,0
136,126,07:46,0
136,127,07:47,0
136,128,07:48,0
136,129,07:49,0
136,130,07:50,0
136,131,07:51,0
136,132,07:52,0
136,133,07:53,0
136,134,07:54,0
136,135,07:55,0
136,136,07:56,0
136,137,07:57,0
136,138,07:58,0
136,139,07:59,0
136,140,08:00,0
136,141,08:01,0
136,142,08:02,0
136,143,08:03,0
136,144,08:04,0
136,145,08:05,0
136,146,08:06,0
136,147,08:07,0
136,148,08:08,0
136,149,08:09,0
136,150,08:10,0
136,151,08:11,0
136,152,08:12,0
136,153,08:13,0
136,154,08:14,0
136,155,08:15,0
136,156,08:16,0
136,157,08:17,0
136,158,08:18,0
136,159,08:19,0
136,160,08:20,0
136,161,08:21,0
136,162,08:22,0
136,163,08:23,0
136,164,08:24,0
136,165,08:25,0
136,166,08:26,0
136,167,08:27,0
136,168,08:28,0
136,169,08:29,0
136,170,08:30,0
136,171,08:31,0
136,172,08:32,0
136,173,08:33,0
136,174,08:34,0
136,175,08:35,0
136,176,08:36,0
136,177,08:37,0
136,178,08:38,0
136,179,08:39,0
136,180,08:40,0
136,181,08:41,0
136,182,08:42,0
136,183,08:43,0
136,184,08:44,0
136,185,08:45,0
136,186,08:46,0
136,187,08:47,0
136,188,08:48,0
136,189,08:49,0
136,190,08:50,0
136,191,08:51,0
136,192,08:52,0
136,193,08:53,0
136,194,08:54,0
136,195,08:55,0
136,196,08:56,0
136,197,08:57,0
136,198,08:58,0
136,199,08:59,0
136,200,09:00,0
136,201,09:01,0
136,202,09:02,0
136,203,09:03,0
136,204,09:04,0
136,205,09:05,0
136,206,09:06,0
136,207,09:07,0
136,208,09:08,0
136,209,09:09,0
136,210,09:10,0
136,211,09:11,0
136,212,09:12,0
136,213,09:13,0
136,214,09:14,0
136,215,09:15,0
136,216,09:16,0
136,217,09:17,0
136,218,09:18,0
136,219,09:19,0
136,220,09:20,0
136,221,09:21,0
136,222,09:22,0
136,223,09:23,0
136,224,09:24,0
136,225,09:25,0
136,226,09:26,0
136,227,09:27,0
136,228,09:28,0
136,229,09:29,0
136,230,09:30,0
136,231,09:31,0
136,232,09:32,0
136,233,09:33,0
136,234,09:34,0
136,235,09:35,0
136,236,09:36,0
136,237,09:37,0
136,238,09:38,0
136,239,09:39,0
136,240,09:40,0
136,241,09:41,0
136,242,09:42,0
136,243,09:43,0
136,244,09:44,0
136,245,09:45,0
136,246,09:46,0
136,247,09:47,0
136,248,09:48,0
136,249,09:49,0
136,250,09:50,0
136,251,09:51,0
136,252,09:52,0
136,253,09:53,0
136,254,09:54,0
136,255,09:55,0
136,256,09:56,0
136,257,09:57,0
136,258,09:58,0
136,259,09:59,0
136,260,10:00,0
136,261,10:01,0
136,262,10:02,0
136,263,10:03,0
136,264,10:04,0
136,265,10:05,0
136,266,10:06,0
136,267,10:07,0
136,268,10:08,0
136,269,10:09,0
136,270,10:10,0
136,271,10:11,0
136,272,10:12,0
136,273,10:13,0
136,274,10:14,0
136,275,10:15,0
136,276,10:16,0
136,277,10:17,0
136,278,10:18,0
136,279,10:19,0
136,280,10:20,0
136,281,10:21,0
136,282,10:22,0
136,283,10:23,0
136,284,10:24,0
136,285,10:25,0
136,286,10:26,0
136,287,10:27,0
136,288,10:28,0
136,289,10:29,0
136,290,10:30,0
136,291,10:31,0
136,292,10:32,0
136,293,10:33,0
136,294,10:34,0
136,295,10:35,0
136,296,10:36,0
136,297,10:37,0
136,298,10:38,0
136,299,10:39,0
136,300,10:40,0
136,301,10:41,0
136,302,10:42,0
136,303,10:43,0
136,304,10:44,0
136,305,10:45,0
136,306,10:46,0
136,307,10:47,0
136,308,10:48,0
136,309,10:49,0
136,310,10:50,0
136,311,10:51,0
136,312,10:52,0
136,313,10:53,0
136,314,10:54,0
136,315,10:55,0
136,316,10:56,0
136,317,10:57,0
136,318,10:58,0
136,319,10:59,0
136,320,11:00,0
136,321,11:01,0
136,322,11:02,0
136,323,11:03,0
136,324,11:04,0
136,325,11:05,0
136,326,11:06,0
136,327,11:07,0
136,328,11:08,0
136,329,11:09,0
136,330,11:10,0
136,331,11:11,0
136,332,11:12,0
136,333,11:13,0
136,334,11:14,0
136,335,11:15,0
136,336,11:16,0
136,337,11:17,0
136,338,11:18,0
136,339,11:19,0
136,340,11:20,0
136,341,11:21,0
136,342,11:22,0
136,343,11:23,0
136,344,11:24,0
136,345,11:25,0
136,346,11:26,0
136,347,11:27,0
136,348,11:28,0
136,349,11:29,0
136,350,11:30,0
136,351,11:31,0
136,352,11:32,0
136,353,11:33,0
136,354,11:34,0
136,355,11:35,0
136,356,11:36,0
136,357,11:37,0
136,358,11:38,0
136,359,11:39,0
136,360,11:40,0
136,361,11:41,0
136,362,11:42,0
136,363,11:43,0
136,364,11:44,0
136,365,11:45,0
136,366,11:46,0
136,367,11:47,0
136,368,11:48,0
136,369,11:49,0
136,370,11:50,0
136,371,11:51,0
136,372,11:52,0
136,373,11:53,0
136,374,11:54,0
136,375,11:55,0
136,376,11:56,0
136,377,11:57,0
136,378,11:58,0
136,379,11:59,0
136,380,12:00,0
136,381,12:01,0
136,382,12:02,0
136,383,12:03,0
136,384,12:04,0
136,385,12:05,0
136,386,12:06,0
136,387,12:07,0
136,388,12:08,0
136,389,12:09,0
136,390,12:10,0
136,391,12:11,0
136,392,12:12,0
136,393,12:13,0
136,394,12:14,0
136,395,12:15,0
136,396,12:16,0
136,397,12:17,0
136,398,12:18,0
136,399,12:19,0
136,400,12:20,0
136,401,12:21,0
136,402,12:22,0
136,403,12:23,0
136,404,12:24,0
136,405,12:25,0
136,406,12:26,0
136,407,12:27,0
136,408,12:28,0
136,409,12:29,0
136,410,12:30,0
136,411,12:31,0
136,412,12:32,0
136,413,12:33,0
136,414,12:34,0
136,415,12:35,0
136,416,12:36,0
136,417,12:37,0
136,418,12:38,0
136,419,12:39,0
136,420,12:40,0
136,421,12:41,0
136,422,12:42,0
136,423,12:43,0
136,424,12:44,0
136,425,12:45,0
136,426,12:46,0
136,427,12:47,0
136,428,12:48,0
136,429,12:49,0
136,430,12:50,0
136,431,12:51,0
136,432,12:52,0
136,433,12:53,0
136,434,12:54,0
136,435,12:55,0
136,436,12:56,0
136,437,12:57,0
136,438,12:58,0
136,439,12:59,0
136,440,13:00,0
136,441,13:01,0
136,442,13:02,0
136,443,13:03,0
136,444,13:04,0
136,445,13:05,0
136,446,13:06,0
136,447,13:07,0
136,448,13:08,0
136,449,13:09,0
136,450,13:10,0
136,451,13:11,0
136,452,13:12,0
136,453,13:13,0
136,454,13:14,0
136,455,13:15,0
136,456,13:16,0
136,457,13:17,0
136,458,13:18,0
136,459,13:19,0
136,460,13:20,0
136,461,13:21,0
136,462,13:22,0
136,463,13:23,0
136,464,13:24,0
136,465,13:25,0
136,466,13:26,0
136,467,13:27,0
136,468,13:28,0
136,469,13:29,0
136,470,13:30,0
136,471,13:31,0
136,472,13:32,0
136,473,13:33,0
136,474,13:34,0
136,475,13:35,0
136,476,13:36,0
136,477,13:37,0
136,478,13:38,0
136,479,13:39,0
136,480,13:40,0
136,481,13:41,0
136,482,13:42,0
136,483,13:43,0
136,484,13:44,0
136,485,13:45,0
136,486,13:46,0
136,487,13:47,0
136,488,13:48,0
136,489,13:49,0
136,490,13:50,0
136,491,13:51,0
136,492,13:52,0
136,493,13:53,0
136,494,13:54,0
136,495,13:55,0
136,496,13:56,0
136,497,13:57,0
136,498,13:58,0
136,499,13:59,0
136,500,14:00,0
136,501,14:01,0
136,502,14:02,0
136,503,14:03,0
136,504,14:04,0
136,505,14:05,0
136,506,14:06,0
136,507,14:07,0
136,508,14:08,0
136,509,14:09,0
136,510,14:10,0
136,511,14:11,0
136,512,14:12,0
136,513,14:13,0
136,514,14:14,0
136,515,14:15,0
136,516,14:16,0
136,517,14:17,0
136,518,14:18,0
136,519,14:19,0
136,520,14:20,0
136,521,14:21,0
136,522,14:22,0
136,523,14:23,0
136,524,14:24,0
136,525,14:25,0
136,526,14:26,0
136,527,14:27,0
136,528,14:28,0
136,529,14:29,0
136,530,14:30,0
136,531,14:31,0
136,532,14:32,0
136,533,14:33,0
136,534,14:34,0
136,535,14:35,0
136,536,14:36,0
136,537,14:37,0
136,538,14:38,0
136,539,14:39,0
136,540,14:40,0
136,541,14:41,0
136,542,14:42,0
136,543,14:43,0
136,544,14:44,0
136,545,14:45,0
136,546,14:46,0
136,547,14:47,0
136,548,14:48,0
136,549,14:49,0
136,550,14:50,0
136,551,14:51,0
136,552,14:52,0
136,553,14:53,0
136,554,14:54,0
136,555,14:55,0
136,556,14:56,0
136,557,14:57,0
136,558,14:58,0
136,559,14:59,0
136,560,15:00,0
136,561,15:01,0
136,562,15:02,0
136,563,15:03,0
136,564,15:04,0
136,565,15:05,0
136,566,15:06,0
136,567,15:07,0
136,568,15:08,0
136,569,15:09,0
136,570,15:10,0
136,571,15:11,0
136,572,15:12,0
136,573,15:13,0
136,574,15:14,0
136,575,15:15,0
136,576,15:16,0
136,577,15:17,0
136,578,15:18,0
136,579,15:19,0
136,580,15:20,0
136,581,15:21,0
136,582,15:22,0
136,583,15:23,0
136,584,15:24,0
136,585,15:25,0
136,586,15:26,0
136,587,15:27,0
136,588,15:28,0
136,589,15:29,0
136,590,15:30,0
136,591,15:31,0
136,592,15:32,0
136,593,15:33,0
136,594,15:34,0
136,595,15:35,0
136,596,15:36,0
136,597,15:37,0
136,598,15:38,0
136,599,15:39,0
136,600,15:40,0
136,601,15:41,0
136,602,15:42,0
136,603,15:43,0
136,604,15:44,0
136,605,15:45,0
136,606,15:46,0
136,607,15:47,0
136,608,15:48,0
136,609,15:49,0
136,610,15:50,0
136,611,15:51,0
136,612,15:52,0
136,613,15:53,0
136,614,15:54,0
136,615,15:55,0
136,616,15:56,0
136,617,15:57,0
136,618,15:58,0
136,619,15:59,0
136,620,16:00,0
136,621,16:01,0
136,622,16:02,0
136,623,16:03,0
136,624,16:04,0
136,625,16:05,0
136,626,16:06,0
136,627,16:07,0
136,628,16:08,0
136,629,16:09,0
136,630,16:10,0
136,631,16:11,0
136,632,16:12,0
136,633,16:13,0
136,634,16:14,0
136,635,16:15,0
136,636,16:16,0
136,637,16:17,0
136,638,16:18,0
136,639,16:19,0
136,640,16:20,0
136,641,16:21,0
136,642,16:22,0
136,643,16:23,0
136,644,16:24,0
136,645,16:25,0
136,646,16:26,0
136,647,16:27,0
136,648,16:28,0
136,649,16:29,0
136,650,16:30,0
136,651,16:31,0
136,652,16:32,0
136,653,16:33,0
136,654,16:34,0
136,655,16:35,0
136,656,16:36,0
136,657,16:37,0
136,658,16:38,0
136,659,16:39,1
136,660,16:40,1
136,661,16:41,1
136,662,16:42,1
136,663,16:43,1
136,664,16:44,1
136,665,16:45,1
136,666,16:46,1
136,667,16:47,1
136,668,16:48,1
136,669,16:49,1
136,670,16:50,1
136,671,16:51,1
136,672,16:52,1
136,673,16:53,1
136,674,16:54,1
136,675,16:55,1
136,676,16:56,1
136,677,16:57,1
136,678,16:58,1
136,679,16:59,1
136,680,17:00,1
136,681,17:01,1
136,682,17:02,1
136,683,17:03,1
136,684,17:04,1
136,685,17:05,1
136,686,17:06,1
136,687,17:07,0
136,688,17:08,0
136,689,17:09,0
136,690,17:10,0
136,691,17:11,0
136,692,17:12,0
136,693,17:13,0
136,694,17:14,0
136,695,17:15,0
136,696,17:16,0
136,697,17:17,0
136,698,17:18,0
136,699,17:19,0
136,700,17:20,0
136,701,17:21,0
136,702,17:22,0
136,703,17:23,0
136,704,17:24,0
136,705,17:25,0
136,706,17:26,0
136,707,17:27,0
136,708,17:28,0
136,709,17:29,0
136,710,17:30,0
136,711,17:31,0
136,712,17:32,0
136,713,17:33,0
136,714,17:34,0
136,715,17:35,0
136,716,17:36,0
136,717,17:37,0
136,718,17:38,0
136,719,17:39,0
136,720,17:40,0
136,721,17:41,0
136,722,17:42,0
136,723,17:43,0
136,724,17:44,0
136,725,17:45,0
136,726,17:46,0
136,727,17:47,0
136,728,17:48,0
136,729,17:49,0
136,730,17:50,0
136,731,17:51,0
136,732,17:52,0
136,733,17:53,0
136,734,17:54,0
136,735,17:55,0
136,736,17:56,0
136,737,17:57,0
136,738,17:58,0
136,739,17:59,0
136,740,18:00,1
136,741,18:01,1
136,742,18:02,1
136,743,18:03,1
136,744,18:04,1
136,745,18:05,1
136,746,18:06,1
136,747,18:07,1
136,748,18:08,1
136,749,18:09,2
136,750,18:10,2
136,751,18:11,2
136,752,18:12,2
136,753,18:13,2
136,754,18:14,2
136,755,18:15,2
136,756,18:16,2
136,757,18:17,2
136,758,18:18,2
136,759,18:19,2
136,760,18:20,2
136,761,18:21,2
136,762,18:22,2
136,763,18:23,2
136,764,18:24,1
136,765,18:25,1
136,766,18:26,1
136,767,18:27,0
136,768,18:28,0
136,769,18:29,0
136,770,18:30,1
136,771,18:31,1
136,772,18:32,1
136,773,18:33,1
136,774,18:34,1
136,775,18:35,1
136,776,18:36,1
136,777,18:37,1
136,778,18:38,1
136,779,18:39,0
136,780,18:40,0
136,781,18:41,0
136,782,18:42,0
136,783,18:43,0
136,784,18:44,0
136,785,18:45,0
136,786,18:46,0
136,787,18:47,0
136,788,18:48,1
136,789,18:49,1
136,790,18:50,1
136,791,18:51,2
136,792,18:52,2
136,793,18:53,2
136,794,18:54,2
136,795,18:55,2
136,796,18:56,2
136,797,18:57,2
136,798,18:58,2
136,799,18:59,2
136,800,19:00,2
136,801,19:01,1
136,802,19:02,1
136,803,19:03,1
136,804,19:04,0
136,805,19:05,0
136,806,19:06,0
136,807,19:07,1
136,808,19:08,1
136,809,19:09,1
136,810,19:10,1
136,811,19:11,1
136,812,19:12,1
136,813,19:13,1
136,814,19:14,1
136,815,19:15,1
136,816,19:16,0
136,817,19:17,0
136,818,19:18,0
136,819,19:19,0
136,820,19:20,0
136,821,19:21,0
136,822,19:22,0
136,823,19:23,0
136,824,19:24,0
136,825,19:25,0
136,826,19:26,0
136,827,19:27,0
136,828,19:28,0
136,829,19:29,0
136,830,19:30,0
136,831,19:31,0
136,832,19:32,0
136,833,19:33,0
136,834,19:34,0
136,835,19:35,0
137,0,05:40,0
137,1,05:41,0
137,2,05:42,0
137,3,05:43,0
137,4,05:44,0
137,5,05:45,0
137,6,05:46,0
137,7,05:47,0
137,8,05:48,0
137,9,05:49,0
137,10,05:50,0
137,11,05:51,0
137,12,05:52,0
137,13,05:53,0
137,14,05:54,0
137,15,05:55,0
137,16,05:56,0
137,17,05:57,0
137,18,05:58,0
137,19,05:59,0
137,20,06:00,0
137,21,06:01,0
137,22,06:02,0
137,23,06:03,0
137,24,06:04,0
137,25,06:05,0
137,26,06:06,0
137,27,06:07,0
137,28,06:08,0
137,29,06:09,0
137,30,06:10,0
137,31,06:11,0
137,32,06:12,0
137,33,06:13,0
137,34,06:14,0
137,35,06:15,0
137,36,06:16,0
137,37,06:17,0
137,38,06:18,0
137,39,06:19,0
137,40,06:20,0
137,41,06:21,0
137,42,06:22,0
137,43,06:23,0
137,44,06:24,0
137,45,06:25,0
137,46,06:26,0
137,47,06:27,0
137,48,06:28,0
137,49,06:29,0
137,50,06:30,0
137,51,06:31,0
137,52,06:32,0
137,53,06:33,0
137,54,06:34,0
137,55,06:35,0
137,56,06:36,0
137,57,06:37,0
137,58,06:38,0
137,59,06:39,0
137,60,06:40,0
137,61,06:41,0
137,62,06:42,0
137,63,06:43,0
137,64,06:44,0
137,65,06:45,0
137,66,06:46,0
137,67,06:47,0
137,68,06:48,0
137,69,06:49,0
137,70,06:50,0
137,71,06:51,0
137,72,06:52,0
137,73,06:53,0
137,74,06:54,0
137,75,06:55,0
137,76,06:56,0
137,77,06:57,0
137,78,06:58,0
137,79,06:59,0
137,80,07:00,0
137,81,07:01,0
137,82,07:02,0
137,83,07:03,0
137,84,07:04,0
137,85,07:05,0
137,86,07:06,0
137,87,07:07,0
137,88,07:08,0
137,89,07:09,0
137,90,07:10,0
137,91,07:11,0
137,92,07:12,0
137,93,07:13,0
137,94,07:14,0
137,95,07:15,0
137,96,07:16,0
137,97,07:17,0
137,98,07:18,0
137,99,07:19,0
137,100,07:20,0
137,101,07:21,0
137,102,07:22,0
137,103,07:23,0
137,104,07:24,0
137,105,07:25,0
137,106,07:26,0
137,107,07:27,0
137,108,07:28,0
137,109,07:29,0
137,110,07:30,0
137,111,07:31,0
137,112,07:32,0
137,113,07:33,0
137,114,07:34,0
137,115,07:35,0
137,116,07:36,0
137,117,07:37,0
137,118,07:38,0
137,119,07:39,0
137,120,07:40,0
137,121,07:41,0
137,122,07:42,0
137,123,07:43,0
137,124,07:44,0
137,125,07:45,0
137,126,07:46,0
137,127,07:47,0
137,128,07:48,0
137,129,07:49,0
137,130,07:50,0
137,131,07:51,0
137,132,07:52,0
137,133,07:53,0
137,134,07:54,0
137,135,07:55,0
137,136,07:56,0
137,137,07:57,0
137,138,07:58,0
137,139,07:59,0
137,140,08:00,0
137,141,08:01,0
137,142,08:02,0
137,143,08:03,0
137,144,08:04,0
137,145,08:05,0
137,146,08:06,0
137,147,08:07,0
137,148,08:08,0
137,149,08:09,0
137,150,08:10,0
137,151,08:11,0
137,152,08:12,0
137,153,08:13,0
137,154,08:14,0
137,155,08:15,0
137,156,08:16,0
137,157,08:17,0
137,158,08:18,0
137,159,08:19,0
137,160,08:20,0
137,161,08:21,0
137,162,08:22,1
137,163,08:23,1
137,164,08:24,1
137,165,08:25,1
137,166,08:26,1
137,167,08:27,1
137,168,08:28,1
137,169,08:29,1
137,170,08:30,1
137,171,08:31,1
137,172,08:32,1
137,173,08:33,1
137,174,08:34,1
137,175,08:35,1
137,176,08:36,1
137,177,08:37,0
137,178,08:38,0
137,179,08:39,0
137,180,08:40,0
137,181,08:41,0
137,182,08:42,0
137,183,08:43,0
137,184,08:44,0
137,185,08:45,0
137,186,08:46,0
137,187,08:47,0
137,188,08:48,0
137,189,08:49,0
137,190,08:50,0
137,191,08:51,0
137,192,08:52,0
137,193,08:53,0
137,194,08:54,0
137,195,08:55,0
137,196,08:56,0
137,197,08:57,0
137,198,08:58,0
137,199,08:59,0
137,200,09:00,0
137,201,09:01,0
137,202,09:02,0
137,203,09:03,0
137,204,09:04,0
137,205,09:05,0
137,206,09:06,0
137,207,09:07,0
137,208,09:08,0
137,209,09:09,0
137,210,09:10,0
137,211,09:11,0
137,212,09:12,0
137,213,09:13,0
137,214,09:14,0
137,215,09:15,0
137,216,09:16,0
137,217,09:17,0
137,218,09:18,0
137,219,09:19,0
137,220,09:20,0
137,221,09:21,0
137,222,09:22,0
137,223,09:23,0
137,224,09:24,0
137,225,09:25,0
137,226,09:26,0
137,227,09:27,0
137,228,09:28,0
137,229,09:29,0
137,230,09:30,0
137,231,09:31,0
137,232,09:32,0
137,233,09:33,0
137,234,09:34,0
137,235,09:35,0
137,236,09:36,0
137,237,09:37,0
137,238,09:38,0
137,239,09:39,0
137,240,09:40,0
137,241,09:41,0
137,242,09:42,0
137,243,09:43,0
137,244,09:44,0
137,245,09:45,0
137,246,09:46,0
137,247,09:47,0
137,248,09:48,0
137,249,09:49,0
137,250,09:50,0
137,251,09:51,0
137,252,09:52,0
137,253,09:53,0
137,254,09:54,0
137,255,09:55,0
137,256,09:56,0
137,257,09:57,0
137,258,09:58,0
137,259,09:59,0
137,260,10:00,0
137,261,10:01,0
137,262,10:02,0
137,263,10:03,0
137,264,10:04,0
137,265,10:05,0
137,266,10:06,0
137,267,10:07,0
137,268,10:08,0
137,269,10:09,0
137,270,10:10,0
137,271,10:11,0
137,272,10:12,0
137,273,10:13,0
137,274,10:14,0
137,275,10:15,0
137,276,10:16,0
137,277,10:17,0
137,278,10:18,0
137,279,10:19,0
137,280,10:20,0
137,281,10:21,0
137,282,10:22,0
137,283,10:23,0
137,284,10:24,0
137,285,10:25,0
137,286,10:26,0
137,287,10:27,0
137,288,10:28,0
137,289,10:29,0
137,290,10:30,0
137,291,10:31,0
137,292,10:32,0
137,293,10:33,0
137,294,10:34,0
137,295,10:35,0
137,296,10:36,0
137,297,10:37,0
137,298,10:38,0
137,299,10:39,0
137,300,10:40,0
137,301,10:41,0
137,302,10:42,0
137,303,10:43,0
137,304,10:44,0
137,305,10:45,0
137,306,10:46,0
137,307,10:47,0
137,308,10:48,0
137,309,10:49,0
137,310,10:50,0
137,311,10:51,0
137,312,10:52,0
137,313,10:53,0
137,314,10:54,0
137,315,10:55,0
137,316,10:56,0
137,317,10:57,0
137,318,10:58,0
137,319,10:59,0
137,320,11:00,0
137,321,11:01,0
137,322,11:02,0
137,323,11:03,0
137,324,11:04,0
137,325,11:05,0
137,326,11:06,0
137,327,11:07,0
137,328,11:08,0
137,329,11:09,0
137,330,11:10,0
137,331,11:11,0
137,332,11:12,0
137,333,11:13,0
137,334,11:14,0
137,335,11:15,0
137,336,11:16,0
137,337,11:17,0
137,338,11:18,0
137,339,11:19,0
137,340,11:20,0
137,341,11:21,0
137,342,11:22,0
137,343,11:23,0
137,344,11:24,0
137,345,11:25,0
137,346,11:26,0
137,347,11:27,0
137,348,11:28,0
137,349,11:29,0
137,350,11:30,0
137,351,11:31,0
137,352,11:32,0
137,353,11:33,0
137,354,11:34,0
137,355,11:35,0
137,356,11:36,0
137,357,11:37,0
137,358,11:38,0
137,359,11:39,0
137,360,11:40,0
137,361,11:41,0
137,362,11:42,0
137,363,11:43,0
137,364,11:44,0
137,365,11:45,0
137,366,11:46,0
137,367,11:47,0
137,368,11:48,0
137,369,11:49,0
137,370,11:50,0
137,371,11:51,0
137,372,11:52,0
137,373,11:53,0
137,374,11:54,0
137,375,11:55,0
137,376,11:56,0
137,377,11:57,0
137,378,11:58,0
137,379,11:59,0
137,380,12:00,0
137,381,12:01,0
137,382,12:02,0
137,383,12:03,0
137,384,12:04,0
137,385,12:05,0
137,386,12:06,0
137,387,12:07,0
137,388,12:08,0
137,389,12:09,0
137,390,12:10,0
137,391,12:11,0
137,392,12:12,0
137,393,12:13,0
137,394,12:14,0
137,395,12:15,0
137,396,12:16,0
137,397,12:17,0
137,398,12:18,0
137,399,12:19,0
137,400,12:20,0
137,401,12:21,0
137,402,12:22,0
137,403,12:23,0
137,404,12:24,0
137,405,12:25,0
137,406,12:26,0
137,407,12:27,0
137,408,12:28,0
137,409,12:29,0
137,410,12:30,0
137,411,12:31,0
137,412,12:32,0
137,413,12:33,0
137,414,12:34,0
137,415,12:35,0
137,416,12:36,0
137,417,12:37,0
137,418,12:38,0
137,419,12:39,0
137,420,12:40,0
137,421,12:41,0
137,422,12:42,0
137,423,12:43,0
137,424,12:44,0
137,425,12:45,0
137,426,12:46,0
137,427,12:47,0
137,428,12:48,0
137,429,12:49,0
137,430,12:50,0
137,431,12:51,0
137,432,12:52,0
137,433,12:53,0
137,434,12:54,0
137,435,12:55,0
137,436,12:56,0
137,437,12:57,0
137,438,12:58,0
137,439,12:59,0
137,440,13:00,0
137,441,13:01,0
137,442,13:02,0
137,443,13:03,0
137,444,13:04,0
137,445,13:05,0
137,446,13:06,0
137,447,13:07,0
137,448,13:08,0
137,449,13:09,0
137,450,13:10,0
137,451,13:11,0
137,452,13:12,0
137,453,13:13,0
137,454,13:14,0
137,455,13:15,0
137,456,13:16,0
137,457,13:17,0
137,458,13:18,0
137,459,13:19,0
137,460,13:20,0
137,461,13:21,0
137,462,13:22,0
137,463,13:23,0
137,464,13:24,0
137,465,13:25,0
137,466,13:26,0
137,467,13:27,0
137,468,13:28,0
137,469,13:29,0
137,470,13:30,0
137,471,13:31,0
137,472,13:32,0
137,473,13:33,0
137,474,13:34,0
137,475,13:35,0
137,476,13:36,0
137,477,13:37,0
137,478,13:38,0
137,479,13:39,0
137,480,13:40,0
137,481,13:41,0
137,482,13:42,0
137,483,13:43,0
137,484,13:44,0
137,485,13:45,0
137,486,13:46,0
137,487,13:47,0
137,488,13:48,0
137,489,13:49,0
137,490,13:50,0
137,491,13:51,0
137,492,13:52,0
137,493,13:53,0
137,494,13:54,0
137,495,13:55,0
137,496,13:56,0
137,497,13:57,0
137,498,13:58,0
137,499,13:59,0
137,500,14:00,0
137,501,14:01,0
137,502,14:02,0
137,503,14:03,0
137,504,14:04,0
137,505,14:05,0
137,506,14:06,0
137,507,14:07,0
137,508,14:08,0
137,509,14:09,0
137,510,14:10,0
137,511,14:11,0
137,512,14:12,0
137,513,14:13,0
137,514,14:14,0
137,515,14:15,0
137,516,14:16,0
137,517,14:17,0
137,518,14:18,0
137,519,14:19,0
137,520,14:20,0
137,521,14:21,0
137,522,14:22,0
137,523,14:23,0
137,524,14:24,0
137,525,14:25,0
137,526,14:26,0
137,527,14:27,0
137,528,14:28,0
137,529,14:29,0
137,530,14:30,0
137,531,14:31,0
137,532,14:32,0
137,533,14:33,0
137,534,14:34,0
137,535,14:35,0
137,536,14:36,0
137,537,14:37,0
137,538,14:38,0
137,539,14:39,0
137,540,14:40,0
137,541,14:41,0
137,542,14:42,0
137,543,14:43,0
137,544,14:44,0
137,545,14:45,0
137,546,14:46,0
137,547,14:47,0
137,548,14:48,0
137,549,14:49,0
137,550,14:50,0
137,551,14:51,0
137,552,14:52,0
137,553,14:53,0
137,554,14:54,0
137,555,14:55,0
137,556,14:56,0
137,557,14:57,0
137,558,14:58,0
137,559,14:59,0
137,560,15:00,0
137,561,15:01,0
137,562,15:02,0
137,563,15:03,0
137,564,15:04,0
137,565,15:05,1
137,566,15:06,1
137,567,15:07,1
137,568,15:08,2
137,569,15:09,2
137,570,15:10,2
137,571,15:11,2
137,572,15:12,2
137,573,15:13,2
137,574,15:14,2
137,575,15:15,2
137,576,15:16,2
137,577,15:17,2
137,578,15:18,2
137,579,15:19,2
137,580,15:20,2
137,581,15:21,2
137,582,15:22,2
137,583,15:23,2
137,584,15:24,2
137,585,15:25,2
137,586,15:26,1
137,587,15:27,1
137,588,15:28,1
137,589,15:29,0
137,590,15:30,0
137,591,15:31,0
137,592,15:32,1
137,593,15:33,1
137,594,15:34,1
137,595,15:35,2
137,596,15:36,2
137,597,15:37,2
137,598,15:38,2
137,599,15:39,2
137,600,15:40,2
137,601,15:41,2
137,602,15:42,2
137,603,15:43,2
137,604,15:44,2
137,605,15:45,2
137,606,15:46,2
137,607,15:47,2
137,608,15:48,2
137,609,15:49,2
137,610,15:50,2
137,611,15:51,2
137,612,15:52,2
137,613,15:53,1
137,614,15:54,1
137,615,15:55,1
137,616,15:56,1
137,617,15:57,1
137,618,15:58,1
137,619,15:59,0
137,620,16:00,0
137,621,16:01,0
137,622,16:02,0
137,623,16:03,0
137,624,16:04,0
137,625,16:05,0
137,626,16:06,0
137,627,16:07,0
137,628,16:08,1
137,629,16:09,1
137,630,16:10,1
137,631,16:11,1
137,632,16:12,1
137,633,16:13,1
137,634,16:14,1
137,635,16:15,1
137,636,16:16,1
137,637,16:17,0
137,638,16:18,0
137,639,16:19,0
137,640,16:20,0
137,641,16:21,0
137,642,16:22,0
137,643,16:23,0
137,644,16:24,0
137,645,16:25,0
137,646,16:26,1
137,647,16:27,1
137,648,16:28,1
137,649,16:29,2
137,650,16:30,2
137,651,16:31,2
137,652,16:32,2
137,653,16:33,2
137,654,16:34,2
137,655,16:35,2
137,656,16:36,2
137,657,16:37,2
137,658,16:38,2
137,659,16:39,2
137,660,16:40,1
137,661,16:41,1
137,662,16:42,1
137,663,16:43,0
137,664,16:44,0
137,665,16:45,0
137,666,16:46,0
137,667,16:47,0
137,668,16:48,0
137,669,16:49,0
137,670,16:50,0
137,671,16:51,0
137,672,16:52,0
137,673,16:53,0
137,674,16:54,1
137,675,16:55,1
137,676,16:56,1
137,677,16:57,1
137,678,16:58,1
137,679,16:59,1
137,680,17:00,1
137,681,17:01,1
137,682,17:02,1
137,683,17:03,1
137,684,17:04,1
137,685,17:05,1
137,686,17:06,1
137,687,17:07,1
137,688,17:08,0
137,689,17:09,0
137,690,17:10,0
137,691,17:11,0
137,692,17:12,0
137,693,17:13,0
137,694,17:14,0
137,695,17:15,0
137,696,17:16,0
137,697,17:17,0
137,698,17:18,1
137,699,17:19,1
137,700,17:20,1
137,701,17:21,1
137,702,17:22,1
137,703,17:23,1
137,704,17:24,1
137,705,17:25,1
137,706,17:26,1
137,707,17:27,1
137,708,17:28,1
137,709,17:29,1
137,710,17:30,1
137,711,17:31,1
137,712,17:32,1
137,713,17:33,1
137,714,17:34,0
137,715,17:35,0
137,716,17:36,0
137,717,17:37,0
137,718,17:38,1
137,719,17:39,1
137,720,17:40,1
137,721,17:41,1
137,722,17:42,1
137,723,17:43,1
137,724,17:44,1
137,725,17:45,1
137,726,17:46,1
137,727,17:47,1
137,728,17:48,1
137,729,17:49,1
137,730,17:50,1
137,731,17:51,1
137,732,17:52,1
137,733,17:53,1
137,734,17:54,0
137,735,17:55,0
137,736,17:56,0
137,737,17:57,1
137,738,17:58,1
137,739,17:59,1
137,740,18:00,1
137,741,18:01,1
137,742,18:02,1
137,743,18:03,1
137,744,18:04,1
137,745,18:05,1
137,746,18:06,1
137,747,18:07,0
137,748,18:08,0
137,749,18:09,0
137,750,18:10,1
137,751,18:11,1
137,752,18:12,1
137,753,18:13,1
137,754,18:14,1
137,755,18:15,1
137,756,18:16,1
137,757,18:17,1
137,758,18:18,1
137,759,18:19,0
137,760,18:20,0
137,761,18:21,0
137,762,18:22,0
137,763,18:23,0
137,764,18:24,0
137,765,18:25,0
137,766,18:26,0
137,767,18:27,0
137,768,18:28,0
137,769,18:29,1
137,770,18:30,1
137,771,18:31,1
137,772,18:32,1
137,773,18:33,1
137,774,18:34,1
137,775,18:35,1
137,776,18:36,1
137,777,18:37,1
137,778,18:38,1
137,779,18:39,2
137,780,18:40,2
137,781,18:41,2
137,782,18:42,2
137,783,18:43,2
137,784,18:44,2
137,785,18:45,2
137,786,18:46,2
137,787,18:47,2
137,788,18:48,2
137,789,18:49,1
137,790,18:50,1
137,791,18:51,1
137,792,18:52,0
137,793,18:53,0
137,794,18:54,0
137,795,18:55,0
137,796,18:56,0
137,797,18:57,0
137,798,18:58,0
137,799,18:59,0
137,800,19:00,0
137,801,19:01,0
137,802,19:02,0
137,803,19:03,0
137,804,19:04,0
137,805,19:05,0
137,806,19:06,0
137,807,19:07,0
137,808,19:08,0
137,809,19:09,0
137,810,19:10,0
137,811,19:11,0
137,812,19:12,0
137,813,19:13,0
137,814,19:14,0
137,815,19:15,0
137,816,19:16,0
137,817,19:17,0
137,818,19:18,0
137,819,19:19,0
137,820,19:20,0
137,821,19:21,0
137,822,19:22,0
137,823,19:23,0
137,824,19:24,0
137,825,19:25,0
137,826,19:26,0
137,827,19:27,0
137,828,19:28,0
137,829,19:29,0
137,830,19:30,0
137,831,19:31,0
137,832,19:32,0
137,833,19:33,0
137,834,19:34,0
137,835,19:35,0
138,0,05:40,0
138,1,05:41,0
138,2,05:42,0
138,3,05:43,0
138,4,05:44,0
138,5,05:45,0
138,6,05:46,0
138,7,05:47,0
138,8,05:48,0
138,9,05:49,0
138,10,05:50,0
138,11,05:51,0
138,12,05:52,0
138,13,05:53,0
138,14,05:54,0
138,15,05:55,0
138,16,05:56,0
138,17,05:57,0
138,18,05:58,0
138,19,05:59,0
138,20,06:00,0
138,21,06:01,0
138,22,06:02,0
138,23,06:03,0
138,24,06:04,0
138,25,06:05,0
138,26,06:06,0
138,27,06:07,0
138,28,06:08,0
138,29,06:09,0
138,30,06:10,0
138,31,06:11,0
138,32,06:12,0
138,33,06:13,0
138,34,06:14,0
138,35,06:15,0
138,36,06:16,0
138,37,06:17,0
138,38,06:18,0
138,39,06:19,0
138,40,06:20,0
138,41,06:21,0
138,42,06:22,0
138,43,06:23,0
138,44,06:24,0
138,45,06:25,0
138,46,06:26,0
138,47,06:27,0
138,48,06:28,0
138,49,06:29,0
138,50,06:30,0
138,51,06:31,0
138,52,06:32,0
138,53,06:33,0
138,54,06:34,0
138,55,06:35,0
138,56,06:36,0
138,57,06:37,0
138,58,06:38,0
138,59,06:39,0
138,60,06:40,0
138,61,06:41,0
138,62,06:42,0
138,63,06:43,0
138,64,06:44,0
138,65,06:45,0
138,66,06:46,0
138,67,06:47,0
138,68,06:48,0
138,69,06:49,0
138,70,06:50,0
138,71,06:51,0
138,72,06:52,0
138,73,06:53,0
138,74,06:54,0
138,75,06:55,0
138,76,06:56,0
138,77,06:57,0
138,78,06:58,0
138,79,06:59,0
138,80,07:00,0
138,81,07:01,0
138,82,07:02,0
138,83,07:03,0
138,84,07:04,0
138,85,07:05,0
138,86,07:06,0
138,87,07:07,0
138,88,07:08,0
138,89,07:09,0
138,90,07:10,0
138,91,07:11,0
138,92,07:12,0
138,93,07:13,0
138,94,07:14,0
138,95,07:15,0
138,96,07:16,0
138,97,07:17,0
138,98,07:18,0
138,99,07:19,0
138,100,07:20,0
138,101,07:21,0
138,102,07:22,0
138,103,07:23,0
138,104,07:24,0
138,105,07:25,0
138,106,07:26,0
138,107,07:27,0
138,108,07:28,0
138,109,07:29,0
138,110,07:30,0
138,111,07:31,0
138,112,07:32,0
138,113,07:33,0
138,114,07:34,0
138,115,07:35,0
138,116,07:36,0
138,117,07:37,0
138,118,07:38,0
138,119,07:39,0
138,120,07:40,0
138,121,07:41,0
138,122,07:42,0
138,123,07:43,0
138,124,07:44,0
138,125,07:45,0
138,126,07:46,0
138,127,07:47,0
138,128,07:48,0
138,129,07:49,0
138,130,07:50,0
138,131,07:51,0
138,132,07:52,0
138,133,07:53,0
138,134,07:54,0
138,135,07:55,0
138,136,07:56,0
138,137,07:57,0
138,138,07:58,0
138,139,07:59,0
138,140,08:00,0
138,141,08:01,0
138,142,08:02,0
138,143,08:03,0
138,144,08:04,0
138,145,08:05,0
138,146,08:06,0
138,147,08:07,0
138,148,08:08,0
138,149,08:09,0
138,150,08:10,0
138,151,08:11,0
138,152,08:12,0
138,153,08:13,0
138,154,08:14,0
138,155,08:15,0
138,156,08:16,0
138,157,08:17,0
138,158,08:18,0
138,159,08:19,0
138,160,08:20,0
138,161,08:21,0
138,162,08:22,0
138,163,08:23,0
138,164,08:24,0
138,165,08:25,0
138,166,08:26,0
138,167,08:27,0
138,168,08:28,0
138,169,08:29,0
138,170,08:30,0
138,171,08:31,0
138,172,08:32,0
138,173,08:33,0
138,174,08:34,0
138,175,08:35,0
138,176,08:36,0
138,177,08:37,0
138,178,08:38,0
138,179,08:39,0
138,180,08:40,0
138,181,08:41,0
138,182,08:42,0
138,183,08:43,0
138,184,08:44,0
138,185,08:45,0
138,186,08:46,0
138,187,08:47,0
138,188,08:48,0
138,189,08:49,0
138,190,08:50,0
138,191,08:51,0
138,192,08:52,0
138,193,08:53,0
138,194,08:54,0
138,195,08:55,0
138,196,08:56,0
138,197,08:57,0
138,198,08:58,0
138,199,08:59,0
138,200,09:00,0
138,201,09:01,0
138,202,09:02,0
138,203,09:03,0
138,204,09:04,0
138,205,09:05,0
138,206,09:06,0
138,207,09:07,0
138,208,09:08,0
138,209,09:09,0
138,210,09:10,0
138,211,09:11,0
138,212,09:12,0
138,213,09:13,0
138,214,09:14,0
138,215,09:15,0
138,216,09:16,0
138,217,09:17,0
138,218,09:18,0
138,219,09:19,0
138,220,09:20,0
138,221,09:21,0
138,222,09:22,0
138,223,09:23,0
138,224,09:24,0
138,225,09:25,0
138,226,09:26,0
138,227,09:27,0
138,228,09:28,0
138,229,09:29,0
138,230,09:30,0
138,231,09:31,0
138,232,09:32,0
138,233,09:33,0
138,234,09:34,0
138,235,09:35,0
138,236,09:36,0
138,237,09:37,0
138,238,09:38,0
138,239,09:39,0
138,240,09:40,0
138,241,09:41,0
138,242,09:42,0
138,243,09:43,0
138,244,09:44,0
138,245,09:45,0
138,246,09:46,0
138,247,09:47,0
138,248,09:48,0
138,249,09:49,0
138,250,09:50,0
138,251,09:51,0
138,252,09:52,0
138,253,09:53,0
138,254,09:54,0
138,255,09:55,0
138,256,09:56,0
138,257,09:57,0
138,258,09:58,0
138,259,09:59,0
138,260,10:00,0
138,261,10:01,0
138,262,10:02,0
138,263,10:03,0
138,264,10:04,0
138,265,10:05,0
138,266,10:06,0
138,267,10:07,0
138,268,10:08,0
138,269,10:09,0
138,270,10:10,0
138,271,10:11,0
138,272,10:12,0
138,273,10:13,0
138,274,10:14,0
138,275,10:15,0
138,276,10:16,0
138,277,10:17,0
138,278,10:18,0
138,279,10:19,0
138,280,10:20,0
138,281,10:21,0
138,282,10:22,0
138,283,10:23,0
138,284,10:24,0
138,285,10:25,0
138,286,10:26,0
138,287,10:27,0
138,288,10:28,0
138,289,10:29,0
138,290,10:30,0
138,291,10:31,0
138,292,10:32,0
138,293,10:33,0
138,294,10:34,0
138,295,10:35,0
138,296,10:36,0
138,297,10:37,0
138,298,10:38,0
138,299,10:39,0
138,300,10:40,0
138,301,10:41,0
138,302,10:42,0
138,303,10:43,0
138,304,10:44,0
138,305,10:45,0
138,306,10:46,0
138,307,10:47,0
138,308,10:48,0
138,309,10:49,0
138,310,10:50,0
138,311,10:51,0
138,312,10:52,0
138,313,10:53,0
138,314,10:54,0
138,315,10:55,0
138,316,10:56,0
138,317,10:57,0
138,318,10:58,0
138,319,10:59,0
138,320,11:00,0
138,321,11:01,0
138,322,11:02,0
138,323,11:03,0
138,324,11:04,0
138,325,11:05,0
138,326,11:06,0
138,327,11:07,0
138,328,11:08,0
138,329,11:09,0
138,330,11:10,0
138,331,11:11,0
138,332,11:12,0
138,333,11:13,0
138,334,11:14,0
138,335,11:15,0
138,336,11:16,0
138,337,11:17,0
138,338,11:18,0
138,339,11:19,0
138,340,11:20,0
138,341,11:21,0
138,342,11:22,0
138,343,11:23,0
138,344,11:24,0
138,345,11:25,0
138,346,11:26,0
138,347,11:27,0
138,348,11:28,0
138,349,11:29,0
138,350,11:30,0
138,351,11:31,0
138,352,11:32,0
138,353,11:33,0
138,354,11:34,0
138,355,11:35,0
138,356,11:36,0
138,357,11:37,0
138,358,11:38,0
138,359,11:39,0
138,360,11:40,0
138,361,11:41,0
138,362,11:42,0
138,363,11:43,0
138,364,11:44,0
138,365,11:45,0
138,366,11:46,0
138,367,11:47,0
138,368,11:48,0
138,369,11:49,0
138,370,11:50,0
138,371,11:51,0
138,372,11:52,0
138,373,11:53,0
138,374,11:54,0
138,375,11:55,0
138,376,11:56,0
138,377,11:57,0
138,378,11:58,0
138,379,11:59,0
138,380,12:00,0
138,381,12:01,0
138,382,12:02,0
138,383,12:03,0
138,384,12:04,0
138,385,12:05,0
138,386,12:06,0
138,387,12:07,0
138,388,12:08,0
138,389,12:09,0
138,390,12:10,0
138,391,12:11,0
138,392,12:12,0
138,393,12:13,0
138,394,12:14,0
138,395,12:15,0
138,396,12:16,0
138,397,12:17,0
138,398,12:18,0
138,399,12:19,0
138,400,12:20,0
138,401,12:21,0
138,402,12:22,0
138,403,12:23,0
138,404,12:24,0
138,405,12:25,0
138,406,12:26,0
138,407,12:27,0
138,408,12:28,0
138,409,12:29,0
138,410,12:30,0
138,411,12:31,0
138,412,12:32,0
138,413,12:33,0
138,414,12:34,0
138,415,12:35,0
138,416,12:36,0
138,417,12:37,0
138,418,12:38,0
138,419,12:39,0
138,420,12:40,0
138,421,12:41,0
138,422,12:42,0
138,423,12:43,0
138,424,12:44,0
138,425,12:45,0
138,426,12:46,0
138,427,12:47,0
138,428,12:48,0
138,429,12:49,0
138,430,12:50,0
138,431,12:51,0
138,432,12:52,0
138,433,12:53,0
138,434,12:54,0
138,435,12:55,0
138,436,12:56,0
138,437,12:57,0
138,438,12:58,0
138,439,12:59,0
138,440,13:00,0
138,441,13:01,0
138,442,13:02,0
138,443,13:03,0
138,444,13:04,0
138,445,13:05,0
138,446,13:06,0
138,447,13:07,0
138,448,13:08,0
138,449,13:09,0
138,450,13:10,0
138,451,13:11,0
138,452,13:12,0
138,453,13:13,0
138,454,13:14,0
138,455,13:15,0
138,456,13:16,0
138,457,13:17,0
138,458,13:18,0
138,459,13:19,0
138,460,13:20,0
138,461,13:21,0
138,462,13:22,0
138,463,13:23,0
138,464,13:24,0
138,465,13:25,0
138,466,13:26,0
138,467,13:27,0
138,468,13:28,0
138,469,13:29,0
138,470,13:30,0
138,471,13:31,0
138,472,13:32,0
138,473,13:33,0
138,474,13:34,0
138,475,13:35,0
138,476,13:36,0
138,477,13:37,0
138,478,13:38,0
138,479,13:39,0
138,480,13:40,0
138,481,13:41,0
138,482,13:42,0
138,483,13:43,0
138,484,13:44,0
138,485,13:45,0
138,486,13:46,0
138,487,13:47,0
138,488,13:48,0
138,489,13:49,0
138,490,13:50,0
138,491,13:51,0
138,492,13:52,0
138,493,13:53,0
138,494,13:54,0
138,495,13:55,0
138,496,13:56,0
138,497,13:57,0
138,498,13:58,0
138,499,13:59,0
138,500,14:00,0
138,501,14:01,0
138,502,14:02,0
138,503,14:03,0
138,504,14:04,0
138,505,14:05,0
138,506,14:06,0
138,507,14:07,0
138,508,14:08,0
138,509,14:09,0
138,510,14:10,0
138,511,14:11,0
138,512,14:12,0
138,513,14:13,0
138,514,14:14,0
138,515,14:15,0
138,516,14:16,0
138,517,14:17,0
138,518,14:18,0
138,519,14:19,0
138,520,14:20,0
138,521,14:21,0
138,522,14:22,0
138,523,14:23,0
138,524,14:24,0
138,525,14:25,0
138,526,14:26,0
138,527,14:27,0
138,528,14:28,0
138,529,14:29,0
138,530,14:30,0
138,531,14:31,0
138,532,14:32,0
138,533,14:33,0
138,534,14:34,0
138,535,14:35,0
138,536,14:36,0
138,537,14:37,0
138,538,14:38,0
138,539,14:39,0
138,540,14:40,0
138,541,14:41,0
138,542,14:42,0
138,543,14:43,0
138,544,14:44,0
138,545,14:45,0
138,546,14:46,0
138,547,14:47,0
138,548,14:48,0
138,549,14:49,0
138,550,14:50,0
138,551,14:51,0
138,552,14:52,0
138,553,14:53,0
138,554,14:54,0
138,555,14:55,0
138,556,14:56,0
138,557,14:57,0
138,558,14:58,0
138,559,14:59,0
138,560,15:00,0
138,561,15:01,0
138,562,15:02,0
138,563,15:03,0
138,564,15:04,0
138,565,15:05,0
138,566,15:06,0
138,567,15:07,0
138,568,15:08,0
138,569,15:09,0
138,570,15:10,0
138,571,15:11,0
138,572,15:12,0
138,573,15:13,0
138,574,15:14,0
138,575,15:15,0
138,576,15:16,0
138,577,15:17,0
138,578,15:18,0
138,579,15:19,0
138,580,15:20,0
138,581,15:21,0
138,582,15:22,0
138,583,15:23,0
138,584,15:24,0
138,585,15:25,0
138,586,15:26,0
138,587,15:27,0
138,588,15:28,0
138,589,15:29,0
138,590,15:30,0
138,591,15:31,0
138,592,15:32,0
138,593,15:33,0
138,594,15:34,0
138,595,15:35,0
138,596,15:36,0
138,597,15:37,0
138,598,15:38,0
138,599,15:39,0
138,600,15:40,0
138,601,15:41,0
138,602,15:42,0
138,603,15:43,0
138,604,15:44,0
138,605,15:45,0
138,606,15:46,0
138,607,15:47,0
138,608,15:48,0
138,609,15:49,0
138,610,15:50,0
138,611,15:51,0
138,612,15:52,0
138,613,15:53,0
138,614,15:54,0
138,615,15:55,0
138,616,15:56,0
138,617,15:57,0
138,618,15:58,0
138,619,15:59,0
138,620,16:00,0
138,621,16:01,0
138,622,16:02,0
138,623,16:03,0
138,624,16:04,0
138,625,16:05,0
138,626,16:06,0
138,627,16:07,0
138,628,16:08,0
138,629,16:09,0
138,630,16:10,0
138,631,16:11,0
138,632,16:12,0
138,633,16:13,0
138,634,16:14,0
138,635,16:15,0
138,636,16:16,0
138,637,16:17,0
138,638,16:18,0
138,639,16:19,0
138,640,16:20,0
138,641,16:21,0
138,642,16:22,0
138,643,16:23,0
138,644,16:24,0
138,645,16:25,0
138,646,16:26,0
138,647,16:27,0
138,648,16:28,0
138,649,16:29,0
138,650,16:30,0
138,651,16:31,0
138,652,16:32,0
138,653,16:33,0
138,654,16:34,0
138,655,16:35,0
138,656,16:36,0
138,657,16:37,0
138,658,16:38,0
138,659,16:39,0
138,660,16:40,0
138,661,16:41,0
138,662,16:42,0
138,663,16:43,0
138,664,16:44,0
138,665,16:45,0
138,666,16:46,0
138,667,16:47,0
138,668,16:48,0
138,669,16:49,0
138,670,16:50,0
138,671,16:51,0
138,672,16:52,0
138,673,16:53,0
138,674,16:54,0
138,675,16:55,0
138,676,16:56,0
138,677,16:57,0
138,678,16:58,0
138,679,16:59,0
138,680,17:00,0
138,681,17:01,0
138,682,17:02,0
138,683,17:03,0
138,684,17:04,0
138,685,17:05,0
138,686,17:06,0
138,687,17:07,0
138,688,17:08,0
138,689,17:09,0
138,690,17:10,0
138,691,17:11,0
138,692,17:12,0
138,693,17:13,0
138,694,17:14,0
138,695,17:15,0
138,696,17:16,0
138,697,17:17,0
138,698,17:18,0
138,699,17:19,0
138,700,17:20,0
138,701,17:21,0
138,702,17:22,0
138,703,17:23,0
138,704,17:24,0
138,705,17:25,0
138,706,17:26,0
138,707,17:27,0
138,708,17:28,0
138,709,17:29,0
138,710,17:30,0
138,711,17:31,0
138,712,17:32,0
138,713,17:33,0
138,714,17:34,0
138,715,17:35,0
138,716,17:36,0
138,717,17:37,0
138,718,17:38,0
138,719,17:39,0
138,720,17:40,0
138,721,17:41,0
138,722,17:42,0
138,723,17:43,0
138,724,17:44,0
138,725,17:45,0
138,726,17:46,0
138,727,17:47,0
138,728,17:48,0
138,729,17:49,0
138,730,17:50,0
138,731,17:51,0
138,732,17:52,0
138,733,17:53,0
138,734,17:54,0
138,735,17:55,0
138,736,17:56,0
138,737,17:57,0
138,738,17:58,0
138,739,17:59,0
138,740,18:00,1
138,741,18:01,1
138,742,18:02,1
138,743,18:03,1
138,744,18:04,1
138,745,18:05,1
138,746,18:06,1
138,747,18:07,1
138,748,18:08,1
138,749,18:09,2
138,750,18:10,2
138,751,18:11,2
138,752,18:12,3
138,753,18:13,3
138,754,18:14,3
138,755,18:15,3
138,756,18:16,3
138,757,18:17,3
138,758,18:18,3
138,759,18:19,3
138,760,18:20,3
138,761,18:21,3
138,762,18:22,3
138,763,18:23,3
138,764,18:24,3
138,765,18:25,3
138,766,18:26,2
138,767,18:27,2
138,768,18:28,2
138,769,18:29,1
138,770,18:30,1
138,771,18:31,1
138,772,18:32,1
138,773,18:33,1
138,774,18:34,1
138,775,18:35,1
138,776,18:36,0
138,777,18:37,0
138,778,18:38,0
138,779,18:39,3
138,780,18:40,3
138,781,18:41,3
138,782,18:42,3
138,783,18:43,3
138,784,18:44,3
138,785,18:45,3
138,786,18:46,3
138,787,18:47,3
138,788,18:48,0
138,789,18:49,0
138,790,18:50,0
138,791,18:51,0
138,792,18:52,0
138,793,18:53,0
138,794,18:54,0
138,795,18:55,0
138,796,18:56,0
138,797,18:57,0
138,798,18:58,0
138,799,18:59,0
138,800,19:00,0
138,801,19:01,0
138,802,19:02,0
138,803,19:03,0
138,804,19:04,0
138,805,19:05,0
138,806,19:06,0
138,807,19:07,0
138,808,19:08,0
138,809,19:09,0
138,810,19:10,0
138,811,19:11,0
138,812,19:12,0
138,813,19:13,0
138,814,19:14,0
138,815,19:15,0
138,816,19:16,0
138,817,19:17,0
138,818,19:18,0
138,819,19:19,0
138,820,19:20,0
138,821,19:21,0
138,822,19:22,0
138,823,19:23,0
138,824,19:24,0
138,825,19:25,0
138,826,19:26,0
138,827,19:27,0
138,828,19:28,0
138,829,19:29,0
138,830,19:30,0
138,831,19:31,0
138,832,19:32,0
138,833,19:33,0
138,834,19:34,0
138,835,19:35,0
139,0,05:40,0
139,1,05:41,0
139,2,05:42,0
139,3,05:43,0
139,4,05:44,0
139,5,05:45,0
139,6,05:46,0
139,7,05:47,0
139,8,05:48,0
139,9,05:49,0
139,10,05:50,0
139,11,05:51,0
139,12,05:52,0
139,13,05:53,0
139,14,05:54,0
139,15,05:55,0
139,16,05:56,0
139,17,05:57,0
139,18,05:58,0
139,19,05:59,0
139,20,06:00,0
139,21,06:01,0
139,22,06:02,0
139,23,06:03,0
139,24,06:04,0
139,25,06:05,0
139,26,06:06,0
139,27,06:07,0
139,28,06:08,0
139,29,06:09,0
139,30,06:10,0
139,31,06:11,0
139,32,06:12,0
139,33,06:13,0
139,34,06:14,0
139,35,06:15,0
139,36,06:16,0
139,37,06:17,0
139,38,06:18,0
139,39,06:19,0
139,40,06:20,0
139,41,06:21,0
139,42,06:22,0
139,43,06:23,0
139,44,06:24,0
139,45,06:25,0
139,46,06:26,0
139,47,06:27,0
139,48,06:28,0
139,49,06:29,0
139,50,06:30,0
139,51,06:31,0
139,52,06:32,0
139,53,06:33,0
139,54,06:34,0
139,55,06:35,0
139,56,06:36,0
139,57,06:37,0
139,58,06:38,0
139,59,06:39,0
139,60,06:40,0
139,61,06:41,0
139,62,06:42,0
139,63,06:43,0
139,64,06:44,0
139,65,06:45,0
139,66,06:46,0
139,67,06:47,0
139,68,06:48,0
139,69,06:49,0
139,70,06:50,0
139,71,06:51,0
139,72,06:52,0
139,73,06:53,0
139,74,06:54,0
139,75,06:55,0
139,76,06:56,0
139,77,06:57,0
139,78,06:58,0
139,79,06:59,0
139,80,07:00,0
139,81,07:01,0
139,82,07:02,0
139,83,07:03,0
139,84,07:04,0
139,85,07:05,0
139,86,07:06,0
139,87,07:07,0
139,88,07:08,0
139,89,07:09,0
139,90,07:10,0
139,91,07:11,0
139,92,07:12,0
139,93,07:13,0
139,94,07:14,0
139,95,07:15,0
139,96,07:16,0
139,97,07:17,0
139,98,07:18,0
139,99,07:19,0
139,100,07:20,0
139,101,07:21,0
139,102,07:22,0
139,103,07:23,0
139,104,07:24,0
139,105,07:25,0
139,106,07:26,0
139,107,07:27,0
139,108,07:28,0
139,109,07:29,0
139,110,07:30,0
139,111,07:31,0
139,112,07:32,0
139,113,07:33,0
139,114,07:34,0
139,115,07:35,0
139,116,07:36,0
139,117,07:37,0
139,118,07:38,0
139,119,07:39,0
139,120,07:40,0
139,121,07:41,0
139,122,07:42,0
139,123,07:43,0
139,124,07:44,0
139,125,07:45,0
139,126,07:46,0
139,127,07:47,0
139,128,07:48,0
139,129,07:49,0
139,130,07:50,0
139,131,07:51,0
139,132,07:52,0
139,133,07:53,0
139,134,07:54,0
139,135,07:55,0
139,136,07:56,0
139,137,07:57,0
139,138,07:58,0
139,139,07:59,0
139,140,08:00,0
139,141,08:01,0
139,142,08:02,0
139,143,08:03,0
139,144,08:04,0
139,145,08:05,0
139,146,08:06,0
139,147,08:07,0
139,148,08:08,0
139,149,08:09,0
139,150,08:10,0
139,151,08:11,0
139,152,08:12,0
139,153,08:13,0
139,154,08:14,0
139,155,08:15,0
139,156,08:16,0
139,157,08:17,0
139,158,08:18,0
139,159,08:19,0
139,160,08:20,0
139,161,08:21,0
139,162,08:22,0
139,163,08:23,0
139,164,08:24,0
139,165,08:25,0
139,166,08:26,0
139,167,08:27,0
139,168,08:28,0
139,169,08:29,0
139,170,08:30,0
139,171,08:31,0
139,172,08:32,0
139,173,08:33,0
139,174,08:34,0
139,175,08:35,0
139,176,08:36,0
139,177,08:37,0
139,178,08:38,0
139,179,08:39,0
139,180,08:40,0
139,181,08:41,0
139,182,08:42,0
139,183,08:43,0
139,184,08:44,0
139,185,08:45,0
139,186,08:46,0
139,187,08:47,0
139,188,08:48,0
139,189,08:49,0
139,190,08:50,0
139,191,08:51,0
139,192,08:52,0
139,193,08:53,0
139,194,08:54,0
139,195,08:55,0
139,196,08:56,0
139,197,08:57,0
139,198,08:58,0
139,199,08:59,0
139,200,09:00,0
139,201,09:01,0
139,202,09:02,0
139,203,09:03,0
139,204,09:04,0
139,205,09:05,0
139,206,09:06,0
139,207,09:07,0
139,208,09:08,0
139,209,09:09,0
139,210,09:10,0
139,211,09:11,0
139,212,09:12,0
139,213,09:13,0
139,214,09:14,0
139,215,09:15,0
139,216,09:16,0
139,217,09:17,0
139,218,09:18,0
139,219,09:19,0
139,220,09:20,0
139,221,09:21,0
139,222,09:22,0
139,223,09:23,0
139,224,09:24,0
139,225,09:25,0
139,226,09:26,0
139,227,09:27,0
139,228,09:28,0
139,229,09:29,0
139,230,09:30,0
139,231,09:31,0
139,232,09:32,0
139,233,09:33,0
139,234,09:34,0
139,235,09:35,0
139,236,09:36,0
139,237,09:37,0
139,238,09:38,0
139,239,09:39,0
139,240,09:40,1
139,241,09:41,1
139,242,09:42,1
139,243,09:43,2
139,244,09:44,2
139,245,09:45,2
139,246,09:46,3
139,247,09:47,3
139,248,09:48,3
139,249,09:49,3
139,250,09:50,3
139,251,09:51,3
139,252,09:52,3
139,253,09:53,3
139,254,09:54,3
139,255,09:55,3
139,256,09:56,3
139,257,09:57,3
139,258,09:58,3
139,259,09:59,3
139,260,10:00,3
139,261,10:01,3
139,262,10:02,3
139,263,10:03,3
139,264,10:04,3
139,265,10:05,3
139,266,10:06,3
139,267,10:07,3
139,268,10:08,2
139,269,10:09,2
139,270,10:10,2
139,271,10:11,1
139,272,10:12,1
139,273,10:13,1
139,274,10:14,0
139,275,10:15,0
139,276,10:16,0
139,277,10:17,1
139,278,10:18,1
139,279,10:19,1
139,280,10:20,1
139,281,10:21,1
139,282,10:22,1
139,283,10:23,1
139,284,10:24,1
139,285,10:25,1
139,286,10:26,1
139,287,10:27,1
139,288,10:28,1
139,289,10:29,1
139,290,10:30,1
139,291,10:31,1
139,292,10:32,1
139,293,10:33,1
139,294,10:34,1
139,295,10:35,1
139,296,10:36,1
139,297,10:37,1
139,298,10:38,1
139,299,10:39,0
139,300,10:40,0
139,301,10:41,0
139,302,10:42,0
139,303,10:43,0
139,304,10:44,0
139,305,10:45,0
139,306,10:46,0
139,307,10:47,0
139,308,10:48,0
139,309,10:49,0
139,310,10:50,0
139,311,10:51,0
139,312,10:52,0
139,313,10:53,0
139,314,10:54,0
139,315,10:55,1
139,316,10:56,1
139,317,10:57,1
139,318,10:58,1
139,319,10:59,1
139,320,11:00,1
139,321,11:01,1
139,322,11:02,1
139,323,11:03,1
139,324,11:04,1
139,325,11:05,1
139,326,11:06,1
139,327,11:07,1
139,328,11:08,1
139,329,11:09,1
139,330,11:10,1
139,331,11:11,1
139,332,11:12,1
139,333,11:13,1
139,334,11:14,1
139,335,11:15,1
139,336,11:16,1
139,337,11:17,1
139,338,11:18,1
139,339,11:19,1
139,340,11:20,1
139,341,11:21,1
139,342,11:22,1
139,343,11:23,1
139,344,11:24,1
139,345,11:25,0
139,346,11:26,0
139,347,11:27,0
139,348,11:28,0
139,349,11:29,0
139,350,11:30,0
139,351,11:31,0
139,352,11:32,0
139,353,11:33,0
139,354,11:34,0
139,355,11:35,0
139,356,11:36,0
139,357,11:37,0
139,358,11:38,0
139,359,11:39,0
139,360,11:40,0
139,361,11:41,0
139,362,11:42,0
139,363,11:43,0
139,364,11:44,0
139,365,11:45,0
139,366,11:46,0
139,367,11:47,0
139,368,11:48,0
139,369,11:49,0
139,370,11:50,0
139,371,11:51,0
139,372,11:52,0
139,373,11:53,0
139,374,11:54,0
139,375,11:55,0
139,376,11:56,0
139,377,11:57,0
139,378,11:58,0
139,379,11:59,0
139,380,12:00,0
139,381,12:01,0
139,382,12:02,0
139,383,12:03,0
139,384,12:04,0
139,385,12:05,0
139,386,12:06,0
139,387,12:07,0
139,388,12:08,0
139,389,12:09,0
139,390,12:10,0
139,391,12:11,0
139,392,12:12,0
139,393,12:13,0
139,394,12:14,0
139,395,12:15,0
139,396,12:16,0
139,397,12:17,0
139,398,12:18,0
139,399,12:19,0
139,400,12:20,0
139,401,12:21,0
139,402,12:22,0
139,403,12:23,0
139,404,12:24,0
139,405,12:25,0
139,406,12:26,0
139,407,12:27,0
139,408,12:28,0
139,409,12:29,0
139,410,12:30,0
139,411,12:31,0
139,412,12:32,0
139,413,12:33,0
139,414,12:34,0
139,415,12:35,0
139,416,12:36,0
139,417,12:37,0
139,418,12:38,0
139,419,12:39,0
139,420,12:40,0
139,421,12:41,0
139,422,12:42,0
139,423,12:43,0
139,424,12:44,0
139,425,12:45,0
139,426,12:46,0
139,427,12:47,0
139,428,12:48,0
139,429,12:49,0
139,430,12:50,0
139,431,12:51,0
139,432,12:52,0
139,433,12:53,0
139,434,12:54,0
139,435,12:55,0
139,436,12:56,0
139,437,12:57,0
139,438,12:58,0
139,439,12:59,0
139,440,13:00,0
139,441,13:01,0
139,442,13:02,0
139,443,13:03,0
139,444,13:04,0
139,445,13:05,0
139,446,13:06,0
139,447,13:07,0
139,448,13:08,0
139,449,13:09,0
139,450,13:10,0
139,451,13:11,0
139,452,13:12,0
139,453,13:13,0
139,454,13:14,0
139,455,13:15,0
139,456,13:16,0
139,457,13:17,0
139,458,13:18,0
139,459,13:19,0
139,460,13:20,0
139,461,13:21,0
139,462,13:22,0
139,463,13:23,0
139,464,13:24,0
139,465,13:25,0
139,466,13:26,0
139,467,13:27,0
139,468,13:28,0
139,469,13:29,0
139,470,13:30,0
139,471,13:31,0
139,472,13:32,0
139,473,13:33,0
139,474,13:34,0
139,475,13:35,0
139,476,13:36,0
139,477,13:37,0
139,478,13:38,0
139,479,13:39,0
139,480,13:40,0
139,481,13:41,0
139,482,13:42,0
139,483,13:43,0
139,484,13:44,0
139,485,13:45,0
139,486,13:46,0
139,487,13:47,0
139,488,13:48,0
139,489,13:49,0
139,490,13:50,0
139,491,13:51,0
139,492,13:52,0
139,493,13:53,0
139,494,13:54,0
139,495,13:55,0
139,496,13:56,0
139,497,13:57,0
139,498,13:58,0
139,499,13:59,0
139,500,14:00,0
139,501,14:01,0
139,502,14:02,0
139,503,14:03,0
139,504,14:04,0
139,505,14:05,0
139,506,14:06,0
139,507,14:07,0
139,508,14:08,0
139,509,14:09,0
139,510,14:10,0
139,511,14:11,0
139,512,14:12,0
139,513,14:13,0
139,514,14:14,0
139,515,14:15,0
139,516,14:16,0
139,517,14:17,0
139,518,14:18,0
139,519,14:19,0
139,520,14:20,0
139,521,14:21,0
139,522,14:22,0
139,523,14:23,0
139,524,14:24,0
139,525,14:25,0
139,526,14:26,0
139,527,14:27,0
139,528,14:28,0
139,529,14:29,0
139,530,14:30,0
139,531,14:31,0
139,532,14:32,0
139,533,14:33,0
139,534,14:34,0
139,535,14:35,0
139,536,14:36,0
139,537,14:37,0
139,538,14:38,0
139,539,14:39,0
139,540,14:40,1
139,541,14:41,1
139,542,14:42,1
139,543,14:43,2
139,544,14:44,2
139,545,14:45,2
139,546,14:46,3
139,547,14:47,3
139,548,14:48,3
139,549,14:49,3
139,550,14:50,3
139,551,14:51,3
139,552,14:52,3
139,553,14:53,3
139,554,14:54,3
139,555,14:55,3
139,556,14:56,3
139,557,14:57,2
139,558,14:58,2
139,559,14:59,2
139,560,15:00,1
139,561,15:01,1
139,562,15:02,1
139,563,15:03,0
139,564,15:04,0
139,565,15:05,0
139,566,15:06,0
139,567,15:07,0
139,568,15:08,0
139,569,15:09,0
139,570,15:10,0
139,571,15:11,0
139,572,15:12,0
139,573,15:13,0
139,574,15:14,0
139,575,15:15,0
139,576,15:16,0
139,577,15:17,0
139,578,15:18,0
139,579,15:19,0
139,580,15:20,0
139,581,15:21,0
139,582,15:22,0
139,583,15:23,0
139,584,15:24,0
139,585,15:25,0
139,586,15:26,0
139,587,15:27,0
139,588,15:28,0
139,589,15:29,0
139,590,15:30,0
139,591,15:31,0
139,592,15:32,0
139,593,15:33,0
139,594,15:34,0
139,595,15:35,0
139,596,15:36,0
139,597,15:37,0
139,598,15:38,0
139,599,15:39,0
139,600,15:40,0
139,601,15:41,0
139,602,15:42,0
139,603,15:43,0
139,604,15:44,0
139,605,15:45,0
139,606,15:46,0
139,607,15:47,0
139,608,15:48,0
139,609,15:49,0
139,610,15:50,0
139,611,15:51,0
139,612,15:52,0
139,613,15:53,0
139,614,15:54,0
139,615,15:55,0
139,616,15:56,0
139,617,15:57,0
139,618,15:58,0
139,619,15:59,0
139,620,16:00,0
139,621,16:01,0
139,622,16:02,0
139,623,16:03,0
139,624,16:04,0
139,625,16:05,0
139,626,16:06,0
139,627,16:07,0
139,628,16:08,0
139,629,16:09,0
139,630,16:10,0
139,631,16:11,0
139,632,16:12,0
139,633,16:13,0
139,634,16:14,0
139,635,16:15,0
139,636,16:16,0
139,637,16:17,0
139,638,16:18,0
139,639,16:19,0
139,640,16:20,0
139,641,16:21,0
139,642,16:22,0
139,643,16:23,0
139,644,16:24,0
139,645,16:25,0
139,646,16:26,0
139,647,16:27,0
139,648,16:28,0
139,649,16:29,0
139,650,16:30,0
139,651,16:31,0
139,652,16:32,0
139,653,16:33,0
139,654,16:34,0
139,655,16:35,0
139,656,16:36,0
139,657,16:37,0
139,658,16:38,0
139,659,16:39,0
139,660,16:40,0
139,661,16:41,0
139,662,16:42,0
139,663,16:43,0
139,664,16:44,0
139,665,16:45,0
139,666,16:46,0
139,667,16:47,0
139,668,16:48,1
139,669,16:49,1
139,670,16:50,1
139,671,16:51,1
139,672,16:52,1
139,673,16:53,1
139,674,16:54,1
139,675,16:55,1
139,676,16:56,1
139,677,16:57,1
139,678,16:58,1
139,679,16:59,1
139,680,17:00,1
139,681,17:01,0
139,682,17:02,0
139,683,17:03,0
139,684,17:04,0
139,685,17:05,0
139,686,17:06,0
139,687,17:07,0
139,688,17:08,0
139,689,17:09,0
139,690,17:10,0
139,691,17:11,1
139,692,17:12,1
139,693,17:13,1
139,694,17:14,1
139,695,17:15,1
139,696,17:16,1
139,697,17:17,1
139,698,17:18,1
139,699,17:19,1
139,700,17:20,1
139,701,17:21,0
139,702,17:22,0
139,703,17:23,0
139,704,17:24,1
139,705,17:25,1
139,706,17:26,1
139,707,17:27,1
139,708,17:28,1
139,709,17:29,1
139,710,17:30,1
139,711,17:31,1
139,712,17:32,1
139,713,17:33,0
139,714,17:34,0
139,715,17:35,0
139,716,17:36,0
139,717,17:37,0
139,718,17:38,0
139,719,17:39,0
139,720,17:40,0
139,721,17:41,0
139,722,17:42,0
139,723,17:43,0
139,724,17:44,1
139,725,17:45,1
139,726,17:46,1
139,727,17:47,1
139,728,17:48,1
139,729,17:49,1
139,730,17:50,1
139,731,17:51,1
139,732,17:52,1
139,733,17:53,1
139,734,17:54,2
139,735,17:55,2
139,736,17:56,2
139,737,17:57,3
139,738,17:58,3
139,739,17:59,3
139,740,18:00,2
139,741,18:01,2
139,742,18:02,2
139,743,18:03,2
139,744,18:04,2
139,745,18:05,2
139,746,18:06,2
139,747,18:07,2
139,748,18:08,2
139,749,18:09,1
139,750,18:10,1
139,751,18:11,1
139,752,18:12,0
139,753,18:13,0
139,754,18:14,0
139,755,18:15,1
139,756,18:16,1
139,757,18:17,1
139,758,18:18,2
139,759,18:19,2
139,760,18:20,2
139,761,18:21,2
139,762,18:22,2
139,763,18:23,2
139,764,18:24,2
139,765,18:25,2
139,766,18:26,2
139,767,18:27,2
139,768,18:28,1
139,769,18:29,1
139,770,18:30,1
139,771,18:31,1
139,772,18:32,1
139,773,18:33,1
139,774,18:34,1
139,775,18:35,1
139,776,18:36,1
139,777,18:37,1
139,778,18:38,0
139,779,18:39,0
139,780,18:40,0
139,781,18:41,0
139,782,18:42,0
139,783,18:43,0
139,784,18:44,0
139,785,18:45,0
139,786,18:46,0
139,787,18:47,0
139,788,18:48,0
139,789,18:49,0
139,790,18:50,0
139,791,18:51,0
139,792,18:52,0
139,793,18:53,0
139,794,18:54,0
139,795,18:55,0
139,796,18:56,0
139,797,18:57,0
139,798,18:58,0
139,799,18:59,0
139,800,19:00,0
139,801,19:01,0
139,802,19:02,0
139,803,19:03,0
139,804,19:04,0
139,805,19:05,0
139,806,19:06,0
139,807,19:07,0
139,808,19:08,0
139,809,19:09,0
139,810,19:10,0
139,811,19:11,0
139,812,19:12,0
139,813,19:13,0
139,814,19:14,0
139,815,19:15,0
139,816,19:16,0
139,817,19:17,0
139,818,19:18,0
139,819,19:19,0
139,820,19:20,0
139,821,19:21,0
139,822,19:22,0
139,823,19:23,0
139,824,19:24,0
139,825,19:25,0
139,826,19:26,0
139,827,19:27,0
139,828,19:28,0
139,829,19:29,0
139,830,19:30,0
139,831,19:31,0
139,832,19:32,0
139,833,19:33,0
139,834,19:34,0
139,835,19:35,0
140,0,05:40,0
140,1,05:41,0
140,2,05:42,0
140,3,05:43,0
140,4,05:44,0
140,5,05:45,0
140,6,05:46,0
140,7,05:47,0
140,8,05:48,0
140,9,05:49,0
140,10,05:50,0
140,11,05:51,0
140,12,05:52,0
140,13,05:53,0
140,14,05:54,0
140,15,05:55,0
140,16,05:56,0
140,17,05:57,0
140,18,05:58,0
140,19,05:59,0
140,20,06:00,0
140,21,06:01,0
140,22,06:02,0
140,23,06:03,0
140,24,06:04,0
140,25,06:05,0
140,26,06:06,0
140,27,06:07,0
140,28,06:08,0
140,29,06:09,0
140,30,06:10,0
140,31,06:11,0
140,32,06:12,0
140,33,06:13,0
140,34,06:14,0
140,35,06:15,0
140,36,06:16,0
140,37,06:17,0
140,38,06:18,0
140,39,06:19,0
140,40,06:20,0
140,41,06:21,0
140,42,06:22,0
140,43,06:23,0
140,44,06:24,0
140,45,06:25,0
140,46,06:26,0
140,47,06:27,0
140,48,06:28,0
140,49,06:29,0
140,50,06:30,0
140,51,06:31,0
140,52,06:32,0
140,53,06:33,0
140,54,06:34,0
140,55,06:35,0
140,56,06:36,0
140,57,06:37,0
140,58,06:38,0
140,59,06:39,0
140,60,06:40,0
140,61,06:41,0
140,62,06:42,0
140,63,06:43,0
140,64,06:44,0
140,65,06:45,0
140,66,06:46,0
140,67,06:47,0
140,68,06:48,0
140,69,06:49,0
140,70,06:50,0
140,71,06:51,0
140,72,06:52,0
140,73,06:53,0
140,74,06:54,0
140,75,06:55,0
140,76,06:56,0
140,77,06:57,0
140,78,06:58,0
140,79,06:59,0
140,80,07:00,0
140,81,07:01,0
140,82,07:02,0
140,83,07:03,0
140,84,07:04,0
140,85,07:05,0
140,86,07:06,0
140,87,07:07,0
140,88,07:08,0
140,89,07:09,0
140,90,07:10,0
140,91,07:11,0
140,92,07:12,0
140,93,07:13,0
140,94,07:14,0
140,95,07:15,0
140,96,07:16,0
140,97,07:17,0
140,98,07:18,0
140,99,07:19,0
140,100,07:20,0
140,101,07:21,0
140,102,07:22,0
140,103,07:23,0
140,104,07:24,0
140,105,07:25,0
140,106,07:26,0
140,107,07:27,0
140,108,07:28,0
140,109,07:29,0
140,110,07:30,0
140,111,07:31,0
140,112,07:32,0
140,113,07:33,0
140,114,07:34,0
140,115,07:35,0
140,116,07:36,0
140,117,07:37,0
140,118,07:38,0
140,119,07:39,0
140,120,07:40,0
140,121,07:41,0
140,122,07:42,0
140,123,07:43,0
140,124,07:44,0
140,125,07:45,0
140,126,07:46,0
140,127,07:47,0
140,128,07:48,0
140,129,07:49,0
140,130,07:50,0
140,131,07:51,0
140,132,07:52,0
140,133,07:53,0
140,134,07:54,0
140,135,07:55,0
140,136,07:56,0
140,137,07:57,0
140,138,07:58,0
140,139,07:59,0
140,140,08:00,0
140,141,08:01,0
140,142,08:02,0
140,143,08:03,0
140,144,08:04,0
140,145,08:05,0
140,146,08:06,0
140,147,08:07,0
140,148,08:08,0
140,149,08:09,0
140,150,08:10,0
140,151,08:11,0
140,152,08:12,0
140,153,08:13,0
140,154,08:14,0
140,155,08:15,0
140,156,08:16,0
140,157,08:17,0
140,158,08:18,0
140,159,08:19,0
140,160,08:20,0
140,161,08:21,0
140,162,08:22,0
140,163,08:23,0
140,164,08:24,0
140,165,08:25,0
140,166,08:26,0
140,167,08:27,0
140,168,08:28,0
140,169,08:29,0
140,170,08:30,0
140,171,08:31,0
140,172,08:32,0
140,173,08:33,0
140,174,08:34,0
140,175,08:35,0
140,176,08:36,0
140,177,08:37,0
140,178,08:38,0
140,179,08:39,0
140,180,08:40,0
140,181,08:41,0
140,182,08:42,0
140,183,08:43,0
140,184,08:44,0
140,185,08:45,0
140,186,08:46,0
140,187,08:47,0
140,188,08:48,0
140,189,08:49,0
140,190,08:50,0
140,191,08:51,0
140,192,08:52,0
140,193,08:53,0
140,194,08:54,0
140,195,08:55,0
140,196,08:56,0
140,197,08:57,0
140,198,08:58,0
140,199,08:59,0
140,200,09:00,0
140,201,09:01,0
140,202,09:02,0
140,203,09:03,0
140,204,09:04,0
140,205,09:05,0
140,206,09:06,0
140,207,09:07,0
140,208,09:08,0
140,209,09:09,0
140,210,09:10,0
140,211,09:11,0
140,212,09:12,0
140,213,09:13,0
140,214,09:14,0
140,215,09:15,0
140,216,09:16,0
140,217,09:17,0
140,218,09:18,0
140,219,09:19,0
140,220,09:20,0
140,221,09:21,0
140,222,09:22,0
140,223,09:23,0
140,224,09:24,0
140,225,09:25,0
140,226,09:26,0
140,227,09:27,0
140,228,09:28,0
140,229,09:29,0
140,230,09:30,0
140,231,09:31,0
140,232,09:32,0
140,233,09:33,0
140,234,09:34,0
140,235,09:35,0
140,236,09:36,0
140,237,09:37,0
140,238,09:38,0
140,239,09:39,0
140,240,09:40,0
140,241,09:41,0
140,242,09:42,0
140,243,09:43,0
140,244,09:44,0
140,245,09:45,0
140,246,09:46,0
140,247,09:47,0
140,248,09:48,0
140,249,09:49,0
140,250,09:50,0
140,251,09:51,0
140,252,09:52,0
140,253,09:53,0
140,254,09:54,0
140,255,09:55,0
140,256,09:56,0
140,257,09:57,0
140,258,09:58,0
140,259,09:59,0
140,260,10:00,0
140,261,10:01,0
140,262,10:02,0
140,263,10:03,0
140,264,10:04,0
140,265,10:05,0
140,266,10:06,0
140,267,10:07,0
140,268,10:08,0
140,269,10:09,0
140,270,10:10,0
140,271,10:11,0
140,272,10:12,0
140,273,10:13,0
140,274,10:14,0
140,275,10:15,0
140,276,10:16,0
140,277,10:17,0
140,278,10:18,0
140,279,10:19,0
140,280,10:20,0
140,281,10:21,0
140,282,10:22,0
140,283,10:23,0
140,284,10:24,0
140,285,10:25,0
140,286,10:26,0
140,287,10:27,0
140,288,10:28,0
140,289,10:29,0
140,290,10:30,0
140,291,10:31,0
140,292,10:32,0
140,293,10:33,0
140,294,10:34,0
140,295,10:35,0
140,296,10:36,0
140,297,10:37,0
140,298,10:38,0
140,299,10:39,0
140,300,10:40,0
140,301,10:41,0
140,302,10:42,0
140,303,10:43,0
140,304,10:44,0
140,305,10:45,0
140,306,10:46,0
140,307,10:47,0
140,308,10:48,0
140,309,10:49,0
140,310,10:50,0
140,311,10:51,0
140,312,10:52,0
140,313,10:53,0
140,314,10:54,0
140,315,10:55,0
140,316,10:56,0
140,317,10:57,0
140,318,10:58,0
140,319,10:59,0
140,320,11:00,0
140,321,11:01,0
140,322,11:02,0
140,323,11:03,0
140,324,11:04,0
140,325,11:05,0
140,326,11:06,0
140,327,11:07,0
140,328,11:08,0
140,329,11:09,0
140,330,11:10,0
140,331,11:11,0
140,332,11:12,0
140,333,11:13,0
140,334,11:14,0
140,335,11:15,0
140,336,11:16,0
140,337,11:17,0
140,338,11:18,0
140,339,11:19,0
140,340,11:20,0
140,341,11:21,0
140,342,11:22,0
140,343,11:23,0
140,344,11:24,0
140,345,11:25,0
140,346,11:26,0
140,347,11:27,0
140,348,11:28,0
140,349,11:29,0
140,350,11:30,0
140,351,11:31,0
140,352,11:32,0
140,353,11:33,0
140,354,11:34,0
140,355,11:35,0
140,356,11:36,0
140,357,11:37,0
140,358,11:38,0
140,359,11:39,0
140,360,11:40,0
140,361,11:41,0
140,362,11:42,0
140,363,11:43,0
140,364,11:44,0
140,365,11:45,0
140,366,11:46,0
140,367,11:47,0
140,368,11:48,0
140,369,11:49,0
140,370,11:50,0
140,371,11:51,0
140,372,11:52,0
140,373,11:53,0
140,374,11:54,0
140,375,11:55,0
140,376,11:56,0
140,377,11:57,0
140,378,11:58,0
140,379,11:59,0
140,380,12:00,0
140,381,12:01,0
140,382,12:02,0
140,383,12:03,0
140,384,12:04,0
140,385,12:05,0
140,386,12:06,0
140,387,12:07,0
140,388,12:08,0
140,389,12:09,0
140,390,12:10,0
140,391,12:11,0
140,392,12:12,0
140,393,12:13,0
140,394,12:14,0
140,395,12:15,0
140,396,12:16,0
140,397,12:17,0
140,398,12:18,0
140,399,12:19,0
140,400,12:20,0
140,401,12:21,0
140,402,12:22,0
140,403,12:23,0
140,404,12:24,0
140,405,12:25,0
140,406,12:26,0
140,407,12:27,0
140,408,12:28,0
140,409,12:29,0
140,410,12:30,0
140,411,12:31,0
140,412,12:32,0
140,413,12:33,0
140,414,12:34,0
140,415,12:35,0
140,416,12:36,0
140,417,12:37,0
140,418,12:38,0
140,419,12:39,0
140,420,12:40,0
140,421,12:41,0
140,422,12:42,0
140,423,12:43,0
140,424,12:44,0
140,425,12:45,0
140,426,12:46,0
140,427,12:47,0
140,428,12:48,0
140,429,12:49,0
140,430,12:50,0
140,431,12:51,0
140,432,12:52,0
140,433,12:53,0
140,434,12:54,0
140,435,12:55,0
140,436,12:56,0
140,437,12:57,0
140,438,12:58,0
140,439,12:59,0
140,440,13:00,0
140,441,13:01,0
140,442,13:02,0
140,443,13:03,0
140,444,13:04,0
140,445,13:05,0
140,446,13:06,0
140,447,13:07,0
140,448,13:08,0
140,449,13:09,0
140,450,13:10,0
140,451,13:11,0
140,452,13:12,0
140,453,13:13,0
140,454,13:14,0
140,455,13:15,0
140,456,13:16,0
140,457,13:17,0
140,458,13:18,0
140,459,13:19,0
140,460,13:20,0
140,461,13:21,0
140,462,13:22,0
140,463,13:23,0
140,464,13:24,0
140,465,13:25,0
140,466,13:26,0
140,467,13:27,0
140,468,13:28,0
140,469,13:29,0
140,470,13:30,0
140,471,13:31,0
140,472,13:32,0
140,473,13:33,0
140,474,13:34,0
140,475,13:35,0
140,476,13:36,0
140,477,13:37,0
140,478,13:38,0
140,479,13:39,0
140,480,13:40,0
140,481,13:41,0
140,482,13:42,0
140,483,13:43,0
140,484,13:44,0
140,485,13:45,0
140,486,13:46,0
140,487,13:47,0
140,488,13:48,0
140,489,13:49,0
140,490,13:50,0
140,491,13:51,0
140,492,13:52,0
140,493,13:53,0
140,494,13:54,0
140,495,13:55,0
140,496,13:56,0
140,497,13:57,0
140,498,13:58,0
140,499,13:59,0
140,500,14:00,0
140,501,14:01,0
140,502,14:02,0
140,503,14:03,0
140,504,14:04,0
140,505,14:05,0
140,506,14:06,0
140,507,14:07,0
140,508,14:08,0
140,509,14:09,0
140,510,14:10,0
140,511,14:11,0
140,512,14:12,0
140,513,14:13,0
140,514,14:14,0
140,515,14:15,0
140,516,14:16,0
140,517,14:17,0
140,518,14:18,0
140,519,14:19,0
140,520,14:20,0
140,521,14:21,0
140,522,14:22,0
140,523,14:23,0
140,524,14:24,0
140,525,14:25,0
140,526,14:26,0
140,527,14:27,0
140,528,14:28,0
140,529,14:29,0
140,530,14:30,0
140,531,14:31,0
140,532,14:32,0
140,533,14:33,0
140,534,14:34,0
140,535,14:35,0
140,536,14:36,0
140,537,14:37,0
140,538,14:38,0
140,539,14:39,0
140,540,14:40,0
140,541,14:41,0
140,542,14:42,0
140,543,14:43,0
140,544,14:44,0
140,545,14:45,0
140,546,14:46,0
140,547,14:47,0
140,548,14:48,0
140,549,14:49,0
140,550,14:50,0
140,551,14:51,0
140,552,14:52,0
140,553,14:53,0
140,554,14:54,0
140,555,14:55,0
140,556,14:56,0
140,557,14:57,0
140,558,14:58,0
140,559,14:59,0
140,560,15:00,0
140,561,15:01,0
140,562,15:02,0
140,563,15:03,0
140,564,15:04,0
140,565,15:05,0
140,566,15:06,0
140,567,15:07,0
140,568,15:08,0
140,569,15:09,0
140,570,15:10,1
140,571,15:11,1
140,572,15:12,1
140,573,15:13,1
140,574,15:14,1
140,575,15:15,1
140,576,15:16,1
140,577,15:17,1
140,578,15:18,1
140,579,15:19,1
140,580,15:20,1
140,581,15:21,1
140,582,15:22,1
140,583,15:23,1
140,584,15:24,1
140,585,15:25,1
140,586,15:26,1
140,587,15:27,1
140,588,15:28,1
140,589,15:29,1
140,590,15:30,1
140,591,15:31,1
140,592,15:32,1
140,593,15:33,1
140,594,15:34,1
140,595,15:35,1
140,596,15:36,1
140,597,15:37,1
140,598,15:38,0
140,599,15:39,0
140,600,15:40,0
140,601,15:41,0
140,602,15:42,0
140,603,15:43,0
140,604,15:44,0
140,605,15:45,0
140,606,15:46,0
140,607,15:47,0
140,608,15:48,0
140,609,15:49,0
140,610,15:50,0
140,611,15:51,0
140,612,15:52,0
140,613,15:53,0
140,614,15:54,0
140,615,15:55,0
140,616,15:56,0
140,617,15:57,0
140,618,15:58,0
140,619,15:59,0
140,620,16:00,0
140,621,16:01,0
140,622,16:02,0
140,623,16:03,0
140,624,16:04,0
140,625,16:05,0
140,626,16:06,0
140,627,16:07,0
140,628,16:08,0
140,629,16:09,0
140,630,16:10,0
140,631,16:11,0
140,632,16:12,0
140,633,16:13,0
140,634,16:14,0
140,635,16:15,0
140,636,16:16,0
140,637,16:17,0
140,638,16:18,0
140,639,16:19,0
140,640,16:20,0
140,641,16:21,0
140,642,16:22,0
140,643,16:23,0
140,644,16:24,0
140,645,16:25,0
140,646,16:26,0
140,647,16:27,0
140,648,16:28,0
140,649,16:29,0
140,650,16:30,0
140,651,16:31,0
140,652,16:32,0
140,653,16:33,0
140,654,16:34,0
140,655,16:35,0
140,656,16:36,0
140,657,16:37,0
140,658,16:38,0
140,659,16:39,0
140,660,16:40,0
140,661,16:41,0
140,662,16:42,0
140,663,16:43,0
140,664,16:44,0
140,665,16:45,0
140,666,16:46,0
140,667,16:47,0
140,668,16:48,0
140,669,16:49,0
140,670,16:50,0
140,671,16:51,0
140,672,16:52,0
140,673,16:53,0
140,674,16:54,0
140,675,16:55,0
140,676,16:56,0
140,677,16:57,0
140,678,16:58,0
140,679,16:59,0
140,680,17:00,0
140,681,17:01,0
140,682,17:02,0
140,683,17:03,0
140,684,17:04,0
140,685,17:05,0
140,686,17:06,0
140,687,17:07,0
140,688,17:08,0
140,689,17:09,0
140,690,17:10,0
140,691,17:11,0
140,692,17:12,0
140,693,17:13,0
140,694,17:14,0
140,695,17:15,0
140,696,17:16,0
140,697,17:17,0
140,698,17:18,0
140,699,17:19,0
140,700,17:20,0
140,701,17:21,0
140,702,17:22,0
140,703,17:23,0
140,704,17:24,0
140,705,17:25,0
140,706,17:26,0
140,707,17:27,0
140,708,17:28,0
140,709,17:29,0
140,710,17:30,0
140,711,17:31,0
140,712,17:32,0
140,713,17:33,0
140,714,17:34,0
140,715,17:35,0
140,716,17:36,0
140,717,17:37,0
140,718,17:38,0
140,719,17:39,0
140,720,17:40,0
140,721,17:41,0
140,722,17:42,0
140,723,17:43,0
140,724,17:44,0
140,725,17:45,0
140,726,17:46,0
140,727,17:47,0
140,728,17:48,0
140,729,17:49,0
140,730,17:50,0
140,731,17:51,0
140,732,17:52,0
140,733,17:53,0
140,734,17:54,0
140,735,17:55,0
140,736,17:56,0
140,737,17:57,0
140,738,17:58,0
140,739,17:59,0
140,740,18:00,1
140,741,18:01,1
140,742,18:02,1
140,743,18:03,2
140,744,18:04,2
140,745,18:05,2
140,746,18:06,2
140,747,18:07,2
140,748,18:08,2
140,749,18:09,2
140,750,18:10,2
140,751,18:11,2
140,752,18:12,2
140,753,18:13,2
140,754,18:14,2
140,755,18:15,2
140,756,18:16,2
140,757,18:17,2
140,758,18:18,2
140,759,18:19,2
140,760,18:20,2
140,761,18:21,2
140,762,18:22,2
140,763,18:23,2
140,764,18:24,2
140,765,18:25,1
140,766,18:26,1
140,767,18:27,1
140,768,18:28,0
140,769,18:29,0
140,770,18:30,0
140,771,18:31,0
140,772,18:32,0
140,773,18:33,0
140,774,18:34,0
140,775,18:35,0
140,776,18:36,0
140,777,18:37,0
140,778,18:38,0
140,779,18:39,0
140,780,18:40,0
140,781,18:41,0
140,782,18:42,0
140,783,18:43,0
140,784,18:44,0
140,785,18:45,0
140,786,18:46,0
140,787,18:47,0
140,788,18:48,0
140,789,18:49,0
140,790,18:50,0
140,791,18:51,0
140,792,18:52,0
140,793,18:53,0
140,794,18:54,0
140,795,18:55,0
140,796,18:56,0
140,797,18:57,0
140,798,18:58,0
140,799,18:59,0
140,800,19:00,0
140,801,19:01,0
140,802,19:02,0
140,803,19:03,0
140,804,19:04,0
140,805,19:05,0
140,806,19:06,0
140,807,19:07,0
140,808,19:08,0
140,809,19:09,0
140,810,19:10,0
140,811,19:11,0
140,812,19:12,0
140,813,19:13,0
140,814,19:14,0
140,815,19:15,0
140,816,19:16,0
140,817,19:17,0
140,818,19:18,0
140,819,19:19,0
140,820,19:20,0
140,821,19:21,0
140,822,19:22,0
140,823,19:23,0
140,824,19:24,0
140,825,19:25,0
140,826,19:26,0
140,827,19:27,0
140,828,19:28,0
140,829,19:29,0
140,830,19:30,0
140,831,19:31,0
140,832,19:32,0
140,833,19:33,0
140,834,19:34,0
140,835,19:35,0
141,0,05:40,0
141,1,05:41,0
141,2,05:42,0
141,3,05:43,0
141,4,05:44,0
141,5,05:45,0
141,6,05:46,0
141,7,05:47,0
141,8,05:48,0
141,9,05:49,0
141,10,05:50,0
141,11,05:51,0
141,12,05:52,0
141,13,05:53,0
141,14,05:54,0
141,15,05:55,0
141,16,05:56,0
141,17,05:57,0
141,18,05:58,0
141,19,05:59,0
141,20,06:00,0
141,21,06:01,0
141,22,06:02,0
141,23,06:03,0
141,24,06:04,0
141,25,06:05,0
141,26,06:06,0
141,27,06:07,0
141,28,06:08,0
141,29,06:09,0
141,30,06:10,0
141,31,06:11,0
141,32,06:12,0
141,33,06:13,0
141,34,06:14,0
141,35,06:15,0
141,36,06:16,0
141,37,06:17,0
141,38,06:18,0
141,39,06:19,0
141,40,06:20,0
141,41,06:21,0
141,42,06:22,0
141,43,06:23,0
141,44,06:24,0
141,45,06:25,0
141,46,06:26,0
141,47,06:27,0
141,48,06:28,0
141,49,06:29,0
141,50,06:30,0
141,51,06:31,0
141,52,06:32,0
141,53,06:33,0
141,54,06:34,0
141,55,06:35,0
141,56,06:36,0
141,57,06:37,0
141,58,06:38,0
141,59,06:39,0
141,60,06:40,0
141,61,06:41,0
141,62,06:42,0
141,63,06:43,0
141,64,06:44,0
141,65,06:45,0
141,66,06:46,0
141,67,06:47,0
141,68,06:48,0
141,69,06:49,0
141,70,06:50,0
141,71,06:51,0
141,72,06:52,0
141,73,06:53,0
141,74,06:54,0
141,75,06:55,0
141,76,06:56,0
141,77,06:57,0
141,78,06:58,0
141,79,06:59,0
141,80,07:00,0
141,81,07:01,0
141,82,07:02,0
141,83,07:03,0
141,84,07:04,0
141,85,07:05,0
141,86,07:06,0
141,87,07:07,0
141,88,07:08,0
141,89,07:09,0
141,90,07:10,0
141,91,07:11,0
141,92,07:12,0
141,93,07:13,0
141,94,07:14,0
141,95,07:15,0
141,96,07:16,0
141,97,07:17,0
141,98,07:18,0
141,99,07:19,0
141,100,07:20,0
141,101,07:21,0
141,102,07:22,0
141,103,07:23,0
141,104,07:24,0
141,105,07:25,0
141,106,07:26,0
141,107,07:27,0
141,108,07:28,0
141,109,07:29,0
141,110,07:30,0
141,111,07:31,0
141,112,07:32,0
141,113,07:33,0
141,114,07:34,0
141,115,07:35,0
141,116,07:36,0
141,117,07:37,0
141,118,07:38,0
141,119,07:39,0
141,120,07:40,0
141,121,07:41,0
141,122,07:42,0
141,123,07:43,0
141,124,07:44,0
141,125,07:45,0
141,126,07:46,0
141,127,07:47,0
141,128,07:48,0
141,129,07:49,0
141,130,07:50,0
141,131,07:51,0
141,132,07:52,0
141,133,07:53,0
141,134,07:54,0
141,135,07:55,0
141,136,07:56,0
141,137,07:57,0
141,138,07:58,0
141,139,07:59,0
141,140,08:00,0
141,141,08:01,0
141,142,08:02,0
141,143,08:03,0
141,144,08:04,0
141,145,08:05,0
141,146,08:06,0
141,147,08:07,0
141,148,08:08,0
141,149,08:09,0
141,150,08:10,0
141,151,08:11,0
141,152,08:12,0
141,153,08:13,0
141,154,08:14,0
141,155,08:15,0
141,156,08:16,0
141,157,08:17,0
141,158,08:18,0
141,159,08:19,0
141,160,08:20,0
141,161,08:21,0
141,162,08:22,0
141,163,08:23,0
141,164,08:24,0
141,165,08:25,0
141,166,08:26,0
141,167,08:27,0
141,168,08:28,0
141,169,08:29,0
141,170,08:30,0
141,171,08:31,0
141,172,08:32,0
141,173,08:33,0
141,174,08:34,0
141,175,08:35,0
141,176,08:36,0
141,177,08:37,0
141,178,08:38,0
141,179,08:39,0
141,180,08:40,0
141,181,08:41,0
141,182,08:42,0
141,183,08:43,0
141,184,08:44,0
141,185,08:45,0
141,186,08:46,0
141,187,08:47,0
141,188,08:48,0
141,189,08:49,0
141,190,08:50,0
141,191,08:51,0
141,192,08:52,0
141,193,08:53,0
141,194,08:54,0
141,195,08:55,0
141,196,08:56,0
141,197,08:57,0
141,198,08:58,0
141,199,08:59,0
141,200,09:00,0
141,201,09:01,0
141,202,09:02,0
141,203,09:03,1
141,204,09:04,1
141,205,09:05,1
141,206,09:06,1
141,207,09:07,1
141,208,09:08,1
141,209,09:09,1
141,210,09:10,1
141,211,09:11,1
141,212,09:12,1
141,213,09:13,1
141,214,09:14,1
141,215,09:15,1
141,216,09:16,0
141,217,09:17,0
141,218,09:18,0
141,219,09:19,0
141,220,09:20,1
141,221,09:21,1
141,222,09:22,1
141,223,09:23,1
141,224,09:24,1
141,225,09:25,1
141,226,09:26,2
141,227,09:27,2
141,228,09:28,2
141,229,09:29,2
141,230,09:30,2
141,231,09:31,2
141,232,09:32,2
141,233,09:33,2
141,234,09:34,2
141,235,09:35,2
141,236,09:36,2
141,237,09:37,2
141,238,09:38,2
141,239,09:39,1
141,240,09:40,1
141,241,09:41,1
141,242,09:42,0
141,243,09:43,0
141,244,09:44,0
141,245,09:45,0
141,246,09:46,0
141,247,09:47,0
141,248,09:48,0
141,249,09:49,0
141,250,09:50,0
141,251,09:51,0
141,252,09:52,0
141,253,09:53,0
141,254,09:54,0
141,255,09:55,1
141,256,09:56,1
141,257,09:57,1
141,258,09:58,1
141,259,09:59,1
141,260,10:00,1
141,261,10:01,1
141,262,10:02,1
141,263,10:03,1
141,264,10:04,1
141,265,10:05,1
141,266,10:06,1
141,267,10:07,1
141,268,10:08,1
141,269,10:09,1
141,270,10:10,1
141,271,10:11,1
141,272,10:12,1
141,273,10:13,0
141,274,10:14,0
141,275,10:15,0
141,276,10:16,0
141,277,10:17,0
141,278,10:18,0
141,279,10:19,0
141,280,10:20,0
141,281,10:21,0
141,282,10:22,0
141,283,10:23,1
141,284,10:24,1
141,285,10:25,1
141,286,10:26,1
141,287,10:27,1
141,288,10:28,1
141,289,10:29,1
141,290,10:30,1
141,291,10:31,1
141,292,10:32,1
141,293,10:33,0
141,294,10:34,0
141,295,10:35,0
141,296,10:36,1
141,297,10:37,1
141,298,10:38,1
141,299,10:39,1
141,300,10:40,1
141,301,10:41,1
141,302,10:42,1
141,303,10:43,1
141,304,10:44,1
141,305,10:45,0
141,306,10:46,0
141,307,10:47,0
141,308,10:48,0
141,309,10:49,0
141,310,10:50,0
141,311,10:51,0
141,312,10:52,0
141,313,10:53,0
141,314,10:54,0
141,315,10:55,0
141,316,10:56,0
141,317,10:57,0
141,318,10:58,0
141,319,10:59,0
141,320,11:00,0
141,321,11:01,0
141,322,11:02,0
141,323,11:03,0
141,324,11:04,0
141,325,11:05,0
141,326,11:06,0
141,327,11:07,0
141,328,11:08,0
141,329,11:09,0
141,330,11:10,0
141,331,11:11,0
141,332,11:12,0
141,333,11:13,0
141,334,11:14,0
141,335,11:15,0
141,336,11:16,0
141,337,11:17,0
141,338,11:18,0
141,339,11:19,0
141,340,11:20,0
141,341,11:21,0
141,342,11:22,0
141,343,11:23,0
141,344,11:24,0
141,345,11:25,0
141,346,11:26,0
141,347,11:27,0
141,348,11:28,0
141,349,11:29,0
141,350,11:30,0
141,351,11:31,0
141,352,11:32,0
141,353,11:33,0
141,354,11:34,0
141,355,11:35,0
141,356,11:36,0
141,357,11:37,0
141,358,11:38,0
141,359,11:39,0
141,360,11:40,0
141,361,11:41,0
141,362,11:42,0
141,363,11:43,0
141,364,11:44,0
141,365,11:45,0
141,366,11:46,0
141,367,11:47,0
141,368,11:48,0
141,369,11:49,0
141,370,11:50,0
141,371,11:51,0
141,372,11:52,0
141,373,11:53,0
141,374,11:54,0
141,375,11:55,0
141,376,11:56,0
141,377,11:57,0
141,378,11:58,0
141,379,11:59,0
141,380,12:00,0
141,381,12:01,0
141,382,12:02,0
141,383,12:03,0
141,384,12:04,0
141,385,12:05,0
141,386,12:06,0
141,387,12:07,0
141,388,12:08,0
141,389,12:09,0
141,390,12:10,0
141,391,12:11,0
141,392,12:12,0
141,393,12:13,0
141,394,12:14,0
141,395,12:15,0
141,396,12:16,0
141,397,12:17,0
141,398,12:18,0
141,399,12:19,0
141,400,12:20,0
141,401,12:21,0
141,402,12:22,0
141,403,12:23,0
141,404,12:24,0
141,405,12:25,0
141,406,12:26,0
141,407,12:27,0
141,408,12:28,0
141,409,12:29,0
141,410,12:30,0
141,411,12:31,0
141,412,12:32,0
141,413,12:33,0
141,414,12:34,0
141,415,12:35,0
141,416,12:36,0
141,417,12:37,0
141,418,12:38,0
141,419,12:39,0
141,420,12:40,0
141,421,12:41,0
141,422,12:42,0
141,423,12:43,0
141,424,12:44,0
141,425,12:45,0
141,426,12:46,0
141,427,12:47,0
141,428,12:48,0
141,429,12:49,0
141,430,12:50,0
141,431,12:51,0
141,432,12:52,0
141,433,12:53,0
141,434,12:54,0
141,435,12:55,0
141,436,12:56,0
141,437,12:57,0
141,438,12:58,0
141,439,12:59,0
141,440,13:00,0
141,441,13:01,0
141,442,13:02,0
141,443,13:03,0
141,444,13:04,0
141,445,13:05,0
141,446,13:06,0
141,447,13:07,0
141,448,13:08,0
141,449,13:09,0
141,450,13:10,0
141,451,13:11,0
141,452,13:12,0
141,453,13:13,0
141,454,13:14,0
141,455,13:15,0
141,456,13:16,0
141,457,13:17,0
141,458,13:18,0
141,459,13:19,0
141,460,13:20,0
141,461,13:21,0
141,462,13:22,0
141,463,13:23,0
141,464,13:24,0
141,465,13:25,0
141,466,13:26,0
141,467,13:27,0
141,468,13:28,0
141,469,13:29,0
141,470,13:30,0
141,471,13:31,0
141,472,13:32,0
141,473,13:33,0
141,474,13:34,0
141,475,13:35,0
141,476,13:36,0
141,477,13:37,0
141,478,13:38,0
141,479,13:39,0
141,480,13:40,0
141,481,13:41,0
141,482,13:42,0
141,483,13:43,0
141,484,13:44,0
141,485,13:45,0
141,486,13:46,0
141,487,13:47,0
141,488,13:48,0
141,489,13:49,0
141,490,13:50,0
141,491,13:51,0
141,492,13:52,0
141,493,13:53,0
141,494,13:54,0
141,495,13:55,0
141,496,13:56,0
141,497,13:57,0
141,498,13:58,0
141,499,13:59,0
141,500,14:00,0
141,501,14:01,2
141,502,14:02,2
141,503,14:03,2
141,504,14:04,2
141,505,14:05,2
141,506,14:06,2
141,507,14:07,3
141,508,14:08,3
141,509,14:09,3
141,510,14:10,4
141,511,14:11,4
141,512,14:12,4
141,513,14:13,4
141,514,14:14,4
141,515,14:15,4
141,516,14:16,4
141,517,14:17,4
141,518,14:18,4
141,519,14:19,4
141,520,14:20,4
141,521,14:21,2
141,522,14:22,2
141,523,14:23,2
141,524,14:24,1
141,525,14:25,1
141,526,14:26,1
141,527,14:27,0
141,528,14:28,0
141,529,14:29,0
141,530,14:30,0
141,531,14:31,0
141,532,14:32,0
141,533,14:33,0
141,534,14:34,0
141,535,14:35,0
141,536,14:36,0
141,537,14:37,0
141,538,14:38,0
141,539,14:39,0
141,540,14:40,0
141,541,14:41,0
141,542,14:42,0
141,543,14:43,0
141,544,14:44,0
141,545,14:45,0
141,546,14:46,0
141,547,14:47,0
141,548,14:48,0
141,549,14:49,0
141,550,14:50,0
141,551,14:51,0
141,552,14:52,0
141,553,14:53,0
141,554,14:54,0
141,555,14:55,0
141,556,14:56,0
141,557,14:57,0
141,558,14:58,0
141,559,14:59,0
141,560,15:00,0
141,561,15:01,0
141,562,15:02,0
141,563,15:03,0
141,564,15:04,0
141,565,15:05,0
141,566,15:06,0
141,567,15:07,0
141,568,15:08,0
141,569,15:09,0
141,570,15:10,0
141,571,15:11,0
141,572,15:12,0
141,573,15:13,0
141,574,15:14,0
141,575,15:15,0
141,576,15:16,0
141,577,15:17,0
141,578,15:18,0
141,579,15:19,0
141,580,15:20,0
141,581,15:21,0
141,582,15:22,0
141,583,15:23,0
141,584,15:24,0
141,585,15:25,0
141,586,15:26,0
141,587,15:27,0
141,588,15:28,0
141,589,15:29,0
141,590,15:30,0
141,591,15:31,0
141,592,15:32,0
141,593,15:33,0
141,594,15:34,0
141,595,15:35,0
141,596,15:36,0
141,597,15:37,0
141,598,15:38,0
141,599,15:39,0
141,600,15:40,0
141,601,15:41,0
141,602,15:42,0
141,603,15:43,0
141,604,15:44,0
141,605,15:45,0
141,606,15:46,0
141,607,15:47,0
141,608,15:48,0
141,609,15:49,0
141,610,15:50,0
141,611,15:51,0
141,612,15:52,0
141,613,15:53,0
141,614,15:54,0
141,615,15:55,0
141,616,15:56,0
141,617,15:57,0
141,618,15:58,0
141,619,15:59,0
141,620,16:00,0
141,621,16:01,0
141,622,16:02,0
141,623,16:03,0
141,624,16:04,0
141,625,16:05,0
141,626,16:06,0
141,627,16:07,0
141,628,16:08,0
141,629,16:09,0
141,630,16:10,0
141,631,16:11,0
141,632,16:12,0
141,633,16:13,0
141,634,16:14,0
141,635,16:15,0
141,636,16:16,0
141,637,16:17,0
141,638,16:18,0
141,639,16:19,0
141,640,16:20,0
141,641,16:21,0
141,642,16:22,0
141,643,16:23,0
141,644,16:24,0
141,645,16:25,0
141,646,16:26,0
141,647,16:27,0
141,648,16:28,0
141,649,16:29,0
141,650,16:30,0
141,651,16:31,0
141,652,16:32,0
141,653,16:33,0
141,654,16:34,0
141,655,16:35,0
141,656,16:36,0
141,657,16:37,0
141,658,16:38,0
141,659,16:39,0
141,660,16:40,0
141,661,16:41,0
141,662,16:42,0
141,663,16:43,0
141,664,16:44,0
141,665,16:45,0
141,666,16:46,0
141,667,16:47,0
141,668,16:48,1
141,669,16:49,1
141,670,16:50,1
141,671,16:51,2
141,672,16:52,2
141,673,16:53,2
141,674,16:54,2
141,675,16:55,2
141,676,16:56,2
141,677,16:57,2
141,678,16:58,2
141,679,16:59,2
141,680,17:00,2
141,681,17:01,2
141,682,17:02,2
141,683,17:03,2
141,684,17:04,2
141,685,17:05,1
141,686,17:06,1
141,687,17:07,1
141,688,17:08,0
141,689,17:09,0
141,690,17:10,0
141,691,17:11,0
141,692,17:12,0
141,693,17:13,0
141,694,17:14,0
141,695,17:15,0
141,696,17:16,0
141,697,17:17,0
141,698,17:18,1
141,699,17:19,1
141,700,17:20,1
141,701,17:21,1
141,702,17:22,1
141,703,17:23,1
141,704,17:24,1
141,705,17:25,1
141,706,17:26,1
141,707,17:27,1
141,708,17:28,1
141,709,17:29,1
141,710,17:30,1
141,711,17:31,1
141,712,17:32,1
141,713,17:33,1
141,714,17:34,0
141,715,17:35,0
141,716,17:36,0
141,717,17:37,0
141,718,17:38,0
141,719,17:39,0
141,720,17:40,0
141,721,17:41,0
141,722,17:42,0
141,723,17:43,0
141,724,17:44,0
141,725,17:45,0
141,726,17:46,1
141,727,17:47,1
141,728,17:48,1
141,729,17:49,2
141,730,17:50,2
141,731,17:51,2
141,732,17:52,3
141,733,17:53,3
141,734,17:54,3
141,735,17:55,3
141,736,17:56,3
141,737,17:57,3
141,738,17:58,3
141,739,17:59,3
141,740,18:00,3
141,741,18:01,3
141,742,18:02,2
141,743,18:03,2
141,744,18:04,2
141,745,18:05,1
141,746,18:06,1
141,747,18:07,1
141,748,18:08,0
141,749,18:09,0
141,750,18:10,0
141,751,18:11,0
141,752,18:12,0
141,753,18:13,0
141,754,18:14,0
141,755,18:15,1
141,756,18:16,1
141,757,18:17,1
141,758,18:18,2
141,759,18:19,2
141,760,18:20,2
141,761,18:21,2
141,762,18:22,2
141,763,18:23,2
141,764,18:24,2
141,765,18:25,2
141,766,18:26,2
141,767,18:27,2
141,768,18:28,2
141,769,18:29,2
141,770,18:30,1
141,771,18:31,1
141,772,18:32,1
141,773,18:33,0
141,774,18:34,0
141,775,18:35,0
141,776,18:36,0
141,777,18:37,0
141,778,18:38,0
141,779,18:39,0
141,780,18:40,0
141,781,18:41,0
141,782,18:42,0
141,783,18:43,0
141,784,18:44,0
141,785,18:45,0
141,786,18:46,1
141,787,18:47,1
141,788,18:48,1
141,789,18:49,1
141,790,18:50,1
141,791,18:51,1
141,792,18:52,1
141,793,18:53,1
141,794,18:54,1
141,795,18:55,1
141,796,18:56,0
141,797,18:57,0
141,798,18:58,0
141,799,18:59,0
141,800,19:00,1
141,801,19:01,1
141,802,19:02,1
141,803,19:03,3
141,804,19:04,3
141,805,19:05,3
141,806,19:06,3
141,807,19:07,3
141,808,19:08,3
141,809,19:09,3
141,810,19:10,3
141,811,19:11,3
141,812,19:12,2
141,813,19:13,2
141,814,19:14,2
141,815,19:15,0
141,816,19:16,0
141,817,19:17,0
141,818,19:18,0
141,819,19:19,0
141,820,19:20,0
141,821,19:21,0
141,822,19:22,0
141,823,19:23,0
141,824,19:24,0
141,825,19:25,0
141,826,19:26,0
141,827,19:27,0
141,828,19:28,0
141,829,19:29,0
141,830,19:30,0
141,831,19:31,0
141,832,19:32,0
141,833,19:33,0
141,834,19:34,0
141,835,19:35,0
142,0,05:40,0
142,1,05:41,0
142,2,05:42,0
142,3,05:43,0
142,4,05:44,0
142,5,05:45,0
142,6,05:46,0
142,7,05:47,0
142,8,05:48,0
142,9,05:49,0
142,10,05:50,0
142,11,05:51,0
142,12,05:52,0
142,13,05:53,0
142,14,05:54,0
142,15,05:55,0
142,16,05:56,0
142,17,05:57,0
142,18,05:58,0
142,19,05:59,0
142,20,06:00,0
142,21,06:01,0
142,22,06:02,0
142,23,06:03,0
142,24,06:04,0
142,25,06:05,0
142,26,06:06,0
142,27,06:07,0
142,28,06:08,0
142,29,06:09,0
142,30,06:10,0
142,31,06:11,0
142,32,06:12,0
142,33,06:13,0
142,34,06:14,0
142,35,06:15,0
142,36,06:16,0
142,37,06:17,0
142,38,06:18,0
142,39,06:19,0
142,40,06:20,0
142,41,06:21,0
142,42,06:22,0
142,43,06:23,0
142,44,06:24,0
142,45,06:25,0
142,46,06:26,0
142,47,06:27,0
142,48,06:28,0
142,49,06:29,0
142,50,06:30,0
142,51,06:31,0
142,52,06:32,0
142,53,06:33,0
142,54,06:34,0
142,55,06:35,0
142,56,06:36,0
142,57,06:37,0
142,58,06:38,0
142,59,06:39,0
142,60,06:40,0
142,61,06:41,0
142,62,06:42,0
142,63,06:43,0
142,64,06:44,0
142,65,06:45,0
142,66,06:46,0
142,67,06:47,0
142,68,06:48,0
142,69,06:49,0
142,70,06:50,0
142,71,06:51,0
142,72,06:52,0
142,73,06:53,0
142,74,06:54,0
142,75,06:55,0
142,76,06:56,0
142,77,06:57,0
142,78,06:58,0
142,79,06:59,0
142,80,07:00,0
142,81,07:01,0
142,82,07:02,0
142,83,07:03,0
142,84,07:04,0
142,85,07:05,0
142,86,07:06,0
142,87,07:07,0
142,88,07:08,0
142,89,07:09,0
142,90,07:10,0
142,91,07:11,0
142,92,07:12,0
142,93,07:13,0
142,94,07:14,0
142,95,07:15,0
142,96,07:16,0
142,97,07:17,0
142,98,07:18,0
142,99,07:19,0
142,100,07:20,0
142,101,07:21,0
142,102,07:22,0
142,103,07:23,0
142,104,07:24,0
142,105,07:25,0
142,106,07:26,0
142,107,07:27,0
142,108,07:28,0
142,109,07:29,0
142,110,07:30,0
142,111,07:31,0
142,112,07:32,0
142,113,07:33,0
142,114,07:34,0
142,115,07:35,0
142,116,07:36,0
142,117,07:37,0
142,118,07:38,0
142,119,07:39,0
142,120,07:40,0
142,121,07:41,0
142,122,07:42,0
142,123,07:43,0
142,124,07:44,0
142,125,07:45,0
142,126,07:46,0
142,127,07:47,0
142,128,07:48,0
142,129,07:49,0
142,130,07:50,0
142,131,07:51,0
142,132,07:52,0
142,133,07:53,0
142,134,07:54,0
142,135,07:55,0
142,136,07:56,0
142,137,07:57,0
142,138,07:58,0
142,139,07:59,0
142,140,08:00,0
142,141,08:01,0
142,142,08:02,0
142,143,08:03,0
142,144,08:04,0
142,145,08:05,0
142,146,08:06,0
142,147,08:07,0
142,148,08:08,0
142,149,08:09,0
142,150,08:10,0
142,151,08:11,0
142,152,08:12,0
142,153,08:13,0
142,154,08:14,0
142,155,08:15,0
142,156,08:16,0
142,157,08:17,0
142,158,08:18,0
142,159,08:19,0
142,160,08:20,0
142,161,08:21,0
142,162,08:22,0
142,163,08:23,0
142,164,08:24,0
142,165,08:25,0
142,166,08:26,0
142,167,08:27,1
142,168,08:28,1
142,169,08:29,1
142,170,08:30,1
142,171,08:31,2
142,172,08:32,2
142,173,08:33,2
142,174,08:34,3
142,175,08:35,3
142,176,08:36,3
142,177,08:37,3
142,178,08:38,3
142,179,08:39,3
142,180,08:40,3
142,181,08:41,3
142,182,08:42,3
142,183,08:43,3
142,184,08:44,3
142,185,08:45,3
142,186,08:46,3
142,187,08:47,3
142,188,08:48,3
142,189,08:49,3
142,190,08:50,3
142,191,08:51,3
142,192,08:52,2
142,193,08:53,2
142,194,08:54,2
142,195,08:55,1
142,196,08:56,1
142,197,08:57,1
142,198,08:58,0
142,199,08:59,0
142,200,09:00,0
142,201,09:01,0
142,202,09:02,0
142,203,09:03,0
142,204,09:04,0
142,205,09:05,0
142,206,09:06,0
142,207,09:07,0
142,208,09:08,0
142,209,09:09,0
142,210,09:10,0
142,211,09:11,0
142,212,09:12,0
142,213,09:13,0
142,214,09:14,0
142,215,09:15,0
142,216,09:16,0
142,217,09:17,0
142,218,09:18,0
142,219,09:19,0
142,220,09:20,0
142,221,09:21,0
142,222,09:22,0
142,223,09:23,0
142,224,09:24,0
142,225,09:25,0
142,226,09:26,0
142,227,09:27,0
142,228,09:28,0
142,229,09:29,0
142,230,09:30,0
142,231,09:31,0
142,232,09:32,0
142,233,09:33,0
142,234,09:34,0
142,235,09:35,0
142,236,09:36,0
142,237,09:37,0
142,238,09:38,0
142,239,09:39,0
142,240,09:40,0
142,241,09:41,0
142,242,09:42,0
142,243,09:43,0
142,244,09:44,0
142,245,09:45,0
142,246,09:46,0
142,247,09:47,0
142,248,09:48,0
142,249,09:49,0
142,250,09:50,0
142,251,09:51,0
142,252,09:52,0
142,253,09:53,0
142,254,09:54,0
142,255,09:55,0
142,256,09:56,0
142,257,09:57,0
142,258,09:58,0
142,259,09:59,0
142,260,10:00,0
142,261,10:01,0
142,262,10:02,0
142,263,10:03,0
142,264,10:04,0
142,265,10:05,0
142,266,10:06,0
142,267,10:07,0
142,268,10:08,0
142,269,10:09,0
142,270,10:10,0
142,271,10:11,0
142,272,10:12,0
142,273,10:13,0
142,274,10:14,0
142,275,10:15,0
142,276,10:16,0
142,277,10:17,0
142,278,10:18,0
142,279,10:19,0
142,280,10:20,0
142,281,10:21,0
142,282,10:22,0
142,283,10:23,0
142,284,10:24,0
142,285,10:25,0
142,286,10:26,0
142,287,10:27,0
142,288,10:28,0
142,289,10:29,0
142,290,10:30,0
142,291,10:31,0
142,292,10:32,0
142,293,10:33,0
142,294,10:34,0
142,295,10:35,0
142,296,10:36,0
142,297,10:37,0
142,298,10:38,0
142,299,10:39,0
142,300,10:40,0
142,301,10:41,0
142,302,10:42,0
142,303,10:43,0
142,304,10:44,0
142,305,10:45,0
142,306,10:46,0
142,307,10:47,0
142,308,10:48,0
142,309,10:49,0
142,310,10:50,0
142,311,10:51,0
142,312,10:52,0
142,313,10:53,0
142,314,10:54,0
142,315,10:55,0
142,316,10:56,0
142,317,10:57,0
142,318,10:58,0
142,319,10:59,0
142,320,11:00,0
142,321,11:01,0
142,322,11:02,0
142,323,11:03,0
142,324,11:04,0
142,325,11:05,0
142,326,11:06,0
142,327,11:07,0
142,328,11:08,0
142,329,11:09,0
142,330,11:10,0
142,331,11:11,0
142,332,11:12,0
142,333,11:13,0
142,334,11:14,0
142,335,11:15,0
142,336,11:16,0
142,337,11:17,0
142,338,11:18,0
142,339,11:19,0
142,340,11:20,0
142,341,11:21,0
142,342,11:22,0
142,343,11:23,0
142,344,11:24,0
142,345,11:25,0
142,346,11:26,0
142,347,11:27,0
142,348,11:28,0
142,349,11:29,0
142,350,11:30,0
142,351,11:31,0
142,352,11:32,0
142,353,11:33,0
142,354,11:34,0
142,355,11:35,0
142,356,11:36,0
142,357,11:37,0
142,358,11:38,0
142,359,11:39,0
142,360,11:40,0
142,361,11:41,0
142,362,11:42,0
142,363,11:43,0
142,364,11:44,0
142,365,11:45,0
142,366,11:46,0
142,367,11:47,0
142,368,11:48,0
142,369,11:49,0
142,370,11:50,0
142,371,11:51,0
142,372,11:52,0
142,373,11:53,0
142,374,11:54,0
142,375,11:55,0
142,376,11:56,0
142,377,11:57,0
142,378,11:58,0
142,379,11:59,0
142,380,12:00,0
142,381,12:01,0
142,382,12:02,0
142,383,12:03,0
142,384,12:04,0
142,385,12:05,0
142,386,12:06,0
142,387,12:07,0
142,388,12:08,0
142,389,12:09,0
142,390,12:10,0
142,391,12:11,0
142,392,12:12,0
142,393,12:13,0
142,394,12:14,0
142,395,12:15,0
142,396,12:16,0
142,397,12:17,0
142,398,12:18,0
142,399,12:19,0
142,400,12:20,0
142,401,12:21,0
142,402,12:22,0
142,403,12:23,0
142,404,12:24,0
142,405,12:25,0
142,406,12:26,0
142,407,12:27,0
142,408,12:28,0
142,409,12:29,0
142,410,12:30,0
142,411,12:31,0
142,412,12:32,0
142,413,12:33,0
142,414,12:34,0
142,415,12:35,0
142,416,12:36,0
142,417,12:37,0
142,418,12:38,0
142,419,12:39,0
142,420,12:40,0
142,421,12:41,0
142,422,12:42,0
142,423,12:43,0
142,424,12:44,0
142,425,12:45,0
142,426,12:46,0
142,427,12:47,0
142,428,12:48,0
142,429,12:49,0
142,430,12:50,0
142,431,12:51,0
142,432,12:52,0
142,433,12:53,0
142,434,12:54,0
142,435,12:55,0
142,436,12:56,0
142,437,12:57,0
142,438,12:58,0
142,439,12:59,0
142,440,13:00,0
142,441,13:01,0
142,442,13:02,0
142,443,13:03,0
142,444,13:04,0
142,445,13:05,0
142,446,13:06,0
142,447,13:07,0
142,448,13:08,0
142,449,13:09,0
142,450,13:10,0
142,451,13:11,0
142,452,13:12,0
142,453,13:13,0
142,454,13:14,0
142,455,13:15,0
142,456,13:16,0
142,457,13:17,0
142,458,13:18,0
142,459,13:19,0
142,460,13:20,0
142,461,13:21,0
142,462,13:22,0
142,463,13:23,0
142,464,13:24,0
142,465,13:25,0
142,466,13:26,0
142,467,13:27,0
142,468,13:28,0
142,469,13:29,0
142,470,13:30,0
142,471,13:31,0
142,472,13:32,0
142,473,13:33,0
142,474,13:34,0
142,475,13:35,0
142,476,13:36,0
142,477,13:37,0
142,478,13:38,0
142,479,13:39,0
142,480,13:40,0
142,481,13:41,0
142,482,13:42,0
142,483,13:43,0
142,484,13:44,0
142,485,13:45,0
142,486,13:46,0
142,487,13:47,0
142,488,13:48,0
142,489,13:49,0
142,490,13:50,0
142,491,13:51,0
142,492,13:52,0
142,493,13:53,0
142,494,13:54,0
142,495,13:55,0
142,496,13:56,0
142,497,13:57,0
142,498,13:58,0
142,499,13:59,0
142,500,14:00,0
142,501,14:01,0
142,502,14:02,0
142,503,14:03,0
142,504,14:04,0
142,505,14:05,0
142,506,14:06,0
142,507,14:07,0
142,508,14:08,0
142,509,14:09,0
142,510,14:10,0
142,511,14:11,0
142,512,14:12,0
142,513,14:13,0
142,514,14:14,0
142,515,14:15,0
142,516,14:16,0
142,517,14:17,0
142,518,14:18,0
142,519,14:19,0
142,520,14:20,0
142,521,14:21,0
142,522,14:22,0
142,523,14:23,0
142,524,14:24,0
142,525,14:25,0
142,526,14:26,0
142,527,14:27,0
142,528,14:28,0
142,529,14:29,0
142,530,14:30,0
142,531,14:31,0
142,532,14:32,0
142,533,14:33,0
142,534,14:34,0
142,535,14:35,0
142,536,14:36,0
142,537,14:37,0
142,538,14:38,0
142,539,14:39,0
142,540,14:40,0
142,541,14:41,0
142,542,14:42,0
142,543,14:43,0
142,544,14:44,0
142,545,14:45,0
142,546,14:46,0
142,547,14:47,0
142,548,14:48,0
142,549,14:49,0
142,550,14:50,0
142,551,14:51,0
142,552,14:52,0
142,553,14:53,0
142,554,14:54,0
142,555,14:55,0
142,556,14:56,0
142,557,14:57,0
142,558,14:58,0
142,559,14:59,0
142,560,15:00,0
142,561,15:01,0
142,562,15:02,0
142,563,15:03,0
142,564,15:04,0
142,565,15:05,0
142,566,15:06,0
142,567,15:07,0
142,568,15:08,0
142,569,15:09,0
142,570,15:10,0
142,571,15:11,0
142,572,15:12,0
142,573,15:13,0
142,574,15:14,0
142,575,15:15,0
142,576,15:16,0
142,577,15:17,0
142,578,15:18,0
142,579,15:19,0
142,580,15:20,0
142,581,15:21,0
142,582,15:22,0
142,583,15:23,0
142,584,15:24,0
142,585,15:25,0
142,586,15:26,0
142,587,15:27,0
142,588,15:28,0
142,589,15:29,0
142,590,15:30,0
142,591,15:31,0
142,592,15:32,0
142,593,15:33,0
142,594,15:34,0
142,595,15:35,0
142,596,15:36,0
142,597,15:37,0
142,598,15:38,0
142,599,15:39,0
142,600,15:40,0
142,601,15:41,0
142,602,15:42,0
142,603,15:43,0
142,604,15:44,0
142,605,15:45,0
142,606,15:46,0
142,607,15:47,0
142,608,15:48,0
142,609,15:49,0
142,610,15:50,0
142,611,15:51,0
142,612,15:52,0
142,613,15:53,0
142,614,15:54,0
142,615,15:55,0
142,616,15:56,0
142,617,15:57,0
142,618,15:58,0
142,619,15:59,0
142,620,16:00,0
142,621,16:01,0
142,622,16:02,0
142,623,16:03,0
142,624,16:04,0
142,625,16:05,0
142,626,16:06,0
142,627,16:07,0
142,628,16:08,0
142,629,16:09,0
142,630,16:10,0
142,631,16:11,0
142,632,16:12,0
142,633,16:13,0
142,634,16:14,0
142,635,16:15,0
142,636,16:16,0
142,637,16:17,0
142,638,16:18,0
142,639,16:19,0
142,640,16:20,0
142,641,16:21,0
142,642,16:22,0
142,643,16:23,0
142,644,16:24,0
142,645,16:25,0
142,646,16:26,0
142,647,16:27,0
142,648,16:28,0
142,649,16:29,0
142,650,16:30,0
142,651,16:31,0
142,652,16:32,0
142,653,16:33,0
142,654,16:34,0
142,655,16:35,0
142,656,16:36,0
142,657,16:37,0
142,658,16:38,0
142,659,16:39,0
142,660,16:40,0
142,661,16:41,0
142,662,16:42,0
142,663,16:43,0
142,664,16:44,0
142,665,16:45,0
142,666,16:46,0
142,667,16:47,0
142,668,16:48,0
142,669,16:49,0
142,670,16:50,0
142,671,16:51,0
142,672,16:52,0
142,673,16:53,0
142,674,16:54,0
142,675,16:55,0
142,676,16:56,0
142,677,16:57,0
142,678,16:58,0
142,679,16:59,0
142,680,17:00,0
142,681,17:01,0
142,682,17:02,0
142,683,17:03,0
142,684,17:04,0
142,685,17:05,0
142,686,17:06,0
142,687,17:07,0
142,688,17:08,0
142,689,17:09,0
142,690,17:10,0
142,691,17:11,0
142,692,17:12,0
142,693,17:13,0
142,694,17:14,0
142,695,17:15,0
142,696,17:16,0
142,697,17:17,0
142,698,17:18,0
142,699,17:19,0
142,700,17:20,0
142,701,17:21,0
142,702,17:22,0
142,703,17:23,0
142,704,17:24,0
142,705,17:25,0
142,706,17:26,0
142,707,17:27,0
142,708,17:28,0
142,709,17:29,0
142,710,17:30,0
142,711,17:31,0
142,712,17:32,0
142,713,17:33,0
142,714,17:34,0
142,715,17:35,0
142,716,17:36,0
142,717,17:37,0
142,718,17:38,0
142,719,17:39,0
142,720,17:40,0
142,721,17:41,0
142,722,17:42,0
142,723,17:43,0
142,724,17:44,0
142,725,17:45,0
142,726,17:46,0
142,727,17:47,0
142,728,17:48,0
142,729,17:49,0
142,730,17:50,0
142,731,17:51,0
142,732,17:52,0
142,733,17:53,0
142,734,17:54,0
142,735,17:55,0
142,736,17:56,0
142,737,17:57,0
142,738,17:58,0
142,739,17:59,0
142,740,18:00,0
142,741,18:01,0
142,742,18:02,0
142,743,18:03,0
142,744,18:04,0
142,745,18:05,0
142,746,18:06,0
142,747,18:07,0
142,748,18:08,0
142,749,18:09,0
142,750,18:10,0
142,751,18:11,0
142,752,18:12,0
142,753,18:13,0
142,754,18:14,0
142,755,18:15,0
142,756,18:16,0
142,757,18:17,0
142,758,18:18,0
142,759,18:19,0
142,760,18:20,0
142,761,18:21,0
142,762,18:22,0
142,763,18:23,0
142,764,18:24,0
142,765,18:25,0
142,766,18:26,0
142,767,18:27,0
142,768,18:28,0
142,769,18:29,0
142,770,18:30,0
142,771,18:31,0
142,772,18:32,0
142,773,18:33,0
142,774,18:34,0
142,775,18:35,0
142,776,18:36,0
142,777,18:37,0
142,778,18:38,0
142,779,18:39,0
142,780,18:40,0
142,781,18:41,0
142,782,18:42,0
142,783,18:43,0
142,784,18:44,0
142,785,18:45,0
142,786,18:46,0
142,787,18:47,0
142,788,18:48,0
142,789,18:49,0
142,790,18:50,0
142,791,18:51,0
142,792,18:52,0
142,793,18:53,0
142,794,18:54,0
142,795,18:55,0
142,796,18:56,0
142,797,18:57,0
142,798,18:58,0
142,799,18:59,0
142,800,19:00,0
142,801,19:01,0
142,802,19:02,0
142,803,19:03,0
142,804,19:04,0
142,805,19:05,0
142,806,19:06,0
142,807,19:07,0
142,808,19:08,0
142,809,19:09,0
142,810,19:10,0
142,811,19:11,0
142,812,19:12,0
142,813,19:13,0
142,814,19:14,0
142,815,19:15,0
142,816,19:16,0
142,817,19:17,0
142,818,19:18,0
142,819,19:19,0
142,820,19:20,0
142,821,19:21,0
142,822,19:22,0
142,823,19:23,0
142,824,19:24,0
142,825,19:25,0
142,826,19:26,0
142,827,19:27,0
142,828,19:28,0
142,829,19:29,0
142,830,19:30,0
142,831,19:31,0
142,832,19:32,0
142,833,19:33,0
142,834,19:34,0
142,835,19:35,0
143,0,05:40,0
143,1,05:41,0
143,2,05:42,0
143,3,05:43,0
143,4,05:44,0
143,5,05:45,0
143,6,05:46,0
143,7,05:47,0
143,8,05:48,0
143,9,05:49,0
143,10,05:50,0
143,11,05:51,0
143,12,05:52,0
143,13,05:53,0
143,14,05:54,0
143,15,05:55,0
143,16,05:56,0
143,17,05:57,0
143,18,05:58,0
143,19,05:59,0
143,20,06:00,0
143,21,06:01,0
143,22,06:02,0
143,23,06:03,0
143,24,06:04,0
143,25,06:05,0
143,26,06:06,0
143,27,06:07,0
143,28,06:08,0
143,29,06:09,0
143,30,06:10,0
143,31,06:11,0
143,32,06:12,0
143,33,06:13,0
143,34,06:14,0
143,35,06:15,0
143,36,06:16,0
143,37,06:17,0
143,38,06:18,0
143,39,06:19,0
143,40,06:20,0
143,41,06:21,0
143,42,06:22,0
143,43,06:23,0
143,44,06:24,0
143,45,06:25,0
143,46,06:26,0
143,47,06:27,0
143,48,06:28,0
143,49,06:29,0
143,50,06:30,0
143,51,06:31,0
143,52,06:32,0
143,53,06:33,0
143,54,06:34,0
143,55,06:35,0
143,56,06:36,0
143,57,06:37,0
143,58,06:38,0
143,59,06:39,0
143,60,06:40,0
143,61,06:41,0
143,62,06:42,0
143,63,06:43,0
143,64,06:44,0
143,65,06:45,0
143,66,06:46,0
143,67,06:47,0
143,68,06:48,0
143,69,06:49,0
143,70,06:50,0
143,71,06:51,0
143,72,06:52,0
143,73,06:53,0
143,74,06:54,0
143,75,06:55,0
143,76,06:56,0
143,77,06:57,0
143,78,06:58,0
143,79,06:59,0
143,80,07:00,0
143,81,07:01,0
143,82,07:02,0
143,83,07:03,0
143,84,07:04,0
143,85,07:05,0
143,86,07:06,0
143,87,07:07,0
143,88,07:08,0
143,89,07:09,0
143,90,07:10,0
143,91,07:11,0
143,92,07:12,0
143,93,07:13,0
143,94,07:14,0
143,95,07:15,0
143,96,07:16,0
143,97,07:17,0
143,98,07:18,0
143,99,07:19,0
143,100,07:20,0
143,101,07:21,0
143,102,07:22,0
143,103,07:23,0
143,104,07:24,0
143,105,07:25,0
143,106,07:26,0
143,107,07:27,0
143,108,07:28,0
143,109,07:29,0
143,110,07:30,0
143,111,07:31,0
143,112,07:32,0
143,113,07:33,0
143,114,07:34,0
143,115,07:35,0
143,116,07:36,0
143,117,07:37,0
143,118,07:38,0
143,119,07:39,0
143,120,07:40,0
143,121,07:41,0
143,122,07:42,0
143,123,07:43,0
143,124,07:44,0
143,125,07:45,0
143,126,07:46,0
143,127,07:47,0
143,128,07:48,0
143,129,07:49,0
143,130,07:50,0
143,131,07:51,0
143,132,07:52,0
143,133,07:53,0
143,134,07:54,0
143,135,07:55,0
143,136,07:56,0
143,137,07:57,0
143,138,07:58,0
143,139,07:59,0
143,140,08:00,0
143,141,08:01,0
143,142,08:02,0
143,143,08:03,0
143,144,08:04,0
143,145,08:05,0
143,146,08:06,0
143,147,08:07,0
143,148,08:08,0
143,149,08:09,0
143,150,08:10,0
143,151,08:11,0
143,152,08:12,0
143,153,08:13,0
143,154,08:14,0
143,155,08:15,0
143,156,08:16,0
143,157,08:17,0
143,158,08:18,0
143,159,08:19,0
143,160,08:20,0
143,161,08:21,0
143,162,08:22,0
143,163,08:23,0
143,164,08:24,0
143,165,08:25,0
143,166,08:26,0
143,167,08:27,0
143,168,08:28,0
143,169,08:29,0
143,170,08:30,0
143,171,08:31,0
143,172,08:32,0
143,173,08:33,0
143,174,08:34,0
143,175,08:35,0
143,176,08:36,0
143,177,08:37,0
143,178,08:38,0
143,179,08:39,0
143,180,08:40,0
143,181,08:41,0
143,182,08:42,0
143,183,08:43,0
143,184,08:44,0
143,185,08:45,0
143,186,08:46,0
143,187,08:47,0
143,188,08:48,0
143,189,08:49,0
143,190,08:50,0
143,191,08:51,0
143,192,08:52,0
143,193,08:53,0
143,194,08:54,0
143,195,08:55,0
143,196,08:56,0
143,197,08:57,0
143,198,08:58,0
143,199,08:59,0
143,200,09:00,0
143,201,09:01,0
143,202,09:02,0
143,203,09:03,0
143,204,09:04,0
143,205,09:05,0
143,206,09:06,0
143,207,09:07,0
143,208,09:08,0
143,209,09:09,0
143,210,09:10,0
143,211,09:11,0
143,212,09:12,0
143,213,09:13,0
143,214,09:14,0
143,215,09:15,0
143,216,09:16,0
143,217,09:17,0
143,218,09:18,0
143,219,09:19,0
143,220,09:20,0
143,221,09:21,0
143,222,09:22,0
143,223,09:23,0
143,224,09:24,0
143,225,09:25,0
143,226,09:26,0
143,227,09:27,0
143,228,09:28,0
143,229,09:29,0
143,230,09:30,0
143,231,09:31,0
143,232,09:32,0
143,233,09:33,0
143,234,09:34,0
143,235,09:35,0
143,236,09:36,0
143,237,09:37,0
143,238,09:38,0
143,239,09:39,0
143,240,09:40,0
143,241,09:41,0
143,242,09:42,0
143,243,09:43,0
143,244,09:44,0
143,245,09:45,0
143,246,09:46,0
143,247,09:47,0
143,248,09:48,0
143,249,09:49,0
143,250,09:50,0
143,251,09:51,0
143,252,09:52,0
143,253,09:53,0
143,254,09:54,0
143,255,09:55,0
143,256,09:56,0
143,257,09:57,0
143,258,09:58,0
143,259,09:59,0
143,260,10:00,0
143,261,10:01,0
143,262,10:02,0
143,263,10:03,0
143,264,10:04,0
143,265,10:05,0
143,266,10:06,0
143,267,10:07,0
143,268,10:08,0
143,269,10:09,0
143,270,10:10,0
143,271,10:11,0
143,272,10:12,0
143,273,10:13,0
143,274,10:14,0
143,275,10:15,0
143,276,10:16,0
143,277,10:17,0
143,278,10:18,0
143,279,10:19,0
143,280,10:20,0
143,281,10:21,0
143,282,10:22,0
143,283,10:23,0
143,284,10:24,0
143,285,10:25,0
143,286,10:26,0
143,287,10:27,0
143,288,10:28,0
143,289,10:29,0
143,290,10:30,0
143,291,10:31,0
143,292,10:32,0
143,293,10:33,0
143,294,10:34,0
143,295,10:35,0
143,296,10:36,0
143,297,10:37,0
143,298,10:38,0
143,299,10:39,0
143,300,10:40,0
143,301,10:41,0
143,302,10:42,0
143,303,10:43,0
143,304,10:44,0
143,305,10:45,0
143,306,10:46,0
143,307,10:47,0
143,308,10:48,0
143,309,10:49,0
143,310,10:50,0
143,311,10:51,0
143,312,10:52,0
143,313,10:53,0
143,314,10:54,0
143,315,10:55,0
143,316,10:56,0
143,317,10:57,0
143,318,10:58,0
143,319,10:59,0
143,320,11:00,0
143,321,11:01,0
143,322,11:02,0
143,323,11:03,0
143,324,11:04,0
143,325,11:05,0
143,326,11:06,0
143,327,11:07,0
143,328,11:08,0
143,329,11:09,0
143,330,11:10,0
143,331,11:11,0
143,332,11:12,0
143,333,11:13,0
143,334,11:14,0
143,335,11:15,1
143,336,11:16,1
143,337,11:17,1
143,338,11:18,2
143,339,11:19,2
143,340,11:20,2
143,341,11:21,2
143,342,11:22,2
143,343,11:23,2
143,344,11:24,2
143,345,11:25,2
143,346,11:26,2
143,347,11:27,2
143,348,11:28,2
143,349,11:29,2
143,350,11:30,2
143,351,11:31,2
143,352,11:32,2
143,353,11:33,2
143,354,11:34,2
143,355,11:35,2
143,356,11:36,2
143,357,11:37,2
143,358,11:38,1
143,359,11:39,1
143,360,11:40,1
143,361,11:41,0
143,362,11:42,0
143,363,11:43,0
143,364,11:44,1
143,365,11:45,1
143,366,11:46,1
143,367,11:47,1
143,368,11:48,1
143,369,11:49,1
143,370,11:50,1
143,371,11:51,1
143,372,11:52,1
143,373,11:53,1
143,374,11:54,1
143,375,11:55,1
143,376,11:56,1
143,377,11:57,1
143,378,11:58,1
143,379,11:59,0
143,380,12:00,0
143,381,12:01,0
143,382,12:02,0
143,383,12:03,0
143,384,12:04,0
143,385,12:05,0
143,386,12:06,0
143,387,12:07,0
143,388,12:08,0
143,389,12:09,0
143,390,12:10,0
143,391,12:11,0
143,392,12:12,0
143,393,12:13,0
143,394,12:14,0
143,395,12:15,0
143,396,12:16,0
143,397,12:17,0
143,398,12:18,0
143,399,12:19,0
143,400,12:20,0
143,401,12:21,0
143,402,12:22,0
143,403,12:23,0
143,404,12:24,0
143,405,12:25,0
143,406,12:26,0
143,407,12:27,0
143,408,12:28,0
143,409,12:29,0
143,410,12:30,0
143,411,12:31,0
143,412,12:32,0
143,413,12:33,0
143,414,12:34,0
143,415,12:35,0
143,416,12:36,0
143,417,12:37,0
143,418,12:38,0
143,419,12:39,0
143,420,12:40,0
143,421,12:41,0
143,422,12:42,0
143,423,12:43,0
143,424,12:44,0
143,425,12:45,0
143,426,12:46,0
143,427,12:47,0
143,428,12:48,0
143,429,12:49,0
143,430,12:50,0
143,431,12:51,0
143,432,12:52,0
143,433,12:53,0
143,434,12:54,0
143,435,12:55,0
143,436,12:56,0
143,437,12:57,0
143,438,12:58,0
143,439,12:59,0
143,440,13:00,0
143,441,13:01,0
143,442,13:02,0
143,443,13:03,0
143,444,13:04,0
143,445,13:05,0
143,446,13:06,0
143,447,13:07,0
143,448,13:08,0
143,449,13:09,0
143,450,13:10,0
143,451,13:11,0
143,452,13:12,0
143,453,13:13,0
143,454,13:14,0
143,455,13:15,0
143,456,13:16,0
143,457,13:17,0
143,458,13:18,0
143,459,13:19,0
143,460,13:20,0
143,461,13:21,0
143,462,13:22,0
143,463,13:23,0
143,464,13:24,0
143,465,13:25,0
143,466,13:26,0
143,467,13:27,0
143,468,13:28,0
143,469,13:29,0
143,470,13:30,0
143,471,13:31,0
143,472,13:32,0
143,473,13:33,0
143,474,13:34,0
143,475,13:35,0
143,476,13:36,0
143,477,13:37,0
143,478,13:38,0
143,479,13:39,0
143,480,13:40,0
143,481,13:41,0
143,482,13:42,0
143,483,13:43,0
143,484,13:44,0
143,485,13:45,0
143,486,13:46,0
143,487,13:47,0
143,488,13:48,0
143,489,13:49,0
143,490,13:50,0
143,491,13:51,0
143,492,13:52,0
143,493,13:53,0
143,494,13:54,0
143,495,13:55,0
143,496,13:56,0
143,497,13:57,0
143,498,13:58,0
143,499,13:59,0
143,500,14:00,0
143,501,14:01,0
143,502,14:02,0
143,503,14:03,0
143,504,14:04,0
143,505,14:05,0
143,506,14:06,0
143,507,14:07,0
143,508,14:08,0
143,509,14:09,0
143,510,14:10,0
143,511,14:11,0
143,512,14:12,0
143,513,14:13,0
143,514,14:14,0
143,515,14:15,0
143,516,14:16,0
143,517,14:17,0
143,518,14:18,0
143,519,14:19,0
143,520,14:20,0
143,521,14:21,0
143,522,14:22,0
143,523,14:23,0
143,524,14:24,0
143,525,14:25,0
143,526,14:26,0
143,527,14:27,0
143,528,14:28,0
143,529,14:29,0
143,530,14:30,0
143,531,14:31,0
143,532,14:32,0
143,533,14:33,0
143,534,14:34,0
143,535,14:35,0
143,536,14:36,0
143,537,14:37,0
143,538,14:38,0
143,539,14:39,0
143,540,14:40,0
143,541,14:41,0
143,542,14:42,0
143,543,14:43,0
143,544,14:44,0
143,545,14:45,0
143,546,14:46,0
143,547,14:47,0
143,548,14:48,0
143,549,14:49,0
143,550,14:50,0
143,551,14:51,0
143,552,14:52,0
143,553,14:53,0
143,554,14:54,0
143,555,14:55,0
143,556,14:56,0
143,557,14:57,0
143,558,14:58,0
143,559,14:59,0
143,560,15:00,0
143,561,15:01,0
143,562,15:02,0
143,563,15:03,0
143,564,15:04,0
143,565,15:05,0
143,566,15:06,0
143,567,15:07,0
143,568,15:08,0
143,569,15:09,0
143,570,15:10,0
143,571,15:11,0
143,572,15:12,0
143,573,15:13,0
143,574,15:14,0
143,575,15:15,0
143,576,15:16,0
143,577,15:17,0
143,578,15:18,0
143,579,15:19,0
143,580,15:20,0
143,581,15:21,0
143,582,15:22,0
143,583,15:23,0
143,584,15:24,0
143,585,15:25,0
143,586,15:26,0
143,587,15:27,0
143,588,15:28,0
143,589,15:29,0
143,590,15:30,0
143,591,15:31,0
143,592,15:32,0
143,593,15:33,0
143,594,15:34,0
143,595,15:35,0
143,596,15:36,0
143,597,15:37,0
143,598,15:38,0
143,599,15:39,0
143,600,15:40,0
143,601,15:41,0
143,602,15:42,0
143,603,15:43,0
143,604,15:44,0
143,605,15:45,0
143,606,15:46,0
143,607,15:47,0
143,608,15:48,0
143,609,15:49,0
143,610,15:50,0
143,611,15:51,0
143,612,15:52,0
143,613,15:53,0
143,614,15:54,0
143,615,15:55,0
143,616,15:56,0
143,617,15:57,0
143,618,15:58,0
143,619,15:59,0
143,620,16:00,0
143,621,16:01,0
143,622,16:02,0
143,623,16:03,0
143,624,16:04,0
143,625,16:05,0
143,626,16:06,0
143,627,16:07,0
143,628,16:08,0
143,629,16:09,0
143,630,16:10,0
143,631,16:11,0
143,632,16:12,0
143,633,16:13,0
143,634,16:14,0
143,635,16:15,0
143,636,16:16,0
143,637,16:17,0
143,638,16:18,0
143,639,16:19,0
143,640,16:20,0
143,641,16:21,0
143,642,16:22,0
143,643,16:23,0
143,644,16:24,0
143,645,16:25,0
143,646,16:26,0
143,647,16:27,0
143,648,16:28,0
143,649,16:29,0
143,650,16:30,0
143,651,16:31,0
143,652,16:32,0
143,653,16:33,0
143,654,16:34,0
143,655,16:35,0
143,656,16:36,0
143,657,16:37,0
143,658,16:38,0
143,659,16:39,0
143,660,16:40,0
143,661,16:41,0
143,662,16:42,0
143,663,16:43,0
143,664,16:44,0
143,665,16:45,0
143,666,16:46,0
143,667,16:47,0
143,668,16:48,0
143,669,16:49,0
143,670,16:50,0
143,671,16:51,0
143,672,16:52,0
143,673,16:53,0
143,674,16:54,0
143,675,16:55,0
143,676,16:56,0
143,677,16:57,0
143,678,16:58,0
143,679,16:59,0
143,680,17:00,0
143,681,17:01,0
143,682,17:02,0
143,683,17:03,0
143,684,17:04,0
143,685,17:05,0
143,686,17:06,0
143,687,17:07,0
143,688,17:08,0
143,689,17:09,0
143,690,17:10,0
143,691,17:11,0
143,692,17:12,0
143,693,17:13,0
143,694,17:14,0
143,695,17:15,0
143,696,17:16,0
143,697,17:17,0
143,698,17:18,0
143,699,17:19,0
143,700,17:20,0
143,701,17:21,0
143,702,17:22,0
143,703,17:23,0
143,704,17:24,0
143,705,17:25,0
143,706,17:26,0
143,707,17:27,0
143,708,17:28,0
143,709,17:29,0
143,710,17:30,0
143,711,17:31,0
143,712,17:32,0
143,713,17:33,0
143,714,17:34,0
143,715,17:35,0
143,716,17:36,0
143,717,17:37,0
143,718,17:38,0
143,719,17:39,0
143,720,17:40,0
143,721,17:41,0
143,722,17:42,0
143,723,17:43,0
143,724,17:44,0
143,725,17:45,0
143,726,17:46,0
143,727,17:47,0
143,728,17:48,0
143,729,17:49,0
143,730,17:50,0
143,731,17:51,0
143,732,17:52,0
143,733,17:53,0
143,734,17:54,0
143,735,17:55,0
143,736,17:56,0
143,737,17:57,0
143,738,17:58,0
143,739,17:59,0
143,740,18:00,0
143,741,18:01,0
143,742,18:02,0
143,743,18:03,0
143,744,18:04,0
143,745,18:05,0
143,746,18:06,1
143,747,18:07,1
143,748,18:08,1
143,749,18:09,1
143,750,18:10,1
143,751,18:11,1
143,752,18:12,1
143,753,18:13,1
143,754,18:14,1
143,755,18:15,1
143,756,18:16,1
143,757,18:17,1
143,758,18:18,1
143,759,18:19,1
143,760,18:20,1
143,761,18:21,1
143,762,18:22,1
143,763,18:23,1
143,764,18:24,1
143,765,18:25,1
143,766,18:26,0
143,767,18:27,0
143,768,18:28,0
143,769,18:29,1
143,770,18:30,1
143,771,18:31,1
143,772,18:32,2
143,773,18:33,2
143,774,18:34,2
143,775,18:35,2
143,776,18:36,2
143,777,18:37,2
143,778,18:38,2
143,779,18:39,2
143,780,18:40,2
143,781,18:41,2
143,782,18:42,2
143,783,18:43,2
143,784,18:44,2
143,785,18:45,2
143,786,18:46,2
143,787,18:47,2
143,788,18:48,2
143,789,18:49,2
143,790,18:50,2
143,791,18:51,2
143,792,18:52,2
143,793,18:53,2
143,794,18:54,2
143,795,18:55,1
143,796,18:56,1
143,797,18:57,1
143,798,18:58,0
143,799,18:59,0
143,800,19:00,0
143,801,19:01,0
143,802,19:02,0
143,803,19:03,0
143,804,19:04,0
143,805,19:05,0
143,806,19:06,0
143,807,19:07,0
143,808,19:08,0
143,809,19:09,0
143,810,19:10,0
143,811,19:11,0
143,812,19:12,0
143,813,19:13,0
143,814,19:14,0
143,815,19:15,0
143,816,19:16,0
143,817,19:17,0
143,818,19:18,0
143,819,19:19,0
143,820,19:20,0
143,821,19:21,0
143,822,19:22,0
143,823,19:23,0
143,824,19:24,0
143,825,19:25,0
143,826,19:26,0
143,827,19:27,0
143,828,19:28,0
143,829,19:29,0
143,830,19:30,0
143,831,19:31,0
143,832,19:32,0
143,833,19:33,0
143,834,19:34,0
143,835,19:35,0
144,0,05:40,0
144,1,05:41,0
144,2,05:42,0
144,3,05:43,0
144,4,05:44,0
144,5,05:45,0
144,6,05:46,0
144,7,05:47,0
144,8,05:48,0
144,9,05:49,0
144,10,05:50,0
144,11,05:51,0
144,12,05:52,0
144,13,05:53,0
144,14,05:54,0
144,15,05:55,0
144,16,05:56,0
144,17,05:57,0
144,18,05:58,0
144,19,05:59,0
144,20,06:00,0
144,21,06:01,0
144,22,06:02,0
144,23,06:03,0
144,24,06:04,0
144,25,06:05,0
144,26,06:06,0
144,27,06:07,0
144,28,06:08,0
144,29,06:09,0
144,30,06:10,0
144,31,06:11,0
144,32,06:12,0
144,33,06:13,0
144,34,06:14,0
144,35,06:15,0
144,36,06:16,0
144,37,06:17,0
144,38,06:18,0
144,39,06:19,0
144,40,06:20,0
144,41,06:21,0
144,42,06:22,0
144,43,06:23,0
144,44,06:24,0
144,45,06:25,0
144,46,06:26,0
144,47,06:27,0
144,48,06:28,0
144,49,06:29,0
144,50,06:30,0
144,51,06:31,0
144,52,06:32,0
144,53,06:33,0
144,54,06:34,0
144,55,06:35,0
144,56,06:36,0
144,57,06:37,0
144,58,06:38,0
144,59,06:39,0
144,60,06:40,0
144,61,06:41,0
144,62,06:42,0
144,63,06:43,0
144,64,06:44,0
144,65,06:45,0
144,66,06:46,0
144,67,06:47,0
144,68,06:48,0
144,69,06:49,0
144,70,06:50,0
144,71,06:51,0
144,72,06:52,0
144,73,06:53,0
144,74,06:54,0
144,75,06:55,0
144,76,06:56,0
144,77,06:57,0
144,78,06:58,0
144,79,06:59,0
144,80,07:00,0
144,81,07:01,0
144,82,07:02,0
144,83,07:03,0
144,84,07:04,0
144,85,07:05,0
144,86,07:06,0
144,87,07:07,0
144,88,07:08,0
144,89,07:09,0
144,90,07:10,0
144,91,07:11,0
144,92,07:12,0
144,93,07:13,0
144,94,07:14,0
144,95,07:15,0
144,96,07:16,0
144,97,07:17,0
144,98,07:18,0
144,99,07:19,0
144,100,07:20,0
144,101,07:21,0
144,102,07:22,0
144,103,07:23,0
144,104,07:24,0
144,105,07:25,0
144,106,07:26,0
144,107,07:27,0
144,108,07:28,0
144,109,07:29,0
144,110,07:30,0
144,111,07:31,0
144,112,07:32,0
144,113,07:33,0
144,114,07:34,0
144,115,07:35,0
144,116,07:36,0
144,117,07:37,0
144,118,07:38,0
144,119,07:39,0
144,120,07:40,0
144,121,07:41,0
144,122,07:42,0
144,123,07:43,0
144,124,07:44,0
144,125,07:45,0
144,126,07:46,0
144,127,07:47,0
144,128,07:48,0
144,129,07:49,0
144,130,07:50,0
144,131,07:51,0
144,132,07:52,0
144,133,07:53,0
144,134,07:54,0
144,135,07:55,0
144,136,07:56,0
144,137,07:57,0
144,138,07:58,0
144,139,07:59,0
144,140,08:00,0
144,141,08:01,0
144,142,08:02,0
144,143,08:03,0
144,144,08:04,0
144,145,08:05,0
144,146,08:06,0
144,147,08:07,0
144,148,08:08,0
144,149,08:09,0
144,150,08:10,0
144,151,08:11,0
144,152,08:12,0
144,153,08:13,0
144,154,08:14,0
144,155,08:15,0
144,156,08:16,0
144,157,08:17,0
144,158,08:18,0
144,159,08:19,0
144,160,08:20,3
144,161,08:21,3
144,162,08:22,3
144,163,08:23,3
144,164,08:24,3
144,165,08:25,3
144,166,08:26,3
144,167,08:27,3
144,168,08:28,3
144,169,08:29,3
144,170,08:30,3
144,171,08:31,0
144,172,08:32,0
144,173,08:33,0
144,174,08:34,0
144,175,08:35,0
144,176,08:36,0
144,177,08:37,0
144,178,08:38,0
144,179,08:39,0
144,180,08:40,0
144,181,08:41,0
144,182,08:42,0
144,183,08:43,1
144,184,08:44,1
144,185,08:45,1
144,186,08:46,1
144,187,08:47,1
144,188,08:48,1
144,189,08:49,1
144,190,08:50,1
144,191,08:51,1
144,192,08:52,0
144,193,08:53,0
144,194,08:54,0
144,195,08:55,0
144,196,08:56,0
144,197,08:57,0
144,198,08:58,0
144,199,08:59,0
144,200,09:00,0
144,201,09:01,0
144,202,09:02,0
144,203,09:03,0
144,204,09:04,0
144,205,09:05,0
144,206,09:06,0
144,207,09:07,0
144,208,09:08,0
144,209,09:09,0
144,210,09:10,0
144,211,09:11,0
144,212,09:12,0
144,213,09:13,0
144,214,09:14,0
144,215,09:15,0
144,216,09:16,0
144,217,09:17,0
144,218,09:18,0
144,219,09:19,0
144,220,09:20,0
144,221,09:21,0
144,222,09:22,0
144,223,09:23,0
144,224,09:24,0
144,225,09:25,0
144,226,09:26,0
144,227,09:27,0
144,228,09:28,0
144,229,09:29,0
144,230,09:30,0
144,231,09:31,0
144,232,09:32,0
144,233,09:33,0
144,234,09:34,0
144,235,09:35,0
144,236,09:36,0
144,237,09:37,0
144,238,09:38,0
144,239,09:39,0
144,240,09:40,0
144,241,09:41,0
144,242,09:42,0
144,243,09:43,0
144,244,09:44,0
144,245,09:45,0
144,246,09:46,0
144,247,09:47,0
144,248,09:48,0
144,249,09:49,0
144,250,09:50,0
144,251,09:51,0
144,252,09:52,0
144,253,09:53,0
144,254,09:54,0
144,255,09:55,0
144,256,09:56,0
144,257,09:57,0
144,258,09:58,0
144,259,09:59,0
144,260,10:00,0
144,261,10:01,0
144,262,10:02,0
144,263,10:03,0
144,264,10:04,0
144,265,10:05,0
144,266,10:06,0
144,267,10:07,0
144,268,10:08,0
144,269,10:09,0
144,270,10:10,0
144,271,10:11,0
144,272,10:12,0
144,273,10:13,0
144,274,10:14,0
144,275,10:15,0
144,276,10:16,0
144,277,10:17,0
144,278,10:18,0
144,279,10:19,0
144,280,10:20,0
144,281,10:21,0
144,282,10:22,0
144,283,10:23,0
144,284,10:24,0
144,285,10:25,0
144,286,10:26,0
144,287,10:27,0
144,288,10:28,0
144,289,10:29,0
144,290,10:30,0
144,291,10:31,0
144,292,10:32,0
144,293,10:33,0
144,294,10:34,0
144,295,10:35,0
144,296,10:36,0
144,297,10:37,0
144,298,10:38,0
144,299,10:39,0
144,300,10:40,0
144,301,10:41,0
144,302,10:42,0
144,303,10:43,0
144,304,10:44,0
144,305,10:45,0
144,306,10:46,0
144,307,10:47,1
144,308,10:48,1
144,309,10:49,1
144,310,10:50,1
144,311,10:51,2
144,312,10:52,2
144,313,10:53,2
144,314,10:54,2
144,315,10:55,2
144,316,10:56,2
144,317,10:57,2
144,318,10:58,2
144,319,10:59,2
144,320,11:00,2
144,321,11:01,2
144,322,11:02,2
144,323,11:03,2
144,324,11:04,1
144,325,11:05,1
144,326,11:06,1
144,327,11:07,0
144,328,11:08,0
144,329,11:09,0
144,330,11:10,1
144,331,11:11,1
144,332,11:12,1
144,333,11:13,1
144,334,11:14,1
144,335,11:15,1
144,336,11:16,1
144,337,11:17,1
144,338,11:18,1
144,339,11:19,1
144,340,11:20,1
144,341,11:21,1
144,342,11:22,1
144,343,11:23,1
144,344,11:24,1
144,345,11:25,1
144,346,11:26,1
144,347,11:27,1
144,348,11:28,1
144,349,11:29,1
144,350,11:30,1
144,351,11:31,1
144,352,11:32,0
144,353,11:33,0
144,354,11:34,0
144,355,11:35,0
144,356,11:36,0
144,357,11:37,0
144,358,11:38,0
144,359,11:39,0
144,360,11:40,0
144,361,11:41,0
144,362,11:42,0
144,363,11:43,0
144,364,11:44,0
144,365,11:45,0
144,366,11:46,0
144,367,11:47,0
144,368,11:48,0
144,369,11:49,0
144,370,11:50,0
144,371,11:51,0
144,372,11:52,0
144,373,11:53,0
144,374,11:54,0
144,375,11:55,0
144,376,11:56,0
144,377,11:57,0
144,378,11:58,0
144,379,11:59,0
144,380,12:00,0
144,381,12:01,0
144,382,12:02,0
144,383,12:03,0
144,384,12:04,0
144,385,12:05,0
144,386,12:06,0
144,387,12:07,0
144,388,12:08,0
144,389,12:09,0
144,390,12:10,0
144,391,12:11,0
144,392,12:12,0
144,393,12:13,0
144,394,12:14,0
144,395,12:15,0
144,396,12:16,0
144,397,12:17,0
144,398,12:18,0
144,399,12:19,0
144,400,12:20,0
144,401,12:21,0
144,402,12:22,0
144,403,12:23,0
144,404,12:24,0
144,405,12:25,0
144,406,12:26,0
144,407,12:27,0
144,408,12:28,0
144,409,12:29,0
144,410,12:30,0
144,411,12:31,0
144,412,12:32,0
144,413,12:33,0
144,414,12:34,0
144,415,12:35,0
144,416,12:36,0
144,417,12:37,0
144,418,12:38,0
144,419,12:39,0
144,420,12:40,0
144,421,12:41,0
144,422,12:42,0
144,423,12:43,0
144,424,12:44,0
144,425,12:45,0
144,426,12:46,0
144,427,12:47,0
144,428,12:48,0
144,429,12:49,0
144,430,12:50,0
144,431,12:51,0
144,432,12:52,0
144,433,12:53,0
144,434,12:54,0
144,435,12:55,0
144,436,12:56,0
144,437,12:57,0
144,438,12:58,0
144,439,12:59,0
144,440,13:00,0
144,441,13:01,0
144,442,13:02,0
144,443,13:03,0
144,444,13:04,0
144,445,13:05,0
144,446,13:06,0
144,447,13:07,0
144,448,13:08,0
144,449,13:09,0
144,450,13:10,0
144,451,13:11,0
144,452,13:12,0
144,453,13:13,0
144,454,13:14,0
144,455,13:15,0
144,456,13:16,0
144,457,13:17,0
144,458,13:18,0
144,459,13:19,0
144,460,13:20,0
144,461,13:21,0
144,462,13:22,0
144,463,13:23,0
144,464,13:24,0
144,465,13:25,0
144,466,13:26,0
144,467,13:27,0
144,468,13:28,0
144,469,13:29,0
144,470,13:30,0
144,471,13:31,0
144,472,13:32,0
144,473,13:33,0
144,474,13:34,0
144,475,13:35,0
144,476,13:36,0
144,477,13:37,0
144,478,13:38,0
144,479,13:39,0
144,480,13:40,0
144,481,13:41,0
144,482,13:42,0
144,483,13:43,0
144,484,13:44,0
144,485,13:45,0
144,486,13:46,0
144,487,13:47,0
144,488,13:48,0
144,489,13:49,0
144,490,13:50,0
144,491,13:51,0
144,492,13:52,0
144,493,13:53,0
144,494,13:54,0
144,495,13:55,0
144,496,13:56,0
144,497,13:57,0
144,498,13:58,0
144,499,13:59,0
144,500,14:00,0
144,501,14:01,0
144,502,14:02,0
144,503,14:03,0
144,504,14:04,0
144,505,14:05,0
144,506,14:06,0
144,507,14:07,0
144,508,14:08,0
144,509,14:09,0
144,510,14:10,0
144,511,14:11,0
144,512,14:12,0
144,513,14:13,0
144,514,14:14,0
144,515,14:15,0
144,516,14:16,0
144,517,14:17,0
144,518,14:18,0
144,519,14:19,0
144,520,14:20,0
144,521,14:21,0
144,522,14:22,0
144,523,14:23,0
144,524,14:24,0
144,525,14:25,0
144,526,14:26,0
144,527,14:27,0
144,528,14:28,0
144,529,14:29,0
144,530,14:30,0
144,531,14:31,0
144,532,14:32,0
144,533,14:33,0
144,534,14:34,0
144,535,14:35,0
144,536,14:36,0
144,537,14:37,0
144,538,14:38,0
144,539,14:39,0
144,540,14:40,0
144,541,14:41,0
144,542,14:42,0
144,543,14:43,0
144,544,14:44,0
144,545,14:45,0
144,546,14:46,0
144,547,14:47,0
144,548,14:48,0
144,549,14:49,0
144,550,14:50,0
144,551,14:51,0
144,552,14:52,0
144,553,14:53,0
144,554,14:54,0
144,555,14:55,0
144,556,14:56,0
144,557,14:57,0
144,558,14:58,0
144,559,14:59,0
144,560,15:00,0
144,561,15:01,0
144,562,15:02,0
144,563,15:03,0
144,564,15:04,0
144,565,15:05,0
144,566,15:06,0
144,567,15:07,0
144,568,15:08,0
144,569,15:09,0
144,570,15:10,0
144,571,15:11,0
144,572,15:12,0
144,573,15:13,0
144,574,15:14,0
144,575,15:15,0
144,576,15:16,0
144,577,15:17,0
144,578,15:18,0
144,579,15:19,0
144,580,15:20,0
144,581,15:21,0
144,582,15:22,0
144,583,15:23,0
144,584,15:24,0
144,585,15:25,0
144,586,15:26,0
144,587,15:27,0
144,588,15:28,0
144,589,15:29,0
144,590,15:30,0
144,591,15:31,0
144,592,15:32,0
144,593,15:33,0
144,594,15:34,0
144,595,15:35,0
144,596,15:36,0
144,597,15:37,0
144,598,15:38,0
144,599,15:39,0
144,600,15:40,0
144,601,15:41,0
144,602,15:42,0
144,603,15:43,0
144,604,15:44,0
144,605,15:45,0
144,606,15:46,0
144,607,15:47,0
144,608,15:48,0
144,609,15:49,0
144,610,15:50,0
144,611,15:51,0
144,612,15:52,0
144,613,15:53,0
144,614,15:54,0
144,615,15:55,0
144,616,15:56,0
144,617,15:57,0
144,618,15:58,0
144,619,15:59,0
144,620,16:00,0
144,621,16:01,0
144,622,16:02,0
144,623,16:03,0
144,624,16:04,0
144,625,16:05,0
144,626,16:06,0
144,627,16:07,0
144,628,16:08,0
144,629,16:09,0
144,630,16:10,0
144,631,16:11,0
144,632,16:12,0
144,633,16:13,0
144,634,16:14,0
144,635,16:15,0
144,636,16:16,0
144,637,16:17,0
144,638,16:18,0
144,639,16:19,0
144,640,16:20,0
144,641,16:21,0
144,642,16:22,0
144,643,16:23,0
144,644,16:24,0
144,645,16:25,0
144,646,16:26,0
144,647,16:27,0
144,648,16:28,0
144,649,16:29,0
144,650,16:30,0
144,651,16:31,0
144,652,16:32,0
144,653,16:33,0
144,654,16:34,0
144,655,16:35,0
144,656,16:36,0
144,657,16:37,0
144,658,16:38,0
144,659,16:39,0
144,660,16:40,0
144,661,16:41,0
144,662,16:42,0
144,663,16:43,0
144,664,16:44,0
144,665,16:45,0
144,666,16:46,0
144,667,16:47,0
144,668,16:48,0
144,669,16:49,0
144,670,16:50,0
144,671,16:51,0
144,672,16:52,0
144,673,16:53,0
144,674,16:54,0
144,675,16:55,0
144,676,16:56,0
144,677,16:57,0
144,678,16:58,0
144,679,16:59,0
144,680,17:00,0
144,681,17:01,0
144,682,17:02,0
144,683,17:03,0
144,684,17:04,0
144,685,17:05,0
144,686,17:06,0
144,687,17:07,0
144,688,17:08,0
144,689,17:09,0
144,690,17:10,0
144,691,17:11,0
144,692,17:12,0
144,693,17:13,0
144,694,17:14,0
144,695,17:15,0
144,696,17:16,0
144,697,17:17,0
144,698,17:18,0
144,699,17:19,0
144,700,17:20,0
144,701,17:21,0
144,702,17:22,0
144,703,17:23,0
144,704,17:24,0
144,705,17:25,0
144,706,17:26,0
144,707,17:27,0
144,708,17:28,0
144,709,17:29,0
144,710,17:30,0
144,711,17:31,0
144,712,17:32,0
144,713,17:33,0
144,714,17:34,0
144,715,17:35,0
144,716,17:36,0
144,717,17:37,0
144,718,17:38,0
144,719,17:39,0
144,720,17:40,0
144,721,17:41,0
144,722,17:42,0
144,723,17:43,0
144,724,17:44,0
144,725,17:45,0
144,726,17:46,0
144,727,17:47,0
144,728,17:48,0
144,729,17:49,0
144,730,17:50,0
144,731,17:51,0
144,732,17:52,0
144,733,17:53,0
144,734,17:54,0
144,735,17:55,0
144,736,17:56,0
144,737,17:57,0
144,738,17:58,0
144,739,17:59,0
144,740,18:00,0
144,741,18:01,0
144,742,18:02,0
144,743,18:03,0
144,744,18:04,0
144,745,18:05,0
144,746,18:06,1
144,747,18:07,1
144,748,18:08,1
144,749,18:09,2
144,750,18:10,2
144,751,18:11,2
144,752,18:12,2
144,753,18:13,2
144,754,18:14,2
144,755,18:15,2
144,756,18:16,2
144,757,18:17,2
144,758,18:18,2
144,759,18:19,2
144,760,18:20,2
144,761,18:21,2
144,762,18:22,2
144,763,18:23,2
144,764,18:24,2
144,765,18:25,2
144,766,18:26,2
144,767,18:27,2
144,768,18:28,2
144,769,18:29,1
144,770,18:30,1
144,771,18:31,1
144,772,18:32,0
144,773,18:33,0
144,774,18:34,0
144,775,18:35,0
144,776,18:36,0
144,777,18:37,0
144,778,18:38,0
144,779,18:39,0
144,780,18:40,0
144,781,18:41,0
144,782,18:42,0
144,783,18:43,0
144,784,18:44,0
144,785,18:45,0
144,786,18:46,0
144,787,18:47,0
144,788,18:48,0
144,789,18:49,0
144,790,18:50,0
144,791,18:51,0
144,792,18:52,0
144,793,18:53,0
144,794,18:54,0
144,795,18:55,0
144,796,18:56,0
144,797,18:57,0
144,798,18:58,0
144,799,18:59,0
144,800,19:00,0
144,801,19:01,0
144,802,19:02,0
144,803,19:03,0
144,804,19:04,0
144,805,19:05,0
144,806,19:06,0
144,807,19:07,0
144,808,19:08,0
144,809,19:09,0
144,810,19:10,0
144,811,19:11,0
144,812,19:12,0
144,813,19:13,0
144,814,19:14,0
144,815,19:15,0
144,816,19:16,0
144,817,19:17,0
144,818,19:18,0
144,819,19:19,0
144,820,19:20,0
144,821,19:21,0
144,822,19:22,0
144,823,19:23,0
144,824,19:24,0
144,825,19:25,0
144,826,19:26,0
144,827,19:27,0
144,828,19:28,0
144,829,19:29,0
144,830,19:30,0
144,831,19:31,0
144,832,19:32,0
144,833,19:33,0
144,834,19:34,0
144,835,19:35,0
145,0,05:40,0
145,1,05:41,0
145,2,05:42,0
145,3,05:43,0
145,4,05:44,0
145,5,05:45,0
145,6,05:46,0
145,7,05:47,0
145,8,05:48,0
145,9,05:49,0
145,10,05:50,0
145,11,05:51,0
145,12,05:52,0
145,13,05:53,0
145,14,05:54,0
145,15,05:55,0
145,16,05:56,0
145,17,05:57,0
145,18,05:58,0
145,19,05:59,0
145,20,06:00,0
145,21,06:01,0
145,22,06:02,0
145,23,06:03,0
145,24,06:04,0
145,25,06:05,0
145,26,06:06,0
145,27,06:07,0
145,28,06:08,0
145,29,06:09,0
145,30,06:10,0
145,31,06:11,0
145,32,06:12,0
145,33,06:13,0
145,34,06:14,0
145,35,06:15,0
145,36,06:16,0
145,37,06:17,0
145,38,06:18,0
145,39,06:19,0
145,40,06:20,0
145,41,06:21,0
145,42,06:22,0
145,43,06:23,0
145,44,06:24,0
145,45,06:25,0
145,46,06:26,0
145,47,06:27,0
145,48,06:28,0
145,49,06:29,0
145,50,06:30,0
145,51,06:31,0
145,52,06:32,0
145,53,06:33,0
145,54,06:34,0
145,55,06:35,0
145,56,06:36,0
145,57,06:37,0
145,58,06:38,0
145,59,06:39,0
145,60,06:40,0
145,61,06:41,0
145,62,06:42,0
145,63,06:43,0
145,64,06:44,0
145,65,06:45,0
145,66,06:46,0
145,67,06:47,0
145,68,06:48,0
145,69,06:49,0
145,70,06:50,0
145,71,06:51,0
145,72,06:52,0
145,73,06:53,0
145,74,06:54,0
145,75,06:55,0
145,76,06:56,0
145,77,06:57,0
145,78,06:58,0
145,79,06:59,0
145,80,07:00,0
145,81,07:01,0
145,82,07:02,0
145,83,07:03,0
145,84,07:04,0
145,85,07:05,0
145,86,07:06,0
145,87,07:07,0
145,88,07:08,0
145,89,07:09,0
145,90,07:10,0
145,91,07:11,0
145,92,07:12,0
145,93,07:13,0
145,94,07:14,0
145,95,07:15,0
145,96,07:16,0
145,97,07:17,0
145,98,07:18,0
145,99,07:19,0
145,100,07:20,0
145,101,07:21,0
145,102,07:22,0
145,103,07:23,0
145,104,07:24,0
145,105,07:25,0
145,106,07:26,0
145,107,07:27,0
145,108,07:28,0
145,109,07:29,0
145,110,07:30,0
145,111,07:31,0
145,112,07:32,0
145,113,07:33,0
145,114,07:34,0
145,115,07:35,0
145,116,07:36,0
145,117,07:37,0
145,118,07:38,0
145,119,07:39,0
145,120,07:40,0
145,121,07:41,0
145,122,07:42,0
145,123,07:43,0
145,124,07:44,0
145,125,07:45,0
145,126,07:46,0
145,127,07:47,0
145,128,07:48,0
145,129,07:49,0
145,130,07:50,0
145,131,07:51,0
145,132,07:52,0
145,133,07:53,0
145,134,07:54,0
145,135,07:55,0
145,136,07:56,0
145,137,07:57,0
145,138,07:58,0
145,139,07:59,0
145,140,08:00,1
145,141,08:01,1
145,142,08:02,1
145,143,08:03,1
145,144,08:04,1
145,145,08:05,1
145,146,08:06,1
145,147,08:07,1
145,148,08:08,1
145,149,08:09,1
145,150,08:10,0
145,151,08:11,0
145,152,08:12,0
145,153,08:13,0
145,154,08:14,0
145,155,08:15,0
145,156,08:16,0
145,157,08:17,0
145,158,08:18,0
145,159,08:19,0
145,160,08:20,0
145,161,08:21,0
145,162,08:22,0
145,163,08:23,0
145,164,08:24,0
145,165,08:25,0
145,166,08:26,0
145,167,08:27,0
145,168,08:28,0
145,169,08:29,0
145,170,08:30,0
145,171,08:31,0
145,172,08:32,0
145,173,08:33,0
145,174,08:34,0
145,175,08:35,0
145,176,08:36,0
145,177,08:37,0
145,178,08:38,0
145,179,08:39,0
145,180,08:40,0
145,181,08:41,0
145,182,08:42,0
145,183,08:43,0
145,184,08:44,0
145,185,08:45,0
145,186,08:46,0
145,187,08:47,0
145,188,08:48,0
145,189,08:49,0
145,190,08:50,0
145,191,08:51,0
145,192,08:52,0
145,193,08:53,0
145,194,08:54,0
145,195,08:55,0
145,196,08:56,0
145,197,08:57,0
145,198,08:58,0
145,199,08:59,0
145,200,09:00,0
145,201,09:01,0
145,202,09:02,0
145,203,09:03,0
145,204,09:04,0
145,205,09:05,0
145,206,09:06,0
145,207,09:07,0
145,208,09:08,0
145,209,09:09,0
145,210,09:10,0
145,211,09:11,0
145,212,09:12,0
145,213,09:13,0
145,214,09:14,0
145,215,09:15,0
145,216,09:16,0
145,217,09:17,0
145,218,09:18,0
145,219,09:19,0
145,220,09:20,0
145,221,09:21,0
145,222,09:22,0
145,223,09:23,0
145,224,09:24,0
145,225,09:25,0
145,226,09:26,0
145,227,09:27,0
145,228,09:28,0
145,229,09:29,0
145,230,09:30,0
145,231,09:31,0
145,232,09:32,0
145,233,09:33,0
145,234,09:34,0
145,235,09:35,0
145,236,09:36,0
145,237,09:37,0
145,238,09:38,0
145,239,09:39,0
145,240,09:40,0
145,241,09:41,0
145,242,09:42,0
145,243,09:43,0
145,244,09:44,0
145,245,09:45,0
145,246,09:46,0
145,247,09:47,0
145,248,09:48,0
145,249,09:49,0
145,250,09:50,0
145,251,09:51,0
145,252,09:52,0
145,253,09:53,0
145,254,09:54,0
145,255,09:55,0
145,256,09:56,0
145,257,09:57,0
145,258,09:58,0
145,259,09:59,0
145,260,10:00,0
145,261,10:01,0
145,262,10:02,0
145,263,10:03,0
145,264,10:04,0
145,265,10:05,0
145,266,10:06,0
145,267,10:07,0
145,268,10:08,0
145,269,10:09,0
145,270,10:10,0
145,271,10:11,0
145,272,10:12,0
145,273,10:13,0
145,274,10:14,0
145,275,10:15,0
145,276,10:16,0
145,277,10:17,0
145,278,10:18,0
145,279,10:19,0
145,280,10:20,0
145,281,10:21,0
145,282,10:22,0
145,283,10:23,0
145,284,10:24,0
145,285,10:25,0
145,286,10:26,0
145,287,10:27,0
145,288,10:28,0
145,289,10:29,0
145,290,10:30,0
145,291,10:31,0
145,292,10:32,0
145,293,10:33,0
145,294,10:34,0
145,295,10:35,0
145,296,10:36,0
145,297,10:37,0
145,298,10:38,0
145,299,10:39,0
145,300,10:40,0
145,301,10:41,0
145,302,10:42,0
145,303,10:43,0
145,304,10:44,0
145,305,10:45,0
145,306,10:46,0
145,307,10:47,0
145,308,10:48,0
145,309,10:49,0
145,310,10:50,0
145,311,10:51,0
145,312,10:52,0
145,313,10:53,0
145,314,10:54,0
145,315,10:55,0
145,316,10:56,0
145,317,10:57,0
145,318,10:58,0
145,319,10:59,0
145,320,11:00,0
145,321,11:01,0
145,322,11:02,0
145,323,11:03,0
145,324,11:04,0
145,325,11:05,0
145,326,11:06,0
145,327,11:07,0
145,328,11:08,0
145,329,11:09,0
145,330,11:10,0
145,331,11:11,0
145,332,11:12,0
145,333,11:13,0
145,334,11:14,0
145,335,11:15,0
145,336,11:16,0
145,337,11:17,0
145,338,11:18,0
145,339,11:19,0
145,340,11:20,0
145,341,11:21,0
145,342,11:22,0
145,343,11:23,0
145,344,11:24,0
145,345,11:25,0
145,346,11:26,0
145,347,11:27,0
145,348,11:28,0
145,349,11:29,0
145,350,11:30,0
145,351,11:31,0
145,352,11:32,0
145,353,11:33,0
145,354,11:34,0
145,355,11:35,0
145,356,11:36,0
145,357,11:37,0
145,358,11:38,0
145,359,11:39,0
145,360,11:40,0
145,361,11:41,0
145,362,11:42,0
145,363,11:43,0
145,364,11:44,0
145,365,11:45,0
145,366,11:46,0
145,367,11:47,0
145,368,11:48,0
145,369,11:49,0
145,370,11:50,0
145,371,11:51,0
145,372,11:52,0
145,373,11:53,0
145,374,11:54,0
145,375,11:55,0
145,376,11:56,0
145,377,11:57,0
145,378,11:58,0
145,379,11:59,0
145,380,12:00,0
145,381,12:01,0
145,382,12:02,0
145,383,12:03,0
145,384,12:04,0
145,385,12:05,0
145,386,12:06,0
145,387,12:07,0
145,388,12:08,0
145,389,12:09,0
145,390,12:10,0
145,391,12:11,0
145,392,12:12,0
145,393,12:13,0
145,394,12:14,0
145,395,12:15,0
145,396,12:16,0
145,397,12:17,0
145,398,12:18,0
145,399,12:19,0
145,400,12:20,0
145,401,12:21,0
145,402,12:22,0
145,403,12:23,0
145,404,12:24,0
145,405,12:25,0
145,406,12:26,0
145,407,12:27,0
145,408,12:28,0
145,409,12:29,0
145,410,12:30,0
145,411,12:31,0
145,412,12:32,0
145,413,12:33,0
145,414,12:34,0
145,415,12:35,0
145,416,12:36,0
145,417,12:37,0
145,418,12:38,0
145,419,12:39,0
145,420,12:40,0
145,421,12:41,0
145,422,12:42,0
145,423,12:43,0
145,424,12:44,0
145,425,12:45,0
145,426,12:46,0
145,427,12:47,0
145,428,12:48,0
145,429,12:49,0
145,430,12:50,0
145,431,12:51,0
145,432,12:52,0
145,433,12:53,0
145,434,12:54,0
145,435,12:55,0
145,436,12:56,0
145,437,12:57,0
145,438,12:58,0
145,439,12:59,0
145,440,13:00,0
145,441,13:01,0
145,442,13:02,0
145,443,13:03,0
145,444,13:04,0
145,445,13:05,0
145,446,13:06,0
145,447,13:07,0
145,448,13:08,0
145,449,13:09,0
145,450,13:10,0
145,451,13:11,0
145,452,13:12,0
145,453,13:13,0
145,454,13:14,0
145,455,13:15,0
145,456,13:16,0
145,457,13:17,0
145,458,13:18,0
145,459,13:19,0
145,460,13:20,0
145,461,13:21,0
145,462,13:22,0
145,463,13:23,0
145,464,13:24,0
145,465,13:25,0
145,466,13:26,0
145,467,13:27,0
145,468,13:28,0
145,469,13:29,0
145,470,13:30,0
145,471,13:31,0
145,472,13:32,0
145,473,13:33,0
145,474,13:34,0
145,475,13:35,0
145,476,13:36,0
145,477,13:37,0
145,478,13:38,0
145,479,13:39,0
145,480,13:40,0
145,481,13:41,0
145,482,13:42,0
145,483,13:43,0
145,484,13:44,0
145,485,13:45,0
145,486,13:46,0
145,487,13:47,0
145,488,13:48,0
145,489,13:49,0
145,490,13:50,0
145,491,13:51,0
145,492,13:52,0
145,493,13:53,0
145,494,13:54,0
145,495,13:55,0
145,496,13:56,0
145,497,13:57,0
145,498,13:58,0
145,499,13:59,0
145,500,14:00,0
145,501,14:01,0
145,502,14:02,0
145,503,14:03,0
145,504,14:04,0
145,505,14:05,0
145,506,14:06,0
145,507,14:07,0
145,508,14:08,0
145,509,14:09,0
145,510,14:10,0
145,511,14:11,0
145,512,14:12,0
145,513,14:13,0
145,514,14:14,0
145,515,14:15,0
145,516,14:16,0
145,517,14:17,0
145,518,14:18,0
145,519,14:19,0
145,520,14:20,0
145,521,14:21,0
145,522,14:22,0
145,523,14:23,0
145,524,14:24,0
145,525,14:25,0
145,526,14:26,0
145,527,14:27,0
145,528,14:28,0
145,529,14:29,0
145,530,14:30,0
145,531,14:31,0
145,532,14:32,0
145,533,14:33,0
145,534,14:34,0
145,535,14:35,0
145,536,14:36,0
145,537,14:37,0
145,538,14:38,0
145,539,14:39,0
145,540,14:40,0
145,541,14:41,0
145,542,14:42,0
145,543,14:43,0
145,544,14:44,0
145,545,14:45,0
145,546,14:46,0
145,547,14:47,0
145,548,14:48,0
145,549,14:49,0
145,550,14:50,0
145,551,14:51,0
145,552,14:52,0
145,553,14:53,0
145,554,14:54,0
145,555,14:55,0
145,556,14:56,0
145,557,14:57,0
145,558,14:58,0
145,559,14:59,0
145,560,15:00,0
145,561,15:01,0
145,562,15:02,0
145,563,15:03,0
145,564,15:04,0
145,565,15:05,0
145,566,15:06,0
145,567,15:07,0
145,568,15:08,0
145,569,15:09,0
145,570,15:10,0
145,571,15:11,0
145,572,15:12,0
145,573,15:13,0
145,574,15:14,0
145,575,15:15,0
145,576,15:16,0
145,577,15:17,0
145,578,15:18,0
145,579,15:19,0
145,580,15:20,0
145,581,15:21,0
145,582,15:22,0
145,583,15:23,0
145,584,15:24,0
145,585,15:25,0
145,586,15:26,0
145,587,15:27,0
145,588,15:28,0
145,589,15:29,0
145,590,15:30,0
145,591,15:31,0
145,592,15:32,0
145,593,15:33,0
145,594,15:34,0
145,595,15:35,0
145,596,15:36,0
145,597,15:37,0
145,598,15:38,0
145,599,15:39,0
145,600,15:40,0
145,601,15:41,0
145,602,15:42,0
145,603,15:43,0
145,604,15:44,0
145,605,15:45,1
145,606,15:46,1
145,607,15:47,1
145,608,15:48,1
145,609,15:49,1
145,610,15:50,1
145,611,15:51,1
145,612,15:52,1
145,613,15:53,1
145,614,15:54,0
145,615,15:55,0
145,616,15:56,0
145,617,15:57,0
145,618,15:58,0
145,619,15:59,0
145,620,16:00,0
145,621,16:01,0
145,622,16:02,0
145,623,16:03,0
145,624,16:04,0
145,625,16:05,0
145,626,16:06,0
145,627,16:07,0
145,628,16:08,2
145,629,16:09,2
145,630,16:10,2
145,631,16:11,2
145,632,16:12,2
145,633,16:13,2
145,634,16:14,2
145,635,16:15,2
145,636,16:16,2
145,637,16:17,0
145,638,16:18,0
145,639,16:19,0
145,640,16:20,0
145,641,16:21,0
145,642,16:22,0
145,643,16:23,0
145,644,16:24,0
145,645,16:25,0
145,646,16:26,0
145,647,16:27,0
145,648,16:28,0
145,649,16:29,0
145,650,16:30,0
145,651,16:31,0
145,652,16:32,1
145,653,16:33,1
145,654,16:34,1
145,655,16:35,1
145,656,16:36,1
145,657,16:37,1
145,658,16:38,1
145,659,16:39,1
145,660,16:40,1
145,661,16:41,1
145,662,16:42,1
145,663,16:43,0
145,664,16:44,0
145,665,16:45,0
145,666,16:46,0
145,667,16:47,0
145,668,16:48,0
145,669,16:49,0
145,670,16:50,0
145,671,16:51,0
145,672,16:52,0
145,673,16:53,0
145,674,16:54,1
145,675,16:55,1
145,676,16:56,1
145,677,16:57,1
145,678,16:58,1
145,679,16:59,1
145,680,17:00,1
145,681,17:01,1
145,682,17:02,1
145,683,17:03,1
145,684,17:04,1
145,685,17:05,1
145,686,17:06,1
145,687,17:07,1
145,688,17:08,0
145,689,17:09,0
145,690,17:10,0
145,691,17:11,0
145,692,17:12,0
145,693,17:13,0
145,694,17:14,0
145,695,17:15,0
145,696,17:16,0
145,697,17:17,0
145,698,17:18,0
145,699,17:19,0
145,700,17:20,0
145,701,17:21,0
145,702,17:22,0
145,703,17:23,0
145,704,17:24,0
145,705,17:25,0
145,706,17:26,0
145,707,17:27,0
145,708,17:28,0
145,709,17:29,0
145,710,17:30,0
145,711,17:31,0
145,712,17:32,0
145,713,17:33,0
145,714,17:34,0
145,715,17:35,0
145,716,17:36,0
145,717,17:37,0
145,718,17:38,0
145,719,17:39,0
145,720,17:40,1
145,721,17:41,1
145,722,17:42,1
145,723,17:43,1
145,724,17:44,1
145,725,17:45,1
145,726,17:46,1
145,727,17:47,1
145,728,17:48,1
145,729,17:49,1
145,730,17:50,1
145,731,17:51,1
145,732,17:52,1
145,733,17:53,0
145,734,17:54,0
145,735,17:55,0
145,736,17:56,1
145,737,17:57,1
145,738,17:58,1
145,739,17:59,1
145,740,18:00,1
145,741,18:01,1
145,742,18:02,1
145,743,18:03,1
145,744,18:04,1
145,745,18:05,0
145,746,18:06,0
145,747,18:07,0
145,748,18:08,0
145,749,18:09,0
145,750,18:10,0
145,751,18:11,0
145,752,18:12,0
145,753,18:13,0
145,754,18:14,0
145,755,18:15,0
145,756,18:16,0
145,757,18:17,0
145,758,18:18,0
145,759,18:19,0
145,760,18:20,1
145,761,18:21,1
145,762,18:22,1
145,763,18:23,2
145,764,18:24,2
145,765,18:25,2
145,766,18:26,2
145,767,18:27,2
145,768,18:28,2
145,769,18:29,2
145,770,18:30,2
145,771,18:31,2
145,772,18:32,1
145,773,18:33,1
145,774,18:34,1
145,775,18:35,0
145,776,18:36,0
145,777,18:37,0
145,778,18:38,0
145,779,18:39,0
145,780,18:40,0
145,781,18:41,0
145,782,18:42,0
145,783,18:43,0
145,784,18:44,0
145,785,18:45,0
145,786,18:46,0
145,787,18:47,3
145,788,18:48,3
145,789,18:49,3
145,790,18:50,4
145,791,18:51,4
145,792,18:52,4
145,793,18:53,4
145,794,18:54,4
145,795,18:55,4
145,796,18:56,4
145,797,18:57,4
145,798,18:58,4
145,799,18:59,4
145,800,19:00,1
145,801,19:01,1
145,802,19:02,1
145,803,19:03,0
145,804,19:04,0
145,805,19:05,0
145,806,19:06,1
145,807,19:07,1
145,808,19:08,1
145,809,19:09,1
145,810,19:10,1
145,811,19:11,1
145,812,19:12,1
145,813,19:13,1
145,814,19:14,1
145,815,19:15,1
145,816,19:16,0
145,817,19:17,0
145,818,19:18,0
145,819,19:19,0
145,820,19:20,0
145,821,19:21,0
145,822,19:22,0
145,823,19:23,0
145,824,19:24,0
145,825,19:25,0
145,826,19:26,0
145,827,19:27,0
145,828,19:28,0
145,829,19:29,0
145,830,19:30,0
145,831,19:31,0
145,832,19:32,0
145,833,19:33,0
145,834,19:34,0
145,835,19:35,0
146,0,05:40,0
146,1,05:41,0
146,2,05:42,0
146,3,05:43,0
146,4,05:44,0
146,5,05:45,0
146,6,05:46,0
146,7,05:47,0
146,8,05:48,0
146,9,05:49,0
146,10,05:50,0
146,11,05:51,0
146,12,05:52,0
146,13,05:53,0
146,14,05:54,0
146,15,05:55,0
146,16,05:56,0
146,17,05:57,0
146,18,05:58,0
146,19,05:59,0
146,20,06:00,0
146,21,06:01,0
146,22,06:02,0
146,23,06:03,0
146,24,06:04,0
146,25,06:05,0
146,26,06:06,0
146,27,06:07,0
146,28,06:08,0
146,29,06:09,0
146,30,06:10,0
146,31,06:11,0
146,32,06:12,0
146,33,06:13,0
146,34,06:14,0
146,35,06:15,0
146,36,06:16,0
146,37,06:17,0
146,38,06:18,0
146,39,06:19,0
146,40,06:20,0
146,41,06:21,0
146,42,06:22,0
146,43,06:23,0
146,44,06:24,0
146,45,06:25,0
146,46,06:26,0
146,47,06:27,0
146,48,06:28,0
146,49,06:29,0
146,50,06:30,0
146,51,06:31,0
146,52,06:32,0
146,53,06:33,0
146,54,06:34,0
146,55,06:35,0
146,56,06:36,0
146,57,06:37,0
146,58,06:38,0
146,59,06:39,0
146,60,06:40,0
146,61,06:41,0
146,62,06:42,0
146,63,06:43,0
146,64,06:44,0
146,65,06:45,0
146,66,06:46,0
146,67,06:47,0
146,68,06:48,0
146,69,06:49,0
146,70,06:50,0
146,71,06:51,0
146,72,06:52,0
146,73,06:53,0
146,74,06:54,0
146,75,06:55,0
146,76,06:56,0
146,77,06:57,0
146,78,06:58,0
146,79,06:59,0
146,80,07:00,0
146,81,07:01,0
146,82,07:02,0
146,83,07:03,0
146,84,07:04,0
146,85,07:05,0
146,86,07:06,0
146,87,07:07,0
146,88,07:08,0
146,89,07:09,0
146,90,07:10,0
146,91,07:11,0
146,92,07:12,0
146,93,07:13,0
146,94,07:14,0
146,95,07:15,0
146,96,07:16,0
146,97,07:17,0
146,98,07:18,0
146,99,07:19,0
146,100,07:20,0
146,101,07:21,0
146,102,07:22,0
146,103,07:23,0
146,104,07:24,0
146,105,07:25,0
146,106,07:26,0
146,107,07:27,0
146,108,07:28,0
146,109,07:29,0
146,110,07:30,0
146,111,07:31,0
146,112,07:32,0
146,113,07:33,0
146,114,07:34,0
146,115,07:35,0
146,116,07:36,0
146,117,07:37,0
146,118,07:38,0
146,119,07:39,0
146,120,07:40,0
146,121,07:41,0
146,122,07:42,0
146,123,07:43,0
146,124,07:44,0
146,125,07:45,0
146,126,07:46,0
146,127,07:47,0
146,128,07:48,0
146,129,07:49,0
146,130,07:50,0
146,131,07:51,0
146,132,07:52,0
146,133,07:53,0
146,134,07:54,0
146,135,07:55,0
146,136,07:56,0
146,137,07:57,0
146,138,07:58,0
146,139,07:59,0
146,140,08:00,0
146,141,08:01,0
146,142,08:02,0
146,143,08:03,0
146,144,08:04,0
146,145,08:05,0
146,146,08:06,0
146,147,08:07,0
146,148,08:08,0
146,149,08:09,0
146,150,08:10,0
146,151,08:11,0
146,152,08:12,0
146,153,08:13,0
146,154,08:14,0
146,155,08:15,0
146,156,08:16,0
146,157,08:17,0
146,158,08:18,0
146,159,08:19,0
146,160,08:20,0
146,161,08:21,0
146,162,08:22,0
146,163,08:23,0
146,164,08:24,0
146,165,08:25,0
146,166,08:26,0
146,167,08:27,0
146,168,08:28,0
146,169,08:29,0
146,170,08:30,0
146,171,08:31,0
146,172,08:32,0
146,173,08:33,0
146,174,08:34,0
146,175,08:35,0
146,176,08:36,0
146,177,08:37,0
146,178,08:38,0
146,179,08:39,0
146,180,08:40,0
146,181,08:41,0
146,182,08:42,0
146,183,08:43,0
146,184,08:44,0
146,185,08:45,0
146,186,08:46,0
146,187,08:47,0
146,188,08:48,0
146,189,08:49,0
146,190,08:50,0
146,191,08:51,0
146,192,08:52,0
146,193,08:53,0
146,194,08:54,0
146,195,08:55,0
146,196,08:56,0
146,197,08:57,0
146,198,08:58,0
146,199,08:59,0
146,200,09:00,0
146,201,09:01,0
146,202,09:02,0
146,203,09:03,0
146,204,09:04,0
146,205,09:05,0
146,206,09:06,0
146,207,09:07,0
146,208,09:08,0
146,209,09:09,0
146,210,09:10,0
146,211,09:11,0
146,212,09:12,0
146,213,09:13,0
146,214,09:14,0
146,215,09:15,0
146,216,09:16,0
146,217,09:17,0
146,218,09:18,0
146,219,09:19,0
146,220,09:20,0
146,221,09:21,0
146,222,09:22,0
146,223,09:23,0
146,224,09:24,0
146,225,09:25,0
146,226,09:26,0
146,227,09:27,0
146,228,09:28,0
146,229,09:29,0
146,230,09:30,0
146,231,09:31,0
146,232,09:32,0
146,233,09:33,0
146,234,09:34,0
146,235,09:35,0
146,236,09:36,0
146,237,09:37,0
146,238,09:38,0
146,239,09:39,0
146,240,09:40,0
146,241,09:41,0
146,242,09:42,0
146,243,09:43,0
146,244,09:44,0
146,245,09:45,0
146,246,09:46,0
146,247,09:47,0
146,248,09:48,0
146,249,09:49,0
146,250,09:50,0
146,251,09:51,0
146,252,09:52,0
146,253,09:53,0
146,254,09:54,0
146,255,09:55,0
146,256,09:56,0
146,257,09:57,0
146,258,09:58,0
146,259,09:59,0
146,260,10:00,0
146,261,10:01,0
146,262,10:02,0
146,263,10:03,0
146,264,10:04,0
146,265,10:05,0
146,266,10:06,0
146,267,10:07,0
146,268,10:08,0
146,269,10:09,0
146,270,10:10,0
146,271,10:11,0
146,272,10:12,0
146,273,10:13,0
146,274,10:14,0
146,275,10:15,0
146,276,10:16,0
146,277,10:17,0
146,278,10:18,0
146,279,10:19,0
146,280,10:20,0
146,281,10:21,0
146,282,10:22,0
146,283,10:23,0
146,284,10:24,0
146,285,10:25,0
146,286,10:26,0
146,287,10:27,0
146,288,10:28,0
146,289,10:29,0
146,290,10:30,0
146,291,10:31,0
146,292,10:32,0
146,293,10:33,0
146,294,10:34,0
146,295,10:35,0
146,296,10:36,0
146,297,10:37,0
146,298,10:38,0
146,299,10:39,0
146,300,10:40,0
146,301,10:41,0
146,302,10:42,0
146,303,10:43,0
146,304,10:44,0
146,305,10:45,0
146,306,10:46,0
146,307,10:47,0
146,308,10:48,0
146,309,10:49,0
146,310,10:50,0
146,311,10:51,0
146,312,10:52,0
146,313,10:53,0
146,314,10:54,0
146,315,10:55,0
146,316,10:56,0
146,317,10:57,0
146,318,10:58,0
146,319,10:59,0
146,320,11:00,0
146,321,11:01,0
146,322,11:02,0
146,323,11:03,0
146,324,11:04,0
146,325,11:05,0
146,326,11:06,0
146,327,11:07,0
146,328,11:08,0
146,329,11:09,0
146,330,11:10,0
146,331,11:11,0
146,332,11:12,0
146,333,11:13,0
146,334,11:14,0
146,335,11:15,0
146,336,11:16,0
146,337,11:17,0
146,338,11:18,0
146,339,11:19,0
146,340,11:20,0
146,341,11:21,0
146,342,11:22,0
146,343,11:23,0
146,344,11:24,0
146,345,11:25,0
146,346,11:26,0
146,347,11:27,0
146,348,11:28,0
146,349,11:29,0
146,350,11:30,0
146,351,11:31,0
146,352,11:32,0
146,353,11:33,0
146,354,11:34,0
146,355,11:35,0
146,356,11:36,0
146,357,11:37,0
146,358,11:38,0
146,359,11:39,0
146,360,11:40,0
146,361,11:41,0
146,362,11:42,0
146,363,11:43,0
146,364,11:44,0
146,365,11:45,0
146,366,11:46,0
146,367,11:47,0
146,368,11:48,0
146,369,11:49,0
146,370,11:50,0
146,371,11:51,0
146,372,11:52,0
146,373,11:53,0
146,374,11:54,0
146,375,11:55,0
146,376,11:56,0
146,377,11:57,0
146,378,11:58,0
146,379,11:59,0
146,380,12:00,0
146,381,12:01,0
146,382,12:02,0
146,383,12:03,0
146,384,12:04,0
146,385,12:05,0
146,386,12:06,0
146,387,12:07,0
146,388,12:08,0
146,389,12:09,0
146,390,12:10,0
146,391,12:11,0
146,392,12:12,0
146,393,12:13,0
146,394,12:14,0
146,395,12:15,0
146,396,12:16,0
146,397,12:17,0
146,398,12:18,0
146,399,12:19,0
146,400,12:20,0
146,401,12:21,0
146,402,12:22,0
146,403,12:23,0
146,404,12:24,0
146,405,12:25,0
146,406,12:26,0
146,407,12:27,0
146,408,12:28,0
146,409,12:29,0
146,410,12:30,0
146,411,12:31,0
146,412,12:32,0
146,413,12:33,0
146,414,12:34,0
146,415,12:35,0
146,416,12:36,0
146,417,12:37,0
146,418,12:38,0
146,419,12:39,0
146,420,12:40,0
146,421,12:41,0
146,422,12:42,0
146,423,12:43,0
146,424,12:44,0
146,425,12:45,0
146,426,12:46,0
146,427,12:47,0
146,428,12:48,0
146,429,12:49,0
146,430,12:50,0
146,431,12:51,0
146,432,12:52,0
146,433,12:53,0
146,434,12:54,0
146,435,12:55,0
146,436,12:56,0
146,437,12:57,0
146,438,12:58,0
146,439,12:59,0
146,440,13:00,0
146,441,13:01,0
146,442,13:02,0
146,443,13:03,0
146,444,13:04,0
146,445,13:05,0
146,446,13:06,0
146,447,13:07,0
146,448,13:08,0
146,449,13:09,0
146,450,13:10,0
146,451,13:11,0
146,452,13:12,0
146,453,13:13,0
146,454,13:14,0
146,455,13:15,0
146,456,13:16,0
146,457,13:17,0
146,458,13:18,0
146,459,13:19,0
146,460,13:20,0
146,461,13:21,0
146,462,13:22,0
146,463,13:23,0
146,464,13:24,0
146,465,13:25,0
146,466,13:26,0
146,467,13:27,0
146,468,13:28,0
146,469,13:29,0
146,470,13:30,0
146,471,13:31,0
146,472,13:32,0
146,473,13:33,0
146,474,13:34,0
146,475,13:35,0
146,476,13:36,0
146,477,13:37,0
146,478,13:38,0
146,479,13:39,0
146,480,13:40,0
146,481,13:41,0
146,482,13:42,0
146,483,13:43,0
146,484,13:44,0
146,485,13:45,0
146,486,13:46,0
146,487,13:47,0
146,488,13:48,0
146,489,13:49,0
146,490,13:50,0
146,491,13:51,0
146,492,13:52,0
146,493,13:53,0
146,494,13:54,0
146,495,13:55,0
146,496,13:56,0
146,497,13:57,0
146,498,13:58,0
146,499,13:59,0
146,500,14:00,0
146,501,14:01,0
146,502,14:02,0
146,503,14:03,0
146,504,14:04,0
146,505,14:05,0
146,506,14:06,0
146,507,14:07,0
146,508,14:08,0
146,509,14:09,0
146,510,14:10,0
146,511,14:11,0
146,512,14:12,0
146,513,14:13,0
146,514,14:14,0
146,515,14:15,0
146,516,14:16,0
146,517,14:17,0
146,518,14:18,0
146,519,14:19,0
146,520,14:20,0
146,521,14:21,0
146,522,14:22,0
146,523,14:23,0
146,524,14:24,0
146,525,14:25,0
146,526,14:26,0
146,527,14:27,0
146,528,14:28,0
146,529,14:29,0
146,530,14:30,0
146,531,14:31,0
146,532,14:32,0
146,533,14:33,0
146,534,14:34,0
146,535,14:35,0
146,536,14:36,0
146,537,14:37,0
146,538,14:38,0
146,539,14:39,0
146,540,14:40,0
146,541,14:41,0
146,542,14:42,0
146,543,14:43,0
146,544,14:44,0
146,545,14:45,0
146,546,14:46,0
146,547,14:47,0
146,548,14:48,0
146,549,14:49,0
146,550,14:50,0
146,551,14:51,0
146,552,14:52,0
146,553,14:53,0
146,554,14:54,0
146,555,14:55,0
146,556,14:56,0
146,557,14:57,0
146,558,14:58,0
146,559,14:59,0
146,560,15:00,0
146,561,15:01,0
146,562,15:02,0
146,563,15:03,0
146,564,15:04,0
146,565,15:05,0
146,566,15:06,0
146,567,15:07,0
146,568,15:08,0
146,569,15:09,0
146,570,15:10,0
146,571,15:11,0
146,572,15:12,0
146,573,15:13,0
146,574,15:14,0
146,575,15:15,0
146,576,15:16,0
146,577,15:17,0
146,578,15:18,0
146,579,15:19,0
146,580,15:20,0
146,581,15:21,0
146,582,15:22,0
146,583,15:23,0
146,584,15:24,0
146,585,15:25,0
146,586,15:26,0
146,587,15:27,0
146,588,15:28,0
146,589,15:29,0
146,590,15:30,0
146,591,15:31,0
146,592,15:32,0
146,593,15:33,0
146,594,15:34,0
146,595,15:35,0
146,596,15:36,0
146,597,15:37,0
146,598,15:38,0
146,599,15:39,0
146,600,15:40,0
146,601,15:41,0
146,602,15:42,0
146,603,15:43,0
146,604,15:44,0
146,605,15:45,0
146,606,15:46,0
146,607,15:47,0
146,608,15:48,0
146,609,15:49,0
146,610,15:50,0
146,611,15:51,0
146,612,15:52,0
146,613,15:53,0
146,614,15:54,0
146,615,15:55,0
146,616,15:56,0
146,617,15:57,0
146,618,15:58,0
146,619,15:59,0
146,620,16:00,0
146,621,16:01,0
146,622,16:02,0
146,623,16:03,0
146,624,16:04,0
146,625,16:05,0
146,626,16:06,0
146,627,16:07,0
146,628,16:08,0
146,629,16:09,0
146,630,16:10,0
146,631,16:11,0
146,632,16:12,0
146,633,16:13,0
146,634,16:14,0
146,635,16:15,0
146,636,16:16,0
146,637,16:17,0
146,638,16:18,0
146,639,16:19,0
146,640,16:20,0
146,641,16:21,0
146,642,16:22,0
146,643,16:23,0
146,644,16:24,0
146,645,16:25,0
146,646,16:26,0
146,647,16:27,1
146,648,16:28,1
146,649,16:29,1
146,650,16:30,1
146,651,16:31,1
146,652,16:32,1
146,653,16:33,1
146,654,16:34,1
146,655,16:35,1
146,656,16:36,1
146,657,16:37,0
146,658,16:38,0
146,659,16:39,0
146,660,16:40,0
146,661,16:41,0
146,662,16:42,0
146,663,16:43,0
146,664,16:44,0
146,665,16:45,0
146,666,16:46,0
146,667,16:47,0
146,668,16:48,0
146,669,16:49,1
146,670,16:50,1
146,671,16:51,1
146,672,16:52,2
146,673,16:53,2
146,674,16:54,2
146,675,16:55,2
146,676,16:56,2
146,677,16:57,2
146,678,16:58,2
146,679,16:59,2
146,680,17:00,2
146,681,17:01,2
146,682,17:02,1
146,683,17:03,1
146,684,17:04,1
146,685,17:05,1
146,686,17:06,1
146,687,17:07,0
146,688,17:08,0
146,689,17:09,0
146,690,17:10,2
146,691,17:11,2
146,692,17:12,2
146,693,17:13,2
146,694,17:14,2
146,695,17:15,2
146,696,17:16,2
146,697,17:17,4
146,698,17:18,4
146,699,17:19,4
146,700,17:20,4
146,701,17:21,4
146,702,17:22,4
146,703,17:23,4
146,704,17:24,4
146,705,17:25,4
146,706,17:26,4
146,707,17:27,4
146,708,17:28,2
146,709,17:29,2
146,710,17:30,2
146,711,17:31,2
146,712,17:32,2
146,713,17:33,2
146,714,17:34,2
146,715,17:35,2
146,716,17:36,2
146,717,17:37,2
146,718,17:38,2
146,719,17:39,2
146,720,17:40,2
146,721,17:41,0
146,722,17:42,0
146,723,17:43,0
146,724,17:44,0
146,725,17:45,0
146,726,17:46,0
146,727,17:47,0
146,728,17:48,0
146,729,17:49,0
146,730,17:50,0
146,731,17:51,0
146,732,17:52,0
146,733,17:53,0
146,734,17:54,0
146,735,17:55,0
146,736,17:56,0
146,737,17:57,0
146,738,17:58,0
146,739,17:59,0
146,740,18:00,0
146,741,18:01,0
146,742,18:02,0
146,743,18:03,0
146,744,18:04,0
146,745,18:05,0
146,746,18:06,0
146,747,18:07,0
146,748,18:08,0
146,749,18:09,0
146,750,18:10,0
146,751,18:11,0
146,752,18:12,0
146,753,18:13,0
146,754,18:14,0
146,755,18:15,0
146,756,18:16,0
146,757,18:17,0
146,758,18:18,0
146,759,18:19,0
146,760,18:20,0
146,761,18:21,0
146,762,18:22,0
146,763,18:23,0
146,764,18:24,0
146,765,18:25,0
146,766,18:26,0
146,767,18:27,0
146,768,18:28,0
146,769,18:29,0
146,770,18:30,0
146,771,18:31,0
146,772,18:32,0
146,773,18:33,0
146,774,18:34,0
146,775,18:35,0
146,776,18:36,0
146,777,18:37,0
146,778,18:38,0
146,779,18:39,0
146,780,18:40,0
146,781,18:41,0
146,782,18:42,0
146,783,18:43,0
146,784,18:44,0
146,785,18:45,0
146,786,18:46,0
146,787,18:47,0
146,788,18:48,0
146,789,18:49,0
146,790,18:50,0
146,791,18:51,0
146,792,18:52,0
146,793,18:53,0
146,794,18:54,0
146,795,18:55,0
146,796,18:56,0
146,797,18:57,0
146,798,18:58,0
146,799,18:59,0
146,800,19:00,0
146,801,19:01,0
146,802,19:02,0
146,803,19:03,0
146,804,19:04,0
146,805,19:05,0
146,806,19:06,0
146,807,19:07,0
146,808,19:08,0
146,809,19:09,0
146,810,19:10,0
146,811,19:11,0
146,812,19:12,0
146,813,19:13,0
146,814,19:14,0
146,815,19:15,0
146,816,19:16,0
146,817,19:17,0
146,818,19:18,0
146,819,19:19,0
146,820,19:20,0
146,821,19:21,0
146,822,19:22,0
146,823,19:23,0
146,824,19:24,0
146,825,19:25,0
146,826,19:26,0
146,827,19:27,0
146,828,19:28,0
146,829,19:29,0
146,830,19:30,0
146,831,19:31,0
146,832,19:32,0
146,833,19:33,0
146,834,19:34,0
146,835,19:35,0
147,0,05:40,0
147,1,05:41,0
147,2,05:42,0
147,3,05:43,0
147,4,05:44,0
147,5,05:45,0
147,6,05:46,0
147,7,05:47,0
147,8,05:48,0
147,9,05:49,0
147,10,05:50,0
147,11,05:51,0
147,12,05:52,0
147,13,05:53,0
147,14,05:54,0
147,15,05:55,0
147,16,05:56,0
147,17,05:57,0
147,18,05:58,0
147,19,05:59,0
147,20,06:00,0
147,21,06:01,0
147,22,06:02,0
147,23,06:03,0
147,24,06:04,0
147,25,06:05,0
147,26,06:06,0
147,27,06:07,0
147,28,06:08,0
147,29,06:09,0
147,30,06:10,0
147,31,06:11,0
147,32,06:12,0
147,33,06:13,0
147,34,06:14,0
147,35,06:15,0
147,36,06:16,0
147,37,06:17,0
147,38,06:18,0
147,39,06:19,0
147,40,06:20,0
147,41,06:21,0
147,42,06:22,0
147,43,06:23,0
147,44,06:24,0
147,45,06:25,0
147,46,06:26,0
147,47,06:27,0
147,48,06:28,0
147,49,06:29,0
147,50,06:30,0
147,51,06:31,0
147,52,06:32,0
147,53,06:33,0
147,54,06:34,0
147,55,06:35,0
147,56,06:36,0
147,57,06:37,0
147,58,06:38,0
147,59,06:39,0
147,60,06:40,0
147,61,06:41,0
147,62,06:42,0
147,63,06:43,0
147,64,06:44,0
147,65,06:45,0
147,66,06:46,0
147,67,06:47,0
147,68,06:48,0
147,69,06:49,0
147,70,06:50,0
147,71,06:51,0
147,72,06:52,0
147,73,06:53,0
147,74,06:54,0
147,75,06:55,0
147,76,06:56,0
147,77,06:57,0
147,78,06:58,0
147,79,06:59,0
147,80,07:00,0
147,81,07:01,0
147,82,07:02,0
147,83,07:03,0
147,84,07:04,0
147,85,07:05,0
147,86,07:06,0
147,87,07:07,0
147,88,07:08,0
147,89,07:09,0
147,90,07:10,0
147,91,07:11,0
147,92,07:12,0
147,93,07:13,0
147,94,07:14,0
147,95,07:15,0
147,96,07:16,0
147,97,07:17,0
147,98,07:18,0
147,99,07:19,0
147,100,07:20,0
147,101,07:21,0
147,102,07:22,0
147,103,07:23,0
147,104,07:24,0
147,105,07:25,0
147,106,07:26,0
147,107,07:27,0
147,108,07:28,0
147,109,07:29,0
147,110,07:30,0
147,111,07:31,0
147,112,07:32,0
147,113,07:33,0
147,114,07:34,0
147,115,07:35,0
147,116,07:36,0
147,117,07:37,0
147,118,07:38,0
147,119,07:39,0
147,120,07:40,0
147,121,07:41,0
147,122,07:42,0
147,123,07:43,0
147,124,07:44,0
147,125,07:45,0
147,126,07:46,0
147,127,07:47,0
147,128,07:48,0
147,129,07:49,0
147,130,07:50,0
147,131,07:51,0
147,132,07:52,0
147,133,07:53,0
147,134,07:54,0
147,135,07:55,0
147,136,07:56,0
147,137,07:57,0
147,138,07:58,0
147,139,07:59,0
147,140,08:00,0
147,141,08:01,0
147,142,08:02,0
147,143,08:03,0
147,144,08:04,0
147,145,08:05,0
147,146,08:06,0
147,147,08:07,0
147,148,08:08,0
147,149,08:09,0
147,150,08:10,0
147,151,08:11,0
147,152,08:12,0
147,153,08:13,0
147,154,08:14,0
147,155,08:15,0
147,156,08:16,0
147,157,08:17,0
147,158,08:18,0
147,159,08:19,0
147,160,08:20,0
147,161,08:21,0
147,162,08:22,0
147,163,08:23,0
147,164,08:24,0
147,165,08:25,0
147,166,08:26,0
147,167,08:27,0
147,168,08:28,0
147,169,08:29,0
147,170,08:30,0
147,171,08:31,0
147,172,08:32,0
147,173,08:33,0
147,174,08:34,0
147,175,08:35,0
147,176,08:36,0
147,177,08:37,0
147,178,08:38,0
147,179,08:39,0
147,180,08:40,0
147,181,08:41,0
147,182,08:42,0
147,183,08:43,0
147,184,08:44,0
147,185,08:45,0
147,186,08:46,0
147,187,08:47,0
147,188,08:48,1
147,189,08:49,1
147,190,08:50,1
147,191,08:51,1
147,192,08:52,1
147,193,08:53,1
147,194,08:54,1
147,195,08:55,1
147,196,08:56,1
147,197,08:57,1
147,198,08:58,1
147,199,08:59,1
147,200,09:00,1
147,201,09:01,1
147,202,09:02,1
147,203,09:03,1
147,204,09:04,0
147,205,09:05,0
147,206,09:06,0
147,207,09:07,1
147,208,09:08,1
147,209,09:09,1
147,210,09:10,2
147,211,09:11,2
147,212,09:12,2
147,213,09:13,2
147,214,09:14,2
147,215,09:15,2
147,216,09:16,2
147,217,09:17,2
147,218,09:18,2
147,219,09:19,1
147,220,09:20,1
147,221,09:21,1
147,222,09:22,0
147,223,09:23,0
147,224,09:24,0
147,225,09:25,0
147,226,09:26,0
147,227,09:27,0
147,228,09:28,0
147,229,09:29,0
147,230,09:30,0
147,231,09:31,0
147,232,09:32,1
147,233,09:33,1
147,234,09:34,1
147,235,09:35,2
147,236,09:36,2
147,237,09:37,2
147,238,09:38,2
147,239,09:39,2
147,240,09:40,2
147,241,09:41,2
147,242,09:42,2
147,243,09:43,2
147,244,09:44,2
147,245,09:45,1
147,246,09:46,1
147,247,09:47,1
147,248,09:48,1
147,249,09:49,1
147,250,09:50,1
147,251,09:51,1
147,252,09:52,1
147,253,09:53,1
147,254,09:54,1
147,255,09:55,1
147,256,09:56,1
147,257,09:57,1
147,258,09:58,0
147,259,09:59,0
147,260,10:00,0
147,261,10:01,0
147,262,10:02,0
147,263,10:03,0
147,264,10:04,0
147,265,10:05,0
147,266,10:06,0
147,267,10:07,0
147,268,10:08,0
147,269,10:09,0
147,270,10:10,0
147,271,10:11,0
147,272,10:12,0
147,273,10:13,0
147,274,10:14,0
147,275,10:15,0
147,276,10:16,0
147,277,10:17,0
147,278,10:18,0
147,279,10:19,0
147,280,10:20,0
147,281,10:21,0
147,282,10:22,0
147,283,10:23,0
147,284,10:24,0
147,285,10:25,0
147,286,10:26,0
147,287,10:27,0
147,288,10:28,0
147,289,10:29,0
147,290,10:30,0
147,291,10:31,0
147,292,10:32,0
147,293,10:33,0
147,294,10:34,0
147,295,10:35,0
147,296,10:36,0
147,297,10:37,0
147,298,10:38,0
147,299,10:39,0
147,300,10:40,0
147,301,10:41,0
147,302,10:42,0
147,303,10:43,0
147,304,10:44,0
147,305,10:45,0
147,306,10:46,0
147,307,10:47,0
147,308,10:48,0
147,309,10:49,0
147,310,10:50,0
147,311,10:51,0
147,312,10:52,0
147,313,10:53,0
147,314,10:54,0
147,315,10:55,0
147,316,10:56,0
147,317,10:57,0
147,318,10:58,0
147,319,10:59,0
147,320,11:00,0
147,321,11:01,0
147,322,11:02,0
147,323,11:03,0
147,324,11:04,0
147,325,11:05,0
147,326,11:06,0
147,327,11:07,0
147,328,11:08,0
147,329,11:09,0
147,330,11:10,0
147,331,11:11,0
147,332,11:12,0
147,333,11:13,0
147,334,11:14,0
147,335,11:15,0
147,336,11:16,0
147,337,11:17,0
147,338,11:18,0
147,339,11:19,0
147,340,11:20,0
147,341,11:21,0
147,342,11:22,0
147,343,11:23,0
147,344,11:24,0
147,345,11:25,0
147,346,11:26,0
147,347,11:27,0
147,348,11:28,0
147,349,11:29,0
147,350,11:30,0
147,351,11:31,0
147,352,11:32,0
147,353,11:33,0
147,354,11:34,0
147,355,11:35,0
147,356,11:36,0
147,357,11:37,0
147,358,11:38,0
147,359,11:39,0
147,360,11:40,0
147,361,11:41,0
147,362,11:42,0
147,363,11:43,0
147,364,11:44,0
147,365,11:45,0
147,366,11:46,0
147,367,11:47,0
147,368,11:48,0
147,369,11:49,0
147,370,11:50,0
147,371,11:51,0
147,372,11:52,0
147,373,11:53,0
147,374,11:54,0
147,375,11:55,0
147,376,11:56,0
147,377,11:57,0
147,378,11:58,0
147,379,11:59,0
147,380,12:00,0
147,381,12:01,0
147,382,12:02,0
147,383,12:03,0
147,384,12:04,0
147,385,12:05,0
147,386,12:06,0
147,387,12:07,0
147,388,12:08,0
147,389,12:09,0
147,390,12:10,0
147,391,12:11,0
147,392,12:12,0
147,393,12:13,0
147,394,12:14,0
147,395,12:15,0
147,396,12:16,0
147,397,12:17,0
147,398,12:18,0
147,399,12:19,0
147,400,12:20,0
147,401,12:21,0
147,402,12:22,0
147,403,12:23,0
147,404,12:24,0
147,405,12:25,0
147,406,12:26,0
147,407,12:27,0
147,408,12:28,0
147,409,12:29,0
147,410,12:30,0
147,411,12:31,0
147,412,12:32,0
147,413,12:33,0
147,414,12:34,0
147,415,12:35,0
147,416,12:36,0
147,417,12:37,0
147,418,12:38,0
147,419,12:39,0
147,420,12:40,0
147,421,12:41,0
147,422,12:42,0
147,423,12:43,0
147,424,12:44,0
147,425,12:45,0
147,426,12:46,0
147,427,12:47,0
147,428,12:48,0
147,429,12:49,0
147,430,12:50,0
147,431,12:51,0
147,432,12:52,0
147,433,12:53,0
147,434,12:54,0
147,435,12:55,0
147,436,12:56,0
147,437,12:57,0
147,438,12:58,0
147,439,12:59,0
147,440,13:00,0
147,441,13:01,0
147,442,13:02,0
147,443,13:03,0
147,444,13:04,0
147,445,13:05,0
147,446,13:06,0
147,447,13:07,0
147,448,13:08,0
147,449,13:09,0
147,450,13:10,0
147,451,13:11,0
147,452,13:12,0
147,453,13:13,0
147,454,13:14,0
147,455,13:15,0
147,456,13:16,0
147,457,13:17,0
147,458,13:18,0
147,459,13:19,0
147,460,13:20,0
147,461,13:21,0
147,462,13:22,0
147,463,13:23,0
147,464,13:24,0
147,465,13:25,0
147,466,13:26,0
147,467,13:27,0
147,468,13:28,0
147,469,13:29,0
147,470,13:30,0
147,471,13:31,0
147,472,13:32,0
147,473,13:33,0
147,474,13:34,0
147,475,13:35,0
147,476,13:36,0
147,477,13:37,0
147,478,13:38,0
147,479,13:39,0
147,480,13:40,0
147,481,13:41,0
147,482,13:42,0
147,483,13:43,0
147,484,13:44,0
147,485,13:45,0
147,486,13:46,0
147,487,13:47,0
147,488,13:48,0
147,489,13:49,0
147,490,13:50,0
147,491,13:51,0
147,492,13:52,0
147,493,13:53,0
147,494,13:54,0
147,495,13:55,0
147,496,13:56,0
147,497,13:57,0
147,498,13:58,0
147,499,13:59,0
147,500,14:00,0
147,501,14:01,0
147,502,14:02,0
147,503,14:03,0
147,504,14:04,0
147,505,14:05,0
147,506,14:06,0
147,507,14:07,0
147,508,14:08,0
147,509,14:09,0
147,510,14:10,0
147,511,14:11,0
147,512,14:12,0
147,513,14:13,0
147,514,14:14,0
147,515,14:15,0
147,516,14:16,0
147,517,14:17,0
147,518,14:18,0
147,519,14:19,0
147,520,14:20,0
147,521,14:21,0
147,522,14:22,0
147,523,14:23,0
147,524,14:24,0
147,525,14:25,0
147,526,14:26,0
147,527,14:27,0
147,528,14:28,0
147,529,14:29,0
147,530,14:30,0
147,531,14:31,0
147,532,14:32,0
147,533,14:33,0
147,534,14:34,0
147,535,14:35,0
147,536,14:36,0
147,537,14:37,0
147,538,14:38,0
147,539,14:39,0
147,540,14:40,0
147,541,14:41,0
147,542,14:42,0
147,543,14:43,0
147,544,14:44,0
147,545,14:45,0
147,546,14:46,0
147,547,14:47,0
147,548,14:48,0
147,549,14:49,0
147,550,14:50,0
147,551,14:51,0
147,552,14:52,0
147,553,14:53,0
147,554,14:54,0
147,555,14:55,0
147,556,14:56,0
147,557,14:57,0
147,558,14:58,0
147,559,14:59,0
147,560,15:00,0
147,561,15:01,0
147,562,15:02,0
147,563,15:03,0
147,564,15:04,0
147,565,15:05,0
147,566,15:06,0
147,567,15:07,0
147,568,15:08,0
147,569,15:09,0
147,570,15:10,0
147,571,15:11,0
147,572,15:12,0
147,573,15:13,0
147,574,15:14,0
147,575,15:15,0
147,576,15:16,0
147,577,15:17,0
147,578,15:18,0
147,579,15:19,0
147,580,15:20,0
147,581,15:21,0
147,582,15:22,0
147,583,15:23,0
147,584,15:24,0
147,585,15:25,0
147,586,15:26,0
147,587,15:27,0
147,588,15:28,0
147,589,15:29,0
147,590,15:30,0
147,591,15:31,0
147,592,15:32,0
147,593,15:33,0
147,594,15:34,0
147,595,15:35,0
147,596,15:36,0
147,597,15:37,0
147,598,15:38,0
147,599,15:39,0
147,600,15:40,0
147,601,15:41,0
147,602,15:42,0
147,603,15:43,0
147,604,15:44,0
147,605,15:45,0
147,606,15:46,0
147,607,15:47,0
147,608,15:48,0
147,609,15:49,0
147,610,15:50,0
147,611,15:51,0
147,612,15:52,0
147,613,15:53,0
147,614,15:54,0
147,615,15:55,0
147,616,15:56,0
147,617,15:57,0
147,618,15:58,0
147,619,15:59,0
147,620,16:00,0
147,621,16:01,0
147,622,16:02,0
147,623,16:03,0
147,624,16:04,0
147,625,16:05,0
147,626,16:06,0
147,627,16:07,0
147,628,16:08,0
147,629,16:09,0
147,630,16:10,0
147,631,16:11,0
147,632,16:12,0
147,633,16:13,0
147,634,16:14,0
147,635,16:15,0
147,636,16:16,0
147,637,16:17,0
147,638,16:18,0
147,639,16:19,0
147,640,16:20,0
147,641,16:21,0
147,642,16:22,0
147,643,16:23,0
147,644,16:24,0
147,645,16:25,0
147,646,16:26,0
147,647,16:27,0
147,648,16:28,0
147,649,16:29,0
147,650,16:30,0
147,651,16:31,0
147,652,16:32,0
147,653,16:33,0
147,654,16:34,0
147,655,16:35,0
147,656,16:36,0
147,657,16:37,0
147,658,16:38,0
147,659,16:39,0
147,660,16:40,1
147,661,16:41,1
147,662,16:42,1
147,663,16:43,2
147,664,16:44,2
147,665,16:45,2
147,666,16:46,2
147,667,16:47,2
147,668,16:48,2
147,669,16:49,2
147,670,16:50,2
147,671,16:51,2
147,672,16:52,2
147,673,16:53,1
147,674,16:54,1
147,675,16:55,1
147,676,16:56,0
147,677,16:57,0
147,678,16:58,0
147,679,16:59,1
147,680,17:00,1
147,681,17:01,1
147,682,17:02,1
147,683,17:03,1
147,684,17:04,1
147,685,17:05,1
147,686,17:06,1
147,687,17:07,1
147,688,17:08,1
147,689,17:09,1
147,690,17:10,1
147,691,17:11,1
147,692,17:12,1
147,693,17:13,1
147,694,17:14,1
147,695,17:15,1
147,696,17:16,1
147,697,17:17,0
147,698,17:18,0
147,699,17:19,0
147,700,17:20,0
147,701,17:21,0
147,702,17:22,0
147,703,17:23,0
147,704,17:24,0
147,705,17:25,0
147,706,17:26,0
147,707,17:27,0
147,708,17:28,0
147,709,17:29,0
147,710,17:30,0
147,711,17:31,0
147,712,17:32,0
147,713,17:33,0
147,714,17:34,0
147,715,17:35,0
147,716,17:36,0
147,717,17:37,0
147,718,17:38,0
147,719,17:39,0
147,720,17:40,0
147,721,17:41,0
147,722,17:42,0
147,723,17:43,0
147,724,17:44,0
147,725,17:45,0
147,726,17:46,0
147,727,17:47,0
147,728,17:48,0
147,729,17:49,0
147,730,17:50,0
147,731,17:51,0
147,732,17:52,0
147,733,17:53,0
147,734,17:54,0
147,735,17:55,0
147,736,17:56,0
147,737,17:57,0
147,738,17:58,0
147,739,17:59,0
147,740,18:00,0
147,741,18:01,0
147,742,18:02,0
147,743,18:03,0
147,744,18:04,0
147,745,18:05,0
147,746,18:06,0
147,747,18:07,0
147,748,18:08,0
147,749,18:09,0
147,750,18:10,0
147,751,18:11,0
147,752,18:12,0
147,753,18:13,0
147,754,18:14,0
147,755,18:15,0
147,756,18:16,0
147,757,18:17,0
147,758,18:18,0
147,759,18:19,0
147,760,18:20,0
147,761,18:21,0
147,762,18:22,0
147,763,18:23,0
147,764,18:24,0
147,765,18:25,0
147,766,18:26,0
147,767,18:27,0
147,768,18:28,0
147,769,18:29,0
147,770,18:30,0
147,771,18:31,0
147,772,18:32,0
147,773,18:33,0
147,774,18:34,0
147,775,18:35,0
147,776,18:36,0
147,777,18:37,0
147,778,18:38,0
147,779,18:39,0
147,780,18:40,0
147,781,18:41,0
147,782,18:42,0
147,783,18:43,0
147,784,18:44,0
147,785,18:45,0
147,786,18:46,0
147,787,18:47,0
147,788,18:48,0
147,789,18:49,0
147,790,18:50,0
147,791,18:51,0
147,792,18:52,0
147,793,18:53,0
147,794,18:54,0
147,795,18:55,0
147,796,18:56,0
147,797,18:57,0
147,798,18:58,0
147,799,18:59,0
147,800,19:00,0
147,801,19:01,0
147,802,19:02,0
147,803,19:03,0
147,804,19:04,0
147,805,19:05,0
147,806,19:06,0
147,807,19:07,0
147,808,19:08,0
147,809,19:09,0
147,810,19:10,0
147,811,19:11,0
147,812,19:12,0
147,813,19:13,0
147,814,19:14,0
147,815,19:15,0
147,816,19:16,0
147,817,19:17,0
147,818,19:18,0
147,819,19:19,0
147,820,19:20,0
147,821,19:21,0
147,822,19:22,0
147,823,19:23,0
147,824,19:24,0
147,825,19:25,0
147,826,19:26,0
147,827,19:27,0
147,828,19:28,0
147,829,19:29,0
147,830,19:30,0
147,831,19:31,0
147,832,19:32,0
147,833,19:33,0
147,834,19:34,0
147,835,19:35,0
148,0,05:40,0
148,1,05:41,0
148,2,05:42,0
148,3,05:43,0
148,4,05:44,0
148,5,05:45,0
148,6,05:46,0
148,7,05:47,0
148,8,05:48,0
148,9,05:49,0
148,10,05:50,0
148,11,05:51,0
148,12,05:52,0
148,13,05:53,0
148,14,05:54,0
148,15,05:55,0
148,16,05:56,0
148,17,05:57,0
148,18,05:58,0
148,19,05:59,0
148,20,06:00,0
148,21,06:01,0
148,22,06:02,0
148,23,06:03,0
148,24,06:04,0
148,25,06:05,0
148,26,06:06,0
148,27,06:07,0
148,28,06:08,0
148,29,06:09,0
148,30,06:10,0
148,31,06:11,0
148,32,06:12,0
148,33,06:13,0
148,34,06:14,0
148,35,06:15,0
148,36,06:16,0
148,37,06:17,0
148,38,06:18,0
148,39,06:19,0
148,40,06:20,0
148,41,06:21,0
148,42,06:22,0
148,43,06:23,0
148,44,06:24,0
148,45,06:25,0
148,46,06:26,0
148,47,06:27,0
148,48,06:28,0
148,49,06:29,0
148,50,06:30,0
148,51,06:31,0
148,52,06:32,0
148,53,06:33,0
148,54,06:34,0
148,55,06:35,0
148,56,06:36,0
148,57,06:37,0
148,58,06:38,0
148,59,06:39,0
148,60,06:40,0
148,61,06:41,0
148,62,06:42,0
148,63,06:43,0
148,64,06:44,0
148,65,06:45,0
148,66,06:46,0
148,67,06:47,0
148,68,06:48,0
148,69,06:49,0
148,70,06:50,0
148,71,06:51,0
148,72,06:52,0
148,73,06:53,0
148,74,06:54,0
148,75,06:55,0
148,76,06:56,0
148,77,06:57,0
148,78,06:58,0
148,79,06:59,0
148,80,07:00,0
148,81,07:01,0
148,82,07:02,0
148,83,07:03,0
148,84,07:04,0
148,85,07:05,0
148,86,07:06,0
148,87,07:07,0
148,88,07:08,0
148,89,07:09,0
148,90,07:10,0
148,91,07:11,0
148,92,07:12,0
148,93,07:13,0
148,94,07:14,0
148,95,07:15,0
148,96,07:16,0
148,97,07:17,0
148,98,07:18,0
148,99,07:19,0
148,100,07:20,0
148,101,07:21,0
148,102,07:22,0
148,103,07:23,0
148,104,07:24,0
148,105,07:25,0
148,106,07:26,0
148,107,07:27,0
148,108,07:28,0
148,109,07:29,0
148,110,07:30,0
148,111,07:31,0
148,112,07:32,0
148,113,07:33,0
148,114,07:34,0
148,115,07:35,0
148,116,07:36,0
148,117,07:37,0
148,118,07:38,0
148,119,07:39,0
148,120,07:40,0
148,121,07:41,0
148,122,07:42,0
148,123,07:43,0
148,124,07:44,0
148,125,07:45,0
148,126,07:46,0
148,127,07:47,0
148,128,07:48,0
148,129,07:49,0
148,130,07:50,0
148,131,07:51,0
148,132,07:52,0
148,133,07:53,0
148,134,07:54,0
148,135,07:55,0
148,136,07:56,0
148,137,07:57,0
148,138,07:58,0
148,139,07:59,0
148,140,08:00,0
148,141,08:01,0
148,142,08:02,0
148,143,08:03,0
148,144,08:04,0
148,145,08:05,0
148,146,08:06,0
148,147,08:07,0
148,148,08:08,0
148,149,08:09,0
148,150,08:10,0
148,151,08:11,0
148,152,08:12,0
148,153,08:13,0
148,154,08:14,0
148,155,08:15,0
148,156,08:16,0
148,157,08:17,0
148,158,08:18,0
148,159,08:19,0
148,160,08:20,0
148,161,08:21,0
148,162,08:22,0
148,163,08:23,0
148,164,08:24,0
148,165,08:25,0
148,166,08:26,0
148,167,08:27,0
148,168,08:28,0
148,169,08:29,0
148,170,08:30,0
148,171,08:31,0
148,172,08:32,0
148,173,08:33,0
148,174,08:34,0
148,175,08:35,0
148,176,08:36,0
148,177,08:37,0
148,178,08:38,0
148,179,08:39,0
148,180,08:40,0
148,181,08:41,0
148,182,08:42,0
148,183,08:43,0
148,184,08:44,0
148,185,08:45,0
148,186,08:46,0
148,187,08:47,0
148,188,08:48,0
148,189,08:49,0
148,190,08:50,0
148,191,08:51,0
148,192,08:52,0
148,193,08:53,0
148,194,08:54,0
148,195,08:55,0
148,196,08:56,0
148,197,08:57,0
148,198,08:58,0
148,199,08:59,0
148,200,09:00,0
148,201,09:01,0
148,202,09:02,0
148,203,09:03,0
148,204,09:04,0
148,205,09:05,0
148,206,09:06,0
148,207,09:07,0
148,208,09:08,0
148,209,09:09,0
148,210,09:10,0
148,211,09:11,0
148,212,09:12,0
148,213,09:13,0
148,214,09:14,0
148,215,09:15,0
148,216,09:16,0
148,217,09:17,0
148,218,09:18,0
148,219,09:19,0
148,220,09:20,0
148,221,09:21,0
148,222,09:22,0
148,223,09:23,0
148,224,09:24,0
148,225,09:25,0
148,226,09:26,0
148,227,09:27,0
148,228,09:28,0
148,229,09:29,0
148,230,09:30,0
148,231,09:31,0
148,232,09:32,0
148,233,09:33,0
148,234,09:34,0
148,235,09:35,0
148,236,09:36,0
148,237,09:37,0
148,238,09:38,0
148,239,09:39,0
148,240,09:40,0
148,241,09:41,0
148,242,09:42,0
148,243,09:43,0
148,244,09:44,0
148,245,09:45,0
148,246,09:46,0
148,247,09:47,0
148,248,09:48,0
148,249,09:49,0
148,250,09:50,0
148,251,09:51,0
148,252,09:52,0
148,253,09:53,0
148,254,09:54,0
148,255,09:55,0
148,256,09:56,0
148,257,09:57,0
148,258,09:58,0
148,259,09:59,0
148,260,10:00,0
148,261,10:01,0
148,262,10:02,0
148,263,10:03,0
148,264,10:04,0
148,265,10:05,0
148,266,10:06,0
148,267,10:07,0
148,268,10:08,0
148,269,10:09,0
148,270,10:10,0
148,271,10:11,0
148,272,10:12,0
148,273,10:13,0
148,274,10:14,0
148,275,10:15,0
148,276,10:16,0
148,277,10:17,0
148,278,10:18,0
148,279,10:19,0
148,280,10:20,0
148,281,10:21,0
148,282,10:22,0
148,283,10:23,0
148,284,10:24,0
148,285,10:25,0
148,286,10:26,0
148,287,10:27,0
148,288,10:28,0
148,289,10:29,0
148,290,10:30,0
148,291,10:31,0
148,292,10:32,0
148,293,10:33,0
148,294,10:34,0
148,295,10:35,0
148,296,10:36,0
148,297,10:37,0
148,298,10:38,0
148,299,10:39,0
148,300,10:40,0
148,301,10:41,0
148,302,10:42,0
148,303,10:43,0
148,304,10:44,0
148,305,10:45,0
148,306,10:46,0
148,307,10:47,0
148,308,10:48,0
148,309,10:49,0
148,310,10:50,0
148,311,10:51,0
148,312,10:52,0
148,313,10:53,0
148,314,10:54,0
148,315,10:55,0
148,316,10:56,0
148,317,10:57,0
148,318,10:58,0
148,319,10:59,0
148,320,11:00,0
148,321,11:01,0
148,322,11:02,0
148,323,11:03,0
148,324,11:04,0
148,325,11:05,0
148,326,11:06,0
148,327,11:07,0
148,328,11:08,0
148,329,11:09,0
148,330,11:10,0
148,331,11:11,0
148,332,11:12,0
148,333,11:13,0
148,334,11:14,0
148,335,11:15,0
148,336,11:16,0
148,337,11:17,0
148,338,11:18,0
148,339,11:19,0
148,340,11:20,0
148,341,11:21,0
148,342,11:22,0
148,343,11:23,0
148,344,11:24,0
148,345,11:25,0
148,346,11:26,0
148,347,11:27,0
148,348,11:28,0
148,349,11:29,0
148,350,11:30,0
148,351,11:31,0
148,352,11:32,0
148,353,11:33,0
148,354,11:34,0
148,355,11:35,0
148,356,11:36,0
148,357,11:37,0
148,358,11:38,0
148,359,11:39,0
148,360,11:40,0
148,361,11:41,0
148,362,11:42,0
148,363,11:43,0
148,364,11:44,0
148,365,11:45,0
148,366,11:46,0
148,367,11:47,0
148,368,11:48,0
148,369,11:49,0
148,370,11:50,0
148,371,11:51,0
148,372,11:52,0
148,373,11:53,0
148,374,11:54,0
148,375,11:55,0
148,376,11:56,0
148,377,11:57,0
148,378,11:58,0
148,379,11:59,0
148,380,12:00,0
148,381,12:01,0
148,382,12:02,0
148,383,12:03,0
148,384,12:04,0
148,385,12:05,0
148,386,12:06,0
148,387,12:07,0
148,388,12:08,0
148,389,12:09,0
148,390,12:10,0
148,391,12:11,0
148,392,12:12,0
148,393,12:13,0
148,394,12:14,0
148,395,12:15,0
148,396,12:16,0
148,397,12:17,0
148,398,12:18,0
148,399,12:19,0
148,400,12:20,0
148,401,12:21,0
148,402,12:22,0
148,403,12:23,0
148,404,12:24,0
148,405,12:25,0
148,406,12:26,0
148,407,12:27,0
148,408,12:28,0
148,409,12:29,0
148,410,12:30,0
148,411,12:31,0
148,412,12:32,0
148,413,12:33,0
148,414,12:34,0
148,415,12:35,0
148,416,12:36,0
148,417,12:37,0
148,418,12:38,0
148,419,12:39,0
148,420,12:40,0
148,421,12:41,0
148,422,12:42,0
148,423,12:43,0
148,424,12:44,0
148,425,12:45,0
148,426,12:46,0
148,427,12:47,0
148,428,12:48,0
148,429,12:49,0
148,430,12:50,0
148,431,12:51,0
148,432,12:52,0
148,433,12:53,0
148,434,12:54,0
148,435,12:55,0
148,436,12:56,0
148,437,12:57,0
148,438,12:58,0
148,439,12:59,0
148,440,13:00,0
148,441,13:01,0
148,442,13:02,0
148,443,13:03,0
148,444,13:04,0
148,445,13:05,0
148,446,13:06,0
148,447,13:07,0
148,448,13:08,0
148,449,13:09,0
148,450,13:10,0
148,451,13:11,0
148,452,13:12,0
148,453,13:13,0
148,454,13:14,0
148,455,13:15,0
148,456,13:16,0
148,457,13:17,0
148,458,13:18,0
148,459,13:19,0
148,460,13:20,0
148,461,13:21,0
148,462,13:22,0
148,463,13:23,0
148,464,13:24,0
148,465,13:25,0
148,466,13:26,0
148,467,13:27,0
148,468,13:28,0
148,469,13:29,0
148,470,13:30,0
148,471,13:31,0
148,472,13:32,0
148,473,13:33,0
148,474,13:34,0
148,475,13:35,0
148,476,13:36,0
148,477,13:37,0
148,478,13:38,0
148,479,13:39,0
148,480,13:40,0
148,481,13:41,0
148,482,13:42,0
148,483,13:43,0
148,484,13:44,0
148,485,13:45,0
148,486,13:46,0
148,487,13:47,0
148,488,13:48,0
148,489,13:49,0
148,490,13:50,0
148,491,13:51,0
148,492,13:52,0
148,493,13:53,0
148,494,13:54,0
148,495,13:55,0
148,496,13:56,0
148,497,13:57,0
148,498,13:58,0
148,499,13:59,0
148,500,14:00,0
148,501,14:01,0
148,502,14:02,0
148,503,14:03,0
148,504,14:04,0
148,505,14:05,0
148,506,14:06,0
148,507,14:07,0
148,508,14:08,0
148,509,14:09,0
148,510,14:10,0
148,511,14:11,0
148,512,14:12,0
148,513,14:13,0
148,514,14:14,0
148,515,14:15,0
148,516,14:16,0
148,517,14:17,0
148,518,14:18,0
148,519,14:19,0
148,520,14:20,0
148,521,14:21,0
148,522,14:22,0
148,523,14:23,0
148,524,14:24,0
148,525,14:25,0
148,526,14:26,0
148,527,14:27,0
148,528,14:28,0
148,529,14:29,0
148,530,14:30,0
148,531,14:31,0
148,532,14:32,0
148,533,14:33,0
148,534,14:34,0
148,535,14:35,0
148,536,14:36,0
148,537,14:37,0
148,538,14:38,0
148,539,14:39,0
148,540,14:40,0
148,541,14:41,0
148,542,14:42,0
148,543,14:43,0
148,544,14:44,0
148,545,14:45,0
148,546,14:46,0
148,547,14:47,0
148,548,14:48,0
148,549,14:49,0
148,550,14:50,0
148,551,14:51,0
148,552,14:52,0
148,553,14:53,0
148,554,14:54,0
148,555,14:55,0
148,556,14:56,0
148,557,14:57,0
148,558,14:58,0
148,559,14:59,0
148,560,15:00,0
148,561,15:01,0
148,562,15:02,0
148,563,15:03,0
148,564,15:04,0
148,565,15:05,0
148,566,15:06,0
148,567,15:07,0
148,568,15:08,0
148,569,15:09,0
148,570,15:10,0
148,571,15:11,0
148,572,15:12,0
148,573,15:13,0
148,574,15:14,0
148,575,15:15,0
148,576,15:16,0
148,577,15:17,0
148,578,15:18,0
148,579,15:19,0
148,580,15:20,0
148,581,15:21,0
148,582,15:22,0
148,583,15:23,0
148,584,15:24,0
148,585,15:25,0
148,586,15:26,0
148,587,15:27,0
148,588,15:28,0
148,589,15:29,0
148,590,15:30,0
148,591,15:31,0
148,592,15:32,0
148,593,15:33,0
148,594,15:34,0
148,595,15:35,0
148,596,15:36,0
148,597,15:37,0
148,598,15:38,0
148,599,15:39,0
148,600,15:40,0
148,601,15:41,0
148,602,15:42,0
148,603,15:43,0
148,604,15:44,0
148,605,15:45,0
148,606,15:46,0
148,607,15:47,0
148,608,15:48,0
148,609,15:49,0
148,610,15:50,0
148,611,15:51,0
148,612,15:52,0
148,613,15:53,0
148,614,15:54,0
148,615,15:55,0
148,616,15:56,0
148,617,15:57,0
148,618,15:58,0
148,619,15:59,0
148,620,16:00,0
148,621,16:01,0
148,622,16:02,0
148,623,16:03,0
148,624,16:04,0
148,625,16:05,0
148,626,16:06,0
148,627,16:07,0
148,628,16:08,0
148,629,16:09,0
148,630,16:10,0
148,631,16:11,0
148,632,16:12,0
148,633,16:13,0
148,634,16:14,0
148,635,16:15,0
148,636,16:16,0
148,637,16:17,0
148,638,16:18,0
148,639,16:19,0
148,640,16:20,0
148,641,16:21,0
148,642,16:22,0
148,643,16:23,0
148,644,16:24,0
148,645,16:25,0
148,646,16:26,0
148,647,16:27,0
148,648,16:28,0
148,649,16:29,0
148,650,16:30,0
148,651,16:31,0
148,652,16:32,0
148,653,16:33,0
148,654,16:34,0
148,655,16:35,0
148,656,16:36,0
148,657,16:37,0
148,658,16:38,0
148,659,16:39,0
148,660,16:40,0
148,661,16:41,0
148,662,16:42,0
148,663,16:43,0
148,664,16:44,0
148,665,16:45,0
148,666,16:46,0
148,667,16:47,0
148,668,16:48,0
148,669,16:49,0
148,670,16:50,0
148,671,16:51,0
148,672,16:52,0
148,673,16:53,0
148,674,16:54,0
148,675,16:55,0
148,676,16:56,0
148,677,16:57,0
148,678,16:58,0
148,679,16:59,0
148,680,17:00,0
148,681,17:01,0
148,682,17:02,0
148,683,17:03,0
148,684,17:04,0
148,685,17:05,0
148,686,17:06,0
148,687,17:07,0
148,688,17:08,0
148,689,17:09,0
148,690,17:10,0
148,691,17:11,0
148,692,17:12,0
148,693,17:13,0
148,694,17:14,0
148,695,17:15,0
148,696,17:16,0
148,697,17:17,0
148,698,17:18,0
148,699,17:19,0
148,700,17:20,0
148,701,17:21,0
148,702,17:22,0
148,703,17:23,0
148,704,17:24,0
148,705,17:25,0
148,706,17:26,0
148,707,17:27,0
148,708,17:28,0
148,709,17:29,0
148,710,17:30,0
148,711,17:31,0
148,712,17:32,0
148,713,17:33,0
148,714,17:34,0
148,715,17:35,0
148,716,17:36,0
148,717,17:37,0
148,718,17:38,0
148,719,17:39,0
148,720,17:40,0
148,721,17:41,0
148,722,17:42,0
148,723,17:43,0
148,724,17:44,0
148,725,17:45,0
148,726,17:46,0
148,727,17:47,0
148,728,17:48,0
148,729,17:49,0
148,730,17:50,0
148,731,17:51,0
148,732,17:52,0
148,733,17:53,0
148,734,17:54,0
148,735,17:55,0
148,736,17:56,0
148,737,17:57,0
148,738,17:58,0
148,739,17:59,0
148,740,18:00,0
148,741,18:01,0
148,742,18:02,0
148,743,18:03,0
148,744,18:04,0
148,745,18:05,0
148,746,18:06,0
148,747,18:07,0
148,748,18:08,0
148,749,18:09,0
148,750,18:10,0
148,751,18:11,0
148,752,18:12,0
148,753,18:13,0
148,754,18:14,0
148,755,18:15,0
148,756,18:16,0
148,757,18:17,0
148,758,18:18,0
148,759,18:19,0
148,760,18:20,0
148,761,18:21,0
148,762,18:22,0
148,763,18:23,0
148,764,18:24,0
148,765,18:25,0
148,766,18:26,0
148,767,18:27,0
148,768,18:28,0
148,769,18:29,0
148,770,18:30,0
148,771,18:31,0
148,772,18:32,0
148,773,18:33,0
148,774,18:34,0
148,775,18:35,0
148,776,18:36,0
148,777,18:37,0
148,778,18:38,0
148,779,18:39,0
148,780,18:40,0
148,781,18:41,0
148,782,18:42,0
148,783,18:43,0
148,784,18:44,0
148,785,18:45,0
148,786,18:46,0
148,787,18:47,0
148,788,18:48,0
148,789,18:49,0
148,790,18:50,0
148,791,18:51,0
148,792,18:52,0
148,793,18:53,0
148,794,18:54,0
148,795,18:55,0
148,796,18:56,0
148,797,18:57,0
148,798,18:58,0
148,799,18:59,0
148,800,19:00,0
148,801,19:01,0
148,802,19:02,0
148,803,19:03,0
148,804,19:04,0
148,805,19:05,0
148,806,19:06,0
148,807,19:07,0
148,808,19:08,0
148,809,19:09,0
148,810,19:10,0
148,811,19:11,0
148,812,19:12,0
148,813,19:13,0
148,814,19:14,0
148,815,19:15,0
148,816,19:16,0
148,817,19:17,0
148,818,19:18,0
148,819,19:19,0
148,820,19:20,0
148,821,19:21,0
148,822,19:22,0
148,823,19:23,0
148,824,19:24,0
148,825,19:25,0
148,826,19:26,0
148,827,19:27,0
148,828,19:28,0
148,829,19:29,0
148,830,19:30,0
148,831,19:31,0
148,832,19:32,0
148,833,19:33,0
148,834,19:34,0
148,835,19:35,0
149,0,05:40,0
149,1,05:41,0
149,2,05:42,0
149,3,05:43,0
149,4,05:44,0
149,5,05:45,0
149,6,05:46,0
149,7,05:47,0
149,8,05:48,0
149,9,05:49,0
149,10,05:50,0
149,11,05:51,0
149,12,05:52,0
149,13,05:53,0
149,14,05:54,0
149,15,05:55,0
149,16,05:56,0
149,17,05:57,0
149,18,05:58,0
149,19,05:59,0
149,20,06:00,0
149,21,06:01,0
149,22,06:02,0
149,23,06:03,0
149,24,06:04,0
149,25,06:05,0
149,26,06:06,0
149,27,06:07,0
149,28,06:08,0
149,29,06:09,0
149,30,06:10,0
149,31,06:11,0
149,32,06:12,0
149,33,06:13,0
149,34,06:14,0
149,35,06:15,0
149,36,06:16,0
149,37,06:17,0
149,38,06:18,0
149,39,06:19,0
149,40,06:20,0
149,41,06:21,0
149,42,06:22,0
149,43,06:23,0
149,44,06:24,0
149,45,06:25,0
149,46,06:26,0
149,47,06:27,0
149,48,06:28,0
149,49,06:29,0
149,50,06:30,0
149,51,06:31,0
149,52,06:32,0
149,53,06:33,0
149,54,06:34,0
149,55,06:35,0
149,56,06:36,0
149,57,06:37,0
149,58,06:38,0
149,59,06:39,0
149,60,06:40,0
149,61,06:41,0
149,62,06:42,0
149,63,06:43,0
149,64,06:44,0
149,65,06:45,0
149,66,06:46,0
149,67,06:47,0
149,68,06:48,0
149,69,06:49,0
149,70,06:50,0
149,71,06:51,0
149,72,06:52,0
149,73,06:53,0
149,74,06:54,0
149,75,06:55,0
149,76,06:56,0
149,77,06:57,0
149,78,06:58,0
149,79,06:59,0
149,80,07:00,0
149,81,07:01,0
149,82,07:02,0
149,83,07:03,0
149,84,07:04,0
149,85,07:05,0
149,86,07:06,0
149,87,07:07,0
149,88,07:08,0
149,89,07:09,0
149,90,07:10,0
149,91,07:11,0
149,92,07:12,0
149,93,07:13,0
149,94,07:14,0
149,95,07:15,0
149,96,07:16,0
149,97,07:17,0
149,98,07:18,0
149,99,07:19,0
149,100,07:20,0
149,101,07:21,0
149,102,07:22,0
149,103,07:23,0
149,104,07:24,0
149,105,07:25,0
149,106,07:26,0
149,107,07:27,0
149,108,07:28,0
149,109,07:29,0
149,110,07:30,0
149,111,07:31,0
149,112,07:32,0
149,113,07:33,0
149,114,07:34,0
149,115,07:35,0
149,116,07:36,0
149,117,07:37,0
149,118,07:38,0
149,119,07:39,0
149,120,07:40,0
149,121,07:41,0
149,122,07:42,0
149,123,07:43,0
149,124,07:44,0
149,125,07:45,0
149,126,07:46,0
149,127,07:47,0
149,128,07:48,0
149,129,07:49,0
149,130,07:50,0
149,131,07:51,0
149,132,07:52,0
149,133,07:53,0
149,134,07:54,0
149,135,07:55,0
149,136,07:56,0
149,137,07:57,0
149,138,07:58,0
149,139,07:59,0
149,140,08:00,0
149,141,08:01,0
149,142,08:02,0
149,143,08:03,0
149,144,08:04,0
149,145,08:05,0
149,146,08:06,0
149,147,08:07,0
149,148,08:08,0
149,149,08:09,0
149,150,08:10,0
149,151,08:11,0
149,152,08:12,0
149,153,08:13,0
149,154,08:14,0
149,155,08:15,0
149,156,08:16,0
149,157,08:17,0
149,158,08:18,0
149,159,08:19,0
149,160,08:20,0
149,161,08:21,0
149,162,08:22,0
149,163,08:23,0
149,164,08:24,0
149,165,08:25,0
149,166,08:26,0
149,167,08:27,0
149,168,08:28,0
149,169,08:29,0
149,170,08:30,0
149,171,08:31,0
149,172,08:32,0
149,173,08:33,0
149,174,08:34,0
149,175,08:35,0
149,176,08:36,0
149,177,08:37,0
149,178,08:38,0
149,179,08:39,0
149,180,08:40,0
149,181,08:41,0
149,182,08:42,0
149,183,08:43,0
149,184,08:44,0
149,185,08:45,0
149,186,08:46,0
149,187,08:47,0
149,188,08:48,0
149,189,08:49,0
149,190,08:50,0
149,191,08:51,0
149,192,08:52,0
149,193,08:53,0
149,194,08:54,0
149,195,08:55,0
149,196,08:56,0
149,197,08:57,0
149,198,08:58,0
149,199,08:59,0
149,200,09:00,0
149,201,09:01,0
149,202,09:02,0
149,203,09:03,0
149,204,09:04,0
149,205,09:05,0
149,206,09:06,0
149,207,09:07,0
149,208,09:08,0
149,209,09:09,0
149,210,09:10,0
149,211,09:11,0
149,212,09:12,0
149,213,09:13,0
149,214,09:14,0
149,215,09:15,0
149,216,09:16,0
149,217,09:17,0
149,218,09:18,0
149,219,09:19,0
149,220,09:20,0
149,221,09:21,0
149,222,09:22,0
149,223,09:23,0
149,224,09:24,0
149,225,09:25,0
149,226,09:26,0
149,227,09:27,0
149,228,09:28,0
149,229,09:29,0
149,230,09:30,0
149,231,09:31,0
149,232,09:32,0
149,233,09:33,0
149,234,09:34,0
149,235,09:35,0
149,236,09:36,0
149,237,09:37,0
149,238,09:38,0
149,239,09:39,0
149,240,09:40,0
149,241,09:41,0
149,242,09:42,0
149,243,09:43,0
149,244,09:44,0
149,245,09:45,0
149,246,09:46,0
149,247,09:47,0
149,248,09:48,0
149,249,09:49,0
149,250,09:50,0
149,251,09:51,0
149,252,09:52,0
149,253,09:53,0
149,254,09:54,0
149,255,09:55,0
149,256,09:56,0
149,257,09:57,0
149,258,09:58,0
149,259,09:59,0
149,260,10:00,0
149,261,10:01,0
149,262,10:02,0
149,263,10:03,0
149,264,10:04,0
149,265,10:05,0
149,266,10:06,0
149,267,10:07,0
149,268,10:08,0
149,269,10:09,0
149,270,10:10,1
149,271,10:11,1
149,272,10:12,1
149,273,10:13,2
149,274,10:14,2
149,275,10:15,2
149,276,10:16,3
149,277,10:17,3
149,278,10:18,3
149,279,10:19,3
149,280,10:20,3
149,281,10:21,3
149,282,10:22,3
149,283,10:23,3
149,284,10:24,3
149,285,10:25,3
149,286,10:26,3
149,287,10:27,3
149,288,10:28,3
149,289,10:29,3
149,290,10:30,3
149,291,10:31,3
149,292,10:32,3
149,293,10:33,3
149,294,10:34,2
149,295,10:35,2
149,296,10:36,2
149,297,10:37,1
149,298,10:38,1
149,299,10:39,1
149,300,10:40,0
149,301,10:41,0
149,302,10:42,0
149,303,10:43,0
149,304,10:44,0
149,305,10:45,0
149,306,10:46,0
149,307,10:47,0
149,308,10:48,0
149,309,10:49,0
149,310,10:50,0
149,311,10:51,0
149,312,10:52,0
149,313,10:53,0
149,314,10:54,0
149,315,10:55,0
149,316,10:56,0
149,317,10:57,0
149,318,10:58,0
149,319,10:59,0
149,320,11:00,0
149,321,11:01,0
149,322,11:02,0
149,323,11:03,0
149,324,11:04,0
149,325,11:05,0
149,326,11:06,0
149,327,11:07,0
149,328,11:08,0
149,329,11:09,0
149,330,11:10,0
149,331,11:11,0
149,332,11:12,0
149,333,11:13,0
149,334,11:14,0
149,335,11:15,0
149,336,11:16,0
149,337,11:17,0
149,338,11:18,0
149,339,11:19,0
149,340,11:20,0
149,341,11:21,0
149,342,11:22,0
149,343,11:23,0
149,344,11:24,0
149,345,11:25,0
149,346,11:26,0
149,347,11:27,0
149,348,11:28,0
149,349,11:29,0
149,350,11:30,0
149,351,11:31,0
149,352,11:32,0
149,353,11:33,0
149,354,11:34,0
149,355,11:35,0
149,356,11:36,0
149,357,11:37,0
149,358,11:38,0
149,359,11:39,0
149,360,11:40,0
149,361,11:41,0
149,362,11:42,0
149,363,11:43,0
149,364,11:44,0
149,365,11:45,0
149,366,11:46,0
149,367,11:47,0
149,368,11:48,0
149,369,11:49,0
149,370,11:50,0
149,371,11:51,0
149,372,11:52,0
149,373,11:53,0
149,374,11:54,0
149,375,11:55,0
149,376,11:56,0
149,377,11:57,0
149,378,11:58,0
149,379,11:59,0
149,380,12:00,0
149,381,12:01,0
149,382,12:02,0
149,383,12:03,0
149,384,12:04,0
149,385,12:05,0
149,386,12:06,0
149,387,12:07,0
149,388,12:08,0
149,389,12:09,0
149,390,12:10,0
149,391,12:11,0
149,392,12:12,0
149,393,12:13,0
149,394,12:14,0
149,395,12:15,0
149,396,12:16,0
149,397,12:17,0
149,398,12:18,0
149,399,12:19,0
149,400,12:20,0
149,401,12:21,0
149,402,12:22,0
149,403,12:23,0
149,404,12:24,0
149,405,12:25,0
149,406,12:26,0
149,407,12:27,0
149,408,12:28,0
149,409,12:29,0
149,410,12:30,0
149,411,12:31,0
149,412,12:32,0
149,413,12:33,0
149,414,12:34,0
149,415,12:35,0
149,416,12:36,0
149,417,12:37,0
149,418,12:38,0
149,419,12:39,0
149,420,12:40,0
149,421,12:41,0
149,422,12:42,0
149,423,12:43,0
149,424,12:44,0
149,425,12:45,0
149,426,12:46,0
149,427,12:47,0
149,428,12:48,0
149,429,12:49,0
149,430,12:50,0
149,431,12:51,0
149,432,12:52,0
149,433,12:53,0
149,434,12:54,0
149,435,12:55,0
149,436,12:56,0
149,437,12:57,0
149,438,12:58,0
149,439,12:59,0
149,440,13:00,0
149,441,13:01,0
149,442,13:02,0
149,443,13:03,0
149,444,13:04,0
149,445,13:05,0
149,446,13:06,0
149,447,13:07,0
149,448,13:08,0
149,449,13:09,0
149,450,13:10,0
149,451,13:11,0
149,452,13:12,0
149,453,13:13,0
149,454,13:14,0
149,455,13:15,0
149,456,13:16,0
149,457,13:17,0
149,458,13:18,0
149,459,13:19,0
149,460,13:20,0
149,461,13:21,0
149,462,13:22,0
149,463,13:23,0
149,464,13:24,0
149,465,13:25,0
149,466,13:26,0
149,467,13:27,0
149,468,13:28,0
149,469,13:29,0
149,470,13:30,0
149,471,13:31,0
149,472,13:32,0
149,473,13:33,0
149,474,13:34,0
149,475,13:35,0
149,476,13:36,0
149,477,13:37,0
149,478,13:38,0
149,479,13:39,0
149,480,13:40,0
149,481,13:41,0
149,482,13:42,0
149,483,13:43,0
149,484,13:44,0
149,485,13:45,0
149,486,13:46,0
149,487,13:47,0
149,488,13:48,0
149,489,13:49,0
149,490,13:50,0
149,491,13:51,0
149,492,13:52,0
149,493,13:53,0
149,494,13:54,0
149,495,13:55,0
149,496,13:56,0
149,497,13:57,0
149,498,13:58,0
149,499,13:59,0
149,500,14:00,0
149,501,14:01,0
149,502,14:02,0
149,503,14:03,0
149,504,14:04,0
149,505,14:05,0
149,506,14:06,0
149,507,14:07,0
149,508,14:08,0
149,509,14:09,0
149,510,14:10,0
149,511,14:11,0
149,512,14:12,0
149,513,14:13,0
149,514,14:14,0
149,515,14:15,0
149,516,14:16,0
149,517,14:17,0
149,518,14:18,0
149,519,14:19,0
149,520,14:20,0
149,521,14:21,0
149,522,14:22,0
149,523,14:23,0
149,524,14:24,0
149,525,14:25,0
149,526,14:26,0
149,527,14:27,0
149,528,14:28,0
149,529,14:29,0
149,530,14:30,0
149,531,14:31,0
149,532,14:32,0
149,533,14:33,0
149,534,14:34,0
149,535,14:35,0
149,536,14:36,0
149,537,14:37,0
149,538,14:38,0
149,539,14:39,0
149,540,14:40,0
149,541,14:41,0
149,542,14:42,0
149,543,14:43,0
149,544,14:44,0
149,545,14:45,0
149,546,14:46,0
149,547,14:47,0
149,548,14:48,0
149,549,14:49,0
149,550,14:50,1
149,551,14:51,1
149,552,14:52,1
149,553,14:53,2
149,554,14:54,2
149,555,14:55,2
149,556,14:56,2
149,557,14:57,2
149,558,14:58,2
149,559,14:59,2
149,560,15:00,2
149,561,15:01,2
149,562,15:02,2
149,563,15:03,1
149,564,15:04,1
149,565,15:05,1
149,566,15:06,0
149,567,15:07,0
149,568,15:08,0
149,569,15:09,0
149,570,15:10,0
149,571,15:11,0
149,572,15:12,0
149,573,15:13,0
149,574,15:14,0
149,575,15:15,0
149,576,15:16,0
149,577,15:17,0
149,578,15:18,0
149,579,15:19,0
149,580,15:20,0
149,581,15:21,0
149,582,15:22,0
149,583,15:23,0
149,584,15:24,0
149,585,15:25,0
149,586,15:26,0
149,587,15:27,0
149,588,15:28,0
149,589,15:29,1
149,590,15:30,1
149,591,15:31,1
149,592,15:32,1
149,593,15:33,1
149,594,15:34,1
149,595,15:35,1
149,596,15:36,1
149,597,15:37,1
149,598,15:38,1
149,599,15:39,2
149,600,15:40,2
149,601,15:41,2
149,602,15:42,2
149,603,15:43,2
149,604,15:44,2
149,605,15:45,2
149,606,15:46,2
149,607,15:47,1
149,608,15:48,1
149,609,15:49,1
149,610,15:50,1
149,611,15:51,1
149,612,15:52,1
149,613,15:53,1
149,614,15:54,1
149,615,15:55,1
149,616,15:56,1
149,617,15:57,1
149,618,15:58,1
149,619,15:59,1
149,620,16:00,1
149,621,16:01,1
149,622,16:02,1
149,623,16:03,1
149,624,16:04,1
149,625,16:05,0
149,626,16:06,0
149,627,16:07,0
149,628,16:08,1
149,629,16:09,1
149,630,16:10,1
149,631,16:11,1
149,632,16:12,1
149,633,16:13,1
149,634,16:14,1
149,635,16:15,1
149,636,16:16,1
149,637,16:17,1
149,638,16:18,1
149,639,16:19,1
149,640,16:20,1
149,641,16:21,1
149,642,16:22,1
149,643,16:23,1
149,644,16:24,1
149,645,16:25,1
149,646,16:26,1
149,647,16:27,1
149,648,16:28,1
149,649,16:29,1
149,650,16:30,0
149,651,16:31,0
149,652,16:32,0
149,653,16:33,0
149,654,16:34,0
149,655,16:35,0
149,656,16:36,0
149,657,16:37,0
149,658,16:38,0
149,659,16:39,0
149,660,16:40,0
149,661,16:41,0
149,662,16:42,0
149,663,16:43,0
149,664,16:44,0
149,665,16:45,0
149,666,16:46,0
149,667,16:47,0
149,668,16:48,0
149,669,16:49,0
149,670,16:50,0
149,671,16:51,0
149,672,16:52,0
149,673,16:53,0
149,674,16:54,0
149,675,16:55,0
149,676,16:56,0
149,677,16:57,0
149,678,16:58,0
149,679,16:59,0
149,680,17:00,0
149,681,17:01,0
149,682,17:02,0
149,683,17:03,0
149,684,17:04,0
149,685,17:05,0
149,686,17:06,0
149,687,17:07,0
149,688,17:08,0
149,689,17:09,0
149,690,17:10,0
149,691,17:11,0
149,692,17:12,0
149,693,17:13,0
149,694,17:14,0
149,695,17:15,0
149,696,17:16,0
149,697,17:17,0
149,698,17:18,0
149,699,17:19,0
149,700,17:20,0
149,701,17:21,0
149,702,17:22,0
149,703,17:23,0
149,704,17:24,0
149,705,17:25,0
149,706,17:26,0
149,707,17:27,0
149,708,17:28,0
149,709,17:29,0
149,710,17:30,0
149,711,17:31,0
149,712,17:32,0
149,713,17:33,0
149,714,17:34,0
149,715,17:35,0
149,716,17:36,0
149,717,17:37,0
149,718,17:38,0
149,719,17:39,0
149,720,17:40,0
149,721,17:41,0
149,722,17:42,0
149,723,17:43,0
149,724,17:44,0
149,725,17:45,0
149,726,17:46,0
149,727,17:47,0
149,728,17:48,0
149,729,17:49,0
149,730,17:50,0
149,731,17:51,0
149,732,17:52,0
149,733,17:53,0
149,734,17:54,0
149,735,17:55,0
149,736,17:56,0
149,737,17:57,0
149,738,17:58,0
149,739,17:59,0
149,740,18:00,0
149,741,18:01,0
149,742,18:02,0
149,743,18:03,0
149,744,18:04,0
149,745,18:05,0
149,746,18:06,0
149,747,18:07,0
149,748,18:08,0
149,749,18:09,0
149,750,18:10,0
149,751,18:11,0
149,752,18:12,0
149,753,18:13,0
149,754,18:14,0
149,755,18:15,0
149,756,18:16,0
149,757,18:17,0
149,758,18:18,0
149,759,18:19,0
149,760,18:20,0
149,761,18:21,0
149,762,18:22,0
149,763,18:23,0
149,764,18:24,0
149,765,18:25,0
149,766,18:26,0
149,767,18:27,0
149,768,18:28,0
149,769,18:29,0
149,770,18:30,0
149,771,18:31,0
149,772,18:32,0
149,773,18:33,0
149,774,18:34,0
149,775,18:35,0
149,776,18:36,0
149,777,18:37,0
149,778,18:38,0
149,779,18:39,0
149,780,18:40,0
149,781,18:41,0
149,782,18:42,0
149,783,18:43,0
149,784,18:44,0
149,785,18:45,0
149,786,18:46,0
149,787,18:47,0
149,788,18:48,0
149,789,18:49,0
149,790,18:50,0
149,791,18:51,0
149,792,18:52,0
149,793,18:53,0
149,794,18:54,0
149,795,18:55,0
149,796,18:56,0
149,797,18:57,0
149,798,18:58,0
149,799,18:59,0
149,800,19:00,0
149,801,19:01,0
149,802,19:02,0
149,803,19:03,0
149,804,19:04,0
149,805,19:05,0
149,806,19:06,0
149,807,19:07,0
149,808,19:08,0
149,809,19:09,0
149,810,19:10,0
149,811,19:11,0
149,812,19:12,0
149,813,19:13,0
149,814,19:14,0
149,815,19:15,0
149,816,19:16,0
149,817,19:17,0
149,818,19:18,0
149,819,19:19,0
149,820,19:20,0
149,821,19:21,0
149,822,19:22,0
149,823,19:23,0
149,824,19:24,0
149,825,19:25,0
149,826,19:26,0
149,827,19:27,0
149,828,19:28,0
149,829,19:29,0
149,830,19:30,0
149,831,19:31,0
149,832,19:32,0
149,833,19:33,0
149,834,19:34,0
149,835,19:35,0
